stop_id,stop_name,stop_name_intended,route_long_name,route_short_name,agency_name,city_name,makat
37298,ראשונים,לוד,ראשונים-ראשון לציון --> לוד-לוד,לוד,רכבת ישראל,ראשון לציון,
37394,מודיעין מרכז,פאתי מודיעין,מודיעין מרכז-מודיעין מכבים רעות --> ירושלים/יצחק נבון-ירושלים,ירושלים/יצחק נבון,רכבת ישראל,מודיעין מכבים רעות,
37394,מודיעין מרכז,ירושלים/יצחק נבון,מודיעין מרכז-מודיעין מכבים רעות --> ירושלים/יצחק נבון-ירושלים,ירושלים/יצחק נבון,רכבת ישראל,מודיעין מכבים רעות,
37396,פאתי מודיעין,ירושלים/יצחק נבון,מודיעין מרכז-מודיעין מכבים רעות --> ירושלים/יצחק נבון-ירושלים,ירושלים/יצחק נבון,רכבת ישראל,מודיעין מכבים רעות,
37338,לוד,ראשונים,לוד-לוד --> ראשונים-ראשון לציון,ראשונים,רכבת ישראל,לוד,
37312,באר שבע מרכז,באר שבע צפון,באר שבע מרכז-באר שבע --> אשקלון-אשקלון,אשקלון,רכבת ישראל,באר שבע,
37312,באר שבע מרכז,אופקים,באר שבע מרכז-באר שבע --> אשקלון-אשקלון,אשקלון,רכבת ישראל,באר שבע,
37312,באר שבע מרכז,נתיבות,באר שבע מרכז-באר שבע --> אשקלון-אשקלון,אשקלון,רכבת ישראל,באר שבע,
37312,באר שבע מרכז,שדרות,באר שבע מרכז-באר שבע --> אשקלון-אשקלון,אשקלון,רכבת ישראל,באר שבע,
37312,באר שבע מרכז,אשקלון,באר שבע מרכז-באר שבע --> אשקלון-אשקלון,אשקלון,רכבת ישראל,באר שבע,
37314,באר שבע צפון,אופקים,באר שבע מרכז-באר שבע --> אשקלון-אשקלון,אשקלון,רכבת ישראל,באר שבע,
37314,באר שבע צפון,נתיבות,באר שבע מרכז-באר שבע --> אשקלון-אשקלון,אשקלון,רכבת ישראל,באר שבע,
37314,באר שבע צפון,שדרות,באר שבע מרכז-באר שבע --> אשקלון-אשקלון,אשקלון,רכבת ישראל,באר שבע,
37314,באר שבע צפון,אשקלון,באר שבע מרכז-באר שבע --> אשקלון-אשקלון,אשקלון,רכבת ישראל,באר שבע,
39260,אופקים,נתיבות,באר שבע מרכז-באר שבע --> אשקלון-אשקלון,אשקלון,רכבת ישראל,אופקים,
39260,אופקים,שדרות,באר שבע מרכז-באר שבע --> אשקלון-אשקלון,אשקלון,רכבת ישראל,אופקים,
39260,אופקים,אשקלון,באר שבע מרכז-באר שבע --> אשקלון-אשקלון,אשקלון,רכבת ישראל,אופקים,
38643,נתיבות,שדרות,באר שבע מרכז-באר שבע --> אשקלון-אשקלון,אשקלון,רכבת ישראל,נתיבות,
38643,נתיבות,אשקלון,באר שבע מרכז-באר שבע --> אשקלון-אשקלון,אשקלון,רכבת ישראל,נתיבות,
37290,שדרות,אשקלון,באר שבע מרכז-באר שבע --> אשקלון-אשקלון,אשקלון,רכבת ישראל,שדרות,
37362,הרצליה,רעננה מערב,הרצליה-הרצליה --> רשל''צ משה דיין-ראשון לציון,רשל''צ משה דיין,רכבת ישראל,הרצליה,
37362,הרצליה,רעננה דרום,הרצליה-הרצליה --> רשל''צ משה דיין-ראשון לציון,רשל''צ משה דיין,רכבת ישראל,הרצליה,
37362,הרצליה,הוד השרון,הרצליה-הרצליה --> רשל''צ משה דיין-ראשון לציון,רשל''צ משה דיין,רכבת ישראל,הרצליה,
37362,הרצליה,כפר סבא,הרצליה-הרצליה --> רשל''צ משה דיין-ראשון לציון,רשל''צ משה דיין,רכבת ישראל,הרצליה,
37362,הרצליה,ראש העין צפון,הרצליה-הרצליה --> רשל''צ משה דיין-ראשון לציון,רשל''צ משה דיין,רכבת ישראל,הרצליה,
37362,הרצליה,סגולה,הרצליה-הרצליה --> רשל''צ משה דיין-ראשון לציון,רשל''צ משה דיין,רכבת ישראל,הרצליה,
37362,הרצליה,קרית אריה,הרצליה-הרצליה --> רשל''צ משה דיין-ראשון לציון,רשל''צ משה דיין,רכבת ישראל,הרצליה,
37362,הרצליה,בני ברק,הרצליה-הרצליה --> רשל''צ משה דיין-ראשון לציון,רשל''צ משה דיין,רכבת ישראל,הרצליה,
37362,הרצליה,תל אביב האוניברסיטה - אקספו,הרצליה-הרצליה --> רשל''צ משה דיין-ראשון לציון,רשל''צ משה דיין,רכבת ישראל,הרצליה,
37362,הרצליה,תל אביב מרכז,הרצליה-הרצליה --> רשל''צ משה דיין-ראשון לציון,רשל''צ משה דיין,רכבת ישראל,הרצליה,
37362,הרצליה,השלום,הרצליה-הרצליה --> רשל''צ משה דיין-ראשון לציון,רשל''צ משה דיין,רכבת ישראל,הרצליה,
37362,הרצליה,תל אביב ההגנה,הרצליה-הרצליה --> רשל''צ משה דיין-ראשון לציון,רשל''צ משה דיין,רכבת ישראל,הרצליה,
37362,הרצליה,צומת חולון,הרצליה-הרצליה --> רשל''צ משה דיין-ראשון לציון,רשל''צ משה דיין,רכבת ישראל,הרצליה,
37362,הרצליה,חולון וולפסון,הרצליה-הרצליה --> רשל''צ משה דיין-ראשון לציון,רשל''צ משה דיין,רכבת ישראל,הרצליה,
37362,הרצליה,בת ים אלי כהן - יוספטל,הרצליה-הרצליה --> רשל''צ משה דיין-ראשון לציון,רשל''צ משה דיין,רכבת ישראל,הרצליה,
37362,הרצליה,בת ים קוממיות,הרצליה-הרצליה --> רשל''צ משה דיין-ראשון לציון,רשל''צ משה דיין,רכבת ישראל,הרצליה,
37362,הרצליה,רשל''צ משה דיין,הרצליה-הרצליה --> רשל''צ משה דיין-ראשון לציון,רשל''צ משה דיין,רכבת ישראל,הרצליה,
42417,רעננה מערב,רעננה דרום,הרצליה-הרצליה --> רשל''צ משה דיין-ראשון לציון,רשל''צ משה דיין,רכבת ישראל,רעננה,
42417,רעננה מערב,הוד השרון,הרצליה-הרצליה --> רשל''צ משה דיין-ראשון לציון,רשל''צ משה דיין,רכבת ישראל,רעננה,
42417,רעננה מערב,כפר סבא,הרצליה-הרצליה --> רשל''צ משה דיין-ראשון לציון,רשל''צ משה דיין,רכבת ישראל,רעננה,
42417,רעננה מערב,ראש העין צפון,הרצליה-הרצליה --> רשל''צ משה דיין-ראשון לציון,רשל''צ משה דיין,רכבת ישראל,רעננה,
42417,רעננה מערב,סגולה,הרצליה-הרצליה --> רשל''צ משה דיין-ראשון לציון,רשל''צ משה דיין,רכבת ישראל,רעננה,
42417,רעננה מערב,קרית אריה,הרצליה-הרצליה --> רשל''צ משה דיין-ראשון לציון,רשל''צ משה דיין,רכבת ישראל,רעננה,
42417,רעננה מערב,בני ברק,הרצליה-הרצליה --> רשל''צ משה דיין-ראשון לציון,רשל''צ משה דיין,רכבת ישראל,רעננה,
42417,רעננה מערב,תל אביב האוניברסיטה - אקספו,הרצליה-הרצליה --> רשל''צ משה דיין-ראשון לציון,רשל''צ משה דיין,רכבת ישראל,רעננה,
42417,רעננה מערב,תל אביב מרכז,הרצליה-הרצליה --> רשל''צ משה דיין-ראשון לציון,רשל''צ משה דיין,רכבת ישראל,רעננה,
42417,רעננה מערב,השלום,הרצליה-הרצליה --> רשל''צ משה דיין-ראשון לציון,רשל''צ משה דיין,רכבת ישראל,רעננה,
42417,רעננה מערב,תל אביב ההגנה,הרצליה-הרצליה --> רשל''צ משה דיין-ראשון לציון,רשל''צ משה דיין,רכבת ישראל,רעננה,
42417,רעננה מערב,צומת חולון,הרצליה-הרצליה --> רשל''צ משה דיין-ראשון לציון,רשל''צ משה דיין,רכבת ישראל,רעננה,
42417,רעננה מערב,חולון וולפסון,הרצליה-הרצליה --> רשל''צ משה דיין-ראשון לציון,רשל''צ משה דיין,רכבת ישראל,רעננה,
42417,רעננה מערב,בת ים אלי כהן - יוספטל,הרצליה-הרצליה --> רשל''צ משה דיין-ראשון לציון,רשל''צ משה דיין,רכבת ישראל,רעננה,
42417,רעננה מערב,בת ים קוממיות,הרצליה-הרצליה --> רשל''צ משה דיין-ראשון לציון,רשל''צ משה דיין,רכבת ישראל,רעננה,
42417,רעננה מערב,רשל''צ משה דיין,הרצליה-הרצליה --> רשל''צ משה דיין-ראשון לציון,רשל''צ משה דיין,רכבת ישראל,רעננה,
42416,רעננה דרום,הוד השרון,הרצליה-הרצליה --> רשל''צ משה דיין-ראשון לציון,רשל''צ משה דיין,רכבת ישראל,רעננה,
42416,רעננה דרום,כפר סבא,הרצליה-הרצליה --> רשל''צ משה דיין-ראשון לציון,רשל''צ משה דיין,רכבת ישראל,רעננה,
42416,רעננה דרום,ראש העין צפון,הרצליה-הרצליה --> רשל''צ משה דיין-ראשון לציון,רשל''צ משה דיין,רכבת ישראל,רעננה,
42416,רעננה דרום,סגולה,הרצליה-הרצליה --> רשל''צ משה דיין-ראשון לציון,רשל''צ משה דיין,רכבת ישראל,רעננה,
42416,רעננה דרום,קרית אריה,הרצליה-הרצליה --> רשל''צ משה דיין-ראשון לציון,רשל''צ משה דיין,רכבת ישראל,רעננה,
42416,רעננה דרום,בני ברק,הרצליה-הרצליה --> רשל''צ משה דיין-ראשון לציון,רשל''צ משה דיין,רכבת ישראל,רעננה,
42416,רעננה דרום,תל אביב האוניברסיטה - אקספו,הרצליה-הרצליה --> רשל''צ משה דיין-ראשון לציון,רשל''צ משה דיין,רכבת ישראל,רעננה,
42416,רעננה דרום,תל אביב מרכז,הרצליה-הרצליה --> רשל''צ משה דיין-ראשון לציון,רשל''צ משה דיין,רכבת ישראל,רעננה,
42416,רעננה דרום,השלום,הרצליה-הרצליה --> רשל''צ משה דיין-ראשון לציון,רשל''צ משה דיין,רכבת ישראל,רעננה,
42416,רעננה דרום,תל אביב ההגנה,הרצליה-הרצליה --> רשל''צ משה דיין-ראשון לציון,רשל''צ משה דיין,רכבת ישראל,רעננה,
42416,רעננה דרום,צומת חולון,הרצליה-הרצליה --> רשל''צ משה דיין-ראשון לציון,רשל''צ משה דיין,רכבת ישראל,רעננה,
42416,רעננה דרום,חולון וולפסון,הרצליה-הרצליה --> רשל''צ משה דיין-ראשון לציון,רשל''צ משה דיין,רכבת ישראל,רעננה,
42416,רעננה דרום,בת ים אלי כהן - יוספטל,הרצליה-הרצליה --> רשל''צ משה דיין-ראשון לציון,רשל''צ משה דיין,רכבת ישראל,רעננה,
42416,רעננה דרום,בת ים קוממיות,הרצליה-הרצליה --> רשל''צ משה דיין-ראשון לציון,רשל''צ משה דיין,רכבת ישראל,רעננה,
42416,רעננה דרום,רשל''צ משה דיין,הרצליה-הרצליה --> רשל''צ משה דיין-ראשון לציון,רשל''צ משה דיין,רכבת ישראל,רעננה,
37296,הוד השרון,כפר סבא,הרצליה-הרצליה --> רשל''צ משה דיין-ראשון לציון,רשל''צ משה דיין,רכבת ישראל,הוד השרון,
37296,הוד השרון,ראש העין צפון,הרצליה-הרצליה --> רשל''צ משה דיין-ראשון לציון,רשל''צ משה דיין,רכבת ישראל,הוד השרון,
37296,הוד השרון,סגולה,הרצליה-הרצליה --> רשל''צ משה דיין-ראשון לציון,רשל''צ משה דיין,רכבת ישראל,הוד השרון,
37296,הוד השרון,קרית אריה,הרצליה-הרצליה --> רשל''צ משה דיין-ראשון לציון,רשל''צ משה דיין,רכבת ישראל,הוד השרון,
37296,הוד השרון,בני ברק,הרצליה-הרצליה --> רשל''צ משה דיין-ראשון לציון,רשל''צ משה דיין,רכבת ישראל,הוד השרון,
37296,הוד השרון,תל אביב האוניברסיטה - אקספו,הרצליה-הרצליה --> רשל''צ משה דיין-ראשון לציון,רשל''צ משה דיין,רכבת ישראל,הוד השרון,
37296,הוד השרון,תל אביב מרכז,הרצליה-הרצליה --> רשל''צ משה דיין-ראשון לציון,רשל''צ משה דיין,רכבת ישראל,הוד השרון,
37296,הוד השרון,השלום,הרצליה-הרצליה --> רשל''צ משה דיין-ראשון לציון,רשל''צ משה דיין,רכבת ישראל,הוד השרון,
37296,הוד השרון,תל אביב ההגנה,הרצליה-הרצליה --> רשל''צ משה דיין-ראשון לציון,רשל''צ משה דיין,רכבת ישראל,הוד השרון,
37296,הוד השרון,צומת חולון,הרצליה-הרצליה --> רשל''צ משה דיין-ראשון לציון,רשל''צ משה דיין,רכבת ישראל,הוד השרון,
37296,הוד השרון,חולון וולפסון,הרצליה-הרצליה --> רשל''צ משה דיין-ראשון לציון,רשל''צ משה דיין,רכבת ישראל,הוד השרון,
37296,הוד השרון,בת ים אלי כהן - יוספטל,הרצליה-הרצליה --> רשל''צ משה דיין-ראשון לציון,רשל''צ משה דיין,רכבת ישראל,הוד השרון,
37296,הוד השרון,בת ים קוממיות,הרצליה-הרצליה --> רשל''צ משה דיין-ראשון לציון,רשל''צ משה דיין,רכבת ישראל,הוד השרון,
37296,הוד השרון,רשל''צ משה דיין,הרצליה-הרצליה --> רשל''צ משה דיין-ראשון לציון,רשל''צ משה דיין,רכבת ישראל,הוד השרון,
37304,כפר סבא,ראש העין צפון,הרצליה-הרצליה --> רשל''צ משה דיין-ראשון לציון,רשל''צ משה דיין,רכבת ישראל,כפר סבא,
37304,כפר סבא,סגולה,הרצליה-הרצליה --> רשל''צ משה דיין-ראשון לציון,רשל''צ משה דיין,רכבת ישראל,כפר סבא,
37304,כפר סבא,קרית אריה,הרצליה-הרצליה --> רשל''צ משה דיין-ראשון לציון,רשל''צ משה דיין,רכבת ישראל,כפר סבא,
37304,כפר סבא,בני ברק,הרצליה-הרצליה --> רשל''צ משה דיין-ראשון לציון,רשל''צ משה דיין,רכבת ישראל,כפר סבא,
37304,כפר סבא,תל אביב האוניברסיטה - אקספו,הרצליה-הרצליה --> רשל''צ משה דיין-ראשון לציון,רשל''צ משה דיין,רכבת ישראל,כפר סבא,
37304,כפר סבא,תל אביב מרכז,הרצליה-הרצליה --> רשל''צ משה דיין-ראשון לציון,רשל''צ משה דיין,רכבת ישראל,כפר סבא,
37304,כפר סבא,השלום,הרצליה-הרצליה --> רשל''צ משה דיין-ראשון לציון,רשל''צ משה דיין,רכבת ישראל,כפר סבא,
37304,כפר סבא,תל אביב ההגנה,הרצליה-הרצליה --> רשל''צ משה דיין-ראשון לציון,רשל''צ משה דיין,רכבת ישראל,כפר סבא,
37304,כפר סבא,צומת חולון,הרצליה-הרצליה --> רשל''צ משה דיין-ראשון לציון,רשל''צ משה דיין,רכבת ישראל,כפר סבא,
37304,כפר סבא,חולון וולפסון,הרצליה-הרצליה --> רשל''צ משה דיין-ראשון לציון,רשל''צ משה דיין,רכבת ישראל,כפר סבא,
37304,כפר סבא,בת ים אלי כהן - יוספטל,הרצליה-הרצליה --> רשל''צ משה דיין-ראשון לציון,רשל''צ משה דיין,רכבת ישראל,כפר סבא,
37304,כפר סבא,בת ים קוממיות,הרצליה-הרצליה --> רשל''צ משה דיין-ראשון לציון,רשל''צ משה דיין,רכבת ישראל,כפר סבא,
37304,כפר סבא,רשל''צ משה דיין,הרצליה-הרצליה --> רשל''צ משה דיין-ראשון לציון,רשל''צ משה דיין,רכבת ישראל,כפר סבא,
37302,ראש העין צפון,סגולה,הרצליה-הרצליה --> רשל''צ משה דיין-ראשון לציון,רשל''צ משה דיין,רכבת ישראל,ראש העין,
37302,ראש העין צפון,קרית אריה,הרצליה-הרצליה --> רשל''צ משה דיין-ראשון לציון,רשל''צ משה דיין,רכבת ישראל,ראש העין,
37302,ראש העין צפון,בני ברק,הרצליה-הרצליה --> רשל''צ משה דיין-ראשון לציון,רשל''צ משה דיין,רכבת ישראל,ראש העין,
37302,ראש העין צפון,תל אביב האוניברסיטה - אקספו,הרצליה-הרצליה --> רשל''צ משה דיין-ראשון לציון,רשל''צ משה דיין,רכבת ישראל,ראש העין,
37302,ראש העין צפון,תל אביב מרכז,הרצליה-הרצליה --> רשל''צ משה דיין-ראשון לציון,רשל''צ משה דיין,רכבת ישראל,ראש העין,
37302,ראש העין צפון,השלום,הרצליה-הרצליה --> רשל''צ משה דיין-ראשון לציון,רשל''צ משה דיין,רכבת ישראל,ראש העין,
37302,ראש העין צפון,תל אביב ההגנה,הרצליה-הרצליה --> רשל''צ משה דיין-ראשון לציון,רשל''צ משה דיין,רכבת ישראל,ראש העין,
37302,ראש העין צפון,צומת חולון,הרצליה-הרצליה --> רשל''צ משה דיין-ראשון לציון,רשל''צ משה דיין,רכבת ישראל,ראש העין,
37302,ראש העין צפון,חולון וולפסון,הרצליה-הרצליה --> רשל''צ משה דיין-ראשון לציון,רשל''צ משה דיין,רכבת ישראל,ראש העין,
37302,ראש העין צפון,בת ים אלי כהן - יוספטל,הרצליה-הרצליה --> רשל''צ משה דיין-ראשון לציון,רשל''צ משה דיין,רכבת ישראל,ראש העין,
37302,ראש העין צפון,בת ים קוממיות,הרצליה-הרצליה --> רשל''צ משה דיין-ראשון לציון,רשל''צ משה דיין,רכבת ישראל,ראש העין,
37302,ראש העין צפון,רשל''צ משה דיין,הרצליה-הרצליה --> רשל''צ משה דיין-ראשון לציון,רשל''צ משה דיין,רכבת ישראל,ראש העין,
37352,סגולה,קרית אריה,הרצליה-הרצליה --> רשל''צ משה דיין-ראשון לציון,רשל''צ משה דיין,רכבת ישראל,פתח תקווה,
37352,סגולה,בני ברק,הרצליה-הרצליה --> רשל''צ משה דיין-ראשון לציון,רשל''צ משה דיין,רכבת ישראל,פתח תקווה,
37352,סגולה,תל אביב האוניברסיטה - אקספו,הרצליה-הרצליה --> רשל''צ משה דיין-ראשון לציון,רשל''צ משה דיין,רכבת ישראל,פתח תקווה,
37352,סגולה,תל אביב מרכז,הרצליה-הרצליה --> רשל''צ משה דיין-ראשון לציון,רשל''צ משה דיין,רכבת ישראל,פתח תקווה,
37352,סגולה,השלום,הרצליה-הרצליה --> רשל''צ משה דיין-ראשון לציון,רשל''צ משה דיין,רכבת ישראל,פתח תקווה,
37352,סגולה,תל אביב ההגנה,הרצליה-הרצליה --> רשל''צ משה דיין-ראשון לציון,רשל''צ משה דיין,רכבת ישראל,פתח תקווה,
37352,סגולה,צומת חולון,הרצליה-הרצליה --> רשל''צ משה דיין-ראשון לציון,רשל''צ משה דיין,רכבת ישראל,פתח תקווה,
37352,סגולה,חולון וולפסון,הרצליה-הרצליה --> רשל''צ משה דיין-ראשון לציון,רשל''צ משה דיין,רכבת ישראל,פתח תקווה,
37352,סגולה,בת ים אלי כהן - יוספטל,הרצליה-הרצליה --> רשל''צ משה דיין-ראשון לציון,רשל''צ משה דיין,רכבת ישראל,פתח תקווה,
37352,סגולה,בת ים קוממיות,הרצליה-הרצליה --> רשל''צ משה דיין-ראשון לציון,רשל''צ משה דיין,רכבת ישראל,פתח תקווה,
37352,סגולה,רשל''צ משה דיין,הרצליה-הרצליה --> רשל''צ משה דיין-ראשון לציון,רשל''צ משה דיין,רכבת ישראל,פתח תקווה,
37354,קרית אריה,בני ברק,הרצליה-הרצליה --> רשל''צ משה דיין-ראשון לציון,רשל''צ משה דיין,רכבת ישראל,פתח תקווה,
37354,קרית אריה,תל אביב האוניברסיטה - אקספו,הרצליה-הרצליה --> רשל''צ משה דיין-ראשון לציון,רשל''צ משה דיין,רכבת ישראל,פתח תקווה,
37354,קרית אריה,תל אביב מרכז,הרצליה-הרצליה --> רשל''צ משה דיין-ראשון לציון,רשל''צ משה דיין,רכבת ישראל,פתח תקווה,
37354,קרית אריה,השלום,הרצליה-הרצליה --> רשל''צ משה דיין-ראשון לציון,רשל''צ משה דיין,רכבת ישראל,פתח תקווה,
37354,קרית אריה,תל אביב ההגנה,הרצליה-הרצליה --> רשל''צ משה דיין-ראשון לציון,רשל''צ משה דיין,רכבת ישראל,פתח תקווה,
37354,קרית אריה,צומת חולון,הרצליה-הרצליה --> רשל''צ משה דיין-ראשון לציון,רשל''צ משה דיין,רכבת ישראל,פתח תקווה,
37354,קרית אריה,חולון וולפסון,הרצליה-הרצליה --> רשל''צ משה דיין-ראשון לציון,רשל''צ משה דיין,רכבת ישראל,פתח תקווה,
37354,קרית אריה,בת ים אלי כהן - יוספטל,הרצליה-הרצליה --> רשל''צ משה דיין-ראשון לציון,רשל''צ משה דיין,רכבת ישראל,פתח תקווה,
37354,קרית אריה,בת ים קוממיות,הרצליה-הרצליה --> רשל''צ משה דיין-ראשון לציון,רשל''צ משה דיין,רכבת ישראל,פתח תקווה,
37354,קרית אריה,רשל''צ משה דיין,הרצליה-הרצליה --> רשל''צ משה דיין-ראשון לציון,רשל''צ משה דיין,רכבת ישראל,פתח תקווה,
37356,בני ברק,תל אביב האוניברסיטה - אקספו,הרצליה-הרצליה --> רשל''צ משה דיין-ראשון לציון,רשל''צ משה דיין,רכבת ישראל,בני ברק,
37356,בני ברק,תל אביב מרכז,הרצליה-הרצליה --> רשל''צ משה דיין-ראשון לציון,רשל''צ משה דיין,רכבת ישראל,בני ברק,
37356,בני ברק,השלום,הרצליה-הרצליה --> רשל''צ משה דיין-ראשון לציון,רשל''צ משה דיין,רכבת ישראל,בני ברק,
37356,בני ברק,תל אביב ההגנה,הרצליה-הרצליה --> רשל''צ משה דיין-ראשון לציון,רשל''צ משה דיין,רכבת ישראל,בני ברק,
37356,בני ברק,צומת חולון,הרצליה-הרצליה --> רשל''צ משה דיין-ראשון לציון,רשל''צ משה דיין,רכבת ישראל,בני ברק,
37356,בני ברק,חולון וולפסון,הרצליה-הרצליה --> רשל''צ משה דיין-ראשון לציון,רשל''צ משה דיין,רכבת ישראל,בני ברק,
37356,בני ברק,בת ים אלי כהן - יוספטל,הרצליה-הרצליה --> רשל''צ משה דיין-ראשון לציון,רשל''צ משה דיין,רכבת ישראל,בני ברק,
37356,בני ברק,בת ים קוממיות,הרצליה-הרצליה --> רשל''צ משה דיין-ראשון לציון,רשל''צ משה דיין,רכבת ישראל,בני ברק,
37356,בני ברק,רשל''צ משה דיין,הרצליה-הרצליה --> רשל''צ משה דיין-ראשון לציון,רשל''צ משה דיין,רכבת ישראל,בני ברק,
37360,תל אביב האוניברסיטה - אקספו,תל אביב מרכז,הרצליה-הרצליה --> רשל''צ משה דיין-ראשון לציון,רשל''צ משה דיין,רכבת ישראל,תל אביב יפו,
37360,תל אביב האוניברסיטה - אקספו,השלום,הרצליה-הרצליה --> רשל''צ משה דיין-ראשון לציון,רשל''צ משה דיין,רכבת ישראל,תל אביב יפו,
37360,תל אביב האוניברסיטה - אקספו,תל אביב ההגנה,הרצליה-הרצליה --> רשל''צ משה דיין-ראשון לציון,רשל''צ משה דיין,רכבת ישראל,תל אביב יפו,
37360,תל אביב האוניברסיטה - אקספו,צומת חולון,הרצליה-הרצליה --> רשל''צ משה דיין-ראשון לציון,רשל''צ משה דיין,רכבת ישראל,תל אביב יפו,
37360,תל אביב האוניברסיטה - אקספו,חולון וולפסון,הרצליה-הרצליה --> רשל''צ משה דיין-ראשון לציון,רשל''צ משה דיין,רכבת ישראל,תל אביב יפו,
37360,תל אביב האוניברסיטה - אקספו,בת ים אלי כהן - יוספטל,הרצליה-הרצליה --> רשל''צ משה דיין-ראשון לציון,רשל''צ משה דיין,רכבת ישראל,תל אביב יפו,
37360,תל אביב האוניברסיטה - אקספו,בת ים קוממיות,הרצליה-הרצליה --> רשל''צ משה דיין-ראשון לציון,רשל''צ משה דיין,רכבת ישראל,תל אביב יפו,
37360,תל אביב האוניברסיטה - אקספו,רשל''צ משה דיין,הרצליה-הרצליה --> רשל''צ משה דיין-ראשון לציון,רשל''צ משה דיין,רכבת ישראל,תל אביב יפו,
37358,תל אביב מרכז,השלום,הרצליה-הרצליה --> רשל''צ משה דיין-ראשון לציון,רשל''צ משה דיין,רכבת ישראל,תל אביב יפו,
37358,תל אביב מרכז,תל אביב ההגנה,הרצליה-הרצליה --> רשל''צ משה דיין-ראשון לציון,רשל''צ משה דיין,רכבת ישראל,תל אביב יפו,
37358,תל אביב מרכז,צומת חולון,הרצליה-הרצליה --> רשל''צ משה דיין-ראשון לציון,רשל''צ משה דיין,רכבת ישראל,תל אביב יפו,
37358,תל אביב מרכז,חולון וולפסון,הרצליה-הרצליה --> רשל''צ משה דיין-ראשון לציון,רשל''צ משה דיין,רכבת ישראל,תל אביב יפו,
37358,תל אביב מרכז,בת ים אלי כהן - יוספטל,הרצליה-הרצליה --> רשל''צ משה דיין-ראשון לציון,רשל''צ משה דיין,רכבת ישראל,תל אביב יפו,
37358,תל אביב מרכז,בת ים קוממיות,הרצליה-הרצליה --> רשל''צ משה דיין-ראשון לציון,רשל''צ משה דיין,רכבת ישראל,תל אביב יפו,
37358,תל אביב מרכז,רשל''צ משה דיין,הרצליה-הרצליה --> רשל''צ משה דיין-ראשון לציון,רשל''צ משה דיין,רכבת ישראל,תל אביב יפו,
37350,השלום,תל אביב ההגנה,הרצליה-הרצליה --> רשל''צ משה דיין-ראשון לציון,רשל''צ משה דיין,רכבת ישראל,תל אביב יפו,
37350,השלום,צומת חולון,הרצליה-הרצליה --> רשל''צ משה דיין-ראשון לציון,רשל''צ משה דיין,רכבת ישראל,תל אביב יפו,
37350,השלום,חולון וולפסון,הרצליה-הרצליה --> רשל''צ משה דיין-ראשון לציון,רשל''צ משה דיין,רכבת ישראל,תל אביב יפו,
37350,השלום,בת ים אלי כהן - יוספטל,הרצליה-הרצליה --> רשל''צ משה דיין-ראשון לציון,רשל''צ משה דיין,רכבת ישראל,תל אביב יפו,
37350,השלום,בת ים קוממיות,הרצליה-הרצליה --> רשל''צ משה דיין-ראשון לציון,רשל''צ משה דיין,רכבת ישראל,תל אביב יפו,
37350,השלום,רשל''צ משה דיין,הרצליה-הרצליה --> רשל''צ משה דיין-ראשון לציון,רשל''צ משה דיין,רכבת ישראל,תל אביב יפו,
37292,תל אביב ההגנה,צומת חולון,הרצליה-הרצליה --> רשל''צ משה דיין-ראשון לציון,רשל''צ משה דיין,רכבת ישראל,תל אביב יפו,
37292,תל אביב ההגנה,חולון וולפסון,הרצליה-הרצליה --> רשל''צ משה דיין-ראשון לציון,רשל''צ משה דיין,רכבת ישראל,תל אביב יפו,
37292,תל אביב ההגנה,בת ים אלי כהן - יוספטל,הרצליה-הרצליה --> רשל''צ משה דיין-ראשון לציון,רשל''צ משה דיין,רכבת ישראל,תל אביב יפו,
37292,תל אביב ההגנה,בת ים קוממיות,הרצליה-הרצליה --> רשל''צ משה דיין-ראשון לציון,רשל''צ משה דיין,רכבת ישראל,תל אביב יפו,
37292,תל אביב ההגנה,רשל''צ משה דיין,הרצליה-הרצליה --> רשל''צ משה דיין-ראשון לציון,רשל''צ משה דיין,רכבת ישראל,תל אביב יפו,
37348,צומת חולון,חולון וולפסון,הרצליה-הרצליה --> רשל''צ משה דיין-ראשון לציון,רשל''צ משה דיין,רכבת ישראל,תל אביב יפו,
37348,צומת חולון,בת ים אלי כהן - יוספטל,הרצליה-הרצליה --> רשל''צ משה דיין-ראשון לציון,רשל''צ משה דיין,רכבת ישראל,תל אביב יפו,
37348,צומת חולון,בת ים קוממיות,הרצליה-הרצליה --> רשל''צ משה דיין-ראשון לציון,רשל''צ משה דיין,רכבת ישראל,תל אביב יפו,
37348,צומת חולון,רשל''צ משה דיין,הרצליה-הרצליה --> רשל''צ משה דיין-ראשון לציון,רשל''צ משה דיין,רכבת ישראל,תל אביב יפו,
37346,חולון וולפסון,בת ים אלי כהן - יוספטל,הרצליה-הרצליה --> רשל''צ משה דיין-ראשון לציון,רשל''צ משה דיין,רכבת ישראל,חולון,
37346,חולון וולפסון,בת ים קוממיות,הרצליה-הרצליה --> רשל''צ משה דיין-ראשון לציון,רשל''צ משה דיין,רכבת ישראל,חולון,
37346,חולון וולפסון,רשל''צ משה דיין,הרצליה-הרצליה --> רשל''צ משה דיין-ראשון לציון,רשל''צ משה דיין,רכבת ישראל,חולון,
37344,בת ים אלי כהן - יוספטל,בת ים קוממיות,הרצליה-הרצליה --> רשל''צ משה דיין-ראשון לציון,רשל''צ משה דיין,רכבת ישראל,בת ים,
37344,בת ים אלי כהן - יוספטל,רשל''צ משה דיין,הרצליה-הרצליה --> רשל''צ משה דיין-ראשון לציון,רשל''צ משה דיין,רכבת ישראל,בת ים,
37342,בת ים קוממיות,רשל''צ משה דיין,הרצליה-הרצליה --> רשל''צ משה דיין-ראשון לציון,רשל''צ משה דיין,רכבת ישראל,חולון,
37294,רשל''צ משה דיין,בת ים קוממיות,רשל''צ משה דיין-ראשון לציון --> הרצליה-הרצליה,הרצליה,רכבת ישראל,ראשון לציון,
37294,רשל''צ משה דיין,בת ים אלי כהן - יוספטל,רשל''צ משה דיין-ראשון לציון --> הרצליה-הרצליה,הרצליה,רכבת ישראל,ראשון לציון,
37294,רשל''צ משה דיין,חולון וולפסון,רשל''צ משה דיין-ראשון לציון --> הרצליה-הרצליה,הרצליה,רכבת ישראל,ראשון לציון,
37294,רשל''צ משה דיין,צומת חולון,רשל''צ משה דיין-ראשון לציון --> הרצליה-הרצליה,הרצליה,רכבת ישראל,ראשון לציון,
37294,רשל''צ משה דיין,תל אביב ההגנה,רשל''צ משה דיין-ראשון לציון --> הרצליה-הרצליה,הרצליה,רכבת ישראל,ראשון לציון,
37294,רשל''צ משה דיין,השלום,רשל''צ משה דיין-ראשון לציון --> הרצליה-הרצליה,הרצליה,רכבת ישראל,ראשון לציון,
37294,רשל''צ משה דיין,תל אביב מרכז,רשל''צ משה דיין-ראשון לציון --> הרצליה-הרצליה,הרצליה,רכבת ישראל,ראשון לציון,
37294,רשל''צ משה דיין,תל אביב האוניברסיטה - אקספו,רשל''צ משה דיין-ראשון לציון --> הרצליה-הרצליה,הרצליה,רכבת ישראל,ראשון לציון,
37294,רשל''צ משה דיין,בני ברק,רשל''צ משה דיין-ראשון לציון --> הרצליה-הרצליה,הרצליה,רכבת ישראל,ראשון לציון,
37294,רשל''צ משה דיין,קרית אריה,רשל''צ משה דיין-ראשון לציון --> הרצליה-הרצליה,הרצליה,רכבת ישראל,ראשון לציון,
37294,רשל''צ משה דיין,סגולה,רשל''צ משה דיין-ראשון לציון --> הרצליה-הרצליה,הרצליה,רכבת ישראל,ראשון לציון,
37294,רשל''צ משה דיין,ראש העין צפון,רשל''צ משה דיין-ראשון לציון --> הרצליה-הרצליה,הרצליה,רכבת ישראל,ראשון לציון,
37294,רשל''צ משה דיין,כפר סבא,רשל''צ משה דיין-ראשון לציון --> הרצליה-הרצליה,הרצליה,רכבת ישראל,ראשון לציון,
37294,רשל''צ משה דיין,הוד השרון,רשל''צ משה דיין-ראשון לציון --> הרצליה-הרצליה,הרצליה,רכבת ישראל,ראשון לציון,
37294,רשל''צ משה דיין,רעננה דרום,רשל''צ משה דיין-ראשון לציון --> הרצליה-הרצליה,הרצליה,רכבת ישראל,ראשון לציון,
37294,רשל''צ משה דיין,רעננה מערב,רשל''צ משה דיין-ראשון לציון --> הרצליה-הרצליה,הרצליה,רכבת ישראל,ראשון לציון,
37294,רשל''צ משה דיין,הרצליה,רשל''צ משה דיין-ראשון לציון --> הרצליה-הרצליה,הרצליה,רכבת ישראל,ראשון לציון,
37342,בת ים קוממיות,בת ים אלי כהן - יוספטל,רשל''צ משה דיין-ראשון לציון --> הרצליה-הרצליה,הרצליה,רכבת ישראל,חולון,
37342,בת ים קוממיות,חולון וולפסון,רשל''צ משה דיין-ראשון לציון --> הרצליה-הרצליה,הרצליה,רכבת ישראל,חולון,
37342,בת ים קוממיות,צומת חולון,רשל''צ משה דיין-ראשון לציון --> הרצליה-הרצליה,הרצליה,רכבת ישראל,חולון,
37342,בת ים קוממיות,תל אביב ההגנה,רשל''צ משה דיין-ראשון לציון --> הרצליה-הרצליה,הרצליה,רכבת ישראל,חולון,
37342,בת ים קוממיות,השלום,רשל''צ משה דיין-ראשון לציון --> הרצליה-הרצליה,הרצליה,רכבת ישראל,חולון,
37342,בת ים קוממיות,תל אביב מרכז,רשל''צ משה דיין-ראשון לציון --> הרצליה-הרצליה,הרצליה,רכבת ישראל,חולון,
37342,בת ים קוממיות,תל אביב האוניברסיטה - אקספו,רשל''צ משה דיין-ראשון לציון --> הרצליה-הרצליה,הרצליה,רכבת ישראל,חולון,
37342,בת ים קוממיות,בני ברק,רשל''צ משה דיין-ראשון לציון --> הרצליה-הרצליה,הרצליה,רכבת ישראל,חולון,
37342,בת ים קוממיות,קרית אריה,רשל''צ משה דיין-ראשון לציון --> הרצליה-הרצליה,הרצליה,רכבת ישראל,חולון,
37342,בת ים קוממיות,סגולה,רשל''צ משה דיין-ראשון לציון --> הרצליה-הרצליה,הרצליה,רכבת ישראל,חולון,
37342,בת ים קוממיות,ראש העין צפון,רשל''צ משה דיין-ראשון לציון --> הרצליה-הרצליה,הרצליה,רכבת ישראל,חולון,
37342,בת ים קוממיות,כפר סבא,רשל''צ משה דיין-ראשון לציון --> הרצליה-הרצליה,הרצליה,רכבת ישראל,חולון,
37342,בת ים קוממיות,הוד השרון,רשל''צ משה דיין-ראשון לציון --> הרצליה-הרצליה,הרצליה,רכבת ישראל,חולון,
37342,בת ים קוממיות,רעננה דרום,רשל''צ משה דיין-ראשון לציון --> הרצליה-הרצליה,הרצליה,רכבת ישראל,חולון,
37342,בת ים קוממיות,רעננה מערב,רשל''צ משה דיין-ראשון לציון --> הרצליה-הרצליה,הרצליה,רכבת ישראל,חולון,
37342,בת ים קוממיות,הרצליה,רשל''צ משה דיין-ראשון לציון --> הרצליה-הרצליה,הרצליה,רכבת ישראל,חולון,
37344,בת ים אלי כהן - יוספטל,חולון וולפסון,רשל''צ משה דיין-ראשון לציון --> הרצליה-הרצליה,הרצליה,רכבת ישראל,בת ים,
37344,בת ים אלי כהן - יוספטל,צומת חולון,רשל''צ משה דיין-ראשון לציון --> הרצליה-הרצליה,הרצליה,רכבת ישראל,בת ים,
37344,בת ים אלי כהן - יוספטל,תל אביב ההגנה,רשל''צ משה דיין-ראשון לציון --> הרצליה-הרצליה,הרצליה,רכבת ישראל,בת ים,
37344,בת ים אלי כהן - יוספטל,השלום,רשל''צ משה דיין-ראשון לציון --> הרצליה-הרצליה,הרצליה,רכבת ישראל,בת ים,
37344,בת ים אלי כהן - יוספטל,תל אביב מרכז,רשל''צ משה דיין-ראשון לציון --> הרצליה-הרצליה,הרצליה,רכבת ישראל,בת ים,
37344,בת ים אלי כהן - יוספטל,תל אביב האוניברסיטה - אקספו,רשל''צ משה דיין-ראשון לציון --> הרצליה-הרצליה,הרצליה,רכבת ישראל,בת ים,
37344,בת ים אלי כהן - יוספטל,בני ברק,רשל''צ משה דיין-ראשון לציון --> הרצליה-הרצליה,הרצליה,רכבת ישראל,בת ים,
37344,בת ים אלי כהן - יוספטל,קרית אריה,רשל''צ משה דיין-ראשון לציון --> הרצליה-הרצליה,הרצליה,רכבת ישראל,בת ים,
37344,בת ים אלי כהן - יוספטל,סגולה,רשל''צ משה דיין-ראשון לציון --> הרצליה-הרצליה,הרצליה,רכבת ישראל,בת ים,
37344,בת ים אלי כהן - יוספטל,ראש העין צפון,רשל''צ משה דיין-ראשון לציון --> הרצליה-הרצליה,הרצליה,רכבת ישראל,בת ים,
37344,בת ים אלי כהן - יוספטל,כפר סבא,רשל''צ משה דיין-ראשון לציון --> הרצליה-הרצליה,הרצליה,רכבת ישראל,בת ים,
37344,בת ים אלי כהן - יוספטל,הוד השרון,רשל''צ משה דיין-ראשון לציון --> הרצליה-הרצליה,הרצליה,רכבת ישראל,בת ים,
37344,בת ים אלי כהן - יוספטל,רעננה דרום,רשל''צ משה דיין-ראשון לציון --> הרצליה-הרצליה,הרצליה,רכבת ישראל,בת ים,
37344,בת ים אלי כהן - יוספטל,רעננה מערב,רשל''צ משה דיין-ראשון לציון --> הרצליה-הרצליה,הרצליה,רכבת ישראל,בת ים,
37344,בת ים אלי כהן - יוספטל,הרצליה,רשל''צ משה דיין-ראשון לציון --> הרצליה-הרצליה,הרצליה,רכבת ישראל,בת ים,
37346,חולון וולפסון,צומת חולון,רשל''צ משה דיין-ראשון לציון --> הרצליה-הרצליה,הרצליה,רכבת ישראל,חולון,
37346,חולון וולפסון,תל אביב ההגנה,רשל''צ משה דיין-ראשון לציון --> הרצליה-הרצליה,הרצליה,רכבת ישראל,חולון,
37346,חולון וולפסון,השלום,רשל''צ משה דיין-ראשון לציון --> הרצליה-הרצליה,הרצליה,רכבת ישראל,חולון,
37346,חולון וולפסון,תל אביב מרכז,רשל''צ משה דיין-ראשון לציון --> הרצליה-הרצליה,הרצליה,רכבת ישראל,חולון,
37346,חולון וולפסון,תל אביב האוניברסיטה - אקספו,רשל''צ משה דיין-ראשון לציון --> הרצליה-הרצליה,הרצליה,רכבת ישראל,חולון,
37346,חולון וולפסון,בני ברק,רשל''צ משה דיין-ראשון לציון --> הרצליה-הרצליה,הרצליה,רכבת ישראל,חולון,
37346,חולון וולפסון,קרית אריה,רשל''צ משה דיין-ראשון לציון --> הרצליה-הרצליה,הרצליה,רכבת ישראל,חולון,
37346,חולון וולפסון,סגולה,רשל''צ משה דיין-ראשון לציון --> הרצליה-הרצליה,הרצליה,רכבת ישראל,חולון,
37346,חולון וולפסון,ראש העין צפון,רשל''צ משה דיין-ראשון לציון --> הרצליה-הרצליה,הרצליה,רכבת ישראל,חולון,
37346,חולון וולפסון,כפר סבא,רשל''צ משה דיין-ראשון לציון --> הרצליה-הרצליה,הרצליה,רכבת ישראל,חולון,
37346,חולון וולפסון,הוד השרון,רשל''צ משה דיין-ראשון לציון --> הרצליה-הרצליה,הרצליה,רכבת ישראל,חולון,
37346,חולון וולפסון,רעננה דרום,רשל''צ משה דיין-ראשון לציון --> הרצליה-הרצליה,הרצליה,רכבת ישראל,חולון,
37346,חולון וולפסון,רעננה מערב,רשל''צ משה דיין-ראשון לציון --> הרצליה-הרצליה,הרצליה,רכבת ישראל,חולון,
37346,חולון וולפסון,הרצליה,רשל''צ משה דיין-ראשון לציון --> הרצליה-הרצליה,הרצליה,רכבת ישראל,חולון,
37348,צומת חולון,תל אביב ההגנה,רשל''צ משה דיין-ראשון לציון --> הרצליה-הרצליה,הרצליה,רכבת ישראל,תל אביב יפו,
37348,צומת חולון,השלום,רשל''צ משה דיין-ראשון לציון --> הרצליה-הרצליה,הרצליה,רכבת ישראל,תל אביב יפו,
37348,צומת חולון,תל אביב מרכז,רשל''צ משה דיין-ראשון לציון --> הרצליה-הרצליה,הרצליה,רכבת ישראל,תל אביב יפו,
37348,צומת חולון,תל אביב האוניברסיטה - אקספו,רשל''צ משה דיין-ראשון לציון --> הרצליה-הרצליה,הרצליה,רכבת ישראל,תל אביב יפו,
37348,צומת חולון,בני ברק,רשל''צ משה דיין-ראשון לציון --> הרצליה-הרצליה,הרצליה,רכבת ישראל,תל אביב יפו,
37348,צומת חולון,קרית אריה,רשל''צ משה דיין-ראשון לציון --> הרצליה-הרצליה,הרצליה,רכבת ישראל,תל אביב יפו,
37348,צומת חולון,סגולה,רשל''צ משה דיין-ראשון לציון --> הרצליה-הרצליה,הרצליה,רכבת ישראל,תל אביב יפו,
37348,צומת חולון,ראש העין צפון,רשל''צ משה דיין-ראשון לציון --> הרצליה-הרצליה,הרצליה,רכבת ישראל,תל אביב יפו,
37348,צומת חולון,כפר סבא,רשל''צ משה דיין-ראשון לציון --> הרצליה-הרצליה,הרצליה,רכבת ישראל,תל אביב יפו,
37348,צומת חולון,הוד השרון,רשל''צ משה דיין-ראשון לציון --> הרצליה-הרצליה,הרצליה,רכבת ישראל,תל אביב יפו,
37348,צומת חולון,רעננה דרום,רשל''צ משה דיין-ראשון לציון --> הרצליה-הרצליה,הרצליה,רכבת ישראל,תל אביב יפו,
37348,צומת חולון,רעננה מערב,רשל''צ משה דיין-ראשון לציון --> הרצליה-הרצליה,הרצליה,רכבת ישראל,תל אביב יפו,
37348,צומת חולון,הרצליה,רשל''צ משה דיין-ראשון לציון --> הרצליה-הרצליה,הרצליה,רכבת ישראל,תל אביב יפו,
37292,תל אביב ההגנה,השלום,רשל''צ משה דיין-ראשון לציון --> הרצליה-הרצליה,הרצליה,רכבת ישראל,תל אביב יפו,
37292,תל אביב ההגנה,תל אביב מרכז,רשל''צ משה דיין-ראשון לציון --> הרצליה-הרצליה,הרצליה,רכבת ישראל,תל אביב יפו,
37292,תל אביב ההגנה,תל אביב האוניברסיטה - אקספו,רשל''צ משה דיין-ראשון לציון --> הרצליה-הרצליה,הרצליה,רכבת ישראל,תל אביב יפו,
37292,תל אביב ההגנה,בני ברק,רשל''צ משה דיין-ראשון לציון --> הרצליה-הרצליה,הרצליה,רכבת ישראל,תל אביב יפו,
37292,תל אביב ההגנה,קרית אריה,רשל''צ משה דיין-ראשון לציון --> הרצליה-הרצליה,הרצליה,רכבת ישראל,תל אביב יפו,
37292,תל אביב ההגנה,סגולה,רשל''צ משה דיין-ראשון לציון --> הרצליה-הרצליה,הרצליה,רכבת ישראל,תל אביב יפו,
37292,תל אביב ההגנה,ראש העין צפון,רשל''צ משה דיין-ראשון לציון --> הרצליה-הרצליה,הרצליה,רכבת ישראל,תל אביב יפו,
37292,תל אביב ההגנה,כפר סבא,רשל''צ משה דיין-ראשון לציון --> הרצליה-הרצליה,הרצליה,רכבת ישראל,תל אביב יפו,
37292,תל אביב ההגנה,הוד השרון,רשל''צ משה דיין-ראשון לציון --> הרצליה-הרצליה,הרצליה,רכבת ישראל,תל אביב יפו,
37292,תל אביב ההגנה,רעננה דרום,רשל''צ משה דיין-ראשון לציון --> הרצליה-הרצליה,הרצליה,רכבת ישראל,תל אביב יפו,
37292,תל אביב ההגנה,רעננה מערב,רשל''צ משה דיין-ראשון לציון --> הרצליה-הרצליה,הרצליה,רכבת ישראל,תל אביב יפו,
37292,תל אביב ההגנה,הרצליה,רשל''צ משה דיין-ראשון לציון --> הרצליה-הרצליה,הרצליה,רכבת ישראל,תל אביב יפו,
37350,השלום,תל אביב מרכז,רשל''צ משה דיין-ראשון לציון --> הרצליה-הרצליה,הרצליה,רכבת ישראל,תל אביב יפו,
37350,השלום,תל אביב האוניברסיטה - אקספו,רשל''צ משה דיין-ראשון לציון --> הרצליה-הרצליה,הרצליה,רכבת ישראל,תל אביב יפו,
37350,השלום,בני ברק,רשל''צ משה דיין-ראשון לציון --> הרצליה-הרצליה,הרצליה,רכבת ישראל,תל אביב יפו,
37350,השלום,קרית אריה,רשל''צ משה דיין-ראשון לציון --> הרצליה-הרצליה,הרצליה,רכבת ישראל,תל אביב יפו,
37350,השלום,סגולה,רשל''צ משה דיין-ראשון לציון --> הרצליה-הרצליה,הרצליה,רכבת ישראל,תל אביב יפו,
37350,השלום,ראש העין צפון,רשל''צ משה דיין-ראשון לציון --> הרצליה-הרצליה,הרצליה,רכבת ישראל,תל אביב יפו,
37350,השלום,כפר סבא,רשל''צ משה דיין-ראשון לציון --> הרצליה-הרצליה,הרצליה,רכבת ישראל,תל אביב יפו,
37350,השלום,הוד השרון,רשל''צ משה דיין-ראשון לציון --> הרצליה-הרצליה,הרצליה,רכבת ישראל,תל אביב יפו,
37350,השלום,רעננה דרום,רשל''צ משה דיין-ראשון לציון --> הרצליה-הרצליה,הרצליה,רכבת ישראל,תל אביב יפו,
37350,השלום,רעננה מערב,רשל''צ משה דיין-ראשון לציון --> הרצליה-הרצליה,הרצליה,רכבת ישראל,תל אביב יפו,
37350,השלום,הרצליה,רשל''צ משה דיין-ראשון לציון --> הרצליה-הרצליה,הרצליה,רכבת ישראל,תל אביב יפו,
37358,תל אביב מרכז,תל אביב האוניברסיטה - אקספו,רשל''צ משה דיין-ראשון לציון --> הרצליה-הרצליה,הרצליה,רכבת ישראל,תל אביב יפו,
37358,תל אביב מרכז,בני ברק,רשל''צ משה דיין-ראשון לציון --> הרצליה-הרצליה,הרצליה,רכבת ישראל,תל אביב יפו,
37358,תל אביב מרכז,קרית אריה,רשל''צ משה דיין-ראשון לציון --> הרצליה-הרצליה,הרצליה,רכבת ישראל,תל אביב יפו,
37358,תל אביב מרכז,סגולה,רשל''צ משה דיין-ראשון לציון --> הרצליה-הרצליה,הרצליה,רכבת ישראל,תל אביב יפו,
37358,תל אביב מרכז,ראש העין צפון,רשל''צ משה דיין-ראשון לציון --> הרצליה-הרצליה,הרצליה,רכבת ישראל,תל אביב יפו,
37358,תל אביב מרכז,כפר סבא,רשל''צ משה דיין-ראשון לציון --> הרצליה-הרצליה,הרצליה,רכבת ישראל,תל אביב יפו,
37358,תל אביב מרכז,הוד השרון,רשל''צ משה דיין-ראשון לציון --> הרצליה-הרצליה,הרצליה,רכבת ישראל,תל אביב יפו,
37358,תל אביב מרכז,רעננה דרום,רשל''צ משה דיין-ראשון לציון --> הרצליה-הרצליה,הרצליה,רכבת ישראל,תל אביב יפו,
37358,תל אביב מרכז,רעננה מערב,רשל''צ משה דיין-ראשון לציון --> הרצליה-הרצליה,הרצליה,רכבת ישראל,תל אביב יפו,
37358,תל אביב מרכז,הרצליה,רשל''צ משה דיין-ראשון לציון --> הרצליה-הרצליה,הרצליה,רכבת ישראל,תל אביב יפו,
37360,תל אביב האוניברסיטה - אקספו,בני ברק,רשל''צ משה דיין-ראשון לציון --> הרצליה-הרצליה,הרצליה,רכבת ישראל,תל אביב יפו,
37360,תל אביב האוניברסיטה - אקספו,קרית אריה,רשל''צ משה דיין-ראשון לציון --> הרצליה-הרצליה,הרצליה,רכבת ישראל,תל אביב יפו,
37360,תל אביב האוניברסיטה - אקספו,סגולה,רשל''צ משה דיין-ראשון לציון --> הרצליה-הרצליה,הרצליה,רכבת ישראל,תל אביב יפו,
37360,תל אביב האוניברסיטה - אקספו,ראש העין צפון,רשל''צ משה דיין-ראשון לציון --> הרצליה-הרצליה,הרצליה,רכבת ישראל,תל אביב יפו,
37360,תל אביב האוניברסיטה - אקספו,כפר סבא,רשל''צ משה דיין-ראשון לציון --> הרצליה-הרצליה,הרצליה,רכבת ישראל,תל אביב יפו,
37360,תל אביב האוניברסיטה - אקספו,הוד השרון,רשל''צ משה דיין-ראשון לציון --> הרצליה-הרצליה,הרצליה,רכבת ישראל,תל אביב יפו,
37360,תל אביב האוניברסיטה - אקספו,רעננה דרום,רשל''צ משה דיין-ראשון לציון --> הרצליה-הרצליה,הרצליה,רכבת ישראל,תל אביב יפו,
37360,תל אביב האוניברסיטה - אקספו,רעננה מערב,רשל''צ משה דיין-ראשון לציון --> הרצליה-הרצליה,הרצליה,רכבת ישראל,תל אביב יפו,
37360,תל אביב האוניברסיטה - אקספו,הרצליה,רשל''צ משה דיין-ראשון לציון --> הרצליה-הרצליה,הרצליה,רכבת ישראל,תל אביב יפו,
37356,בני ברק,קרית אריה,רשל''צ משה דיין-ראשון לציון --> הרצליה-הרצליה,הרצליה,רכבת ישראל,בני ברק,
37356,בני ברק,סגולה,רשל''צ משה דיין-ראשון לציון --> הרצליה-הרצליה,הרצליה,רכבת ישראל,בני ברק,
37356,בני ברק,ראש העין צפון,רשל''צ משה דיין-ראשון לציון --> הרצליה-הרצליה,הרצליה,רכבת ישראל,בני ברק,
37356,בני ברק,כפר סבא,רשל''צ משה דיין-ראשון לציון --> הרצליה-הרצליה,הרצליה,רכבת ישראל,בני ברק,
37356,בני ברק,הוד השרון,רשל''צ משה דיין-ראשון לציון --> הרצליה-הרצליה,הרצליה,רכבת ישראל,בני ברק,
37356,בני ברק,רעננה דרום,רשל''צ משה דיין-ראשון לציון --> הרצליה-הרצליה,הרצליה,רכבת ישראל,בני ברק,
37356,בני ברק,רעננה מערב,רשל''צ משה דיין-ראשון לציון --> הרצליה-הרצליה,הרצליה,רכבת ישראל,בני ברק,
37356,בני ברק,הרצליה,רשל''צ משה דיין-ראשון לציון --> הרצליה-הרצליה,הרצליה,רכבת ישראל,בני ברק,
37354,קרית אריה,סגולה,רשל''צ משה דיין-ראשון לציון --> הרצליה-הרצליה,הרצליה,רכבת ישראל,פתח תקווה,
37354,קרית אריה,ראש העין צפון,רשל''צ משה דיין-ראשון לציון --> הרצליה-הרצליה,הרצליה,רכבת ישראל,פתח תקווה,
37354,קרית אריה,כפר סבא,רשל''צ משה דיין-ראשון לציון --> הרצליה-הרצליה,הרצליה,רכבת ישראל,פתח תקווה,
37354,קרית אריה,הוד השרון,רשל''צ משה דיין-ראשון לציון --> הרצליה-הרצליה,הרצליה,רכבת ישראל,פתח תקווה,
37354,קרית אריה,רעננה דרום,רשל''צ משה דיין-ראשון לציון --> הרצליה-הרצליה,הרצליה,רכבת ישראל,פתח תקווה,
37354,קרית אריה,רעננה מערב,רשל''צ משה דיין-ראשון לציון --> הרצליה-הרצליה,הרצליה,רכבת ישראל,פתח תקווה,
37354,קרית אריה,הרצליה,רשל''צ משה דיין-ראשון לציון --> הרצליה-הרצליה,הרצליה,רכבת ישראל,פתח תקווה,
37352,סגולה,ראש העין צפון,רשל''צ משה דיין-ראשון לציון --> הרצליה-הרצליה,הרצליה,רכבת ישראל,פתח תקווה,
37352,סגולה,כפר סבא,רשל''צ משה דיין-ראשון לציון --> הרצליה-הרצליה,הרצליה,רכבת ישראל,פתח תקווה,
37352,סגולה,הוד השרון,רשל''צ משה דיין-ראשון לציון --> הרצליה-הרצליה,הרצליה,רכבת ישראל,פתח תקווה,
37352,סגולה,רעננה דרום,רשל''צ משה דיין-ראשון לציון --> הרצליה-הרצליה,הרצליה,רכבת ישראל,פתח תקווה,
37352,סגולה,רעננה מערב,רשל''צ משה דיין-ראשון לציון --> הרצליה-הרצליה,הרצליה,רכבת ישראל,פתח תקווה,
37352,סגולה,הרצליה,רשל''צ משה דיין-ראשון לציון --> הרצליה-הרצליה,הרצליה,רכבת ישראל,פתח תקווה,
37302,ראש העין צפון,כפר סבא,רשל''צ משה דיין-ראשון לציון --> הרצליה-הרצליה,הרצליה,רכבת ישראל,ראש העין,
37302,ראש העין צפון,הוד השרון,רשל''צ משה דיין-ראשון לציון --> הרצליה-הרצליה,הרצליה,רכבת ישראל,ראש העין,
37302,ראש העין צפון,רעננה דרום,רשל''צ משה דיין-ראשון לציון --> הרצליה-הרצליה,הרצליה,רכבת ישראל,ראש העין,
37302,ראש העין צפון,רעננה מערב,רשל''צ משה דיין-ראשון לציון --> הרצליה-הרצליה,הרצליה,רכבת ישראל,ראש העין,
37302,ראש העין צפון,הרצליה,רשל''צ משה דיין-ראשון לציון --> הרצליה-הרצליה,הרצליה,רכבת ישראל,ראש העין,
37304,כפר סבא,הוד השרון,רשל''צ משה דיין-ראשון לציון --> הרצליה-הרצליה,הרצליה,רכבת ישראל,כפר סבא,
37304,כפר סבא,רעננה דרום,רשל''צ משה דיין-ראשון לציון --> הרצליה-הרצליה,הרצליה,רכבת ישראל,כפר סבא,
37304,כפר סבא,רעננה מערב,רשל''צ משה דיין-ראשון לציון --> הרצליה-הרצליה,הרצליה,רכבת ישראל,כפר סבא,
37304,כפר סבא,הרצליה,רשל''צ משה דיין-ראשון לציון --> הרצליה-הרצליה,הרצליה,רכבת ישראל,כפר סבא,
37296,הוד השרון,רעננה דרום,רשל''צ משה דיין-ראשון לציון --> הרצליה-הרצליה,הרצליה,רכבת ישראל,הוד השרון,
37296,הוד השרון,רעננה מערב,רשל''צ משה דיין-ראשון לציון --> הרצליה-הרצליה,הרצליה,רכבת ישראל,הוד השרון,
37296,הוד השרון,הרצליה,רשל''צ משה דיין-ראשון לציון --> הרצליה-הרצליה,הרצליה,רכבת ישראל,הוד השרון,
42416,רעננה דרום,רעננה מערב,רשל''צ משה דיין-ראשון לציון --> הרצליה-הרצליה,הרצליה,רכבת ישראל,רעננה,
42416,רעננה דרום,הרצליה,רשל''צ משה דיין-ראשון לציון --> הרצליה-הרצליה,הרצליה,רכבת ישראל,רעננה,
42417,רעננה מערב,הרצליה,רשל''צ משה דיין-ראשון לציון --> הרצליה-הרצליה,הרצליה,רכבת ישראל,רעננה,
37362,הרצליה,תל אביב מרכז,הרצליה-הרצליה --> נתב''ג-נמל תעופה בן גוריון,נתב''ג,רכבת ישראל,הרצליה,
37362,הרצליה,נתב''ג,הרצליה-הרצליה --> נתב''ג-נמל תעופה בן גוריון,נתב''ג,רכבת ישראל,הרצליה,
37358,תל אביב מרכז,נתב''ג,הרצליה-הרצליה --> נתב''ג-נמל תעופה בן גוריון,נתב''ג,רכבת ישראל,תל אביב יפו,
37306,נתב''ג,תל אביב מרכז,נתב''ג-נמל תעופה בן גוריון --> הרצליה-הרצליה,הרצליה,רכבת ישראל,נמל תעופה בן גוריון,
37306,נתב''ג,הרצליה,נתב''ג-נמל תעופה בן גוריון --> הרצליה-הרצליה,הרצליה,רכבת ישראל,נמל תעופה בן גוריון,
37358,תל אביב מרכז,הרצליה,נתב''ג-נמל תעופה בן גוריון --> הרצליה-הרצליה,הרצליה,רכבת ישראל,תל אביב יפו,
51798,חדרה מזרח,שומרון-טייבה,חדרה מזרח-חדרה --> ראש העין צפון-ראש העין,ראש העין צפון,רכבת ישראל,חדרה,
51798,חדרה מזרח,טירה-כוכב יאיר,חדרה מזרח-חדרה --> ראש העין צפון-ראש העין,ראש העין צפון,רכבת ישראל,חדרה,
51798,חדרה מזרח,ראש העין צפון,חדרה מזרח-חדרה --> ראש העין צפון-ראש העין,ראש העין צפון,רכבת ישראל,חדרה,
51791,שומרון-טייבה,טירה-כוכב יאיר,חדרה מזרח-חדרה --> ראש העין צפון-ראש העין,ראש העין צפון,רכבת ישראל,טייבה,
51791,שומרון-טייבה,ראש העין צפון,חדרה מזרח-חדרה --> ראש העין צפון-ראש העין,ראש העין צפון,רכבת ישראל,טייבה,
51789,טירה-כוכב יאיר,ראש העין צפון,חדרה מזרח-חדרה --> ראש העין צפון-ראש העין,ראש העין צפון,רכבת ישראל,טירה,
37302,ראש העין צפון,טירה-כוכב יאיר,ראש העין צפון-ראש העין --> חדרה מזרח-חדרה,חדרה מזרח,רכבת ישראל,ראש העין,
37302,ראש העין צפון,שומרון-טייבה,ראש העין צפון-ראש העין --> חדרה מזרח-חדרה,חדרה מזרח,רכבת ישראל,ראש העין,
37302,ראש העין צפון,חדרה מזרח,ראש העין צפון-ראש העין --> חדרה מזרח-חדרה,חדרה מזרח,רכבת ישראל,ראש העין,
51789,טירה-כוכב יאיר,שומרון-טייבה,ראש העין צפון-ראש העין --> חדרה מזרח-חדרה,חדרה מזרח,רכבת ישראל,טירה,
51789,טירה-כוכב יאיר,חדרה מזרח,ראש העין צפון-ראש העין --> חדרה מזרח-חדרה,חדרה מזרח,רכבת ישראל,טירה,
51791,שומרון-טייבה,חדרה מזרח,ראש העין צפון-ראש העין --> חדרה מזרח-חדרה,חדרה מזרח,רכבת ישראל,טייבה,
37310,דימונה,באר שבע צפון,דימונה-דימונה --> באר שבע צפון-באר שבע,באר שבע צפון,רכבת ישראל,דימונה,
37314,באר שבע צפון,דימונה,באר שבע צפון-באר שבע --> דימונה-דימונה,דימונה,רכבת ישראל,באר שבע,
37362,הרצליה,רעננה מערב,הרצליה-הרצליה --> באר שבע מרכז-באר שבע,באר שבע מרכז,רכבת ישראל,הרצליה,
37362,הרצליה,הוד השרון,הרצליה-הרצליה --> באר שבע מרכז-באר שבע,באר שבע מרכז,רכבת ישראל,הרצליה,
37362,הרצליה,כפר סבא,הרצליה-הרצליה --> באר שבע מרכז-באר שבע,באר שבע מרכז,רכבת ישראל,הרצליה,
37362,הרצליה,ראש העין צפון,הרצליה-הרצליה --> באר שבע מרכז-באר שבע,באר שבע מרכז,רכבת ישראל,הרצליה,
37362,הרצליה,סגולה,הרצליה-הרצליה --> באר שבע מרכז-באר שבע,באר שבע מרכז,רכבת ישראל,הרצליה,
37362,הרצליה,קרית אריה,הרצליה-הרצליה --> באר שבע מרכז-באר שבע,באר שבע מרכז,רכבת ישראל,הרצליה,
37362,הרצליה,בני ברק,הרצליה-הרצליה --> באר שבע מרכז-באר שבע,באר שבע מרכז,רכבת ישראל,הרצליה,
37362,הרצליה,תל אביב האוניברסיטה - אקספו,הרצליה-הרצליה --> באר שבע מרכז-באר שבע,באר שבע מרכז,רכבת ישראל,הרצליה,
37362,הרצליה,תל אביב מרכז,הרצליה-הרצליה --> באר שבע מרכז-באר שבע,באר שבע מרכז,רכבת ישראל,הרצליה,
37362,הרצליה,השלום,הרצליה-הרצליה --> באר שבע מרכז-באר שבע,באר שבע מרכז,רכבת ישראל,הרצליה,
37362,הרצליה,תל אביב ההגנה,הרצליה-הרצליה --> באר שבע מרכז-באר שבע,באר שבע מרכז,רכבת ישראל,הרצליה,
37362,הרצליה,חולון וולפסון,הרצליה-הרצליה --> באר שבע מרכז-באר שבע,באר שבע מרכז,רכבת ישראל,הרצליה,
37362,הרצליה,בת ים אלי כהן - יוספטל,הרצליה-הרצליה --> באר שבע מרכז-באר שבע,באר שבע מרכז,רכבת ישראל,הרצליה,
37362,הרצליה,רשל''צ משה דיין,הרצליה-הרצליה --> באר שבע מרכז-באר שבע,באר שבע מרכז,רכבת ישראל,הרצליה,
37362,הרצליה,יבנה מערב,הרצליה-הרצליה --> באר שבע מרכז-באר שבע,באר שבע מרכז,רכבת ישראל,הרצליה,
37362,הרצליה,אשדוד עד הלום- מטרופול,הרצליה-הרצליה --> באר שבע מרכז-באר שבע,באר שבע מרכז,רכבת ישראל,הרצליה,
37362,הרצליה,אשקלון,הרצליה-הרצליה --> באר שבע מרכז-באר שבע,באר שבע מרכז,רכבת ישראל,הרצליה,
37362,הרצליה,שדרות,הרצליה-הרצליה --> באר שבע מרכז-באר שבע,באר שבע מרכז,רכבת ישראל,הרצליה,
37362,הרצליה,נתיבות,הרצליה-הרצליה --> באר שבע מרכז-באר שבע,באר שבע מרכז,רכבת ישראל,הרצליה,
37362,הרצליה,אופקים,הרצליה-הרצליה --> באר שבע מרכז-באר שבע,באר שבע מרכז,רכבת ישראל,הרצליה,
37362,הרצליה,באר שבע צפון,הרצליה-הרצליה --> באר שבע מרכז-באר שבע,באר שבע מרכז,רכבת ישראל,הרצליה,
37362,הרצליה,באר שבע מרכז,הרצליה-הרצליה --> באר שבע מרכז-באר שבע,באר שבע מרכז,רכבת ישראל,הרצליה,
42417,רעננה מערב,הוד השרון,הרצליה-הרצליה --> באר שבע מרכז-באר שבע,באר שבע מרכז,רכבת ישראל,רעננה,
42417,רעננה מערב,כפר סבא,הרצליה-הרצליה --> באר שבע מרכז-באר שבע,באר שבע מרכז,רכבת ישראל,רעננה,
42417,רעננה מערב,ראש העין צפון,הרצליה-הרצליה --> באר שבע מרכז-באר שבע,באר שבע מרכז,רכבת ישראל,רעננה,
42417,רעננה מערב,סגולה,הרצליה-הרצליה --> באר שבע מרכז-באר שבע,באר שבע מרכז,רכבת ישראל,רעננה,
42417,רעננה מערב,קרית אריה,הרצליה-הרצליה --> באר שבע מרכז-באר שבע,באר שבע מרכז,רכבת ישראל,רעננה,
42417,רעננה מערב,בני ברק,הרצליה-הרצליה --> באר שבע מרכז-באר שבע,באר שבע מרכז,רכבת ישראל,רעננה,
42417,רעננה מערב,תל אביב האוניברסיטה - אקספו,הרצליה-הרצליה --> באר שבע מרכז-באר שבע,באר שבע מרכז,רכבת ישראל,רעננה,
42417,רעננה מערב,תל אביב מרכז,הרצליה-הרצליה --> באר שבע מרכז-באר שבע,באר שבע מרכז,רכבת ישראל,רעננה,
42417,רעננה מערב,השלום,הרצליה-הרצליה --> באר שבע מרכז-באר שבע,באר שבע מרכז,רכבת ישראל,רעננה,
42417,רעננה מערב,תל אביב ההגנה,הרצליה-הרצליה --> באר שבע מרכז-באר שבע,באר שבע מרכז,רכבת ישראל,רעננה,
42417,רעננה מערב,חולון וולפסון,הרצליה-הרצליה --> באר שבע מרכז-באר שבע,באר שבע מרכז,רכבת ישראל,רעננה,
42417,רעננה מערב,בת ים אלי כהן - יוספטל,הרצליה-הרצליה --> באר שבע מרכז-באר שבע,באר שבע מרכז,רכבת ישראל,רעננה,
42417,רעננה מערב,רשל''צ משה דיין,הרצליה-הרצליה --> באר שבע מרכז-באר שבע,באר שבע מרכז,רכבת ישראל,רעננה,
42417,רעננה מערב,יבנה מערב,הרצליה-הרצליה --> באר שבע מרכז-באר שבע,באר שבע מרכז,רכבת ישראל,רעננה,
42417,רעננה מערב,אשדוד עד הלום- מטרופול,הרצליה-הרצליה --> באר שבע מרכז-באר שבע,באר שבע מרכז,רכבת ישראל,רעננה,
42417,רעננה מערב,אשקלון,הרצליה-הרצליה --> באר שבע מרכז-באר שבע,באר שבע מרכז,רכבת ישראל,רעננה,
42417,רעננה מערב,שדרות,הרצליה-הרצליה --> באר שבע מרכז-באר שבע,באר שבע מרכז,רכבת ישראל,רעננה,
42417,רעננה מערב,נתיבות,הרצליה-הרצליה --> באר שבע מרכז-באר שבע,באר שבע מרכז,רכבת ישראל,רעננה,
42417,רעננה מערב,אופקים,הרצליה-הרצליה --> באר שבע מרכז-באר שבע,באר שבע מרכז,רכבת ישראל,רעננה,
42417,רעננה מערב,באר שבע צפון,הרצליה-הרצליה --> באר שבע מרכז-באר שבע,באר שבע מרכז,רכבת ישראל,רעננה,
42417,רעננה מערב,באר שבע מרכז,הרצליה-הרצליה --> באר שבע מרכז-באר שבע,באר שבע מרכז,רכבת ישראל,רעננה,
37296,הוד השרון,כפר סבא,הרצליה-הרצליה --> באר שבע מרכז-באר שבע,באר שבע מרכז,רכבת ישראל,הוד השרון,
37296,הוד השרון,ראש העין צפון,הרצליה-הרצליה --> באר שבע מרכז-באר שבע,באר שבע מרכז,רכבת ישראל,הוד השרון,
37296,הוד השרון,סגולה,הרצליה-הרצליה --> באר שבע מרכז-באר שבע,באר שבע מרכז,רכבת ישראל,הוד השרון,
37296,הוד השרון,קרית אריה,הרצליה-הרצליה --> באר שבע מרכז-באר שבע,באר שבע מרכז,רכבת ישראל,הוד השרון,
37296,הוד השרון,בני ברק,הרצליה-הרצליה --> באר שבע מרכז-באר שבע,באר שבע מרכז,רכבת ישראל,הוד השרון,
37296,הוד השרון,תל אביב האוניברסיטה - אקספו,הרצליה-הרצליה --> באר שבע מרכז-באר שבע,באר שבע מרכז,רכבת ישראל,הוד השרון,
37296,הוד השרון,תל אביב מרכז,הרצליה-הרצליה --> באר שבע מרכז-באר שבע,באר שבע מרכז,רכבת ישראל,הוד השרון,
37296,הוד השרון,השלום,הרצליה-הרצליה --> באר שבע מרכז-באר שבע,באר שבע מרכז,רכבת ישראל,הוד השרון,
37296,הוד השרון,תל אביב ההגנה,הרצליה-הרצליה --> באר שבע מרכז-באר שבע,באר שבע מרכז,רכבת ישראל,הוד השרון,
37296,הוד השרון,חולון וולפסון,הרצליה-הרצליה --> באר שבע מרכז-באר שבע,באר שבע מרכז,רכבת ישראל,הוד השרון,
37296,הוד השרון,בת ים אלי כהן - יוספטל,הרצליה-הרצליה --> באר שבע מרכז-באר שבע,באר שבע מרכז,רכבת ישראל,הוד השרון,
37296,הוד השרון,רשל''צ משה דיין,הרצליה-הרצליה --> באר שבע מרכז-באר שבע,באר שבע מרכז,רכבת ישראל,הוד השרון,
37296,הוד השרון,יבנה מערב,הרצליה-הרצליה --> באר שבע מרכז-באר שבע,באר שבע מרכז,רכבת ישראל,הוד השרון,
37296,הוד השרון,אשדוד עד הלום- מטרופול,הרצליה-הרצליה --> באר שבע מרכז-באר שבע,באר שבע מרכז,רכבת ישראל,הוד השרון,
37296,הוד השרון,אשקלון,הרצליה-הרצליה --> באר שבע מרכז-באר שבע,באר שבע מרכז,רכבת ישראל,הוד השרון,
37296,הוד השרון,שדרות,הרצליה-הרצליה --> באר שבע מרכז-באר שבע,באר שבע מרכז,רכבת ישראל,הוד השרון,
37296,הוד השרון,נתיבות,הרצליה-הרצליה --> באר שבע מרכז-באר שבע,באר שבע מרכז,רכבת ישראל,הוד השרון,
37296,הוד השרון,אופקים,הרצליה-הרצליה --> באר שבע מרכז-באר שבע,באר שבע מרכז,רכבת ישראל,הוד השרון,
37296,הוד השרון,באר שבע צפון,הרצליה-הרצליה --> באר שבע מרכז-באר שבע,באר שבע מרכז,רכבת ישראל,הוד השרון,
37296,הוד השרון,באר שבע מרכז,הרצליה-הרצליה --> באר שבע מרכז-באר שבע,באר שבע מרכז,רכבת ישראל,הוד השרון,
37304,כפר סבא,ראש העין צפון,הרצליה-הרצליה --> באר שבע מרכז-באר שבע,באר שבע מרכז,רכבת ישראל,כפר סבא,
37304,כפר סבא,סגולה,הרצליה-הרצליה --> באר שבע מרכז-באר שבע,באר שבע מרכז,רכבת ישראל,כפר סבא,
37304,כפר סבא,קרית אריה,הרצליה-הרצליה --> באר שבע מרכז-באר שבע,באר שבע מרכז,רכבת ישראל,כפר סבא,
37304,כפר סבא,בני ברק,הרצליה-הרצליה --> באר שבע מרכז-באר שבע,באר שבע מרכז,רכבת ישראל,כפר סבא,
37304,כפר סבא,תל אביב האוניברסיטה - אקספו,הרצליה-הרצליה --> באר שבע מרכז-באר שבע,באר שבע מרכז,רכבת ישראל,כפר סבא,
37304,כפר סבא,תל אביב מרכז,הרצליה-הרצליה --> באר שבע מרכז-באר שבע,באר שבע מרכז,רכבת ישראל,כפר סבא,
37304,כפר סבא,השלום,הרצליה-הרצליה --> באר שבע מרכז-באר שבע,באר שבע מרכז,רכבת ישראל,כפר סבא,
37304,כפר סבא,תל אביב ההגנה,הרצליה-הרצליה --> באר שבע מרכז-באר שבע,באר שבע מרכז,רכבת ישראל,כפר סבא,
37304,כפר סבא,חולון וולפסון,הרצליה-הרצליה --> באר שבע מרכז-באר שבע,באר שבע מרכז,רכבת ישראל,כפר סבא,
37304,כפר סבא,בת ים אלי כהן - יוספטל,הרצליה-הרצליה --> באר שבע מרכז-באר שבע,באר שבע מרכז,רכבת ישראל,כפר סבא,
37304,כפר סבא,רשל''צ משה דיין,הרצליה-הרצליה --> באר שבע מרכז-באר שבע,באר שבע מרכז,רכבת ישראל,כפר סבא,
37304,כפר סבא,יבנה מערב,הרצליה-הרצליה --> באר שבע מרכז-באר שבע,באר שבע מרכז,רכבת ישראל,כפר סבא,
37304,כפר סבא,אשדוד עד הלום- מטרופול,הרצליה-הרצליה --> באר שבע מרכז-באר שבע,באר שבע מרכז,רכבת ישראל,כפר סבא,
37304,כפר סבא,אשקלון,הרצליה-הרצליה --> באר שבע מרכז-באר שבע,באר שבע מרכז,רכבת ישראל,כפר סבא,
37304,כפר סבא,שדרות,הרצליה-הרצליה --> באר שבע מרכז-באר שבע,באר שבע מרכז,רכבת ישראל,כפר סבא,
37304,כפר סבא,נתיבות,הרצליה-הרצליה --> באר שבע מרכז-באר שבע,באר שבע מרכז,רכבת ישראל,כפר סבא,
37304,כפר סבא,אופקים,הרצליה-הרצליה --> באר שבע מרכז-באר שבע,באר שבע מרכז,רכבת ישראל,כפר סבא,
37304,כפר סבא,באר שבע צפון,הרצליה-הרצליה --> באר שבע מרכז-באר שבע,באר שבע מרכז,רכבת ישראל,כפר סבא,
37304,כפר סבא,באר שבע מרכז,הרצליה-הרצליה --> באר שבע מרכז-באר שבע,באר שבע מרכז,רכבת ישראל,כפר סבא,
37302,ראש העין צפון,סגולה,הרצליה-הרצליה --> באר שבע מרכז-באר שבע,באר שבע מרכז,רכבת ישראל,ראש העין,
37302,ראש העין צפון,קרית אריה,הרצליה-הרצליה --> באר שבע מרכז-באר שבע,באר שבע מרכז,רכבת ישראל,ראש העין,
37302,ראש העין צפון,בני ברק,הרצליה-הרצליה --> באר שבע מרכז-באר שבע,באר שבע מרכז,רכבת ישראל,ראש העין,
37302,ראש העין צפון,תל אביב האוניברסיטה - אקספו,הרצליה-הרצליה --> באר שבע מרכז-באר שבע,באר שבע מרכז,רכבת ישראל,ראש העין,
37302,ראש העין צפון,תל אביב מרכז,הרצליה-הרצליה --> באר שבע מרכז-באר שבע,באר שבע מרכז,רכבת ישראל,ראש העין,
37302,ראש העין צפון,השלום,הרצליה-הרצליה --> באר שבע מרכז-באר שבע,באר שבע מרכז,רכבת ישראל,ראש העין,
37302,ראש העין צפון,תל אביב ההגנה,הרצליה-הרצליה --> באר שבע מרכז-באר שבע,באר שבע מרכז,רכבת ישראל,ראש העין,
37302,ראש העין צפון,חולון וולפסון,הרצליה-הרצליה --> באר שבע מרכז-באר שבע,באר שבע מרכז,רכבת ישראל,ראש העין,
37302,ראש העין צפון,בת ים אלי כהן - יוספטל,הרצליה-הרצליה --> באר שבע מרכז-באר שבע,באר שבע מרכז,רכבת ישראל,ראש העין,
37302,ראש העין צפון,רשל''צ משה דיין,הרצליה-הרצליה --> באר שבע מרכז-באר שבע,באר שבע מרכז,רכבת ישראל,ראש העין,
37302,ראש העין צפון,יבנה מערב,הרצליה-הרצליה --> באר שבע מרכז-באר שבע,באר שבע מרכז,רכבת ישראל,ראש העין,
37302,ראש העין צפון,אשדוד עד הלום- מטרופול,הרצליה-הרצליה --> באר שבע מרכז-באר שבע,באר שבע מרכז,רכבת ישראל,ראש העין,
37302,ראש העין צפון,אשקלון,הרצליה-הרצליה --> באר שבע מרכז-באר שבע,באר שבע מרכז,רכבת ישראל,ראש העין,
37302,ראש העין צפון,שדרות,הרצליה-הרצליה --> באר שבע מרכז-באר שבע,באר שבע מרכז,רכבת ישראל,ראש העין,
37302,ראש העין צפון,נתיבות,הרצליה-הרצליה --> באר שבע מרכז-באר שבע,באר שבע מרכז,רכבת ישראל,ראש העין,
37302,ראש העין צפון,אופקים,הרצליה-הרצליה --> באר שבע מרכז-באר שבע,באר שבע מרכז,רכבת ישראל,ראש העין,
37302,ראש העין צפון,באר שבע צפון,הרצליה-הרצליה --> באר שבע מרכז-באר שבע,באר שבע מרכז,רכבת ישראל,ראש העין,
37302,ראש העין צפון,באר שבע מרכז,הרצליה-הרצליה --> באר שבע מרכז-באר שבע,באר שבע מרכז,רכבת ישראל,ראש העין,
37352,סגולה,קרית אריה,הרצליה-הרצליה --> באר שבע מרכז-באר שבע,באר שבע מרכז,רכבת ישראל,פתח תקווה,
37352,סגולה,בני ברק,הרצליה-הרצליה --> באר שבע מרכז-באר שבע,באר שבע מרכז,רכבת ישראל,פתח תקווה,
37352,סגולה,תל אביב האוניברסיטה - אקספו,הרצליה-הרצליה --> באר שבע מרכז-באר שבע,באר שבע מרכז,רכבת ישראל,פתח תקווה,
37352,סגולה,תל אביב מרכז,הרצליה-הרצליה --> באר שבע מרכז-באר שבע,באר שבע מרכז,רכבת ישראל,פתח תקווה,
37352,סגולה,השלום,הרצליה-הרצליה --> באר שבע מרכז-באר שבע,באר שבע מרכז,רכבת ישראל,פתח תקווה,
37352,סגולה,תל אביב ההגנה,הרצליה-הרצליה --> באר שבע מרכז-באר שבע,באר שבע מרכז,רכבת ישראל,פתח תקווה,
37352,סגולה,חולון וולפסון,הרצליה-הרצליה --> באר שבע מרכז-באר שבע,באר שבע מרכז,רכבת ישראל,פתח תקווה,
37352,סגולה,בת ים אלי כהן - יוספטל,הרצליה-הרצליה --> באר שבע מרכז-באר שבע,באר שבע מרכז,רכבת ישראל,פתח תקווה,
37352,סגולה,רשל''צ משה דיין,הרצליה-הרצליה --> באר שבע מרכז-באר שבע,באר שבע מרכז,רכבת ישראל,פתח תקווה,
37352,סגולה,יבנה מערב,הרצליה-הרצליה --> באר שבע מרכז-באר שבע,באר שבע מרכז,רכבת ישראל,פתח תקווה,
37352,סגולה,אשדוד עד הלום- מטרופול,הרצליה-הרצליה --> באר שבע מרכז-באר שבע,באר שבע מרכז,רכבת ישראל,פתח תקווה,
37352,סגולה,אשקלון,הרצליה-הרצליה --> באר שבע מרכז-באר שבע,באר שבע מרכז,רכבת ישראל,פתח תקווה,
37352,סגולה,שדרות,הרצליה-הרצליה --> באר שבע מרכז-באר שבע,באר שבע מרכז,רכבת ישראל,פתח תקווה,
37352,סגולה,נתיבות,הרצליה-הרצליה --> באר שבע מרכז-באר שבע,באר שבע מרכז,רכבת ישראל,פתח תקווה,
37352,סגולה,אופקים,הרצליה-הרצליה --> באר שבע מרכז-באר שבע,באר שבע מרכז,רכבת ישראל,פתח תקווה,
37352,סגולה,באר שבע צפון,הרצליה-הרצליה --> באר שבע מרכז-באר שבע,באר שבע מרכז,רכבת ישראל,פתח תקווה,
37352,סגולה,באר שבע מרכז,הרצליה-הרצליה --> באר שבע מרכז-באר שבע,באר שבע מרכז,רכבת ישראל,פתח תקווה,
37354,קרית אריה,בני ברק,הרצליה-הרצליה --> באר שבע מרכז-באר שבע,באר שבע מרכז,רכבת ישראל,פתח תקווה,
37354,קרית אריה,תל אביב האוניברסיטה - אקספו,הרצליה-הרצליה --> באר שבע מרכז-באר שבע,באר שבע מרכז,רכבת ישראל,פתח תקווה,
37354,קרית אריה,תל אביב מרכז,הרצליה-הרצליה --> באר שבע מרכז-באר שבע,באר שבע מרכז,רכבת ישראל,פתח תקווה,
37354,קרית אריה,השלום,הרצליה-הרצליה --> באר שבע מרכז-באר שבע,באר שבע מרכז,רכבת ישראל,פתח תקווה,
37354,קרית אריה,תל אביב ההגנה,הרצליה-הרצליה --> באר שבע מרכז-באר שבע,באר שבע מרכז,רכבת ישראל,פתח תקווה,
37354,קרית אריה,חולון וולפסון,הרצליה-הרצליה --> באר שבע מרכז-באר שבע,באר שבע מרכז,רכבת ישראל,פתח תקווה,
37354,קרית אריה,בת ים אלי כהן - יוספטל,הרצליה-הרצליה --> באר שבע מרכז-באר שבע,באר שבע מרכז,רכבת ישראל,פתח תקווה,
37354,קרית אריה,רשל''צ משה דיין,הרצליה-הרצליה --> באר שבע מרכז-באר שבע,באר שבע מרכז,רכבת ישראל,פתח תקווה,
37354,קרית אריה,יבנה מערב,הרצליה-הרצליה --> באר שבע מרכז-באר שבע,באר שבע מרכז,רכבת ישראל,פתח תקווה,
37354,קרית אריה,אשדוד עד הלום- מטרופול,הרצליה-הרצליה --> באר שבע מרכז-באר שבע,באר שבע מרכז,רכבת ישראל,פתח תקווה,
37354,קרית אריה,אשקלון,הרצליה-הרצליה --> באר שבע מרכז-באר שבע,באר שבע מרכז,רכבת ישראל,פתח תקווה,
37354,קרית אריה,שדרות,הרצליה-הרצליה --> באר שבע מרכז-באר שבע,באר שבע מרכז,רכבת ישראל,פתח תקווה,
37354,קרית אריה,נתיבות,הרצליה-הרצליה --> באר שבע מרכז-באר שבע,באר שבע מרכז,רכבת ישראל,פתח תקווה,
37354,קרית אריה,אופקים,הרצליה-הרצליה --> באר שבע מרכז-באר שבע,באר שבע מרכז,רכבת ישראל,פתח תקווה,
37354,קרית אריה,באר שבע צפון,הרצליה-הרצליה --> באר שבע מרכז-באר שבע,באר שבע מרכז,רכבת ישראל,פתח תקווה,
37354,קרית אריה,באר שבע מרכז,הרצליה-הרצליה --> באר שבע מרכז-באר שבע,באר שבע מרכז,רכבת ישראל,פתח תקווה,
37356,בני ברק,תל אביב האוניברסיטה - אקספו,הרצליה-הרצליה --> באר שבע מרכז-באר שבע,באר שבע מרכז,רכבת ישראל,בני ברק,
37356,בני ברק,תל אביב מרכז,הרצליה-הרצליה --> באר שבע מרכז-באר שבע,באר שבע מרכז,רכבת ישראל,בני ברק,
37356,בני ברק,השלום,הרצליה-הרצליה --> באר שבע מרכז-באר שבע,באר שבע מרכז,רכבת ישראל,בני ברק,
37356,בני ברק,תל אביב ההגנה,הרצליה-הרצליה --> באר שבע מרכז-באר שבע,באר שבע מרכז,רכבת ישראל,בני ברק,
37356,בני ברק,חולון וולפסון,הרצליה-הרצליה --> באר שבע מרכז-באר שבע,באר שבע מרכז,רכבת ישראל,בני ברק,
37356,בני ברק,בת ים אלי כהן - יוספטל,הרצליה-הרצליה --> באר שבע מרכז-באר שבע,באר שבע מרכז,רכבת ישראל,בני ברק,
37356,בני ברק,רשל''צ משה דיין,הרצליה-הרצליה --> באר שבע מרכז-באר שבע,באר שבע מרכז,רכבת ישראל,בני ברק,
37356,בני ברק,יבנה מערב,הרצליה-הרצליה --> באר שבע מרכז-באר שבע,באר שבע מרכז,רכבת ישראל,בני ברק,
37356,בני ברק,אשדוד עד הלום- מטרופול,הרצליה-הרצליה --> באר שבע מרכז-באר שבע,באר שבע מרכז,רכבת ישראל,בני ברק,
37356,בני ברק,אשקלון,הרצליה-הרצליה --> באר שבע מרכז-באר שבע,באר שבע מרכז,רכבת ישראל,בני ברק,
37356,בני ברק,שדרות,הרצליה-הרצליה --> באר שבע מרכז-באר שבע,באר שבע מרכז,רכבת ישראל,בני ברק,
37356,בני ברק,נתיבות,הרצליה-הרצליה --> באר שבע מרכז-באר שבע,באר שבע מרכז,רכבת ישראל,בני ברק,
37356,בני ברק,אופקים,הרצליה-הרצליה --> באר שבע מרכז-באר שבע,באר שבע מרכז,רכבת ישראל,בני ברק,
37356,בני ברק,באר שבע צפון,הרצליה-הרצליה --> באר שבע מרכז-באר שבע,באר שבע מרכז,רכבת ישראל,בני ברק,
37356,בני ברק,באר שבע מרכז,הרצליה-הרצליה --> באר שבע מרכז-באר שבע,באר שבע מרכז,רכבת ישראל,בני ברק,
37360,תל אביב האוניברסיטה - אקספו,תל אביב מרכז,הרצליה-הרצליה --> באר שבע מרכז-באר שבע,באר שבע מרכז,רכבת ישראל,תל אביב יפו,
37360,תל אביב האוניברסיטה - אקספו,השלום,הרצליה-הרצליה --> באר שבע מרכז-באר שבע,באר שבע מרכז,רכבת ישראל,תל אביב יפו,
37360,תל אביב האוניברסיטה - אקספו,תל אביב ההגנה,הרצליה-הרצליה --> באר שבע מרכז-באר שבע,באר שבע מרכז,רכבת ישראל,תל אביב יפו,
37360,תל אביב האוניברסיטה - אקספו,חולון וולפסון,הרצליה-הרצליה --> באר שבע מרכז-באר שבע,באר שבע מרכז,רכבת ישראל,תל אביב יפו,
37360,תל אביב האוניברסיטה - אקספו,בת ים אלי כהן - יוספטל,הרצליה-הרצליה --> באר שבע מרכז-באר שבע,באר שבע מרכז,רכבת ישראל,תל אביב יפו,
37360,תל אביב האוניברסיטה - אקספו,רשל''צ משה דיין,הרצליה-הרצליה --> באר שבע מרכז-באר שבע,באר שבע מרכז,רכבת ישראל,תל אביב יפו,
37360,תל אביב האוניברסיטה - אקספו,יבנה מערב,הרצליה-הרצליה --> באר שבע מרכז-באר שבע,באר שבע מרכז,רכבת ישראל,תל אביב יפו,
37360,תל אביב האוניברסיטה - אקספו,אשדוד עד הלום- מטרופול,הרצליה-הרצליה --> באר שבע מרכז-באר שבע,באר שבע מרכז,רכבת ישראל,תל אביב יפו,
37360,תל אביב האוניברסיטה - אקספו,אשקלון,הרצליה-הרצליה --> באר שבע מרכז-באר שבע,באר שבע מרכז,רכבת ישראל,תל אביב יפו,
37360,תל אביב האוניברסיטה - אקספו,שדרות,הרצליה-הרצליה --> באר שבע מרכז-באר שבע,באר שבע מרכז,רכבת ישראל,תל אביב יפו,
37360,תל אביב האוניברסיטה - אקספו,נתיבות,הרצליה-הרצליה --> באר שבע מרכז-באר שבע,באר שבע מרכז,רכבת ישראל,תל אביב יפו,
37360,תל אביב האוניברסיטה - אקספו,אופקים,הרצליה-הרצליה --> באר שבע מרכז-באר שבע,באר שבע מרכז,רכבת ישראל,תל אביב יפו,
37360,תל אביב האוניברסיטה - אקספו,באר שבע צפון,הרצליה-הרצליה --> באר שבע מרכז-באר שבע,באר שבע מרכז,רכבת ישראל,תל אביב יפו,
37360,תל אביב האוניברסיטה - אקספו,באר שבע מרכז,הרצליה-הרצליה --> באר שבע מרכז-באר שבע,באר שבע מרכז,רכבת ישראל,תל אביב יפו,
37358,תל אביב מרכז,השלום,הרצליה-הרצליה --> באר שבע מרכז-באר שבע,באר שבע מרכז,רכבת ישראל,תל אביב יפו,
37358,תל אביב מרכז,תל אביב ההגנה,הרצליה-הרצליה --> באר שבע מרכז-באר שבע,באר שבע מרכז,רכבת ישראל,תל אביב יפו,
37358,תל אביב מרכז,חולון וולפסון,הרצליה-הרצליה --> באר שבע מרכז-באר שבע,באר שבע מרכז,רכבת ישראל,תל אביב יפו,
37358,תל אביב מרכז,בת ים אלי כהן - יוספטל,הרצליה-הרצליה --> באר שבע מרכז-באר שבע,באר שבע מרכז,רכבת ישראל,תל אביב יפו,
37358,תל אביב מרכז,רשל''צ משה דיין,הרצליה-הרצליה --> באר שבע מרכז-באר שבע,באר שבע מרכז,רכבת ישראל,תל אביב יפו,
37358,תל אביב מרכז,יבנה מערב,הרצליה-הרצליה --> באר שבע מרכז-באר שבע,באר שבע מרכז,רכבת ישראל,תל אביב יפו,
37358,תל אביב מרכז,אשדוד עד הלום- מטרופול,הרצליה-הרצליה --> באר שבע מרכז-באר שבע,באר שבע מרכז,רכבת ישראל,תל אביב יפו,
37358,תל אביב מרכז,אשקלון,הרצליה-הרצליה --> באר שבע מרכז-באר שבע,באר שבע מרכז,רכבת ישראל,תל אביב יפו,
37358,תל אביב מרכז,שדרות,הרצליה-הרצליה --> באר שבע מרכז-באר שבע,באר שבע מרכז,רכבת ישראל,תל אביב יפו,
37358,תל אביב מרכז,נתיבות,הרצליה-הרצליה --> באר שבע מרכז-באר שבע,באר שבע מרכז,רכבת ישראל,תל אביב יפו,
37358,תל אביב מרכז,אופקים,הרצליה-הרצליה --> באר שבע מרכז-באר שבע,באר שבע מרכז,רכבת ישראל,תל אביב יפו,
37358,תל אביב מרכז,באר שבע צפון,הרצליה-הרצליה --> באר שבע מרכז-באר שבע,באר שבע מרכז,רכבת ישראל,תל אביב יפו,
37358,תל אביב מרכז,באר שבע מרכז,הרצליה-הרצליה --> באר שבע מרכז-באר שבע,באר שבע מרכז,רכבת ישראל,תל אביב יפו,
37350,השלום,תל אביב ההגנה,הרצליה-הרצליה --> באר שבע מרכז-באר שבע,באר שבע מרכז,רכבת ישראל,תל אביב יפו,
37350,השלום,חולון וולפסון,הרצליה-הרצליה --> באר שבע מרכז-באר שבע,באר שבע מרכז,רכבת ישראל,תל אביב יפו,
37350,השלום,בת ים אלי כהן - יוספטל,הרצליה-הרצליה --> באר שבע מרכז-באר שבע,באר שבע מרכז,רכבת ישראל,תל אביב יפו,
37350,השלום,רשל''צ משה דיין,הרצליה-הרצליה --> באר שבע מרכז-באר שבע,באר שבע מרכז,רכבת ישראל,תל אביב יפו,
37350,השלום,יבנה מערב,הרצליה-הרצליה --> באר שבע מרכז-באר שבע,באר שבע מרכז,רכבת ישראל,תל אביב יפו,
37350,השלום,אשדוד עד הלום- מטרופול,הרצליה-הרצליה --> באר שבע מרכז-באר שבע,באר שבע מרכז,רכבת ישראל,תל אביב יפו,
37350,השלום,אשקלון,הרצליה-הרצליה --> באר שבע מרכז-באר שבע,באר שבע מרכז,רכבת ישראל,תל אביב יפו,
37350,השלום,שדרות,הרצליה-הרצליה --> באר שבע מרכז-באר שבע,באר שבע מרכז,רכבת ישראל,תל אביב יפו,
37350,השלום,נתיבות,הרצליה-הרצליה --> באר שבע מרכז-באר שבע,באר שבע מרכז,רכבת ישראל,תל אביב יפו,
37350,השלום,אופקים,הרצליה-הרצליה --> באר שבע מרכז-באר שבע,באר שבע מרכז,רכבת ישראל,תל אביב יפו,
37350,השלום,באר שבע צפון,הרצליה-הרצליה --> באר שבע מרכז-באר שבע,באר שבע מרכז,רכבת ישראל,תל אביב יפו,
37350,השלום,באר שבע מרכז,הרצליה-הרצליה --> באר שבע מרכז-באר שבע,באר שבע מרכז,רכבת ישראל,תל אביב יפו,
37292,תל אביב ההגנה,חולון וולפסון,הרצליה-הרצליה --> באר שבע מרכז-באר שבע,באר שבע מרכז,רכבת ישראל,תל אביב יפו,
37292,תל אביב ההגנה,בת ים אלי כהן - יוספטל,הרצליה-הרצליה --> באר שבע מרכז-באר שבע,באר שבע מרכז,רכבת ישראל,תל אביב יפו,
37292,תל אביב ההגנה,רשל''צ משה דיין,הרצליה-הרצליה --> באר שבע מרכז-באר שבע,באר שבע מרכז,רכבת ישראל,תל אביב יפו,
37292,תל אביב ההגנה,יבנה מערב,הרצליה-הרצליה --> באר שבע מרכז-באר שבע,באר שבע מרכז,רכבת ישראל,תל אביב יפו,
37292,תל אביב ההגנה,אשדוד עד הלום- מטרופול,הרצליה-הרצליה --> באר שבע מרכז-באר שבע,באר שבע מרכז,רכבת ישראל,תל אביב יפו,
37292,תל אביב ההגנה,אשקלון,הרצליה-הרצליה --> באר שבע מרכז-באר שבע,באר שבע מרכז,רכבת ישראל,תל אביב יפו,
37292,תל אביב ההגנה,שדרות,הרצליה-הרצליה --> באר שבע מרכז-באר שבע,באר שבע מרכז,רכבת ישראל,תל אביב יפו,
37292,תל אביב ההגנה,נתיבות,הרצליה-הרצליה --> באר שבע מרכז-באר שבע,באר שבע מרכז,רכבת ישראל,תל אביב יפו,
37292,תל אביב ההגנה,אופקים,הרצליה-הרצליה --> באר שבע מרכז-באר שבע,באר שבע מרכז,רכבת ישראל,תל אביב יפו,
37292,תל אביב ההגנה,באר שבע צפון,הרצליה-הרצליה --> באר שבע מרכז-באר שבע,באר שבע מרכז,רכבת ישראל,תל אביב יפו,
37292,תל אביב ההגנה,באר שבע מרכז,הרצליה-הרצליה --> באר שבע מרכז-באר שבע,באר שבע מרכז,רכבת ישראל,תל אביב יפו,
37346,חולון וולפסון,בת ים אלי כהן - יוספטל,הרצליה-הרצליה --> באר שבע מרכז-באר שבע,באר שבע מרכז,רכבת ישראל,חולון,
37346,חולון וולפסון,רשל''צ משה דיין,הרצליה-הרצליה --> באר שבע מרכז-באר שבע,באר שבע מרכז,רכבת ישראל,חולון,
37346,חולון וולפסון,יבנה מערב,הרצליה-הרצליה --> באר שבע מרכז-באר שבע,באר שבע מרכז,רכבת ישראל,חולון,
37346,חולון וולפסון,אשדוד עד הלום- מטרופול,הרצליה-הרצליה --> באר שבע מרכז-באר שבע,באר שבע מרכז,רכבת ישראל,חולון,
37346,חולון וולפסון,אשקלון,הרצליה-הרצליה --> באר שבע מרכז-באר שבע,באר שבע מרכז,רכבת ישראל,חולון,
37346,חולון וולפסון,שדרות,הרצליה-הרצליה --> באר שבע מרכז-באר שבע,באר שבע מרכז,רכבת ישראל,חולון,
37346,חולון וולפסון,נתיבות,הרצליה-הרצליה --> באר שבע מרכז-באר שבע,באר שבע מרכז,רכבת ישראל,חולון,
37346,חולון וולפסון,אופקים,הרצליה-הרצליה --> באר שבע מרכז-באר שבע,באר שבע מרכז,רכבת ישראל,חולון,
37346,חולון וולפסון,באר שבע צפון,הרצליה-הרצליה --> באר שבע מרכז-באר שבע,באר שבע מרכז,רכבת ישראל,חולון,
37346,חולון וולפסון,באר שבע מרכז,הרצליה-הרצליה --> באר שבע מרכז-באר שבע,באר שבע מרכז,רכבת ישראל,חולון,
37344,בת ים אלי כהן - יוספטל,רשל''צ משה דיין,הרצליה-הרצליה --> באר שבע מרכז-באר שבע,באר שבע מרכז,רכבת ישראל,בת ים,
37344,בת ים אלי כהן - יוספטל,יבנה מערב,הרצליה-הרצליה --> באר שבע מרכז-באר שבע,באר שבע מרכז,רכבת ישראל,בת ים,
37344,בת ים אלי כהן - יוספטל,אשדוד עד הלום- מטרופול,הרצליה-הרצליה --> באר שבע מרכז-באר שבע,באר שבע מרכז,רכבת ישראל,בת ים,
37344,בת ים אלי כהן - יוספטל,אשקלון,הרצליה-הרצליה --> באר שבע מרכז-באר שבע,באר שבע מרכז,רכבת ישראל,בת ים,
37344,בת ים אלי כהן - יוספטל,שדרות,הרצליה-הרצליה --> באר שבע מרכז-באר שבע,באר שבע מרכז,רכבת ישראל,בת ים,
37344,בת ים אלי כהן - יוספטל,נתיבות,הרצליה-הרצליה --> באר שבע מרכז-באר שבע,באר שבע מרכז,רכבת ישראל,בת ים,
37344,בת ים אלי כהן - יוספטל,אופקים,הרצליה-הרצליה --> באר שבע מרכז-באר שבע,באר שבע מרכז,רכבת ישראל,בת ים,
37344,בת ים אלי כהן - יוספטל,באר שבע צפון,הרצליה-הרצליה --> באר שבע מרכז-באר שבע,באר שבע מרכז,רכבת ישראל,בת ים,
37344,בת ים אלי כהן - יוספטל,באר שבע מרכז,הרצליה-הרצליה --> באר שבע מרכז-באר שבע,באר שבע מרכז,רכבת ישראל,בת ים,
37294,רשל''צ משה דיין,יבנה מערב,הרצליה-הרצליה --> באר שבע מרכז-באר שבע,באר שבע מרכז,רכבת ישראל,ראשון לציון,
37294,רשל''צ משה דיין,אשדוד עד הלום- מטרופול,הרצליה-הרצליה --> באר שבע מרכז-באר שבע,באר שבע מרכז,רכבת ישראל,ראשון לציון,
37294,רשל''צ משה דיין,אשקלון,הרצליה-הרצליה --> באר שבע מרכז-באר שבע,באר שבע מרכז,רכבת ישראל,ראשון לציון,
37294,רשל''צ משה דיין,שדרות,הרצליה-הרצליה --> באר שבע מרכז-באר שבע,באר שבע מרכז,רכבת ישראל,ראשון לציון,
37294,רשל''צ משה דיין,נתיבות,הרצליה-הרצליה --> באר שבע מרכז-באר שבע,באר שבע מרכז,רכבת ישראל,ראשון לציון,
37294,רשל''צ משה דיין,אופקים,הרצליה-הרצליה --> באר שבע מרכז-באר שבע,באר שבע מרכז,רכבת ישראל,ראשון לציון,
37294,רשל''צ משה דיין,באר שבע צפון,הרצליה-הרצליה --> באר שבע מרכז-באר שבע,באר שבע מרכז,רכבת ישראל,ראשון לציון,
37294,רשל''צ משה דיין,באר שבע מרכז,הרצליה-הרצליה --> באר שבע מרכז-באר שבע,באר שבע מרכז,רכבת ישראל,ראשון לציון,
37300,יבנה מערב,אשדוד עד הלום- מטרופול,הרצליה-הרצליה --> באר שבע מרכז-באר שבע,באר שבע מרכז,רכבת ישראל,יבנה,
37300,יבנה מערב,אשקלון,הרצליה-הרצליה --> באר שבע מרכז-באר שבע,באר שבע מרכז,רכבת ישראל,יבנה,
37300,יבנה מערב,שדרות,הרצליה-הרצליה --> באר שבע מרכז-באר שבע,באר שבע מרכז,רכבת ישראל,יבנה,
37300,יבנה מערב,נתיבות,הרצליה-הרצליה --> באר שבע מרכז-באר שבע,באר שבע מרכז,רכבת ישראל,יבנה,
37300,יבנה מערב,אופקים,הרצליה-הרצליה --> באר שבע מרכז-באר שבע,באר שבע מרכז,רכבת ישראל,יבנה,
37300,יבנה מערב,באר שבע צפון,הרצליה-הרצליה --> באר שבע מרכז-באר שבע,באר שבע מרכז,רכבת ישראל,יבנה,
37300,יבנה מערב,באר שבע מרכז,הרצליה-הרצליה --> באר שבע מרכז-באר שבע,באר שבע מרכז,רכבת ישראל,יבנה,
37326,אשדוד עד הלום- מטרופול,אשקלון,הרצליה-הרצליה --> באר שבע מרכז-באר שבע,באר שבע מרכז,רכבת ישראל,אשדוד,
37326,אשדוד עד הלום- מטרופול,שדרות,הרצליה-הרצליה --> באר שבע מרכז-באר שבע,באר שבע מרכז,רכבת ישראל,אשדוד,
37326,אשדוד עד הלום- מטרופול,נתיבות,הרצליה-הרצליה --> באר שבע מרכז-באר שבע,באר שבע מרכז,רכבת ישראל,אשדוד,
37326,אשדוד עד הלום- מטרופול,אופקים,הרצליה-הרצליה --> באר שבע מרכז-באר שבע,באר שבע מרכז,רכבת ישראל,אשדוד,
37326,אשדוד עד הלום- מטרופול,באר שבע צפון,הרצליה-הרצליה --> באר שבע מרכז-באר שבע,באר שבע מרכז,רכבת ישראל,אשדוד,
37326,אשדוד עד הלום- מטרופול,באר שבע מרכז,הרצליה-הרצליה --> באר שבע מרכז-באר שבע,באר שבע מרכז,רכבת ישראל,אשדוד,
37324,אשקלון,שדרות,הרצליה-הרצליה --> באר שבע מרכז-באר שבע,באר שבע מרכז,רכבת ישראל,אשקלון,
37324,אשקלון,נתיבות,הרצליה-הרצליה --> באר שבע מרכז-באר שבע,באר שבע מרכז,רכבת ישראל,אשקלון,
37324,אשקלון,אופקים,הרצליה-הרצליה --> באר שבע מרכז-באר שבע,באר שבע מרכז,רכבת ישראל,אשקלון,
37324,אשקלון,באר שבע צפון,הרצליה-הרצליה --> באר שבע מרכז-באר שבע,באר שבע מרכז,רכבת ישראל,אשקלון,
37324,אשקלון,באר שבע מרכז,הרצליה-הרצליה --> באר שבע מרכז-באר שבע,באר שבע מרכז,רכבת ישראל,אשקלון,
37290,שדרות,נתיבות,הרצליה-הרצליה --> באר שבע מרכז-באר שבע,באר שבע מרכז,רכבת ישראל,שדרות,
37290,שדרות,אופקים,הרצליה-הרצליה --> באר שבע מרכז-באר שבע,באר שבע מרכז,רכבת ישראל,שדרות,
37290,שדרות,באר שבע צפון,הרצליה-הרצליה --> באר שבע מרכז-באר שבע,באר שבע מרכז,רכבת ישראל,שדרות,
37290,שדרות,באר שבע מרכז,הרצליה-הרצליה --> באר שבע מרכז-באר שבע,באר שבע מרכז,רכבת ישראל,שדרות,
38643,נתיבות,אופקים,הרצליה-הרצליה --> באר שבע מרכז-באר שבע,באר שבע מרכז,רכבת ישראל,נתיבות,
38643,נתיבות,באר שבע צפון,הרצליה-הרצליה --> באר שבע מרכז-באר שבע,באר שבע מרכז,רכבת ישראל,נתיבות,
38643,נתיבות,באר שבע מרכז,הרצליה-הרצליה --> באר שבע מרכז-באר שבע,באר שבע מרכז,רכבת ישראל,נתיבות,
39260,אופקים,באר שבע צפון,הרצליה-הרצליה --> באר שבע מרכז-באר שבע,באר שבע מרכז,רכבת ישראל,אופקים,
39260,אופקים,באר שבע מרכז,הרצליה-הרצליה --> באר שבע מרכז-באר שבע,באר שבע מרכז,רכבת ישראל,אופקים,
37314,באר שבע צפון,באר שבע מרכז,הרצליה-הרצליה --> באר שבע מרכז-באר שבע,באר שבע מרכז,רכבת ישראל,באר שבע,
37358,תל אביב מרכז,השלום,תל אביב מרכז-תל אביב יפו --> באר שבע מרכז-באר שבע,באר שבע מרכז,רכבת ישראל,תל אביב יפו,
37358,תל אביב מרכז,תל אביב ההגנה,תל אביב מרכז-תל אביב יפו --> באר שבע מרכז-באר שבע,באר שבע מרכז,רכבת ישראל,תל אביב יפו,
37358,תל אביב מרכז,לוד,תל אביב מרכז-תל אביב יפו --> באר שבע מרכז-באר שבע,באר שבע מרכז,רכבת ישראל,תל אביב יפו,
37358,תל אביב מרכז,רמלה,תל אביב מרכז-תל אביב יפו --> באר שבע מרכז-באר שבע,באר שבע מרכז,רכבת ישראל,תל אביב יפו,
37358,תל אביב מרכז,מזכרת בתיה,תל אביב מרכז-תל אביב יפו --> באר שבע מרכז-באר שבע,באר שבע מרכז,רכבת ישראל,תל אביב יפו,
37358,תל אביב מרכז,קרית מלאכי,תל אביב מרכז-תל אביב יפו --> באר שבע מרכז-באר שבע,באר שבע מרכז,רכבת ישראל,תל אביב יפו,
37358,תל אביב מרכז,קרית גת,תל אביב מרכז-תל אביב יפו --> באר שבע מרכז-באר שבע,באר שבע מרכז,רכבת ישראל,תל אביב יפו,
37358,תל אביב מרכז,להבים רהט,תל אביב מרכז-תל אביב יפו --> באר שבע מרכז-באר שבע,באר שבע מרכז,רכבת ישראל,תל אביב יפו,
37358,תל אביב מרכז,באר שבע צפון,תל אביב מרכז-תל אביב יפו --> באר שבע מרכז-באר שבע,באר שבע מרכז,רכבת ישראל,תל אביב יפו,
37358,תל אביב מרכז,באר שבע מרכז,תל אביב מרכז-תל אביב יפו --> באר שבע מרכז-באר שבע,באר שבע מרכז,רכבת ישראל,תל אביב יפו,
37350,השלום,תל אביב ההגנה,תל אביב מרכז-תל אביב יפו --> באר שבע מרכז-באר שבע,באר שבע מרכז,רכבת ישראל,תל אביב יפו,
37350,השלום,לוד,תל אביב מרכז-תל אביב יפו --> באר שבע מרכז-באר שבע,באר שבע מרכז,רכבת ישראל,תל אביב יפו,
37350,השלום,רמלה,תל אביב מרכז-תל אביב יפו --> באר שבע מרכז-באר שבע,באר שבע מרכז,רכבת ישראל,תל אביב יפו,
37350,השלום,מזכרת בתיה,תל אביב מרכז-תל אביב יפו --> באר שבע מרכז-באר שבע,באר שבע מרכז,רכבת ישראל,תל אביב יפו,
37350,השלום,קרית מלאכי,תל אביב מרכז-תל אביב יפו --> באר שבע מרכז-באר שבע,באר שבע מרכז,רכבת ישראל,תל אביב יפו,
37350,השלום,קרית גת,תל אביב מרכז-תל אביב יפו --> באר שבע מרכז-באר שבע,באר שבע מרכז,רכבת ישראל,תל אביב יפו,
37350,השלום,להבים רהט,תל אביב מרכז-תל אביב יפו --> באר שבע מרכז-באר שבע,באר שבע מרכז,רכבת ישראל,תל אביב יפו,
37350,השלום,באר שבע צפון,תל אביב מרכז-תל אביב יפו --> באר שבע מרכז-באר שבע,באר שבע מרכז,רכבת ישראל,תל אביב יפו,
37350,השלום,באר שבע מרכז,תל אביב מרכז-תל אביב יפו --> באר שבע מרכז-באר שבע,באר שבע מרכז,רכבת ישראל,תל אביב יפו,
37292,תל אביב ההגנה,לוד,תל אביב מרכז-תל אביב יפו --> באר שבע מרכז-באר שבע,באר שבע מרכז,רכבת ישראל,תל אביב יפו,
37292,תל אביב ההגנה,רמלה,תל אביב מרכז-תל אביב יפו --> באר שבע מרכז-באר שבע,באר שבע מרכז,רכבת ישראל,תל אביב יפו,
37292,תל אביב ההגנה,מזכרת בתיה,תל אביב מרכז-תל אביב יפו --> באר שבע מרכז-באר שבע,באר שבע מרכז,רכבת ישראל,תל אביב יפו,
37292,תל אביב ההגנה,קרית מלאכי,תל אביב מרכז-תל אביב יפו --> באר שבע מרכז-באר שבע,באר שבע מרכז,רכבת ישראל,תל אביב יפו,
37292,תל אביב ההגנה,קרית גת,תל אביב מרכז-תל אביב יפו --> באר שבע מרכז-באר שבע,באר שבע מרכז,רכבת ישראל,תל אביב יפו,
37292,תל אביב ההגנה,להבים רהט,תל אביב מרכז-תל אביב יפו --> באר שבע מרכז-באר שבע,באר שבע מרכז,רכבת ישראל,תל אביב יפו,
37292,תל אביב ההגנה,באר שבע צפון,תל אביב מרכז-תל אביב יפו --> באר שבע מרכז-באר שבע,באר שבע מרכז,רכבת ישראל,תל אביב יפו,
37292,תל אביב ההגנה,באר שבע מרכז,תל אביב מרכז-תל אביב יפו --> באר שבע מרכז-באר שבע,באר שבע מרכז,רכבת ישראל,תל אביב יפו,
37338,לוד,רמלה,תל אביב מרכז-תל אביב יפו --> באר שבע מרכז-באר שבע,באר שבע מרכז,רכבת ישראל,לוד,
37338,לוד,מזכרת בתיה,תל אביב מרכז-תל אביב יפו --> באר שבע מרכז-באר שבע,באר שבע מרכז,רכבת ישראל,לוד,
37338,לוד,קרית מלאכי,תל אביב מרכז-תל אביב יפו --> באר שבע מרכז-באר שבע,באר שבע מרכז,רכבת ישראל,לוד,
37338,לוד,קרית גת,תל אביב מרכז-תל אביב יפו --> באר שבע מרכז-באר שבע,באר שבע מרכז,רכבת ישראל,לוד,
37338,לוד,להבים רהט,תל אביב מרכז-תל אביב יפו --> באר שבע מרכז-באר שבע,באר שבע מרכז,רכבת ישראל,לוד,
37338,לוד,באר שבע צפון,תל אביב מרכז-תל אביב יפו --> באר שבע מרכז-באר שבע,באר שבע מרכז,רכבת ישראל,לוד,
37338,לוד,באר שבע מרכז,תל אביב מרכז-תל אביב יפו --> באר שבע מרכז-באר שבע,באר שבע מרכז,רכבת ישראל,לוד,
37336,רמלה,מזכרת בתיה,תל אביב מרכז-תל אביב יפו --> באר שבע מרכז-באר שבע,באר שבע מרכז,רכבת ישראל,רמלה,
37336,רמלה,קרית מלאכי,תל אביב מרכז-תל אביב יפו --> באר שבע מרכז-באר שבע,באר שבע מרכז,רכבת ישראל,רמלה,
37336,רמלה,קרית גת,תל אביב מרכז-תל אביב יפו --> באר שבע מרכז-באר שבע,באר שבע מרכז,רכבת ישראל,רמלה,
37336,רמלה,להבים רהט,תל אביב מרכז-תל אביב יפו --> באר שבע מרכז-באר שבע,באר שבע מרכז,רכבת ישראל,רמלה,
37336,רמלה,באר שבע צפון,תל אביב מרכז-תל אביב יפו --> באר שבע מרכז-באר שבע,באר שבע מרכז,רכבת ישראל,רמלה,
37336,רמלה,באר שבע מרכז,תל אביב מרכז-תל אביב יפו --> באר שבע מרכז-באר שבע,באר שבע מרכז,רכבת ישראל,רמלה,
42418,מזכרת בתיה,קרית מלאכי,תל אביב מרכז-תל אביב יפו --> באר שבע מרכז-באר שבע,באר שבע מרכז,רכבת ישראל,מזכרת בתיה,
42418,מזכרת בתיה,קרית גת,תל אביב מרכז-תל אביב יפו --> באר שבע מרכז-באר שבע,באר שבע מרכז,רכבת ישראל,מזכרת בתיה,
42418,מזכרת בתיה,להבים רהט,תל אביב מרכז-תל אביב יפו --> באר שבע מרכז-באר שבע,באר שבע מרכז,רכבת ישראל,מזכרת בתיה,
42418,מזכרת בתיה,באר שבע צפון,תל אביב מרכז-תל אביב יפו --> באר שבע מרכז-באר שבע,באר שבע מרכז,רכבת ישראל,מזכרת בתיה,
42418,מזכרת בתיה,באר שבע מרכז,תל אביב מרכז-תל אביב יפו --> באר שבע מרכז-באר שבע,באר שבע מרכז,רכבת ישראל,מזכרת בתיה,
42419,קרית מלאכי,קרית גת,תל אביב מרכז-תל אביב יפו --> באר שבע מרכז-באר שבע,באר שבע מרכז,רכבת ישראל,קרית מלאכי,
42419,קרית מלאכי,להבים רהט,תל אביב מרכז-תל אביב יפו --> באר שבע מרכז-באר שבע,באר שבע מרכז,רכבת ישראל,קרית מלאכי,
42419,קרית מלאכי,באר שבע צפון,תל אביב מרכז-תל אביב יפו --> באר שבע מרכז-באר שבע,באר שבע מרכז,רכבת ישראל,קרית מלאכי,
42419,קרית מלאכי,באר שבע מרכז,תל אביב מרכז-תל אביב יפו --> באר שבע מרכז-באר שבע,באר שבע מרכז,רכבת ישראל,קרית מלאכי,
37316,קרית גת,להבים רהט,תל אביב מרכז-תל אביב יפו --> באר שבע מרכז-באר שבע,באר שבע מרכז,רכבת ישראל,קרית גת,
37316,קרית גת,באר שבע צפון,תל אביב מרכז-תל אביב יפו --> באר שבע מרכז-באר שבע,באר שבע מרכז,רכבת ישראל,קרית גת,
37316,קרית גת,באר שבע מרכז,תל אביב מרכז-תל אביב יפו --> באר שבע מרכז-באר שבע,באר שבע מרכז,רכבת ישראל,קרית גת,
37308,להבים רהט,באר שבע צפון,תל אביב מרכז-תל אביב יפו --> באר שבע מרכז-באר שבע,באר שבע מרכז,רכבת ישראל,להבים,
37308,להבים רהט,באר שבע מרכז,תל אביב מרכז-תל אביב יפו --> באר שבע מרכז-באר שבע,באר שבע מרכז,רכבת ישראל,להבים,
37314,באר שבע צפון,באר שבע מרכז,תל אביב מרכז-תל אביב יפו --> באר שבע מרכז-באר שבע,באר שבע מרכז,רכבת ישראל,באר שבע,
37292,תל אביב ההגנה,השלום,תל אביב ההגנה-תל אביב יפו --> בנימינה-בנימינה גבעת עדה,בנימינה,רכבת ישראל,תל אביב יפו,
37292,תל אביב ההגנה,תל אביב מרכז,תל אביב ההגנה-תל אביב יפו --> בנימינה-בנימינה גבעת עדה,בנימינה,רכבת ישראל,תל אביב יפו,
37292,תל אביב ההגנה,תל אביב האוניברסיטה - אקספו,תל אביב ההגנה-תל אביב יפו --> בנימינה-בנימינה גבעת עדה,בנימינה,רכבת ישראל,תל אביב יפו,
37292,תל אביב ההגנה,הרצליה,תל אביב ההגנה-תל אביב יפו --> בנימינה-בנימינה גבעת עדה,בנימינה,רכבת ישראל,תל אביב יפו,
37292,תל אביב ההגנה,בית יהושע,תל אביב ההגנה-תל אביב יפו --> בנימינה-בנימינה גבעת עדה,בנימינה,רכבת ישראל,תל אביב יפו,
37292,תל אביב ההגנה,נתניה קריית ספיר,תל אביב ההגנה-תל אביב יפו --> בנימינה-בנימינה גבעת עדה,בנימינה,רכבת ישראל,תל אביב יפו,
37292,תל אביב ההגנה,נתניה,תל אביב ההגנה-תל אביב יפו --> בנימינה-בנימינה גבעת עדה,בנימינה,רכבת ישראל,תל אביב יפו,
37292,תל אביב ההגנה,חדרה מערב,תל אביב ההגנה-תל אביב יפו --> בנימינה-בנימינה גבעת עדה,בנימינה,רכבת ישראל,תל אביב יפו,
37292,תל אביב ההגנה,קיסריה פרדס חנה,תל אביב ההגנה-תל אביב יפו --> בנימינה-בנימינה גבעת עדה,בנימינה,רכבת ישראל,תל אביב יפו,
37292,תל אביב ההגנה,בנימינה,תל אביב ההגנה-תל אביב יפו --> בנימינה-בנימינה גבעת עדה,בנימינה,רכבת ישראל,תל אביב יפו,
37350,השלום,תל אביב מרכז,תל אביב ההגנה-תל אביב יפו --> בנימינה-בנימינה גבעת עדה,בנימינה,רכבת ישראל,תל אביב יפו,
37350,השלום,תל אביב האוניברסיטה - אקספו,תל אביב ההגנה-תל אביב יפו --> בנימינה-בנימינה גבעת עדה,בנימינה,רכבת ישראל,תל אביב יפו,
37350,השלום,הרצליה,תל אביב ההגנה-תל אביב יפו --> בנימינה-בנימינה גבעת עדה,בנימינה,רכבת ישראל,תל אביב יפו,
37350,השלום,בית יהושע,תל אביב ההגנה-תל אביב יפו --> בנימינה-בנימינה גבעת עדה,בנימינה,רכבת ישראל,תל אביב יפו,
37350,השלום,נתניה קריית ספיר,תל אביב ההגנה-תל אביב יפו --> בנימינה-בנימינה גבעת עדה,בנימינה,רכבת ישראל,תל אביב יפו,
37350,השלום,נתניה,תל אביב ההגנה-תל אביב יפו --> בנימינה-בנימינה גבעת עדה,בנימינה,רכבת ישראל,תל אביב יפו,
37350,השלום,חדרה מערב,תל אביב ההגנה-תל אביב יפו --> בנימינה-בנימינה גבעת עדה,בנימינה,רכבת ישראל,תל אביב יפו,
37350,השלום,קיסריה פרדס חנה,תל אביב ההגנה-תל אביב יפו --> בנימינה-בנימינה גבעת עדה,בנימינה,רכבת ישראל,תל אביב יפו,
37350,השלום,בנימינה,תל אביב ההגנה-תל אביב יפו --> בנימינה-בנימינה גבעת עדה,בנימינה,רכבת ישראל,תל אביב יפו,
37358,תל אביב מרכז,תל אביב האוניברסיטה - אקספו,תל אביב ההגנה-תל אביב יפו --> בנימינה-בנימינה גבעת עדה,בנימינה,רכבת ישראל,תל אביב יפו,
37358,תל אביב מרכז,הרצליה,תל אביב ההגנה-תל אביב יפו --> בנימינה-בנימינה גבעת עדה,בנימינה,רכבת ישראל,תל אביב יפו,
37358,תל אביב מרכז,בית יהושע,תל אביב ההגנה-תל אביב יפו --> בנימינה-בנימינה גבעת עדה,בנימינה,רכבת ישראל,תל אביב יפו,
37358,תל אביב מרכז,נתניה קריית ספיר,תל אביב ההגנה-תל אביב יפו --> בנימינה-בנימינה גבעת עדה,בנימינה,רכבת ישראל,תל אביב יפו,
37358,תל אביב מרכז,נתניה,תל אביב ההגנה-תל אביב יפו --> בנימינה-בנימינה גבעת עדה,בנימינה,רכבת ישראל,תל אביב יפו,
37358,תל אביב מרכז,חדרה מערב,תל אביב ההגנה-תל אביב יפו --> בנימינה-בנימינה גבעת עדה,בנימינה,רכבת ישראל,תל אביב יפו,
37358,תל אביב מרכז,קיסריה פרדס חנה,תל אביב ההגנה-תל אביב יפו --> בנימינה-בנימינה גבעת עדה,בנימינה,רכבת ישראל,תל אביב יפו,
37358,תל אביב מרכז,בנימינה,תל אביב ההגנה-תל אביב יפו --> בנימינה-בנימינה גבעת עדה,בנימינה,רכבת ישראל,תל אביב יפו,
37360,תל אביב האוניברסיטה - אקספו,הרצליה,תל אביב ההגנה-תל אביב יפו --> בנימינה-בנימינה גבעת עדה,בנימינה,רכבת ישראל,תל אביב יפו,
37360,תל אביב האוניברסיטה - אקספו,בית יהושע,תל אביב ההגנה-תל אביב יפו --> בנימינה-בנימינה גבעת עדה,בנימינה,רכבת ישראל,תל אביב יפו,
37360,תל אביב האוניברסיטה - אקספו,נתניה קריית ספיר,תל אביב ההגנה-תל אביב יפו --> בנימינה-בנימינה גבעת עדה,בנימינה,רכבת ישראל,תל אביב יפו,
37360,תל אביב האוניברסיטה - אקספו,נתניה,תל אביב ההגנה-תל אביב יפו --> בנימינה-בנימינה גבעת עדה,בנימינה,רכבת ישראל,תל אביב יפו,
37360,תל אביב האוניברסיטה - אקספו,חדרה מערב,תל אביב ההגנה-תל אביב יפו --> בנימינה-בנימינה גבעת עדה,בנימינה,רכבת ישראל,תל אביב יפו,
37360,תל אביב האוניברסיטה - אקספו,קיסריה פרדס חנה,תל אביב ההגנה-תל אביב יפו --> בנימינה-בנימינה גבעת עדה,בנימינה,רכבת ישראל,תל אביב יפו,
37360,תל אביב האוניברסיטה - אקספו,בנימינה,תל אביב ההגנה-תל אביב יפו --> בנימינה-בנימינה גבעת עדה,בנימינה,רכבת ישראל,תל אביב יפו,
37362,הרצליה,בית יהושע,תל אביב ההגנה-תל אביב יפו --> בנימינה-בנימינה גבעת עדה,בנימינה,רכבת ישראל,הרצליה,
37362,הרצליה,נתניה קריית ספיר,תל אביב ההגנה-תל אביב יפו --> בנימינה-בנימינה גבעת עדה,בנימינה,רכבת ישראל,הרצליה,
37362,הרצליה,נתניה,תל אביב ההגנה-תל אביב יפו --> בנימינה-בנימינה גבעת עדה,בנימינה,רכבת ישראל,הרצליה,
37362,הרצליה,חדרה מערב,תל אביב ההגנה-תל אביב יפו --> בנימינה-בנימינה גבעת עדה,בנימינה,רכבת ישראל,הרצליה,
37362,הרצליה,קיסריה פרדס חנה,תל אביב ההגנה-תל אביב יפו --> בנימינה-בנימינה גבעת עדה,בנימינה,רכבת ישראל,הרצליה,
37362,הרצליה,בנימינה,תל אביב ההגנה-תל אביב יפו --> בנימינה-בנימינה גבעת עדה,בנימינה,רכבת ישראל,הרצליה,
37364,בית יהושע,נתניה קריית ספיר,תל אביב ההגנה-תל אביב יפו --> בנימינה-בנימינה גבעת עדה,בנימינה,רכבת ישראל,בית יהושע,
37364,בית יהושע,נתניה,תל אביב ההגנה-תל אביב יפו --> בנימינה-בנימינה גבעת עדה,בנימינה,רכבת ישראל,בית יהושע,
37364,בית יהושע,חדרה מערב,תל אביב ההגנה-תל אביב יפו --> בנימינה-בנימינה גבעת עדה,בנימינה,רכבת ישראל,בית יהושע,
37364,בית יהושע,קיסריה פרדס חנה,תל אביב ההגנה-תל אביב יפו --> בנימינה-בנימינה גבעת עדה,בנימינה,רכבת ישראל,בית יהושע,
37364,בית יהושע,בנימינה,תל אביב ההגנה-תל אביב יפו --> בנימינה-בנימינה גבעת עדה,בנימינה,רכבת ישראל,בית יהושע,
40640,נתניה קריית ספיר,נתניה,תל אביב ההגנה-תל אביב יפו --> בנימינה-בנימינה גבעת עדה,בנימינה,רכבת ישראל,נתניה,
40640,נתניה קריית ספיר,חדרה מערב,תל אביב ההגנה-תל אביב יפו --> בנימינה-בנימינה גבעת עדה,בנימינה,רכבת ישראל,נתניה,
40640,נתניה קריית ספיר,קיסריה פרדס חנה,תל אביב ההגנה-תל אביב יפו --> בנימינה-בנימינה גבעת עדה,בנימינה,רכבת ישראל,נתניה,
40640,נתניה קריית ספיר,בנימינה,תל אביב ההגנה-תל אביב יפו --> בנימינה-בנימינה גבעת עדה,בנימינה,רכבת ישראל,נתניה,
37366,נתניה,חדרה מערב,תל אביב ההגנה-תל אביב יפו --> בנימינה-בנימינה גבעת עדה,בנימינה,רכבת ישראל,נתניה,
37366,נתניה,קיסריה פרדס חנה,תל אביב ההגנה-תל אביב יפו --> בנימינה-בנימינה גבעת עדה,בנימינה,רכבת ישראל,נתניה,
37366,נתניה,בנימינה,תל אביב ההגנה-תל אביב יפו --> בנימינה-בנימינה גבעת עדה,בנימינה,רכבת ישראל,נתניה,
37368,חדרה מערב,קיסריה פרדס חנה,תל אביב ההגנה-תל אביב יפו --> בנימינה-בנימינה גבעת עדה,בנימינה,רכבת ישראל,חדרה,
37368,חדרה מערב,בנימינה,תל אביב ההגנה-תל אביב יפו --> בנימינה-בנימינה גבעת עדה,בנימינה,רכבת ישראל,חדרה,
37370,קיסריה פרדס חנה,בנימינה,תל אביב ההגנה-תל אביב יפו --> בנימינה-בנימינה גבעת עדה,בנימינה,רכבת ישראל,פרדס חנה כרכור,
42286,ירושלים/יצחק נבון,נתב''ג,ירושלים/יצחק נבון-ירושלים --> הרצליה-הרצליה,הרצליה,רכבת ישראל,ירושלים,
42286,ירושלים/יצחק נבון,תל אביב מרכז,ירושלים/יצחק נבון-ירושלים --> הרצליה-הרצליה,הרצליה,רכבת ישראל,ירושלים,
42286,ירושלים/יצחק נבון,הרצליה,ירושלים/יצחק נבון-ירושלים --> הרצליה-הרצליה,הרצליה,רכבת ישראל,ירושלים,
37306,נתב''ג,תל אביב מרכז,ירושלים/יצחק נבון-ירושלים --> הרצליה-הרצליה,הרצליה,רכבת ישראל,נמל תעופה בן גוריון,
37306,נתב''ג,הרצליה,ירושלים/יצחק נבון-ירושלים --> הרצליה-הרצליה,הרצליה,רכבת ישראל,נמל תעופה בן גוריון,
37358,תל אביב מרכז,הרצליה,ירושלים/יצחק נבון-ירושלים --> הרצליה-הרצליה,הרצליה,רכבת ישראל,תל אביב יפו,
37358,תל אביב מרכז,השלום,תל אביב מרכז-תל אביב יפו --> בית שמש-בית שמש,בית שמש,רכבת ישראל,תל אביב יפו,
37358,תל אביב מרכז,תל אביב ההגנה,תל אביב מרכז-תל אביב יפו --> בית שמש-בית שמש,בית שמש,רכבת ישראל,תל אביב יפו,
37358,תל אביב מרכז,לוד גני אביב,תל אביב מרכז-תל אביב יפו --> בית שמש-בית שמש,בית שמש,רכבת ישראל,תל אביב יפו,
37358,תל אביב מרכז,לוד,תל אביב מרכז-תל אביב יפו --> בית שמש-בית שמש,בית שמש,רכבת ישראל,תל אביב יפו,
37358,תל אביב מרכז,רמלה,תל אביב מרכז-תל אביב יפו --> בית שמש-בית שמש,בית שמש,רכבת ישראל,תל אביב יפו,
37358,תל אביב מרכז,בית שמש,תל אביב מרכז-תל אביב יפו --> בית שמש-בית שמש,בית שמש,רכבת ישראל,תל אביב יפו,
37350,השלום,תל אביב ההגנה,תל אביב מרכז-תל אביב יפו --> בית שמש-בית שמש,בית שמש,רכבת ישראל,תל אביב יפו,
37350,השלום,לוד גני אביב,תל אביב מרכז-תל אביב יפו --> בית שמש-בית שמש,בית שמש,רכבת ישראל,תל אביב יפו,
37350,השלום,לוד,תל אביב מרכז-תל אביב יפו --> בית שמש-בית שמש,בית שמש,רכבת ישראל,תל אביב יפו,
37350,השלום,רמלה,תל אביב מרכז-תל אביב יפו --> בית שמש-בית שמש,בית שמש,רכבת ישראל,תל אביב יפו,
37350,השלום,בית שמש,תל אביב מרכז-תל אביב יפו --> בית שמש-בית שמש,בית שמש,רכבת ישראל,תל אביב יפו,
37292,תל אביב ההגנה,לוד גני אביב,תל אביב מרכז-תל אביב יפו --> בית שמש-בית שמש,בית שמש,רכבת ישראל,תל אביב יפו,
37292,תל אביב ההגנה,לוד,תל אביב מרכז-תל אביב יפו --> בית שמש-בית שמש,בית שמש,רכבת ישראל,תל אביב יפו,
37292,תל אביב ההגנה,רמלה,תל אביב מרכז-תל אביב יפו --> בית שמש-בית שמש,בית שמש,רכבת ישראל,תל אביב יפו,
37292,תל אביב ההגנה,בית שמש,תל אביב מרכז-תל אביב יפו --> בית שמש-בית שמש,בית שמש,רכבת ישראל,תל אביב יפו,
37334,לוד גני אביב,לוד,תל אביב מרכז-תל אביב יפו --> בית שמש-בית שמש,בית שמש,רכבת ישראל,לוד,
37334,לוד גני אביב,רמלה,תל אביב מרכז-תל אביב יפו --> בית שמש-בית שמש,בית שמש,רכבת ישראל,לוד,
37334,לוד גני אביב,בית שמש,תל אביב מרכז-תל אביב יפו --> בית שמש-בית שמש,בית שמש,רכבת ישראל,לוד,
37338,לוד,רמלה,תל אביב מרכז-תל אביב יפו --> בית שמש-בית שמש,בית שמש,רכבת ישראל,לוד,
37338,לוד,בית שמש,תל אביב מרכז-תל אביב יפו --> בית שמש-בית שמש,בית שמש,רכבת ישראל,לוד,
37336,רמלה,בית שמש,תל אביב מרכז-תל אביב יפו --> בית שמש-בית שמש,בית שמש,רכבת ישראל,רמלה,
42286,ירושלים/יצחק נבון,תל אביב ההגנה,ירושלים/יצחק נבון-ירושלים --> הרצליה-הרצליה,הרצליה,רכבת ישראל,ירושלים,
42286,ירושלים/יצחק נבון,השלום,ירושלים/יצחק נבון-ירושלים --> הרצליה-הרצליה,הרצליה,רכבת ישראל,ירושלים,
42286,ירושלים/יצחק נבון,תל אביב מרכז,ירושלים/יצחק נבון-ירושלים --> הרצליה-הרצליה,הרצליה,רכבת ישראל,ירושלים,
42286,ירושלים/יצחק נבון,תל אביב האוניברסיטה - אקספו,ירושלים/יצחק נבון-ירושלים --> הרצליה-הרצליה,הרצליה,רכבת ישראל,ירושלים,
42286,ירושלים/יצחק נבון,הרצליה,ירושלים/יצחק נבון-ירושלים --> הרצליה-הרצליה,הרצליה,רכבת ישראל,ירושלים,
37306,נתב''ג,תל אביב ההגנה,ירושלים/יצחק נבון-ירושלים --> הרצליה-הרצליה,הרצליה,רכבת ישראל,נמל תעופה בן גוריון,
37306,נתב''ג,השלום,ירושלים/יצחק נבון-ירושלים --> הרצליה-הרצליה,הרצליה,רכבת ישראל,נמל תעופה בן גוריון,
37306,נתב''ג,תל אביב מרכז,ירושלים/יצחק נבון-ירושלים --> הרצליה-הרצליה,הרצליה,רכבת ישראל,נמל תעופה בן גוריון,
37306,נתב''ג,תל אביב האוניברסיטה - אקספו,ירושלים/יצחק נבון-ירושלים --> הרצליה-הרצליה,הרצליה,רכבת ישראל,נמל תעופה בן גוריון,
37306,נתב''ג,הרצליה,ירושלים/יצחק נבון-ירושלים --> הרצליה-הרצליה,הרצליה,רכבת ישראל,נמל תעופה בן גוריון,
37292,תל אביב ההגנה,השלום,ירושלים/יצחק נבון-ירושלים --> הרצליה-הרצליה,הרצליה,רכבת ישראל,תל אביב יפו,
37292,תל אביב ההגנה,תל אביב מרכז,ירושלים/יצחק נבון-ירושלים --> הרצליה-הרצליה,הרצליה,רכבת ישראל,תל אביב יפו,
37292,תל אביב ההגנה,תל אביב האוניברסיטה - אקספו,ירושלים/יצחק נבון-ירושלים --> הרצליה-הרצליה,הרצליה,רכבת ישראל,תל אביב יפו,
37292,תל אביב ההגנה,הרצליה,ירושלים/יצחק נבון-ירושלים --> הרצליה-הרצליה,הרצליה,רכבת ישראל,תל אביב יפו,
37350,השלום,תל אביב מרכז,ירושלים/יצחק נבון-ירושלים --> הרצליה-הרצליה,הרצליה,רכבת ישראל,תל אביב יפו,
37350,השלום,תל אביב האוניברסיטה - אקספו,ירושלים/יצחק נבון-ירושלים --> הרצליה-הרצליה,הרצליה,רכבת ישראל,תל אביב יפו,
37350,השלום,הרצליה,ירושלים/יצחק נבון-ירושלים --> הרצליה-הרצליה,הרצליה,רכבת ישראל,תל אביב יפו,
37358,תל אביב מרכז,תל אביב האוניברסיטה - אקספו,ירושלים/יצחק נבון-ירושלים --> הרצליה-הרצליה,הרצליה,רכבת ישראל,תל אביב יפו,
37358,תל אביב מרכז,הרצליה,ירושלים/יצחק נבון-ירושלים --> הרצליה-הרצליה,הרצליה,רכבת ישראל,תל אביב יפו,
37360,תל אביב האוניברסיטה - אקספו,הרצליה,ירושלים/יצחק נבון-ירושלים --> הרצליה-הרצליה,הרצליה,רכבת ישראל,תל אביב יפו,
37322,בית שמש,רמלה,בית שמש-בית שמש --> נתניה-נתניה,נתניה,רכבת ישראל,בית שמש,
37322,בית שמש,לוד,בית שמש-בית שמש --> נתניה-נתניה,נתניה,רכבת ישראל,בית שמש,
37322,בית שמש,לוד גני אביב,בית שמש-בית שמש --> נתניה-נתניה,נתניה,רכבת ישראל,בית שמש,
37322,בית שמש,תל אביב ההגנה,בית שמש-בית שמש --> נתניה-נתניה,נתניה,רכבת ישראל,בית שמש,
37322,בית שמש,השלום,בית שמש-בית שמש --> נתניה-נתניה,נתניה,רכבת ישראל,בית שמש,
37322,בית שמש,תל אביב מרכז,בית שמש-בית שמש --> נתניה-נתניה,נתניה,רכבת ישראל,בית שמש,
37322,בית שמש,תל אביב האוניברסיטה - אקספו,בית שמש-בית שמש --> נתניה-נתניה,נתניה,רכבת ישראל,בית שמש,
37322,בית שמש,הרצליה,בית שמש-בית שמש --> נתניה-נתניה,נתניה,רכבת ישראל,בית שמש,
37322,בית שמש,בית יהושע,בית שמש-בית שמש --> נתניה-נתניה,נתניה,רכבת ישראל,בית שמש,
37322,בית שמש,נתניה,בית שמש-בית שמש --> נתניה-נתניה,נתניה,רכבת ישראל,בית שמש,
37336,רמלה,לוד,בית שמש-בית שמש --> נתניה-נתניה,נתניה,רכבת ישראל,רמלה,
37336,רמלה,לוד גני אביב,בית שמש-בית שמש --> נתניה-נתניה,נתניה,רכבת ישראל,רמלה,
37336,רמלה,תל אביב ההגנה,בית שמש-בית שמש --> נתניה-נתניה,נתניה,רכבת ישראל,רמלה,
37336,רמלה,השלום,בית שמש-בית שמש --> נתניה-נתניה,נתניה,רכבת ישראל,רמלה,
37336,רמלה,תל אביב מרכז,בית שמש-בית שמש --> נתניה-נתניה,נתניה,רכבת ישראל,רמלה,
37336,רמלה,תל אביב האוניברסיטה - אקספו,בית שמש-בית שמש --> נתניה-נתניה,נתניה,רכבת ישראל,רמלה,
37336,רמלה,הרצליה,בית שמש-בית שמש --> נתניה-נתניה,נתניה,רכבת ישראל,רמלה,
37336,רמלה,בית יהושע,בית שמש-בית שמש --> נתניה-נתניה,נתניה,רכבת ישראל,רמלה,
37336,רמלה,נתניה,בית שמש-בית שמש --> נתניה-נתניה,נתניה,רכבת ישראל,רמלה,
37338,לוד,לוד גני אביב,בית שמש-בית שמש --> נתניה-נתניה,נתניה,רכבת ישראל,לוד,
37338,לוד,תל אביב ההגנה,בית שמש-בית שמש --> נתניה-נתניה,נתניה,רכבת ישראל,לוד,
37338,לוד,השלום,בית שמש-בית שמש --> נתניה-נתניה,נתניה,רכבת ישראל,לוד,
37338,לוד,תל אביב מרכז,בית שמש-בית שמש --> נתניה-נתניה,נתניה,רכבת ישראל,לוד,
37338,לוד,תל אביב האוניברסיטה - אקספו,בית שמש-בית שמש --> נתניה-נתניה,נתניה,רכבת ישראל,לוד,
37338,לוד,הרצליה,בית שמש-בית שמש --> נתניה-נתניה,נתניה,רכבת ישראל,לוד,
37338,לוד,בית יהושע,בית שמש-בית שמש --> נתניה-נתניה,נתניה,רכבת ישראל,לוד,
37338,לוד,נתניה,בית שמש-בית שמש --> נתניה-נתניה,נתניה,רכבת ישראל,לוד,
37334,לוד גני אביב,תל אביב ההגנה,בית שמש-בית שמש --> נתניה-נתניה,נתניה,רכבת ישראל,לוד,
37334,לוד גני אביב,השלום,בית שמש-בית שמש --> נתניה-נתניה,נתניה,רכבת ישראל,לוד,
37334,לוד גני אביב,תל אביב מרכז,בית שמש-בית שמש --> נתניה-נתניה,נתניה,רכבת ישראל,לוד,
37334,לוד גני אביב,תל אביב האוניברסיטה - אקספו,בית שמש-בית שמש --> נתניה-נתניה,נתניה,רכבת ישראל,לוד,
37334,לוד גני אביב,הרצליה,בית שמש-בית שמש --> נתניה-נתניה,נתניה,רכבת ישראל,לוד,
37334,לוד גני אביב,בית יהושע,בית שמש-בית שמש --> נתניה-נתניה,נתניה,רכבת ישראל,לוד,
37334,לוד גני אביב,נתניה,בית שמש-בית שמש --> נתניה-נתניה,נתניה,רכבת ישראל,לוד,
37292,תל אביב ההגנה,השלום,בית שמש-בית שמש --> נתניה-נתניה,נתניה,רכבת ישראל,תל אביב יפו,
37292,תל אביב ההגנה,תל אביב מרכז,בית שמש-בית שמש --> נתניה-נתניה,נתניה,רכבת ישראל,תל אביב יפו,
37292,תל אביב ההגנה,תל אביב האוניברסיטה - אקספו,בית שמש-בית שמש --> נתניה-נתניה,נתניה,רכבת ישראל,תל אביב יפו,
37292,תל אביב ההגנה,הרצליה,בית שמש-בית שמש --> נתניה-נתניה,נתניה,רכבת ישראל,תל אביב יפו,
37292,תל אביב ההגנה,בית יהושע,בית שמש-בית שמש --> נתניה-נתניה,נתניה,רכבת ישראל,תל אביב יפו,
37292,תל אביב ההגנה,נתניה,בית שמש-בית שמש --> נתניה-נתניה,נתניה,רכבת ישראל,תל אביב יפו,
37350,השלום,תל אביב מרכז,בית שמש-בית שמש --> נתניה-נתניה,נתניה,רכבת ישראל,תל אביב יפו,
37350,השלום,תל אביב האוניברסיטה - אקספו,בית שמש-בית שמש --> נתניה-נתניה,נתניה,רכבת ישראל,תל אביב יפו,
37350,השלום,הרצליה,בית שמש-בית שמש --> נתניה-נתניה,נתניה,רכבת ישראל,תל אביב יפו,
37350,השלום,בית יהושע,בית שמש-בית שמש --> נתניה-נתניה,נתניה,רכבת ישראל,תל אביב יפו,
37350,השלום,נתניה,בית שמש-בית שמש --> נתניה-נתניה,נתניה,רכבת ישראל,תל אביב יפו,
37358,תל אביב מרכז,תל אביב האוניברסיטה - אקספו,בית שמש-בית שמש --> נתניה-נתניה,נתניה,רכבת ישראל,תל אביב יפו,
37358,תל אביב מרכז,הרצליה,בית שמש-בית שמש --> נתניה-נתניה,נתניה,רכבת ישראל,תל אביב יפו,
37358,תל אביב מרכז,בית יהושע,בית שמש-בית שמש --> נתניה-נתניה,נתניה,רכבת ישראל,תל אביב יפו,
37358,תל אביב מרכז,נתניה,בית שמש-בית שמש --> נתניה-נתניה,נתניה,רכבת ישראל,תל אביב יפו,
37360,תל אביב האוניברסיטה - אקספו,הרצליה,בית שמש-בית שמש --> נתניה-נתניה,נתניה,רכבת ישראל,תל אביב יפו,
37360,תל אביב האוניברסיטה - אקספו,בית יהושע,בית שמש-בית שמש --> נתניה-נתניה,נתניה,רכבת ישראל,תל אביב יפו,
37360,תל אביב האוניברסיטה - אקספו,נתניה,בית שמש-בית שמש --> נתניה-נתניה,נתניה,רכבת ישראל,תל אביב יפו,
37362,הרצליה,בית יהושע,בית שמש-בית שמש --> נתניה-נתניה,נתניה,רכבת ישראל,הרצליה,
37362,הרצליה,נתניה,בית שמש-בית שמש --> נתניה-נתניה,נתניה,רכבת ישראל,הרצליה,
37364,בית יהושע,נתניה,בית שמש-בית שמש --> נתניה-נתניה,נתניה,רכבת ישראל,בית יהושע,
37366,נתניה,בית יהושע,נתניה-נתניה --> בית שמש-בית שמש,בית שמש,רכבת ישראל,נתניה,
37366,נתניה,הרצליה,נתניה-נתניה --> בית שמש-בית שמש,בית שמש,רכבת ישראל,נתניה,
37366,נתניה,תל אביב האוניברסיטה - אקספו,נתניה-נתניה --> בית שמש-בית שמש,בית שמש,רכבת ישראל,נתניה,
37366,נתניה,תל אביב מרכז,נתניה-נתניה --> בית שמש-בית שמש,בית שמש,רכבת ישראל,נתניה,
37366,נתניה,השלום,נתניה-נתניה --> בית שמש-בית שמש,בית שמש,רכבת ישראל,נתניה,
37366,נתניה,תל אביב ההגנה,נתניה-נתניה --> בית שמש-בית שמש,בית שמש,רכבת ישראל,נתניה,
37366,נתניה,לוד גני אביב,נתניה-נתניה --> בית שמש-בית שמש,בית שמש,רכבת ישראל,נתניה,
37366,נתניה,לוד,נתניה-נתניה --> בית שמש-בית שמש,בית שמש,רכבת ישראל,נתניה,
37366,נתניה,רמלה,נתניה-נתניה --> בית שמש-בית שמש,בית שמש,רכבת ישראל,נתניה,
37366,נתניה,בית שמש,נתניה-נתניה --> בית שמש-בית שמש,בית שמש,רכבת ישראל,נתניה,
37364,בית יהושע,הרצליה,נתניה-נתניה --> בית שמש-בית שמש,בית שמש,רכבת ישראל,בית יהושע,
37364,בית יהושע,תל אביב האוניברסיטה - אקספו,נתניה-נתניה --> בית שמש-בית שמש,בית שמש,רכבת ישראל,בית יהושע,
37364,בית יהושע,תל אביב מרכז,נתניה-נתניה --> בית שמש-בית שמש,בית שמש,רכבת ישראל,בית יהושע,
37364,בית יהושע,השלום,נתניה-נתניה --> בית שמש-בית שמש,בית שמש,רכבת ישראל,בית יהושע,
37364,בית יהושע,תל אביב ההגנה,נתניה-נתניה --> בית שמש-בית שמש,בית שמש,רכבת ישראל,בית יהושע,
37364,בית יהושע,לוד גני אביב,נתניה-נתניה --> בית שמש-בית שמש,בית שמש,רכבת ישראל,בית יהושע,
37364,בית יהושע,לוד,נתניה-נתניה --> בית שמש-בית שמש,בית שמש,רכבת ישראל,בית יהושע,
37364,בית יהושע,רמלה,נתניה-נתניה --> בית שמש-בית שמש,בית שמש,רכבת ישראל,בית יהושע,
37364,בית יהושע,בית שמש,נתניה-נתניה --> בית שמש-בית שמש,בית שמש,רכבת ישראל,בית יהושע,
37362,הרצליה,תל אביב האוניברסיטה - אקספו,נתניה-נתניה --> בית שמש-בית שמש,בית שמש,רכבת ישראל,הרצליה,
37362,הרצליה,תל אביב מרכז,נתניה-נתניה --> בית שמש-בית שמש,בית שמש,רכבת ישראל,הרצליה,
37362,הרצליה,השלום,נתניה-נתניה --> בית שמש-בית שמש,בית שמש,רכבת ישראל,הרצליה,
37362,הרצליה,תל אביב ההגנה,נתניה-נתניה --> בית שמש-בית שמש,בית שמש,רכבת ישראל,הרצליה,
37362,הרצליה,לוד גני אביב,נתניה-נתניה --> בית שמש-בית שמש,בית שמש,רכבת ישראל,הרצליה,
37362,הרצליה,לוד,נתניה-נתניה --> בית שמש-בית שמש,בית שמש,רכבת ישראל,הרצליה,
37362,הרצליה,רמלה,נתניה-נתניה --> בית שמש-בית שמש,בית שמש,רכבת ישראל,הרצליה,
37362,הרצליה,בית שמש,נתניה-נתניה --> בית שמש-בית שמש,בית שמש,רכבת ישראל,הרצליה,
37360,תל אביב האוניברסיטה - אקספו,תל אביב מרכז,נתניה-נתניה --> בית שמש-בית שמש,בית שמש,רכבת ישראל,תל אביב יפו,
37360,תל אביב האוניברסיטה - אקספו,השלום,נתניה-נתניה --> בית שמש-בית שמש,בית שמש,רכבת ישראל,תל אביב יפו,
37360,תל אביב האוניברסיטה - אקספו,תל אביב ההגנה,נתניה-נתניה --> בית שמש-בית שמש,בית שמש,רכבת ישראל,תל אביב יפו,
37360,תל אביב האוניברסיטה - אקספו,לוד גני אביב,נתניה-נתניה --> בית שמש-בית שמש,בית שמש,רכבת ישראל,תל אביב יפו,
37360,תל אביב האוניברסיטה - אקספו,לוד,נתניה-נתניה --> בית שמש-בית שמש,בית שמש,רכבת ישראל,תל אביב יפו,
37360,תל אביב האוניברסיטה - אקספו,רמלה,נתניה-נתניה --> בית שמש-בית שמש,בית שמש,רכבת ישראל,תל אביב יפו,
37360,תל אביב האוניברסיטה - אקספו,בית שמש,נתניה-נתניה --> בית שמש-בית שמש,בית שמש,רכבת ישראל,תל אביב יפו,
37358,תל אביב מרכז,השלום,נתניה-נתניה --> בית שמש-בית שמש,בית שמש,רכבת ישראל,תל אביב יפו,
37358,תל אביב מרכז,תל אביב ההגנה,נתניה-נתניה --> בית שמש-בית שמש,בית שמש,רכבת ישראל,תל אביב יפו,
37358,תל אביב מרכז,לוד גני אביב,נתניה-נתניה --> בית שמש-בית שמש,בית שמש,רכבת ישראל,תל אביב יפו,
37358,תל אביב מרכז,לוד,נתניה-נתניה --> בית שמש-בית שמש,בית שמש,רכבת ישראל,תל אביב יפו,
37358,תל אביב מרכז,רמלה,נתניה-נתניה --> בית שמש-בית שמש,בית שמש,רכבת ישראל,תל אביב יפו,
37358,תל אביב מרכז,בית שמש,נתניה-נתניה --> בית שמש-בית שמש,בית שמש,רכבת ישראל,תל אביב יפו,
37350,השלום,תל אביב ההגנה,נתניה-נתניה --> בית שמש-בית שמש,בית שמש,רכבת ישראל,תל אביב יפו,
37350,השלום,לוד גני אביב,נתניה-נתניה --> בית שמש-בית שמש,בית שמש,רכבת ישראל,תל אביב יפו,
37350,השלום,לוד,נתניה-נתניה --> בית שמש-בית שמש,בית שמש,רכבת ישראל,תל אביב יפו,
37350,השלום,רמלה,נתניה-נתניה --> בית שמש-בית שמש,בית שמש,רכבת ישראל,תל אביב יפו,
37350,השלום,בית שמש,נתניה-נתניה --> בית שמש-בית שמש,בית שמש,רכבת ישראל,תל אביב יפו,
37292,תל אביב ההגנה,לוד גני אביב,נתניה-נתניה --> בית שמש-בית שמש,בית שמש,רכבת ישראל,תל אביב יפו,
37292,תל אביב ההגנה,לוד,נתניה-נתניה --> בית שמש-בית שמש,בית שמש,רכבת ישראל,תל אביב יפו,
37292,תל אביב ההגנה,רמלה,נתניה-נתניה --> בית שמש-בית שמש,בית שמש,רכבת ישראל,תל אביב יפו,
37292,תל אביב ההגנה,בית שמש,נתניה-נתניה --> בית שמש-בית שמש,בית שמש,רכבת ישראל,תל אביב יפו,
37334,לוד גני אביב,לוד,נתניה-נתניה --> בית שמש-בית שמש,בית שמש,רכבת ישראל,לוד,
37334,לוד גני אביב,רמלה,נתניה-נתניה --> בית שמש-בית שמש,בית שמש,רכבת ישראל,לוד,
37334,לוד גני אביב,בית שמש,נתניה-נתניה --> בית שמש-בית שמש,בית שמש,רכבת ישראל,לוד,
37338,לוד,רמלה,נתניה-נתניה --> בית שמש-בית שמש,בית שמש,רכבת ישראל,לוד,
37338,לוד,בית שמש,נתניה-נתניה --> בית שמש-בית שמש,בית שמש,רכבת ישראל,לוד,
37336,רמלה,בית שמש,נתניה-נתניה --> בית שמש-בית שמש,בית שמש,רכבת ישראל,רמלה,
37362,הרצליה,תל אביב מרכז,הרצליה-הרצליה --> ירושלים/יצחק נבון-ירושלים,ירושלים/יצחק נבון,רכבת ישראל,הרצליה,
37362,הרצליה,נתב''ג,הרצליה-הרצליה --> ירושלים/יצחק נבון-ירושלים,ירושלים/יצחק נבון,רכבת ישראל,הרצליה,
37362,הרצליה,ירושלים/יצחק נבון,הרצליה-הרצליה --> ירושלים/יצחק נבון-ירושלים,ירושלים/יצחק נבון,רכבת ישראל,הרצליה,
37358,תל אביב מרכז,נתב''ג,הרצליה-הרצליה --> ירושלים/יצחק נבון-ירושלים,ירושלים/יצחק נבון,רכבת ישראל,תל אביב יפו,
37358,תל אביב מרכז,ירושלים/יצחק נבון,הרצליה-הרצליה --> ירושלים/יצחק נבון-ירושלים,ירושלים/יצחק נבון,רכבת ישראל,תל אביב יפו,
37306,נתב''ג,ירושלים/יצחק נבון,הרצליה-הרצליה --> ירושלים/יצחק נבון-ירושלים,ירושלים/יצחק נבון,רכבת ישראל,נמל תעופה בן גוריון,
42286,ירושלים/יצחק נבון,פאתי מודיעין,ירושלים/יצחק נבון-ירושלים --> מודיעין מרכז-מודיעין מכבים רעות,מודיעין מרכז,רכבת ישראל,ירושלים,
42286,ירושלים/יצחק נבון,מודיעין מרכז,ירושלים/יצחק נבון-ירושלים --> מודיעין מרכז-מודיעין מכבים רעות,מודיעין מרכז,רכבת ישראל,ירושלים,
37396,פאתי מודיעין,מודיעין מרכז,ירושלים/יצחק נבון-ירושלים --> מודיעין מרכז-מודיעין מכבים רעות,מודיעין מרכז,רכבת ישראל,מודיעין מכבים רעות,
37358,תל אביב מרכז,קרית גת,תל אביב מרכז-תל אביב יפו --> באר שבע מרכז-באר שבע,באר שבע מרכז,רכבת ישראל,תל אביב יפו,
37358,תל אביב מרכז,באר שבע צפון,תל אביב מרכז-תל אביב יפו --> באר שבע מרכז-באר שבע,באר שבע מרכז,רכבת ישראל,תל אביב יפו,
37358,תל אביב מרכז,באר שבע מרכז,תל אביב מרכז-תל אביב יפו --> באר שבע מרכז-באר שבע,באר שבע מרכז,רכבת ישראל,תל אביב יפו,
37350,השלום,קרית גת,תל אביב מרכז-תל אביב יפו --> באר שבע מרכז-באר שבע,באר שבע מרכז,רכבת ישראל,תל אביב יפו,
37350,השלום,באר שבע צפון,תל אביב מרכז-תל אביב יפו --> באר שבע מרכז-באר שבע,באר שבע מרכז,רכבת ישראל,תל אביב יפו,
37350,השלום,באר שבע מרכז,תל אביב מרכז-תל אביב יפו --> באר שבע מרכז-באר שבע,באר שבע מרכז,רכבת ישראל,תל אביב יפו,
37292,תל אביב ההגנה,קרית גת,תל אביב מרכז-תל אביב יפו --> באר שבע מרכז-באר שבע,באר שבע מרכז,רכבת ישראל,תל אביב יפו,
37292,תל אביב ההגנה,באר שבע צפון,תל אביב מרכז-תל אביב יפו --> באר שבע מרכז-באר שבע,באר שבע מרכז,רכבת ישראל,תל אביב יפו,
37292,תל אביב ההגנה,באר שבע מרכז,תל אביב מרכז-תל אביב יפו --> באר שבע מרכז-באר שבע,באר שבע מרכז,רכבת ישראל,תל אביב יפו,
37338,לוד,קרית גת,תל אביב מרכז-תל אביב יפו --> באר שבע מרכז-באר שבע,באר שבע מרכז,רכבת ישראל,לוד,
37338,לוד,באר שבע צפון,תל אביב מרכז-תל אביב יפו --> באר שבע מרכז-באר שבע,באר שבע מרכז,רכבת ישראל,לוד,
37338,לוד,באר שבע מרכז,תל אביב מרכז-תל אביב יפו --> באר שבע מרכז-באר שבע,באר שבע מרכז,רכבת ישראל,לוד,
37316,קרית גת,באר שבע צפון,תל אביב מרכז-תל אביב יפו --> באר שבע מרכז-באר שבע,באר שבע מרכז,רכבת ישראל,קרית גת,
37316,קרית גת,באר שבע מרכז,תל אביב מרכז-תל אביב יפו --> באר שבע מרכז-באר שבע,באר שבע מרכז,רכבת ישראל,קרית גת,
37314,באר שבע צפון,באר שבע מרכז,תל אביב מרכז-תל אביב יפו --> באר שבע מרכז-באר שבע,באר שבע מרכז,רכבת ישראל,באר שבע,
37322,בית שמש,רמלה,בית שמש-בית שמש --> תל אביב מרכז-תל אביב יפו,תל אביב מרכז,רכבת ישראל,בית שמש,
37322,בית שמש,לוד,בית שמש-בית שמש --> תל אביב מרכז-תל אביב יפו,תל אביב מרכז,רכבת ישראל,בית שמש,
37322,בית שמש,לוד גני אביב,בית שמש-בית שמש --> תל אביב מרכז-תל אביב יפו,תל אביב מרכז,רכבת ישראל,בית שמש,
37322,בית שמש,תל אביב ההגנה,בית שמש-בית שמש --> תל אביב מרכז-תל אביב יפו,תל אביב מרכז,רכבת ישראל,בית שמש,
37322,בית שמש,השלום,בית שמש-בית שמש --> תל אביב מרכז-תל אביב יפו,תל אביב מרכז,רכבת ישראל,בית שמש,
37322,בית שמש,תל אביב מרכז,בית שמש-בית שמש --> תל אביב מרכז-תל אביב יפו,תל אביב מרכז,רכבת ישראל,בית שמש,
37336,רמלה,לוד,בית שמש-בית שמש --> תל אביב מרכז-תל אביב יפו,תל אביב מרכז,רכבת ישראל,רמלה,
37336,רמלה,לוד גני אביב,בית שמש-בית שמש --> תל אביב מרכז-תל אביב יפו,תל אביב מרכז,רכבת ישראל,רמלה,
37336,רמלה,תל אביב ההגנה,בית שמש-בית שמש --> תל אביב מרכז-תל אביב יפו,תל אביב מרכז,רכבת ישראל,רמלה,
37336,רמלה,השלום,בית שמש-בית שמש --> תל אביב מרכז-תל אביב יפו,תל אביב מרכז,רכבת ישראל,רמלה,
37336,רמלה,תל אביב מרכז,בית שמש-בית שמש --> תל אביב מרכז-תל אביב יפו,תל אביב מרכז,רכבת ישראל,רמלה,
37338,לוד,לוד גני אביב,בית שמש-בית שמש --> תל אביב מרכז-תל אביב יפו,תל אביב מרכז,רכבת ישראל,לוד,
37338,לוד,תל אביב ההגנה,בית שמש-בית שמש --> תל אביב מרכז-תל אביב יפו,תל אביב מרכז,רכבת ישראל,לוד,
37338,לוד,השלום,בית שמש-בית שמש --> תל אביב מרכז-תל אביב יפו,תל אביב מרכז,רכבת ישראל,לוד,
37338,לוד,תל אביב מרכז,בית שמש-בית שמש --> תל אביב מרכז-תל אביב יפו,תל אביב מרכז,רכבת ישראל,לוד,
37334,לוד גני אביב,תל אביב ההגנה,בית שמש-בית שמש --> תל אביב מרכז-תל אביב יפו,תל אביב מרכז,רכבת ישראל,לוד,
37334,לוד גני אביב,השלום,בית שמש-בית שמש --> תל אביב מרכז-תל אביב יפו,תל אביב מרכז,רכבת ישראל,לוד,
37334,לוד גני אביב,תל אביב מרכז,בית שמש-בית שמש --> תל אביב מרכז-תל אביב יפו,תל אביב מרכז,רכבת ישראל,לוד,
37292,תל אביב ההגנה,השלום,בית שמש-בית שמש --> תל אביב מרכז-תל אביב יפו,תל אביב מרכז,רכבת ישראל,תל אביב יפו,
37292,תל אביב ההגנה,תל אביב מרכז,בית שמש-בית שמש --> תל אביב מרכז-תל אביב יפו,תל אביב מרכז,רכבת ישראל,תל אביב יפו,
37350,השלום,תל אביב מרכז,בית שמש-בית שמש --> תל אביב מרכז-תל אביב יפו,תל אביב מרכז,רכבת ישראל,תל אביב יפו,
37362,הרצליה,תל אביב האוניברסיטה - אקספו,הרצליה-הרצליה --> ירושלים/יצחק נבון-ירושלים,ירושלים/יצחק נבון,רכבת ישראל,הרצליה,
37362,הרצליה,תל אביב מרכז,הרצליה-הרצליה --> ירושלים/יצחק נבון-ירושלים,ירושלים/יצחק נבון,רכבת ישראל,הרצליה,
37362,הרצליה,השלום,הרצליה-הרצליה --> ירושלים/יצחק נבון-ירושלים,ירושלים/יצחק נבון,רכבת ישראל,הרצליה,
37362,הרצליה,תל אביב ההגנה,הרצליה-הרצליה --> ירושלים/יצחק נבון-ירושלים,ירושלים/יצחק נבון,רכבת ישראל,הרצליה,
37362,הרצליה,נתב''ג,הרצליה-הרצליה --> ירושלים/יצחק נבון-ירושלים,ירושלים/יצחק נבון,רכבת ישראל,הרצליה,
37362,הרצליה,ירושלים/יצחק נבון,הרצליה-הרצליה --> ירושלים/יצחק נבון-ירושלים,ירושלים/יצחק נבון,רכבת ישראל,הרצליה,
37360,תל אביב האוניברסיטה - אקספו,תל אביב מרכז,הרצליה-הרצליה --> ירושלים/יצחק נבון-ירושלים,ירושלים/יצחק נבון,רכבת ישראל,תל אביב יפו,
37360,תל אביב האוניברסיטה - אקספו,השלום,הרצליה-הרצליה --> ירושלים/יצחק נבון-ירושלים,ירושלים/יצחק נבון,רכבת ישראל,תל אביב יפו,
37360,תל אביב האוניברסיטה - אקספו,תל אביב ההגנה,הרצליה-הרצליה --> ירושלים/יצחק נבון-ירושלים,ירושלים/יצחק נבון,רכבת ישראל,תל אביב יפו,
37360,תל אביב האוניברסיטה - אקספו,נתב''ג,הרצליה-הרצליה --> ירושלים/יצחק נבון-ירושלים,ירושלים/יצחק נבון,רכבת ישראל,תל אביב יפו,
37360,תל אביב האוניברסיטה - אקספו,ירושלים/יצחק נבון,הרצליה-הרצליה --> ירושלים/יצחק נבון-ירושלים,ירושלים/יצחק נבון,רכבת ישראל,תל אביב יפו,
37358,תל אביב מרכז,השלום,הרצליה-הרצליה --> ירושלים/יצחק נבון-ירושלים,ירושלים/יצחק נבון,רכבת ישראל,תל אביב יפו,
37358,תל אביב מרכז,תל אביב ההגנה,הרצליה-הרצליה --> ירושלים/יצחק נבון-ירושלים,ירושלים/יצחק נבון,רכבת ישראל,תל אביב יפו,
37358,תל אביב מרכז,נתב''ג,הרצליה-הרצליה --> ירושלים/יצחק נבון-ירושלים,ירושלים/יצחק נבון,רכבת ישראל,תל אביב יפו,
37358,תל אביב מרכז,ירושלים/יצחק נבון,הרצליה-הרצליה --> ירושלים/יצחק נבון-ירושלים,ירושלים/יצחק נבון,רכבת ישראל,תל אביב יפו,
37350,השלום,תל אביב ההגנה,הרצליה-הרצליה --> ירושלים/יצחק נבון-ירושלים,ירושלים/יצחק נבון,רכבת ישראל,תל אביב יפו,
37350,השלום,נתב''ג,הרצליה-הרצליה --> ירושלים/יצחק נבון-ירושלים,ירושלים/יצחק נבון,רכבת ישראל,תל אביב יפו,
37350,השלום,ירושלים/יצחק נבון,הרצליה-הרצליה --> ירושלים/יצחק נבון-ירושלים,ירושלים/יצחק נבון,רכבת ישראל,תל אביב יפו,
37292,תל אביב ההגנה,נתב''ג,הרצליה-הרצליה --> ירושלים/יצחק נבון-ירושלים,ירושלים/יצחק נבון,רכבת ישראל,תל אביב יפו,
37292,תל אביב ההגנה,ירושלים/יצחק נבון,הרצליה-הרצליה --> ירושלים/יצחק נבון-ירושלים,ירושלים/יצחק נבון,רכבת ישראל,תל אביב יפו,
37306,נתב''ג,ירושלים/יצחק נבון,הרצליה-הרצליה --> ירושלים/יצחק נבון-ירושלים,ירושלים/יצחק נבון,רכבת ישראל,נמל תעופה בן גוריון,
37306,נתב''ג,תל אביב ההגנה,נתב''ג-נמל תעופה בן גוריון --> הרצליה-הרצליה,הרצליה,רכבת ישראל,נמל תעופה בן גוריון,
37306,נתב''ג,השלום,נתב''ג-נמל תעופה בן גוריון --> הרצליה-הרצליה,הרצליה,רכבת ישראל,נמל תעופה בן גוריון,
37306,נתב''ג,תל אביב מרכז,נתב''ג-נמל תעופה בן גוריון --> הרצליה-הרצליה,הרצליה,רכבת ישראל,נמל תעופה בן גוריון,
37306,נתב''ג,תל אביב האוניברסיטה - אקספו,נתב''ג-נמל תעופה בן גוריון --> הרצליה-הרצליה,הרצליה,רכבת ישראל,נמל תעופה בן גוריון,
37306,נתב''ג,הרצליה,נתב''ג-נמל תעופה בן גוריון --> הרצליה-הרצליה,הרצליה,רכבת ישראל,נמל תעופה בן גוריון,
37292,תל אביב ההגנה,השלום,נתב''ג-נמל תעופה בן גוריון --> הרצליה-הרצליה,הרצליה,רכבת ישראל,תל אביב יפו,
37292,תל אביב ההגנה,תל אביב מרכז,נתב''ג-נמל תעופה בן גוריון --> הרצליה-הרצליה,הרצליה,רכבת ישראל,תל אביב יפו,
37292,תל אביב ההגנה,תל אביב האוניברסיטה - אקספו,נתב''ג-נמל תעופה בן גוריון --> הרצליה-הרצליה,הרצליה,רכבת ישראל,תל אביב יפו,
37292,תל אביב ההגנה,הרצליה,נתב''ג-נמל תעופה בן גוריון --> הרצליה-הרצליה,הרצליה,רכבת ישראל,תל אביב יפו,
37350,השלום,תל אביב מרכז,נתב''ג-נמל תעופה בן גוריון --> הרצליה-הרצליה,הרצליה,רכבת ישראל,תל אביב יפו,
37350,השלום,תל אביב האוניברסיטה - אקספו,נתב''ג-נמל תעופה בן גוריון --> הרצליה-הרצליה,הרצליה,רכבת ישראל,תל אביב יפו,
37350,השלום,הרצליה,נתב''ג-נמל תעופה בן גוריון --> הרצליה-הרצליה,הרצליה,רכבת ישראל,תל אביב יפו,
37358,תל אביב מרכז,תל אביב האוניברסיטה - אקספו,נתב''ג-נמל תעופה בן גוריון --> הרצליה-הרצליה,הרצליה,רכבת ישראל,תל אביב יפו,
37358,תל אביב מרכז,הרצליה,נתב''ג-נמל תעופה בן גוריון --> הרצליה-הרצליה,הרצליה,רכבת ישראל,תל אביב יפו,
37360,תל אביב האוניברסיטה - אקספו,הרצליה,נתב''ג-נמל תעופה בן גוריון --> הרצליה-הרצליה,הרצליה,רכבת ישראל,תל אביב יפו,
42286,ירושלים/יצחק נבון,נתב''ג,ירושלים/יצחק נבון-ירושלים --> תל אביב מרכז-תל אביב יפו,תל אביב מרכז,רכבת ישראל,ירושלים,
42286,ירושלים/יצחק נבון,תל אביב ההגנה,ירושלים/יצחק נבון-ירושלים --> תל אביב מרכז-תל אביב יפו,תל אביב מרכז,רכבת ישראל,ירושלים,
42286,ירושלים/יצחק נבון,השלום,ירושלים/יצחק נבון-ירושלים --> תל אביב מרכז-תל אביב יפו,תל אביב מרכז,רכבת ישראל,ירושלים,
42286,ירושלים/יצחק נבון,תל אביב מרכז,ירושלים/יצחק נבון-ירושלים --> תל אביב מרכז-תל אביב יפו,תל אביב מרכז,רכבת ישראל,ירושלים,
37306,נתב''ג,תל אביב ההגנה,ירושלים/יצחק נבון-ירושלים --> תל אביב מרכז-תל אביב יפו,תל אביב מרכז,רכבת ישראל,נמל תעופה בן גוריון,
37306,נתב''ג,השלום,ירושלים/יצחק נבון-ירושלים --> תל אביב מרכז-תל אביב יפו,תל אביב מרכז,רכבת ישראל,נמל תעופה בן גוריון,
37306,נתב''ג,תל אביב מרכז,ירושלים/יצחק נבון-ירושלים --> תל אביב מרכז-תל אביב יפו,תל אביב מרכז,רכבת ישראל,נמל תעופה בן גוריון,
37292,תל אביב ההגנה,השלום,ירושלים/יצחק נבון-ירושלים --> תל אביב מרכז-תל אביב יפו,תל אביב מרכז,רכבת ישראל,תל אביב יפו,
37292,תל אביב ההגנה,תל אביב מרכז,ירושלים/יצחק נבון-ירושלים --> תל אביב מרכז-תל אביב יפו,תל אביב מרכז,רכבת ישראל,תל אביב יפו,
37350,השלום,תל אביב מרכז,ירושלים/יצחק נבון-ירושלים --> תל אביב מרכז-תל אביב יפו,תל אביב מרכז,רכבת ישראל,תל אביב יפו,
37312,באר שבע מרכז,באר שבע צפון,באר שבע מרכז-באר שבע --> תל אביב מרכז-תל אביב יפו,תל אביב מרכז,רכבת ישראל,באר שבע,
37312,באר שבע מרכז,להבים רהט,באר שבע מרכז-באר שבע --> תל אביב מרכז-תל אביב יפו,תל אביב מרכז,רכבת ישראל,באר שבע,
37312,באר שבע מרכז,קרית גת,באר שבע מרכז-באר שבע --> תל אביב מרכז-תל אביב יפו,תל אביב מרכז,רכבת ישראל,באר שבע,
37312,באר שבע מרכז,קרית מלאכי,באר שבע מרכז-באר שבע --> תל אביב מרכז-תל אביב יפו,תל אביב מרכז,רכבת ישראל,באר שבע,
37312,באר שבע מרכז,מזכרת בתיה,באר שבע מרכז-באר שבע --> תל אביב מרכז-תל אביב יפו,תל אביב מרכז,רכבת ישראל,באר שבע,
37312,באר שבע מרכז,רמלה,באר שבע מרכז-באר שבע --> תל אביב מרכז-תל אביב יפו,תל אביב מרכז,רכבת ישראל,באר שבע,
37312,באר שבע מרכז,לוד,באר שבע מרכז-באר שבע --> תל אביב מרכז-תל אביב יפו,תל אביב מרכז,רכבת ישראל,באר שבע,
37312,באר שבע מרכז,תל אביב ההגנה,באר שבע מרכז-באר שבע --> תל אביב מרכז-תל אביב יפו,תל אביב מרכז,רכבת ישראל,באר שבע,
37312,באר שבע מרכז,השלום,באר שבע מרכז-באר שבע --> תל אביב מרכז-תל אביב יפו,תל אביב מרכז,רכבת ישראל,באר שבע,
37312,באר שבע מרכז,תל אביב מרכז,באר שבע מרכז-באר שבע --> תל אביב מרכז-תל אביב יפו,תל אביב מרכז,רכבת ישראל,באר שבע,
37314,באר שבע צפון,להבים רהט,באר שבע מרכז-באר שבע --> תל אביב מרכז-תל אביב יפו,תל אביב מרכז,רכבת ישראל,באר שבע,
37314,באר שבע צפון,קרית גת,באר שבע מרכז-באר שבע --> תל אביב מרכז-תל אביב יפו,תל אביב מרכז,רכבת ישראל,באר שבע,
37314,באר שבע צפון,קרית מלאכי,באר שבע מרכז-באר שבע --> תל אביב מרכז-תל אביב יפו,תל אביב מרכז,רכבת ישראל,באר שבע,
37314,באר שבע צפון,מזכרת בתיה,באר שבע מרכז-באר שבע --> תל אביב מרכז-תל אביב יפו,תל אביב מרכז,רכבת ישראל,באר שבע,
37314,באר שבע צפון,רמלה,באר שבע מרכז-באר שבע --> תל אביב מרכז-תל אביב יפו,תל אביב מרכז,רכבת ישראל,באר שבע,
37314,באר שבע צפון,לוד,באר שבע מרכז-באר שבע --> תל אביב מרכז-תל אביב יפו,תל אביב מרכז,רכבת ישראל,באר שבע,
37314,באר שבע צפון,תל אביב ההגנה,באר שבע מרכז-באר שבע --> תל אביב מרכז-תל אביב יפו,תל אביב מרכז,רכבת ישראל,באר שבע,
37314,באר שבע צפון,השלום,באר שבע מרכז-באר שבע --> תל אביב מרכז-תל אביב יפו,תל אביב מרכז,רכבת ישראל,באר שבע,
37314,באר שבע צפון,תל אביב מרכז,באר שבע מרכז-באר שבע --> תל אביב מרכז-תל אביב יפו,תל אביב מרכז,רכבת ישראל,באר שבע,
37308,להבים רהט,קרית גת,באר שבע מרכז-באר שבע --> תל אביב מרכז-תל אביב יפו,תל אביב מרכז,רכבת ישראל,להבים,
37308,להבים רהט,קרית מלאכי,באר שבע מרכז-באר שבע --> תל אביב מרכז-תל אביב יפו,תל אביב מרכז,רכבת ישראל,להבים,
37308,להבים רהט,מזכרת בתיה,באר שבע מרכז-באר שבע --> תל אביב מרכז-תל אביב יפו,תל אביב מרכז,רכבת ישראל,להבים,
37308,להבים רהט,רמלה,באר שבע מרכז-באר שבע --> תל אביב מרכז-תל אביב יפו,תל אביב מרכז,רכבת ישראל,להבים,
37308,להבים רהט,לוד,באר שבע מרכז-באר שבע --> תל אביב מרכז-תל אביב יפו,תל אביב מרכז,רכבת ישראל,להבים,
37308,להבים רהט,תל אביב ההגנה,באר שבע מרכז-באר שבע --> תל אביב מרכז-תל אביב יפו,תל אביב מרכז,רכבת ישראל,להבים,
37308,להבים רהט,השלום,באר שבע מרכז-באר שבע --> תל אביב מרכז-תל אביב יפו,תל אביב מרכז,רכבת ישראל,להבים,
37308,להבים רהט,תל אביב מרכז,באר שבע מרכז-באר שבע --> תל אביב מרכז-תל אביב יפו,תל אביב מרכז,רכבת ישראל,להבים,
37316,קרית גת,קרית מלאכי,באר שבע מרכז-באר שבע --> תל אביב מרכז-תל אביב יפו,תל אביב מרכז,רכבת ישראל,קרית גת,
37316,קרית גת,מזכרת בתיה,באר שבע מרכז-באר שבע --> תל אביב מרכז-תל אביב יפו,תל אביב מרכז,רכבת ישראל,קרית גת,
37316,קרית גת,רמלה,באר שבע מרכז-באר שבע --> תל אביב מרכז-תל אביב יפו,תל אביב מרכז,רכבת ישראל,קרית גת,
37316,קרית גת,לוד,באר שבע מרכז-באר שבע --> תל אביב מרכז-תל אביב יפו,תל אביב מרכז,רכבת ישראל,קרית גת,
37316,קרית גת,תל אביב ההגנה,באר שבע מרכז-באר שבע --> תל אביב מרכז-תל אביב יפו,תל אביב מרכז,רכבת ישראל,קרית גת,
37316,קרית גת,השלום,באר שבע מרכז-באר שבע --> תל אביב מרכז-תל אביב יפו,תל אביב מרכז,רכבת ישראל,קרית גת,
37316,קרית גת,תל אביב מרכז,באר שבע מרכז-באר שבע --> תל אביב מרכז-תל אביב יפו,תל אביב מרכז,רכבת ישראל,קרית גת,
42419,קרית מלאכי,מזכרת בתיה,באר שבע מרכז-באר שבע --> תל אביב מרכז-תל אביב יפו,תל אביב מרכז,רכבת ישראל,קרית מלאכי,
42419,קרית מלאכי,רמלה,באר שבע מרכז-באר שבע --> תל אביב מרכז-תל אביב יפו,תל אביב מרכז,רכבת ישראל,קרית מלאכי,
42419,קרית מלאכי,לוד,באר שבע מרכז-באר שבע --> תל אביב מרכז-תל אביב יפו,תל אביב מרכז,רכבת ישראל,קרית מלאכי,
42419,קרית מלאכי,תל אביב ההגנה,באר שבע מרכז-באר שבע --> תל אביב מרכז-תל אביב יפו,תל אביב מרכז,רכבת ישראל,קרית מלאכי,
42419,קרית מלאכי,השלום,באר שבע מרכז-באר שבע --> תל אביב מרכז-תל אביב יפו,תל אביב מרכז,רכבת ישראל,קרית מלאכי,
42419,קרית מלאכי,תל אביב מרכז,באר שבע מרכז-באר שבע --> תל אביב מרכז-תל אביב יפו,תל אביב מרכז,רכבת ישראל,קרית מלאכי,
42418,מזכרת בתיה,רמלה,באר שבע מרכז-באר שבע --> תל אביב מרכז-תל אביב יפו,תל אביב מרכז,רכבת ישראל,מזכרת בתיה,
42418,מזכרת בתיה,לוד,באר שבע מרכז-באר שבע --> תל אביב מרכז-תל אביב יפו,תל אביב מרכז,רכבת ישראל,מזכרת בתיה,
42418,מזכרת בתיה,תל אביב ההגנה,באר שבע מרכז-באר שבע --> תל אביב מרכז-תל אביב יפו,תל אביב מרכז,רכבת ישראל,מזכרת בתיה,
42418,מזכרת בתיה,השלום,באר שבע מרכז-באר שבע --> תל אביב מרכז-תל אביב יפו,תל אביב מרכז,רכבת ישראל,מזכרת בתיה,
42418,מזכרת בתיה,תל אביב מרכז,באר שבע מרכז-באר שבע --> תל אביב מרכז-תל אביב יפו,תל אביב מרכז,רכבת ישראל,מזכרת בתיה,
37336,רמלה,לוד,באר שבע מרכז-באר שבע --> תל אביב מרכז-תל אביב יפו,תל אביב מרכז,רכבת ישראל,רמלה,
37336,רמלה,תל אביב ההגנה,באר שבע מרכז-באר שבע --> תל אביב מרכז-תל אביב יפו,תל אביב מרכז,רכבת ישראל,רמלה,
37336,רמלה,השלום,באר שבע מרכז-באר שבע --> תל אביב מרכז-תל אביב יפו,תל אביב מרכז,רכבת ישראל,רמלה,
37336,רמלה,תל אביב מרכז,באר שבע מרכז-באר שבע --> תל אביב מרכז-תל אביב יפו,תל אביב מרכז,רכבת ישראל,רמלה,
37338,לוד,תל אביב ההגנה,באר שבע מרכז-באר שבע --> תל אביב מרכז-תל אביב יפו,תל אביב מרכז,רכבת ישראל,לוד,
37338,לוד,השלום,באר שבע מרכז-באר שבע --> תל אביב מרכז-תל אביב יפו,תל אביב מרכז,רכבת ישראל,לוד,
37338,לוד,תל אביב מרכז,באר שבע מרכז-באר שבע --> תל אביב מרכז-תל אביב יפו,תל אביב מרכז,רכבת ישראל,לוד,
37292,תל אביב ההגנה,השלום,באר שבע מרכז-באר שבע --> תל אביב מרכז-תל אביב יפו,תל אביב מרכז,רכבת ישראל,תל אביב יפו,
37292,תל אביב ההגנה,תל אביב מרכז,באר שבע מרכז-באר שבע --> תל אביב מרכז-תל אביב יפו,תל אביב מרכז,רכבת ישראל,תל אביב יפו,
37350,השלום,תל אביב מרכז,באר שבע מרכז-באר שבע --> תל אביב מרכז-תל אביב יפו,תל אביב מרכז,רכבת ישראל,תל אביב יפו,
37376,חוף הכרמל,בת גלים,חוף הכרמל-חיפה --> כרמיאל-כרמיאל,כרמיאל,רכבת ישראל,חוף הכרמל,
37376,חוף הכרמל,חיפה מרכז,חוף הכרמל-חיפה --> כרמיאל-כרמיאל,כרמיאל,רכבת ישראל,חוף הכרמל,
37376,חוף הכרמל,מרכזית המפרץ/קו החוף,חוף הכרמל-חיפה --> כרמיאל-כרמיאל,כרמיאל,רכבת ישראל,חוף הכרמל,
37376,חוף הכרמל,חוצות מפרץ,חוף הכרמל-חיפה --> כרמיאל-כרמיאל,כרמיאל,רכבת ישראל,חוף הכרמל,
37376,חוף הכרמל,קרית חיים,חוף הכרמל-חיפה --> כרמיאל-כרמיאל,כרמיאל,רכבת ישראל,חוף הכרמל,
37376,חוף הכרמל,קרית מוצקין,חוף הכרמל-חיפה --> כרמיאל-כרמיאל,כרמיאל,רכבת ישראל,חוף הכרמל,
37376,חוף הכרמל,אחיהוד,חוף הכרמל-חיפה --> כרמיאל-כרמיאל,כרמיאל,רכבת ישראל,חוף הכרמל,
37376,חוף הכרמל,כרמיאל,חוף הכרמל-חיפה --> כרמיאל-כרמיאל,כרמיאל,רכבת ישראל,חוף הכרמל,
37378,בת גלים,חיפה מרכז,חוף הכרמל-חיפה --> כרמיאל-כרמיאל,כרמיאל,רכבת ישראל,חיפה,
37378,בת גלים,מרכזית המפרץ/קו החוף,חוף הכרמל-חיפה --> כרמיאל-כרמיאל,כרמיאל,רכבת ישראל,חיפה,
37378,בת גלים,חוצות מפרץ,חוף הכרמל-חיפה --> כרמיאל-כרמיאל,כרמיאל,רכבת ישראל,חיפה,
37378,בת גלים,קרית חיים,חוף הכרמל-חיפה --> כרמיאל-כרמיאל,כרמיאל,רכבת ישראל,חיפה,
37378,בת גלים,קרית מוצקין,חוף הכרמל-חיפה --> כרמיאל-כרמיאל,כרמיאל,רכבת ישראל,חיפה,
37378,בת גלים,אחיהוד,חוף הכרמל-חיפה --> כרמיאל-כרמיאל,כרמיאל,רכבת ישראל,חיפה,
37378,בת גלים,כרמיאל,חוף הכרמל-חיפה --> כרמיאל-כרמיאל,כרמיאל,רכבת ישראל,חיפה,
37380,חיפה מרכז,מרכזית המפרץ/קו החוף,חוף הכרמל-חיפה --> כרמיאל-כרמיאל,כרמיאל,רכבת ישראל,חיפה,
37380,חיפה מרכז,חוצות מפרץ,חוף הכרמל-חיפה --> כרמיאל-כרמיאל,כרמיאל,רכבת ישראל,חיפה,
37380,חיפה מרכז,קרית חיים,חוף הכרמל-חיפה --> כרמיאל-כרמיאל,כרמיאל,רכבת ישראל,חיפה,
37380,חיפה מרכז,קרית מוצקין,חוף הכרמל-חיפה --> כרמיאל-כרמיאל,כרמיאל,רכבת ישראל,חיפה,
37380,חיפה מרכז,אחיהוד,חוף הכרמל-חיפה --> כרמיאל-כרמיאל,כרמיאל,רכבת ישראל,חיפה,
37380,חיפה מרכז,כרמיאל,חוף הכרמל-חיפה --> כרמיאל-כרמיאל,כרמיאל,רכבת ישראל,חיפה,
37388,מרכזית המפרץ/קו החוף,חוצות מפרץ,חוף הכרמל-חיפה --> כרמיאל-כרמיאל,כרמיאל,רכבת ישראל,חיפה,
37388,מרכזית המפרץ/קו החוף,קרית חיים,חוף הכרמל-חיפה --> כרמיאל-כרמיאל,כרמיאל,רכבת ישראל,חיפה,
37388,מרכזית המפרץ/קו החוף,קרית מוצקין,חוף הכרמל-חיפה --> כרמיאל-כרמיאל,כרמיאל,רכבת ישראל,חיפה,
37388,מרכזית המפרץ/קו החוף,אחיהוד,חוף הכרמל-חיפה --> כרמיאל-כרמיאל,כרמיאל,רכבת ישראל,חיפה,
37388,מרכזית המפרץ/קו החוף,כרמיאל,חוף הכרמל-חיפה --> כרמיאל-כרמיאל,כרמיאל,רכבת ישראל,חיפה,
37386,חוצות מפרץ,קרית חיים,חוף הכרמל-חיפה --> כרמיאל-כרמיאל,כרמיאל,רכבת ישראל,חיפה,
37386,חוצות מפרץ,קרית מוצקין,חוף הכרמל-חיפה --> כרמיאל-כרמיאל,כרמיאל,רכבת ישראל,חיפה,
37386,חוצות מפרץ,אחיהוד,חוף הכרמל-חיפה --> כרמיאל-כרמיאל,כרמיאל,רכבת ישראל,חיפה,
37386,חוצות מפרץ,כרמיאל,חוף הכרמל-חיפה --> כרמיאל-כרמיאל,כרמיאל,רכבת ישראל,חיפה,
37392,קרית חיים,קרית מוצקין,חוף הכרמל-חיפה --> כרמיאל-כרמיאל,כרמיאל,רכבת ישראל,חיפה,
37392,קרית חיים,אחיהוד,חוף הכרמל-חיפה --> כרמיאל-כרמיאל,כרמיאל,רכבת ישראל,חיפה,
37392,קרית חיים,כרמיאל,חוף הכרמל-חיפה --> כרמיאל-כרמיאל,כרמיאל,רכבת ישראל,חיפה,
41293,קרית מוצקין,אחיהוד,חוף הכרמל-חיפה --> כרמיאל-כרמיאל,כרמיאל,רכבת ישראל,קרית מוצקין,
41293,קרית מוצקין,כרמיאל,חוף הכרמל-חיפה --> כרמיאל-כרמיאל,כרמיאל,רכבת ישראל,קרית מוצקין,
41291,אחיהוד,כרמיאל,חוף הכרמל-חיפה --> כרמיאל-כרמיאל,כרמיאל,רכבת ישראל,אחיהוד,
41292,כרמיאל,אחיהוד,כרמיאל-כרמיאל --> חוף הכרמל-חיפה,חוף הכרמל,רכבת ישראל,כרמיאל,
41292,כרמיאל,קרית מוצקין,כרמיאל-כרמיאל --> חוף הכרמל-חיפה,חוף הכרמל,רכבת ישראל,כרמיאל,
41292,כרמיאל,קרית חיים,כרמיאל-כרמיאל --> חוף הכרמל-חיפה,חוף הכרמל,רכבת ישראל,כרמיאל,
41292,כרמיאל,חוצות מפרץ,כרמיאל-כרמיאל --> חוף הכרמל-חיפה,חוף הכרמל,רכבת ישראל,כרמיאל,
41292,כרמיאל,מרכזית המפרץ/קו החוף,כרמיאל-כרמיאל --> חוף הכרמל-חיפה,חוף הכרמל,רכבת ישראל,כרמיאל,
41292,כרמיאל,חיפה מרכז,כרמיאל-כרמיאל --> חוף הכרמל-חיפה,חוף הכרמל,רכבת ישראל,כרמיאל,
41292,כרמיאל,בת גלים,כרמיאל-כרמיאל --> חוף הכרמל-חיפה,חוף הכרמל,רכבת ישראל,כרמיאל,
41292,כרמיאל,חוף הכרמל,כרמיאל-כרמיאל --> חוף הכרמל-חיפה,חוף הכרמל,רכבת ישראל,כרמיאל,
41291,אחיהוד,קרית מוצקין,כרמיאל-כרמיאל --> חוף הכרמל-חיפה,חוף הכרמל,רכבת ישראל,אחיהוד,
41291,אחיהוד,קרית חיים,כרמיאל-כרמיאל --> חוף הכרמל-חיפה,חוף הכרמל,רכבת ישראל,אחיהוד,
41291,אחיהוד,חוצות מפרץ,כרמיאל-כרמיאל --> חוף הכרמל-חיפה,חוף הכרמל,רכבת ישראל,אחיהוד,
41291,אחיהוד,מרכזית המפרץ/קו החוף,כרמיאל-כרמיאל --> חוף הכרמל-חיפה,חוף הכרמל,רכבת ישראל,אחיהוד,
41291,אחיהוד,חיפה מרכז,כרמיאל-כרמיאל --> חוף הכרמל-חיפה,חוף הכרמל,רכבת ישראל,אחיהוד,
41291,אחיהוד,בת גלים,כרמיאל-כרמיאל --> חוף הכרמל-חיפה,חוף הכרמל,רכבת ישראל,אחיהוד,
41291,אחיהוד,חוף הכרמל,כרמיאל-כרמיאל --> חוף הכרמל-חיפה,חוף הכרמל,רכבת ישראל,אחיהוד,
41293,קרית מוצקין,קרית חיים,כרמיאל-כרמיאל --> חוף הכרמל-חיפה,חוף הכרמל,רכבת ישראל,קרית מוצקין,
41293,קרית מוצקין,חוצות מפרץ,כרמיאל-כרמיאל --> חוף הכרמל-חיפה,חוף הכרמל,רכבת ישראל,קרית מוצקין,
41293,קרית מוצקין,מרכזית המפרץ/קו החוף,כרמיאל-כרמיאל --> חוף הכרמל-חיפה,חוף הכרמל,רכבת ישראל,קרית מוצקין,
41293,קרית מוצקין,חיפה מרכז,כרמיאל-כרמיאל --> חוף הכרמל-חיפה,חוף הכרמל,רכבת ישראל,קרית מוצקין,
41293,קרית מוצקין,בת גלים,כרמיאל-כרמיאל --> חוף הכרמל-חיפה,חוף הכרמל,רכבת ישראל,קרית מוצקין,
41293,קרית מוצקין,חוף הכרמל,כרמיאל-כרמיאל --> חוף הכרמל-חיפה,חוף הכרמל,רכבת ישראל,קרית מוצקין,
37392,קרית חיים,חוצות מפרץ,כרמיאל-כרמיאל --> חוף הכרמל-חיפה,חוף הכרמל,רכבת ישראל,חיפה,
37392,קרית חיים,מרכזית המפרץ/קו החוף,כרמיאל-כרמיאל --> חוף הכרמל-חיפה,חוף הכרמל,רכבת ישראל,חיפה,
37392,קרית חיים,חיפה מרכז,כרמיאל-כרמיאל --> חוף הכרמל-חיפה,חוף הכרמל,רכבת ישראל,חיפה,
37392,קרית חיים,בת גלים,כרמיאל-כרמיאל --> חוף הכרמל-חיפה,חוף הכרמל,רכבת ישראל,חיפה,
37392,קרית חיים,חוף הכרמל,כרמיאל-כרמיאל --> חוף הכרמל-חיפה,חוף הכרמל,רכבת ישראל,חיפה,
37386,חוצות מפרץ,מרכזית המפרץ/קו החוף,כרמיאל-כרמיאל --> חוף הכרמל-חיפה,חוף הכרמל,רכבת ישראל,חיפה,
37386,חוצות מפרץ,חיפה מרכז,כרמיאל-כרמיאל --> חוף הכרמל-חיפה,חוף הכרמל,רכבת ישראל,חיפה,
37386,חוצות מפרץ,בת גלים,כרמיאל-כרמיאל --> חוף הכרמל-חיפה,חוף הכרמל,רכבת ישראל,חיפה,
37386,חוצות מפרץ,חוף הכרמל,כרמיאל-כרמיאל --> חוף הכרמל-חיפה,חוף הכרמל,רכבת ישראל,חיפה,
37388,מרכזית המפרץ/קו החוף,חיפה מרכז,כרמיאל-כרמיאל --> חוף הכרמל-חיפה,חוף הכרמל,רכבת ישראל,חיפה,
37388,מרכזית המפרץ/קו החוף,בת גלים,כרמיאל-כרמיאל --> חוף הכרמל-חיפה,חוף הכרמל,רכבת ישראל,חיפה,
37388,מרכזית המפרץ/קו החוף,חוף הכרמל,כרמיאל-כרמיאל --> חוף הכרמל-חיפה,חוף הכרמל,רכבת ישראל,חיפה,
37380,חיפה מרכז,בת גלים,כרמיאל-כרמיאל --> חוף הכרמל-חיפה,חוף הכרמל,רכבת ישראל,חיפה,
37380,חיפה מרכז,חוף הכרמל,כרמיאל-כרמיאל --> חוף הכרמל-חיפה,חוף הכרמל,רכבת ישראל,חיפה,
37378,בת גלים,חוף הכרמל,כרמיאל-כרמיאל --> חוף הכרמל-חיפה,חוף הכרמל,רכבת ישראל,חיפה,
37374,עתלית,חוף הכרמל,עתלית-עתלית --> בית שאן-בית שאן,,רכבת ישראל,עתלית,
37374,עתלית,בת גלים,עתלית-עתלית --> בית שאן-בית שאן,,רכבת ישראל,עתלית,
37374,עתלית,חיפה מרכז,עתלית-עתלית --> בית שאן-בית שאן,,רכבת ישראל,עתלית,
37374,עתלית,מרכזית המפרץ,עתלית-עתלית --> בית שאן-בית שאן,,רכבת ישראל,עתלית,
37374,עתלית,כפר יהושע,עתלית-עתלית --> בית שאן-בית שאן,,רכבת ישראל,עתלית,
37374,עתלית,כפר ברוך,עתלית-עתלית --> בית שאן-בית שאן,,רכבת ישראל,עתלית,
37374,עתלית,עפולה,עתלית-עתלית --> בית שאן-בית שאן,,רכבת ישראל,עתלית,
37374,עתלית,בית שאן - דוד לוי,עתלית-עתלית --> בית שאן-בית שאן,,רכבת ישראל,עתלית,
37376,חוף הכרמל,בת גלים,עתלית-עתלית --> בית שאן-בית שאן,,רכבת ישראל,חוף הכרמל,
37376,חוף הכרמל,חיפה מרכז,עתלית-עתלית --> בית שאן-בית שאן,,רכבת ישראל,חוף הכרמל,
37376,חוף הכרמל,מרכזית המפרץ,עתלית-עתלית --> בית שאן-בית שאן,,רכבת ישראל,חוף הכרמל,
37376,חוף הכרמל,כפר יהושע,עתלית-עתלית --> בית שאן-בית שאן,,רכבת ישראל,חוף הכרמל,
37376,חוף הכרמל,כפר ברוך,עתלית-עתלית --> בית שאן-בית שאן,,רכבת ישראל,חוף הכרמל,
37376,חוף הכרמל,עפולה,עתלית-עתלית --> בית שאן-בית שאן,,רכבת ישראל,חוף הכרמל,
37376,חוף הכרמל,בית שאן - דוד לוי,עתלית-עתלית --> בית שאן-בית שאן,,רכבת ישראל,חוף הכרמל,
37378,בת גלים,חיפה מרכז,עתלית-עתלית --> בית שאן-בית שאן,,רכבת ישראל,חיפה,
37378,בת גלים,מרכזית המפרץ,עתלית-עתלית --> בית שאן-בית שאן,,רכבת ישראל,חיפה,
37378,בת גלים,כפר יהושע,עתלית-עתלית --> בית שאן-בית שאן,,רכבת ישראל,חיפה,
37378,בת גלים,כפר ברוך,עתלית-עתלית --> בית שאן-בית שאן,,רכבת ישראל,חיפה,
37378,בת גלים,עפולה,עתלית-עתלית --> בית שאן-בית שאן,,רכבת ישראל,חיפה,
37378,בת גלים,בית שאן - דוד לוי,עתלית-עתלית --> בית שאן-בית שאן,,רכבת ישראל,חיפה,
37380,חיפה מרכז,מרכזית המפרץ,עתלית-עתלית --> בית שאן-בית שאן,,רכבת ישראל,חיפה,
37380,חיפה מרכז,כפר יהושע,עתלית-עתלית --> בית שאן-בית שאן,,רכבת ישראל,חיפה,
37380,חיפה מרכז,כפר ברוך,עתלית-עתלית --> בית שאן-בית שאן,,רכבת ישראל,חיפה,
37380,חיפה מרכז,עפולה,עתלית-עתלית --> בית שאן-בית שאן,,רכבת ישראל,חיפה,
37380,חיפה מרכז,בית שאן - דוד לוי,עתלית-עתלית --> בית שאן-בית שאן,,רכבת ישראל,חיפה,
42507,מרכזית המפרץ,כפר יהושע,עתלית-עתלית --> בית שאן-בית שאן,,רכבת ישראל,חיפה,
42507,מרכזית המפרץ,כפר ברוך,עתלית-עתלית --> בית שאן-בית שאן,,רכבת ישראל,חיפה,
42507,מרכזית המפרץ,עפולה,עתלית-עתלית --> בית שאן-בית שאן,,רכבת ישראל,חיפה,
42507,מרכזית המפרץ,בית שאן - דוד לוי,עתלית-עתלית --> בית שאן-בית שאן,,רכבת ישראל,חיפה,
40584,כפר יהושע,כפר ברוך,עתלית-עתלית --> בית שאן-בית שאן,,רכבת ישראל,כפר יהושע,
40584,כפר יהושע,עפולה,עתלית-עתלית --> בית שאן-בית שאן,,רכבת ישראל,כפר יהושע,
40584,כפר יהושע,בית שאן - דוד לוי,עתלית-עתלית --> בית שאן-בית שאן,,רכבת ישראל,כפר יהושע,
40581,כפר ברוך,עפולה,עתלית-עתלית --> בית שאן-בית שאן,,רכבת ישראל,כפר ברוך,
40581,כפר ברוך,בית שאן - דוד לוי,עתלית-עתלית --> בית שאן-בית שאן,,רכבת ישראל,כפר ברוך,
40582,עפולה,בית שאן - דוד לוי,עתלית-עתלית --> בית שאן-בית שאן,,רכבת ישראל,עפולה,
40583,בית שאן - דוד לוי,עפולה,בית שאן-בית שאן --> עתלית-עתלית,עתלית,רכבת ישראל,בית שאן,
40583,בית שאן - דוד לוי,כפר ברוך,בית שאן-בית שאן --> עתלית-עתלית,עתלית,רכבת ישראל,בית שאן,
40583,בית שאן - דוד לוי,כפר יהושע,בית שאן-בית שאן --> עתלית-עתלית,עתלית,רכבת ישראל,בית שאן,
40583,בית שאן - דוד לוי,מרכזית המפרץ,בית שאן-בית שאן --> עתלית-עתלית,עתלית,רכבת ישראל,בית שאן,
40583,בית שאן - דוד לוי,חיפה מרכז,בית שאן-בית שאן --> עתלית-עתלית,עתלית,רכבת ישראל,בית שאן,
40583,בית שאן - דוד לוי,בת גלים,בית שאן-בית שאן --> עתלית-עתלית,עתלית,רכבת ישראל,בית שאן,
40583,בית שאן - דוד לוי,חוף הכרמל,בית שאן-בית שאן --> עתלית-עתלית,עתלית,רכבת ישראל,בית שאן,
40583,בית שאן - דוד לוי,עתלית,בית שאן-בית שאן --> עתלית-עתלית,עתלית,רכבת ישראל,בית שאן,
40582,עפולה,כפר ברוך,בית שאן-בית שאן --> עתלית-עתלית,עתלית,רכבת ישראל,עפולה,
40582,עפולה,כפר יהושע,בית שאן-בית שאן --> עתלית-עתלית,עתלית,רכבת ישראל,עפולה,
40582,עפולה,מרכזית המפרץ,בית שאן-בית שאן --> עתלית-עתלית,עתלית,רכבת ישראל,עפולה,
40582,עפולה,חיפה מרכז,בית שאן-בית שאן --> עתלית-עתלית,עתלית,רכבת ישראל,עפולה,
40582,עפולה,בת גלים,בית שאן-בית שאן --> עתלית-עתלית,עתלית,רכבת ישראל,עפולה,
40582,עפולה,חוף הכרמל,בית שאן-בית שאן --> עתלית-עתלית,עתלית,רכבת ישראל,עפולה,
40582,עפולה,עתלית,בית שאן-בית שאן --> עתלית-עתלית,עתלית,רכבת ישראל,עפולה,
40581,כפר ברוך,כפר יהושע,בית שאן-בית שאן --> עתלית-עתלית,עתלית,רכבת ישראל,כפר ברוך,
40581,כפר ברוך,מרכזית המפרץ,בית שאן-בית שאן --> עתלית-עתלית,עתלית,רכבת ישראל,כפר ברוך,
40581,כפר ברוך,חיפה מרכז,בית שאן-בית שאן --> עתלית-עתלית,עתלית,רכבת ישראל,כפר ברוך,
40581,כפר ברוך,בת גלים,בית שאן-בית שאן --> עתלית-עתלית,עתלית,רכבת ישראל,כפר ברוך,
40581,כפר ברוך,חוף הכרמל,בית שאן-בית שאן --> עתלית-עתלית,עתלית,רכבת ישראל,כפר ברוך,
40581,כפר ברוך,עתלית,בית שאן-בית שאן --> עתלית-עתלית,עתלית,רכבת ישראל,כפר ברוך,
40584,כפר יהושע,מרכזית המפרץ,בית שאן-בית שאן --> עתלית-עתלית,עתלית,רכבת ישראל,כפר יהושע,
40584,כפר יהושע,חיפה מרכז,בית שאן-בית שאן --> עתלית-עתלית,עתלית,רכבת ישראל,כפר יהושע,
40584,כפר יהושע,בת גלים,בית שאן-בית שאן --> עתלית-עתלית,עתלית,רכבת ישראל,כפר יהושע,
40584,כפר יהושע,חוף הכרמל,בית שאן-בית שאן --> עתלית-עתלית,עתלית,רכבת ישראל,כפר יהושע,
40584,כפר יהושע,עתלית,בית שאן-בית שאן --> עתלית-עתלית,עתלית,רכבת ישראל,כפר יהושע,
42507,מרכזית המפרץ,חיפה מרכז,בית שאן-בית שאן --> עתלית-עתלית,עתלית,רכבת ישראל,חיפה,
42507,מרכזית המפרץ,בת גלים,בית שאן-בית שאן --> עתלית-עתלית,עתלית,רכבת ישראל,חיפה,
42507,מרכזית המפרץ,חוף הכרמל,בית שאן-בית שאן --> עתלית-עתלית,עתלית,רכבת ישראל,חיפה,
42507,מרכזית המפרץ,עתלית,בית שאן-בית שאן --> עתלית-עתלית,עתלית,רכבת ישראל,חיפה,
37380,חיפה מרכז,בת גלים,בית שאן-בית שאן --> עתלית-עתלית,עתלית,רכבת ישראל,חיפה,
37380,חיפה מרכז,חוף הכרמל,בית שאן-בית שאן --> עתלית-עתלית,עתלית,רכבת ישראל,חיפה,
37380,חיפה מרכז,עתלית,בית שאן-בית שאן --> עתלית-עתלית,עתלית,רכבת ישראל,חיפה,
37378,בת גלים,חוף הכרמל,בית שאן-בית שאן --> עתלית-עתלית,עתלית,רכבת ישראל,חיפה,
37378,בת גלים,עתלית,בית שאן-בית שאן --> עתלית-עתלית,עתלית,רכבת ישראל,חיפה,
37376,חוף הכרמל,עתלית,בית שאן-בית שאן --> עתלית-עתלית,עתלית,רכבת ישראל,חוף הכרמל,
37312,באר שבע מרכז,באר שבע צפון,באר שבע מרכז-באר שבע --> נהריה-נהריה,נהריה,רכבת ישראל,באר שבע,
37312,באר שבע מרכז,להבים רהט,באר שבע מרכז-באר שבע --> נהריה-נהריה,נהריה,רכבת ישראל,באר שבע,
37312,באר שבע מרכז,קרית גת,באר שבע מרכז-באר שבע --> נהריה-נהריה,נהריה,רכבת ישראל,באר שבע,
37312,באר שבע מרכז,קרית מלאכי,באר שבע מרכז-באר שבע --> נהריה-נהריה,נהריה,רכבת ישראל,באר שבע,
37312,באר שבע מרכז,מזכרת בתיה,באר שבע מרכז-באר שבע --> נהריה-נהריה,נהריה,רכבת ישראל,באר שבע,
37312,באר שבע מרכז,רמלה,באר שבע מרכז-באר שבע --> נהריה-נהריה,נהריה,רכבת ישראל,באר שבע,
37312,באר שבע מרכז,לוד,באר שבע מרכז-באר שבע --> נהריה-נהריה,נהריה,רכבת ישראל,באר שבע,
37312,באר שבע מרכז,תל אביב ההגנה,באר שבע מרכז-באר שבע --> נהריה-נהריה,נהריה,רכבת ישראל,באר שבע,
37312,באר שבע מרכז,השלום,באר שבע מרכז-באר שבע --> נהריה-נהריה,נהריה,רכבת ישראל,באר שבע,
37312,באר שבע מרכז,תל אביב מרכז,באר שבע מרכז-באר שבע --> נהריה-נהריה,נהריה,רכבת ישראל,באר שבע,
37312,באר שבע מרכז,תל אביב האוניברסיטה - אקספו,באר שבע מרכז-באר שבע --> נהריה-נהריה,נהריה,רכבת ישראל,באר שבע,
37312,באר שבע מרכז,הרצליה,באר שבע מרכז-באר שבע --> נהריה-נהריה,נהריה,רכבת ישראל,באר שבע,
37312,באר שבע מרכז,בנימינה,באר שבע מרכז-באר שבע --> נהריה-נהריה,נהריה,רכבת ישראל,באר שבע,
37312,באר שבע מרכז,עתלית,באר שבע מרכז-באר שבע --> נהריה-נהריה,נהריה,רכבת ישראל,באר שבע,
37312,באר שבע מרכז,חוף הכרמל,באר שבע מרכז-באר שבע --> נהריה-נהריה,נהריה,רכבת ישראל,באר שבע,
37312,באר שבע מרכז,בת גלים,באר שבע מרכז-באר שבע --> נהריה-נהריה,נהריה,רכבת ישראל,באר שבע,
37312,באר שבע מרכז,חיפה מרכז,באר שבע מרכז-באר שבע --> נהריה-נהריה,נהריה,רכבת ישראל,באר שבע,
37312,באר שבע מרכז,מרכזית המפרץ/קו החוף,באר שבע מרכז-באר שבע --> נהריה-נהריה,נהריה,רכבת ישראל,באר שבע,
37312,באר שבע מרכז,חוצות מפרץ,באר שבע מרכז-באר שבע --> נהריה-נהריה,נהריה,רכבת ישראל,באר שבע,
37312,באר שבע מרכז,קרית חיים,באר שבע מרכז-באר שבע --> נהריה-נהריה,נהריה,רכבת ישראל,באר שבע,
37312,באר שבע מרכז,קרית מוצקין,באר שבע מרכז-באר שבע --> נהריה-נהריה,נהריה,רכבת ישראל,באר שבע,
37312,באר שבע מרכז,עכו,באר שבע מרכז-באר שבע --> נהריה-נהריה,נהריה,רכבת ישראל,באר שבע,
37312,באר שבע מרכז,נהריה,באר שבע מרכז-באר שבע --> נהריה-נהריה,נהריה,רכבת ישראל,באר שבע,
37314,באר שבע צפון,להבים רהט,באר שבע מרכז-באר שבע --> נהריה-נהריה,נהריה,רכבת ישראל,באר שבע,
37314,באר שבע צפון,קרית גת,באר שבע מרכז-באר שבע --> נהריה-נהריה,נהריה,רכבת ישראל,באר שבע,
37314,באר שבע צפון,קרית מלאכי,באר שבע מרכז-באר שבע --> נהריה-נהריה,נהריה,רכבת ישראל,באר שבע,
37314,באר שבע צפון,מזכרת בתיה,באר שבע מרכז-באר שבע --> נהריה-נהריה,נהריה,רכבת ישראל,באר שבע,
37314,באר שבע צפון,רמלה,באר שבע מרכז-באר שבע --> נהריה-נהריה,נהריה,רכבת ישראל,באר שבע,
37314,באר שבע צפון,לוד,באר שבע מרכז-באר שבע --> נהריה-נהריה,נהריה,רכבת ישראל,באר שבע,
37314,באר שבע צפון,תל אביב ההגנה,באר שבע מרכז-באר שבע --> נהריה-נהריה,נהריה,רכבת ישראל,באר שבע,
37314,באר שבע צפון,השלום,באר שבע מרכז-באר שבע --> נהריה-נהריה,נהריה,רכבת ישראל,באר שבע,
37314,באר שבע צפון,תל אביב מרכז,באר שבע מרכז-באר שבע --> נהריה-נהריה,נהריה,רכבת ישראל,באר שבע,
37314,באר שבע צפון,תל אביב האוניברסיטה - אקספו,באר שבע מרכז-באר שבע --> נהריה-נהריה,נהריה,רכבת ישראל,באר שבע,
37314,באר שבע צפון,הרצליה,באר שבע מרכז-באר שבע --> נהריה-נהריה,נהריה,רכבת ישראל,באר שבע,
37314,באר שבע צפון,בנימינה,באר שבע מרכז-באר שבע --> נהריה-נהריה,נהריה,רכבת ישראל,באר שבע,
37314,באר שבע צפון,עתלית,באר שבע מרכז-באר שבע --> נהריה-נהריה,נהריה,רכבת ישראל,באר שבע,
37314,באר שבע צפון,חוף הכרמל,באר שבע מרכז-באר שבע --> נהריה-נהריה,נהריה,רכבת ישראל,באר שבע,
37314,באר שבע צפון,בת גלים,באר שבע מרכז-באר שבע --> נהריה-נהריה,נהריה,רכבת ישראל,באר שבע,
37314,באר שבע צפון,חיפה מרכז,באר שבע מרכז-באר שבע --> נהריה-נהריה,נהריה,רכבת ישראל,באר שבע,
37314,באר שבע צפון,מרכזית המפרץ/קו החוף,באר שבע מרכז-באר שבע --> נהריה-נהריה,נהריה,רכבת ישראל,באר שבע,
37314,באר שבע צפון,חוצות מפרץ,באר שבע מרכז-באר שבע --> נהריה-נהריה,נהריה,רכבת ישראל,באר שבע,
37314,באר שבע צפון,קרית חיים,באר שבע מרכז-באר שבע --> נהריה-נהריה,נהריה,רכבת ישראל,באר שבע,
37314,באר שבע צפון,קרית מוצקין,באר שבע מרכז-באר שבע --> נהריה-נהריה,נהריה,רכבת ישראל,באר שבע,
37314,באר שבע צפון,עכו,באר שבע מרכז-באר שבע --> נהריה-נהריה,נהריה,רכבת ישראל,באר שבע,
37314,באר שבע צפון,נהריה,באר שבע מרכז-באר שבע --> נהריה-נהריה,נהריה,רכבת ישראל,באר שבע,
37308,להבים רהט,קרית גת,באר שבע מרכז-באר שבע --> נהריה-נהריה,נהריה,רכבת ישראל,להבים,
37308,להבים רהט,קרית מלאכי,באר שבע מרכז-באר שבע --> נהריה-נהריה,נהריה,רכבת ישראל,להבים,
37308,להבים רהט,מזכרת בתיה,באר שבע מרכז-באר שבע --> נהריה-נהריה,נהריה,רכבת ישראל,להבים,
37308,להבים רהט,רמלה,באר שבע מרכז-באר שבע --> נהריה-נהריה,נהריה,רכבת ישראל,להבים,
37308,להבים רהט,לוד,באר שבע מרכז-באר שבע --> נהריה-נהריה,נהריה,רכבת ישראל,להבים,
37308,להבים רהט,תל אביב ההגנה,באר שבע מרכז-באר שבע --> נהריה-נהריה,נהריה,רכבת ישראל,להבים,
37308,להבים רהט,השלום,באר שבע מרכז-באר שבע --> נהריה-נהריה,נהריה,רכבת ישראל,להבים,
37308,להבים רהט,תל אביב מרכז,באר שבע מרכז-באר שבע --> נהריה-נהריה,נהריה,רכבת ישראל,להבים,
37308,להבים רהט,תל אביב האוניברסיטה - אקספו,באר שבע מרכז-באר שבע --> נהריה-נהריה,נהריה,רכבת ישראל,להבים,
37308,להבים רהט,הרצליה,באר שבע מרכז-באר שבע --> נהריה-נהריה,נהריה,רכבת ישראל,להבים,
37308,להבים רהט,בנימינה,באר שבע מרכז-באר שבע --> נהריה-נהריה,נהריה,רכבת ישראל,להבים,
37308,להבים רהט,עתלית,באר שבע מרכז-באר שבע --> נהריה-נהריה,נהריה,רכבת ישראל,להבים,
37308,להבים רהט,חוף הכרמל,באר שבע מרכז-באר שבע --> נהריה-נהריה,נהריה,רכבת ישראל,להבים,
37308,להבים רהט,בת גלים,באר שבע מרכז-באר שבע --> נהריה-נהריה,נהריה,רכבת ישראל,להבים,
37308,להבים רהט,חיפה מרכז,באר שבע מרכז-באר שבע --> נהריה-נהריה,נהריה,רכבת ישראל,להבים,
37308,להבים רהט,מרכזית המפרץ/קו החוף,באר שבע מרכז-באר שבע --> נהריה-נהריה,נהריה,רכבת ישראל,להבים,
37308,להבים רהט,חוצות מפרץ,באר שבע מרכז-באר שבע --> נהריה-נהריה,נהריה,רכבת ישראל,להבים,
37308,להבים רהט,קרית חיים,באר שבע מרכז-באר שבע --> נהריה-נהריה,נהריה,רכבת ישראל,להבים,
37308,להבים רהט,קרית מוצקין,באר שבע מרכז-באר שבע --> נהריה-נהריה,נהריה,רכבת ישראל,להבים,
37308,להבים רהט,עכו,באר שבע מרכז-באר שבע --> נהריה-נהריה,נהריה,רכבת ישראל,להבים,
37308,להבים רהט,נהריה,באר שבע מרכז-באר שבע --> נהריה-נהריה,נהריה,רכבת ישראל,להבים,
37316,קרית גת,קרית מלאכי,באר שבע מרכז-באר שבע --> נהריה-נהריה,נהריה,רכבת ישראל,קרית גת,
37316,קרית גת,מזכרת בתיה,באר שבע מרכז-באר שבע --> נהריה-נהריה,נהריה,רכבת ישראל,קרית גת,
37316,קרית גת,רמלה,באר שבע מרכז-באר שבע --> נהריה-נהריה,נהריה,רכבת ישראל,קרית גת,
37316,קרית גת,לוד,באר שבע מרכז-באר שבע --> נהריה-נהריה,נהריה,רכבת ישראל,קרית גת,
37316,קרית גת,תל אביב ההגנה,באר שבע מרכז-באר שבע --> נהריה-נהריה,נהריה,רכבת ישראל,קרית גת,
37316,קרית גת,השלום,באר שבע מרכז-באר שבע --> נהריה-נהריה,נהריה,רכבת ישראל,קרית גת,
37316,קרית גת,תל אביב מרכז,באר שבע מרכז-באר שבע --> נהריה-נהריה,נהריה,רכבת ישראל,קרית גת,
37316,קרית גת,תל אביב האוניברסיטה - אקספו,באר שבע מרכז-באר שבע --> נהריה-נהריה,נהריה,רכבת ישראל,קרית גת,
37316,קרית גת,הרצליה,באר שבע מרכז-באר שבע --> נהריה-נהריה,נהריה,רכבת ישראל,קרית גת,
37316,קרית גת,בנימינה,באר שבע מרכז-באר שבע --> נהריה-נהריה,נהריה,רכבת ישראל,קרית גת,
37316,קרית גת,עתלית,באר שבע מרכז-באר שבע --> נהריה-נהריה,נהריה,רכבת ישראל,קרית גת,
37316,קרית גת,חוף הכרמל,באר שבע מרכז-באר שבע --> נהריה-נהריה,נהריה,רכבת ישראל,קרית גת,
37316,קרית גת,בת גלים,באר שבע מרכז-באר שבע --> נהריה-נהריה,נהריה,רכבת ישראל,קרית גת,
37316,קרית גת,חיפה מרכז,באר שבע מרכז-באר שבע --> נהריה-נהריה,נהריה,רכבת ישראל,קרית גת,
37316,קרית גת,מרכזית המפרץ/קו החוף,באר שבע מרכז-באר שבע --> נהריה-נהריה,נהריה,רכבת ישראל,קרית גת,
37316,קרית גת,חוצות מפרץ,באר שבע מרכז-באר שבע --> נהריה-נהריה,נהריה,רכבת ישראל,קרית גת,
37316,קרית גת,קרית חיים,באר שבע מרכז-באר שבע --> נהריה-נהריה,נהריה,רכבת ישראל,קרית גת,
37316,קרית גת,קרית מוצקין,באר שבע מרכז-באר שבע --> נהריה-נהריה,נהריה,רכבת ישראל,קרית גת,
37316,קרית גת,עכו,באר שבע מרכז-באר שבע --> נהריה-נהריה,נהריה,רכבת ישראל,קרית גת,
37316,קרית גת,נהריה,באר שבע מרכז-באר שבע --> נהריה-נהריה,נהריה,רכבת ישראל,קרית גת,
42419,קרית מלאכי,מזכרת בתיה,באר שבע מרכז-באר שבע --> נהריה-נהריה,נהריה,רכבת ישראל,קרית מלאכי,
42419,קרית מלאכי,רמלה,באר שבע מרכז-באר שבע --> נהריה-נהריה,נהריה,רכבת ישראל,קרית מלאכי,
42419,קרית מלאכי,לוד,באר שבע מרכז-באר שבע --> נהריה-נהריה,נהריה,רכבת ישראל,קרית מלאכי,
42419,קרית מלאכי,תל אביב ההגנה,באר שבע מרכז-באר שבע --> נהריה-נהריה,נהריה,רכבת ישראל,קרית מלאכי,
42419,קרית מלאכי,השלום,באר שבע מרכז-באר שבע --> נהריה-נהריה,נהריה,רכבת ישראל,קרית מלאכי,
42419,קרית מלאכי,תל אביב מרכז,באר שבע מרכז-באר שבע --> נהריה-נהריה,נהריה,רכבת ישראל,קרית מלאכי,
42419,קרית מלאכי,תל אביב האוניברסיטה - אקספו,באר שבע מרכז-באר שבע --> נהריה-נהריה,נהריה,רכבת ישראל,קרית מלאכי,
42419,קרית מלאכי,הרצליה,באר שבע מרכז-באר שבע --> נהריה-נהריה,נהריה,רכבת ישראל,קרית מלאכי,
42419,קרית מלאכי,בנימינה,באר שבע מרכז-באר שבע --> נהריה-נהריה,נהריה,רכבת ישראל,קרית מלאכי,
42419,קרית מלאכי,עתלית,באר שבע מרכז-באר שבע --> נהריה-נהריה,נהריה,רכבת ישראל,קרית מלאכי,
42419,קרית מלאכי,חוף הכרמל,באר שבע מרכז-באר שבע --> נהריה-נהריה,נהריה,רכבת ישראל,קרית מלאכי,
42419,קרית מלאכי,בת גלים,באר שבע מרכז-באר שבע --> נהריה-נהריה,נהריה,רכבת ישראל,קרית מלאכי,
42419,קרית מלאכי,חיפה מרכז,באר שבע מרכז-באר שבע --> נהריה-נהריה,נהריה,רכבת ישראל,קרית מלאכי,
42419,קרית מלאכי,מרכזית המפרץ/קו החוף,באר שבע מרכז-באר שבע --> נהריה-נהריה,נהריה,רכבת ישראל,קרית מלאכי,
42419,קרית מלאכי,חוצות מפרץ,באר שבע מרכז-באר שבע --> נהריה-נהריה,נהריה,רכבת ישראל,קרית מלאכי,
42419,קרית מלאכי,קרית חיים,באר שבע מרכז-באר שבע --> נהריה-נהריה,נהריה,רכבת ישראל,קרית מלאכי,
42419,קרית מלאכי,קרית מוצקין,באר שבע מרכז-באר שבע --> נהריה-נהריה,נהריה,רכבת ישראל,קרית מלאכי,
42419,קרית מלאכי,עכו,באר שבע מרכז-באר שבע --> נהריה-נהריה,נהריה,רכבת ישראל,קרית מלאכי,
42419,קרית מלאכי,נהריה,באר שבע מרכז-באר שבע --> נהריה-נהריה,נהריה,רכבת ישראל,קרית מלאכי,
42418,מזכרת בתיה,רמלה,באר שבע מרכז-באר שבע --> נהריה-נהריה,נהריה,רכבת ישראל,מזכרת בתיה,
42418,מזכרת בתיה,לוד,באר שבע מרכז-באר שבע --> נהריה-נהריה,נהריה,רכבת ישראל,מזכרת בתיה,
42418,מזכרת בתיה,תל אביב ההגנה,באר שבע מרכז-באר שבע --> נהריה-נהריה,נהריה,רכבת ישראל,מזכרת בתיה,
42418,מזכרת בתיה,השלום,באר שבע מרכז-באר שבע --> נהריה-נהריה,נהריה,רכבת ישראל,מזכרת בתיה,
42418,מזכרת בתיה,תל אביב מרכז,באר שבע מרכז-באר שבע --> נהריה-נהריה,נהריה,רכבת ישראל,מזכרת בתיה,
42418,מזכרת בתיה,תל אביב האוניברסיטה - אקספו,באר שבע מרכז-באר שבע --> נהריה-נהריה,נהריה,רכבת ישראל,מזכרת בתיה,
42418,מזכרת בתיה,הרצליה,באר שבע מרכז-באר שבע --> נהריה-נהריה,נהריה,רכבת ישראל,מזכרת בתיה,
42418,מזכרת בתיה,בנימינה,באר שבע מרכז-באר שבע --> נהריה-נהריה,נהריה,רכבת ישראל,מזכרת בתיה,
42418,מזכרת בתיה,עתלית,באר שבע מרכז-באר שבע --> נהריה-נהריה,נהריה,רכבת ישראל,מזכרת בתיה,
42418,מזכרת בתיה,חוף הכרמל,באר שבע מרכז-באר שבע --> נהריה-נהריה,נהריה,רכבת ישראל,מזכרת בתיה,
42418,מזכרת בתיה,בת גלים,באר שבע מרכז-באר שבע --> נהריה-נהריה,נהריה,רכבת ישראל,מזכרת בתיה,
42418,מזכרת בתיה,חיפה מרכז,באר שבע מרכז-באר שבע --> נהריה-נהריה,נהריה,רכבת ישראל,מזכרת בתיה,
42418,מזכרת בתיה,מרכזית המפרץ/קו החוף,באר שבע מרכז-באר שבע --> נהריה-נהריה,נהריה,רכבת ישראל,מזכרת בתיה,
42418,מזכרת בתיה,חוצות מפרץ,באר שבע מרכז-באר שבע --> נהריה-נהריה,נהריה,רכבת ישראל,מזכרת בתיה,
42418,מזכרת בתיה,קרית חיים,באר שבע מרכז-באר שבע --> נהריה-נהריה,נהריה,רכבת ישראל,מזכרת בתיה,
42418,מזכרת בתיה,קרית מוצקין,באר שבע מרכז-באר שבע --> נהריה-נהריה,נהריה,רכבת ישראל,מזכרת בתיה,
42418,מזכרת בתיה,עכו,באר שבע מרכז-באר שבע --> נהריה-נהריה,נהריה,רכבת ישראל,מזכרת בתיה,
42418,מזכרת בתיה,נהריה,באר שבע מרכז-באר שבע --> נהריה-נהריה,נהריה,רכבת ישראל,מזכרת בתיה,
37336,רמלה,לוד,באר שבע מרכז-באר שבע --> נהריה-נהריה,נהריה,רכבת ישראל,רמלה,
37336,רמלה,תל אביב ההגנה,באר שבע מרכז-באר שבע --> נהריה-נהריה,נהריה,רכבת ישראל,רמלה,
37336,רמלה,השלום,באר שבע מרכז-באר שבע --> נהריה-נהריה,נהריה,רכבת ישראל,רמלה,
37336,רמלה,תל אביב מרכז,באר שבע מרכז-באר שבע --> נהריה-נהריה,נהריה,רכבת ישראל,רמלה,
37336,רמלה,תל אביב האוניברסיטה - אקספו,באר שבע מרכז-באר שבע --> נהריה-נהריה,נהריה,רכבת ישראל,רמלה,
37336,רמלה,הרצליה,באר שבע מרכז-באר שבע --> נהריה-נהריה,נהריה,רכבת ישראל,רמלה,
37336,רמלה,בנימינה,באר שבע מרכז-באר שבע --> נהריה-נהריה,נהריה,רכבת ישראל,רמלה,
37336,רמלה,עתלית,באר שבע מרכז-באר שבע --> נהריה-נהריה,נהריה,רכבת ישראל,רמלה,
37336,רמלה,חוף הכרמל,באר שבע מרכז-באר שבע --> נהריה-נהריה,נהריה,רכבת ישראל,רמלה,
37336,רמלה,בת גלים,באר שבע מרכז-באר שבע --> נהריה-נהריה,נהריה,רכבת ישראל,רמלה,
37336,רמלה,חיפה מרכז,באר שבע מרכז-באר שבע --> נהריה-נהריה,נהריה,רכבת ישראל,רמלה,
37336,רמלה,מרכזית המפרץ/קו החוף,באר שבע מרכז-באר שבע --> נהריה-נהריה,נהריה,רכבת ישראל,רמלה,
37336,רמלה,חוצות מפרץ,באר שבע מרכז-באר שבע --> נהריה-נהריה,נהריה,רכבת ישראל,רמלה,
37336,רמלה,קרית חיים,באר שבע מרכז-באר שבע --> נהריה-נהריה,נהריה,רכבת ישראל,רמלה,
37336,רמלה,קרית מוצקין,באר שבע מרכז-באר שבע --> נהריה-נהריה,נהריה,רכבת ישראל,רמלה,
37336,רמלה,עכו,באר שבע מרכז-באר שבע --> נהריה-נהריה,נהריה,רכבת ישראל,רמלה,
37336,רמלה,נהריה,באר שבע מרכז-באר שבע --> נהריה-נהריה,נהריה,רכבת ישראל,רמלה,
37338,לוד,תל אביב ההגנה,באר שבע מרכז-באר שבע --> נהריה-נהריה,נהריה,רכבת ישראל,לוד,
37338,לוד,השלום,באר שבע מרכז-באר שבע --> נהריה-נהריה,נהריה,רכבת ישראל,לוד,
37338,לוד,תל אביב מרכז,באר שבע מרכז-באר שבע --> נהריה-נהריה,נהריה,רכבת ישראל,לוד,
37338,לוד,תל אביב האוניברסיטה - אקספו,באר שבע מרכז-באר שבע --> נהריה-נהריה,נהריה,רכבת ישראל,לוד,
37338,לוד,הרצליה,באר שבע מרכז-באר שבע --> נהריה-נהריה,נהריה,רכבת ישראל,לוד,
37338,לוד,בנימינה,באר שבע מרכז-באר שבע --> נהריה-נהריה,נהריה,רכבת ישראל,לוד,
37338,לוד,עתלית,באר שבע מרכז-באר שבע --> נהריה-נהריה,נהריה,רכבת ישראל,לוד,
37338,לוד,חוף הכרמל,באר שבע מרכז-באר שבע --> נהריה-נהריה,נהריה,רכבת ישראל,לוד,
37338,לוד,בת גלים,באר שבע מרכז-באר שבע --> נהריה-נהריה,נהריה,רכבת ישראל,לוד,
37338,לוד,חיפה מרכז,באר שבע מרכז-באר שבע --> נהריה-נהריה,נהריה,רכבת ישראל,לוד,
37338,לוד,מרכזית המפרץ/קו החוף,באר שבע מרכז-באר שבע --> נהריה-נהריה,נהריה,רכבת ישראל,לוד,
37338,לוד,חוצות מפרץ,באר שבע מרכז-באר שבע --> נהריה-נהריה,נהריה,רכבת ישראל,לוד,
37338,לוד,קרית חיים,באר שבע מרכז-באר שבע --> נהריה-נהריה,נהריה,רכבת ישראל,לוד,
37338,לוד,קרית מוצקין,באר שבע מרכז-באר שבע --> נהריה-נהריה,נהריה,רכבת ישראל,לוד,
37338,לוד,עכו,באר שבע מרכז-באר שבע --> נהריה-נהריה,נהריה,רכבת ישראל,לוד,
37338,לוד,נהריה,באר שבע מרכז-באר שבע --> נהריה-נהריה,נהריה,רכבת ישראל,לוד,
37292,תל אביב ההגנה,השלום,באר שבע מרכז-באר שבע --> נהריה-נהריה,נהריה,רכבת ישראל,תל אביב יפו,
37292,תל אביב ההגנה,תל אביב מרכז,באר שבע מרכז-באר שבע --> נהריה-נהריה,נהריה,רכבת ישראל,תל אביב יפו,
37292,תל אביב ההגנה,תל אביב האוניברסיטה - אקספו,באר שבע מרכז-באר שבע --> נהריה-נהריה,נהריה,רכבת ישראל,תל אביב יפו,
37292,תל אביב ההגנה,הרצליה,באר שבע מרכז-באר שבע --> נהריה-נהריה,נהריה,רכבת ישראל,תל אביב יפו,
37292,תל אביב ההגנה,בנימינה,באר שבע מרכז-באר שבע --> נהריה-נהריה,נהריה,רכבת ישראל,תל אביב יפו,
37292,תל אביב ההגנה,עתלית,באר שבע מרכז-באר שבע --> נהריה-נהריה,נהריה,רכבת ישראל,תל אביב יפו,
37292,תל אביב ההגנה,חוף הכרמל,באר שבע מרכז-באר שבע --> נהריה-נהריה,נהריה,רכבת ישראל,תל אביב יפו,
37292,תל אביב ההגנה,בת גלים,באר שבע מרכז-באר שבע --> נהריה-נהריה,נהריה,רכבת ישראל,תל אביב יפו,
37292,תל אביב ההגנה,חיפה מרכז,באר שבע מרכז-באר שבע --> נהריה-נהריה,נהריה,רכבת ישראל,תל אביב יפו,
37292,תל אביב ההגנה,מרכזית המפרץ/קו החוף,באר שבע מרכז-באר שבע --> נהריה-נהריה,נהריה,רכבת ישראל,תל אביב יפו,
37292,תל אביב ההגנה,חוצות מפרץ,באר שבע מרכז-באר שבע --> נהריה-נהריה,נהריה,רכבת ישראל,תל אביב יפו,
37292,תל אביב ההגנה,קרית חיים,באר שבע מרכז-באר שבע --> נהריה-נהריה,נהריה,רכבת ישראל,תל אביב יפו,
37292,תל אביב ההגנה,קרית מוצקין,באר שבע מרכז-באר שבע --> נהריה-נהריה,נהריה,רכבת ישראל,תל אביב יפו,
37292,תל אביב ההגנה,עכו,באר שבע מרכז-באר שבע --> נהריה-נהריה,נהריה,רכבת ישראל,תל אביב יפו,
37292,תל אביב ההגנה,נהריה,באר שבע מרכז-באר שבע --> נהריה-נהריה,נהריה,רכבת ישראל,תל אביב יפו,
37350,השלום,תל אביב מרכז,באר שבע מרכז-באר שבע --> נהריה-נהריה,נהריה,רכבת ישראל,תל אביב יפו,
37350,השלום,תל אביב האוניברסיטה - אקספו,באר שבע מרכז-באר שבע --> נהריה-נהריה,נהריה,רכבת ישראל,תל אביב יפו,
37350,השלום,הרצליה,באר שבע מרכז-באר שבע --> נהריה-נהריה,נהריה,רכבת ישראל,תל אביב יפו,
37350,השלום,בנימינה,באר שבע מרכז-באר שבע --> נהריה-נהריה,נהריה,רכבת ישראל,תל אביב יפו,
37350,השלום,עתלית,באר שבע מרכז-באר שבע --> נהריה-נהריה,נהריה,רכבת ישראל,תל אביב יפו,
37350,השלום,חוף הכרמל,באר שבע מרכז-באר שבע --> נהריה-נהריה,נהריה,רכבת ישראל,תל אביב יפו,
37350,השלום,בת גלים,באר שבע מרכז-באר שבע --> נהריה-נהריה,נהריה,רכבת ישראל,תל אביב יפו,
37350,השלום,חיפה מרכז,באר שבע מרכז-באר שבע --> נהריה-נהריה,נהריה,רכבת ישראל,תל אביב יפו,
37350,השלום,מרכזית המפרץ/קו החוף,באר שבע מרכז-באר שבע --> נהריה-נהריה,נהריה,רכבת ישראל,תל אביב יפו,
37350,השלום,חוצות מפרץ,באר שבע מרכז-באר שבע --> נהריה-נהריה,נהריה,רכבת ישראל,תל אביב יפו,
37350,השלום,קרית חיים,באר שבע מרכז-באר שבע --> נהריה-נהריה,נהריה,רכבת ישראל,תל אביב יפו,
37350,השלום,קרית מוצקין,באר שבע מרכז-באר שבע --> נהריה-נהריה,נהריה,רכבת ישראל,תל אביב יפו,
37350,השלום,עכו,באר שבע מרכז-באר שבע --> נהריה-נהריה,נהריה,רכבת ישראל,תל אביב יפו,
37350,השלום,נהריה,באר שבע מרכז-באר שבע --> נהריה-נהריה,נהריה,רכבת ישראל,תל אביב יפו,
37358,תל אביב מרכז,תל אביב האוניברסיטה - אקספו,באר שבע מרכז-באר שבע --> נהריה-נהריה,נהריה,רכבת ישראל,תל אביב יפו,
37358,תל אביב מרכז,הרצליה,באר שבע מרכז-באר שבע --> נהריה-נהריה,נהריה,רכבת ישראל,תל אביב יפו,
37358,תל אביב מרכז,בנימינה,באר שבע מרכז-באר שבע --> נהריה-נהריה,נהריה,רכבת ישראל,תל אביב יפו,
37358,תל אביב מרכז,עתלית,באר שבע מרכז-באר שבע --> נהריה-נהריה,נהריה,רכבת ישראל,תל אביב יפו,
37358,תל אביב מרכז,חוף הכרמל,באר שבע מרכז-באר שבע --> נהריה-נהריה,נהריה,רכבת ישראל,תל אביב יפו,
37358,תל אביב מרכז,בת גלים,באר שבע מרכז-באר שבע --> נהריה-נהריה,נהריה,רכבת ישראל,תל אביב יפו,
37358,תל אביב מרכז,חיפה מרכז,באר שבע מרכז-באר שבע --> נהריה-נהריה,נהריה,רכבת ישראל,תל אביב יפו,
37358,תל אביב מרכז,מרכזית המפרץ/קו החוף,באר שבע מרכז-באר שבע --> נהריה-נהריה,נהריה,רכבת ישראל,תל אביב יפו,
37358,תל אביב מרכז,חוצות מפרץ,באר שבע מרכז-באר שבע --> נהריה-נהריה,נהריה,רכבת ישראל,תל אביב יפו,
37358,תל אביב מרכז,קרית חיים,באר שבע מרכז-באר שבע --> נהריה-נהריה,נהריה,רכבת ישראל,תל אביב יפו,
37358,תל אביב מרכז,קרית מוצקין,באר שבע מרכז-באר שבע --> נהריה-נהריה,נהריה,רכבת ישראל,תל אביב יפו,
37358,תל אביב מרכז,עכו,באר שבע מרכז-באר שבע --> נהריה-נהריה,נהריה,רכבת ישראל,תל אביב יפו,
37358,תל אביב מרכז,נהריה,באר שבע מרכז-באר שבע --> נהריה-נהריה,נהריה,רכבת ישראל,תל אביב יפו,
37360,תל אביב האוניברסיטה - אקספו,הרצליה,באר שבע מרכז-באר שבע --> נהריה-נהריה,נהריה,רכבת ישראל,תל אביב יפו,
37360,תל אביב האוניברסיטה - אקספו,בנימינה,באר שבע מרכז-באר שבע --> נהריה-נהריה,נהריה,רכבת ישראל,תל אביב יפו,
37360,תל אביב האוניברסיטה - אקספו,עתלית,באר שבע מרכז-באר שבע --> נהריה-נהריה,נהריה,רכבת ישראל,תל אביב יפו,
37360,תל אביב האוניברסיטה - אקספו,חוף הכרמל,באר שבע מרכז-באר שבע --> נהריה-נהריה,נהריה,רכבת ישראל,תל אביב יפו,
37360,תל אביב האוניברסיטה - אקספו,בת גלים,באר שבע מרכז-באר שבע --> נהריה-נהריה,נהריה,רכבת ישראל,תל אביב יפו,
37360,תל אביב האוניברסיטה - אקספו,חיפה מרכז,באר שבע מרכז-באר שבע --> נהריה-נהריה,נהריה,רכבת ישראל,תל אביב יפו,
37360,תל אביב האוניברסיטה - אקספו,מרכזית המפרץ/קו החוף,באר שבע מרכז-באר שבע --> נהריה-נהריה,נהריה,רכבת ישראל,תל אביב יפו,
37360,תל אביב האוניברסיטה - אקספו,חוצות מפרץ,באר שבע מרכז-באר שבע --> נהריה-נהריה,נהריה,רכבת ישראל,תל אביב יפו,
37360,תל אביב האוניברסיטה - אקספו,קרית חיים,באר שבע מרכז-באר שבע --> נהריה-נהריה,נהריה,רכבת ישראל,תל אביב יפו,
37360,תל אביב האוניברסיטה - אקספו,קרית מוצקין,באר שבע מרכז-באר שבע --> נהריה-נהריה,נהריה,רכבת ישראל,תל אביב יפו,
37360,תל אביב האוניברסיטה - אקספו,עכו,באר שבע מרכז-באר שבע --> נהריה-נהריה,נהריה,רכבת ישראל,תל אביב יפו,
37360,תל אביב האוניברסיטה - אקספו,נהריה,באר שבע מרכז-באר שבע --> נהריה-נהריה,נהריה,רכבת ישראל,תל אביב יפו,
37362,הרצליה,בנימינה,באר שבע מרכז-באר שבע --> נהריה-נהריה,נהריה,רכבת ישראל,הרצליה,
37362,הרצליה,עתלית,באר שבע מרכז-באר שבע --> נהריה-נהריה,נהריה,רכבת ישראל,הרצליה,
37362,הרצליה,חוף הכרמל,באר שבע מרכז-באר שבע --> נהריה-נהריה,נהריה,רכבת ישראל,הרצליה,
37362,הרצליה,בת גלים,באר שבע מרכז-באר שבע --> נהריה-נהריה,נהריה,רכבת ישראל,הרצליה,
37362,הרצליה,חיפה מרכז,באר שבע מרכז-באר שבע --> נהריה-נהריה,נהריה,רכבת ישראל,הרצליה,
37362,הרצליה,מרכזית המפרץ/קו החוף,באר שבע מרכז-באר שבע --> נהריה-נהריה,נהריה,רכבת ישראל,הרצליה,
37362,הרצליה,חוצות מפרץ,באר שבע מרכז-באר שבע --> נהריה-נהריה,נהריה,רכבת ישראל,הרצליה,
37362,הרצליה,קרית חיים,באר שבע מרכז-באר שבע --> נהריה-נהריה,נהריה,רכבת ישראל,הרצליה,
37362,הרצליה,קרית מוצקין,באר שבע מרכז-באר שבע --> נהריה-נהריה,נהריה,רכבת ישראל,הרצליה,
37362,הרצליה,עכו,באר שבע מרכז-באר שבע --> נהריה-נהריה,נהריה,רכבת ישראל,הרצליה,
37362,הרצליה,נהריה,באר שבע מרכז-באר שבע --> נהריה-נהריה,נהריה,רכבת ישראל,הרצליה,
37372,בנימינה,עתלית,באר שבע מרכז-באר שבע --> נהריה-נהריה,נהריה,רכבת ישראל,בנימינה גבעת עדה,
37372,בנימינה,חוף הכרמל,באר שבע מרכז-באר שבע --> נהריה-נהריה,נהריה,רכבת ישראל,בנימינה גבעת עדה,
37372,בנימינה,בת גלים,באר שבע מרכז-באר שבע --> נהריה-נהריה,נהריה,רכבת ישראל,בנימינה גבעת עדה,
37372,בנימינה,חיפה מרכז,באר שבע מרכז-באר שבע --> נהריה-נהריה,נהריה,רכבת ישראל,בנימינה גבעת עדה,
37372,בנימינה,מרכזית המפרץ/קו החוף,באר שבע מרכז-באר שבע --> נהריה-נהריה,נהריה,רכבת ישראל,בנימינה גבעת עדה,
37372,בנימינה,חוצות מפרץ,באר שבע מרכז-באר שבע --> נהריה-נהריה,נהריה,רכבת ישראל,בנימינה גבעת עדה,
37372,בנימינה,קרית חיים,באר שבע מרכז-באר שבע --> נהריה-נהריה,נהריה,רכבת ישראל,בנימינה גבעת עדה,
37372,בנימינה,קרית מוצקין,באר שבע מרכז-באר שבע --> נהריה-נהריה,נהריה,רכבת ישראל,בנימינה גבעת עדה,
37372,בנימינה,עכו,באר שבע מרכז-באר שבע --> נהריה-נהריה,נהריה,רכבת ישראל,בנימינה גבעת עדה,
37372,בנימינה,נהריה,באר שבע מרכז-באר שבע --> נהריה-נהריה,נהריה,רכבת ישראל,בנימינה גבעת עדה,
37374,עתלית,חוף הכרמל,באר שבע מרכז-באר שבע --> נהריה-נהריה,נהריה,רכבת ישראל,עתלית,
37374,עתלית,בת גלים,באר שבע מרכז-באר שבע --> נהריה-נהריה,נהריה,רכבת ישראל,עתלית,
37374,עתלית,חיפה מרכז,באר שבע מרכז-באר שבע --> נהריה-נהריה,נהריה,רכבת ישראל,עתלית,
37374,עתלית,מרכזית המפרץ/קו החוף,באר שבע מרכז-באר שבע --> נהריה-נהריה,נהריה,רכבת ישראל,עתלית,
37374,עתלית,חוצות מפרץ,באר שבע מרכז-באר שבע --> נהריה-נהריה,נהריה,רכבת ישראל,עתלית,
37374,עתלית,קרית חיים,באר שבע מרכז-באר שבע --> נהריה-נהריה,נהריה,רכבת ישראל,עתלית,
37374,עתלית,קרית מוצקין,באר שבע מרכז-באר שבע --> נהריה-נהריה,נהריה,רכבת ישראל,עתלית,
37374,עתלית,עכו,באר שבע מרכז-באר שבע --> נהריה-נהריה,נהריה,רכבת ישראל,עתלית,
37374,עתלית,נהריה,באר שבע מרכז-באר שבע --> נהריה-נהריה,נהריה,רכבת ישראל,עתלית,
37376,חוף הכרמל,בת גלים,באר שבע מרכז-באר שבע --> נהריה-נהריה,נהריה,רכבת ישראל,חוף הכרמל,
37376,חוף הכרמל,חיפה מרכז,באר שבע מרכז-באר שבע --> נהריה-נהריה,נהריה,רכבת ישראל,חוף הכרמל,
37376,חוף הכרמל,מרכזית המפרץ/קו החוף,באר שבע מרכז-באר שבע --> נהריה-נהריה,נהריה,רכבת ישראל,חוף הכרמל,
37376,חוף הכרמל,חוצות מפרץ,באר שבע מרכז-באר שבע --> נהריה-נהריה,נהריה,רכבת ישראל,חוף הכרמל,
37376,חוף הכרמל,קרית חיים,באר שבע מרכז-באר שבע --> נהריה-נהריה,נהריה,רכבת ישראל,חוף הכרמל,
37376,חוף הכרמל,קרית מוצקין,באר שבע מרכז-באר שבע --> נהריה-נהריה,נהריה,רכבת ישראל,חוף הכרמל,
37376,חוף הכרמל,עכו,באר שבע מרכז-באר שבע --> נהריה-נהריה,נהריה,רכבת ישראל,חוף הכרמל,
37376,חוף הכרמל,נהריה,באר שבע מרכז-באר שבע --> נהריה-נהריה,נהריה,רכבת ישראל,חוף הכרמל,
37378,בת גלים,חיפה מרכז,באר שבע מרכז-באר שבע --> נהריה-נהריה,נהריה,רכבת ישראל,חיפה,
37378,בת גלים,מרכזית המפרץ/קו החוף,באר שבע מרכז-באר שבע --> נהריה-נהריה,נהריה,רכבת ישראל,חיפה,
37378,בת גלים,חוצות מפרץ,באר שבע מרכז-באר שבע --> נהריה-נהריה,נהריה,רכבת ישראל,חיפה,
37378,בת גלים,קרית חיים,באר שבע מרכז-באר שבע --> נהריה-נהריה,נהריה,רכבת ישראל,חיפה,
37378,בת גלים,קרית מוצקין,באר שבע מרכז-באר שבע --> נהריה-נהריה,נהריה,רכבת ישראל,חיפה,
37378,בת גלים,עכו,באר שבע מרכז-באר שבע --> נהריה-נהריה,נהריה,רכבת ישראל,חיפה,
37378,בת גלים,נהריה,באר שבע מרכז-באר שבע --> נהריה-נהריה,נהריה,רכבת ישראל,חיפה,
37380,חיפה מרכז,מרכזית המפרץ/קו החוף,באר שבע מרכז-באר שבע --> נהריה-נהריה,נהריה,רכבת ישראל,חיפה,
37380,חיפה מרכז,חוצות מפרץ,באר שבע מרכז-באר שבע --> נהריה-נהריה,נהריה,רכבת ישראל,חיפה,
37380,חיפה מרכז,קרית חיים,באר שבע מרכז-באר שבע --> נהריה-נהריה,נהריה,רכבת ישראל,חיפה,
37380,חיפה מרכז,קרית מוצקין,באר שבע מרכז-באר שבע --> נהריה-נהריה,נהריה,רכבת ישראל,חיפה,
37380,חיפה מרכז,עכו,באר שבע מרכז-באר שבע --> נהריה-נהריה,נהריה,רכבת ישראל,חיפה,
37380,חיפה מרכז,נהריה,באר שבע מרכז-באר שבע --> נהריה-נהריה,נהריה,רכבת ישראל,חיפה,
37388,מרכזית המפרץ/קו החוף,חוצות מפרץ,באר שבע מרכז-באר שבע --> נהריה-נהריה,נהריה,רכבת ישראל,חיפה,
37388,מרכזית המפרץ/קו החוף,קרית חיים,באר שבע מרכז-באר שבע --> נהריה-נהריה,נהריה,רכבת ישראל,חיפה,
37388,מרכזית המפרץ/קו החוף,קרית מוצקין,באר שבע מרכז-באר שבע --> נהריה-נהריה,נהריה,רכבת ישראל,חיפה,
37388,מרכזית המפרץ/קו החוף,עכו,באר שבע מרכז-באר שבע --> נהריה-נהריה,נהריה,רכבת ישראל,חיפה,
37388,מרכזית המפרץ/קו החוף,נהריה,באר שבע מרכז-באר שבע --> נהריה-נהריה,נהריה,רכבת ישראל,חיפה,
37386,חוצות מפרץ,קרית חיים,באר שבע מרכז-באר שבע --> נהריה-נהריה,נהריה,רכבת ישראל,חיפה,
37386,חוצות מפרץ,קרית מוצקין,באר שבע מרכז-באר שבע --> נהריה-נהריה,נהריה,רכבת ישראל,חיפה,
37386,חוצות מפרץ,עכו,באר שבע מרכז-באר שבע --> נהריה-נהריה,נהריה,רכבת ישראל,חיפה,
37386,חוצות מפרץ,נהריה,באר שבע מרכז-באר שבע --> נהריה-נהריה,נהריה,רכבת ישראל,חיפה,
37392,קרית חיים,קרית מוצקין,באר שבע מרכז-באר שבע --> נהריה-נהריה,נהריה,רכבת ישראל,חיפה,
37392,קרית חיים,עכו,באר שבע מרכז-באר שבע --> נהריה-נהריה,נהריה,רכבת ישראל,חיפה,
37392,קרית חיים,נהריה,באר שבע מרכז-באר שבע --> נהריה-נהריה,נהריה,רכבת ישראל,חיפה,
41293,קרית מוצקין,עכו,באר שבע מרכז-באר שבע --> נהריה-נהריה,נהריה,רכבת ישראל,קרית מוצקין,
41293,קרית מוצקין,נהריה,באר שבע מרכז-באר שבע --> נהריה-נהריה,נהריה,רכבת ישראל,קרית מוצקין,
37384,עכו,נהריה,באר שבע מרכז-באר שבע --> נהריה-נהריה,נהריה,רכבת ישראל,עכו,
37376,חוף הכרמל,קרית מוצקין,חוף הכרמל-חיפה --> כרמיאל-כרמיאל,כרמיאל,רכבת ישראל,חוף הכרמל,
37376,חוף הכרמל,אחיהוד,חוף הכרמל-חיפה --> כרמיאל-כרמיאל,כרמיאל,רכבת ישראל,חוף הכרמל,
37376,חוף הכרמל,כרמיאל,חוף הכרמל-חיפה --> כרמיאל-כרמיאל,כרמיאל,רכבת ישראל,חוף הכרמל,
37378,בת גלים,קרית מוצקין,חוף הכרמל-חיפה --> כרמיאל-כרמיאל,כרמיאל,רכבת ישראל,חיפה,
37378,בת גלים,אחיהוד,חוף הכרמל-חיפה --> כרמיאל-כרמיאל,כרמיאל,רכבת ישראל,חיפה,
37378,בת גלים,כרמיאל,חוף הכרמל-חיפה --> כרמיאל-כרמיאל,כרמיאל,רכבת ישראל,חיפה,
37380,חיפה מרכז,קרית מוצקין,חוף הכרמל-חיפה --> כרמיאל-כרמיאל,כרמיאל,רכבת ישראל,חיפה,
37380,חיפה מרכז,אחיהוד,חוף הכרמל-חיפה --> כרמיאל-כרמיאל,כרמיאל,רכבת ישראל,חיפה,
37380,חיפה מרכז,כרמיאל,חוף הכרמל-חיפה --> כרמיאל-כרמיאל,כרמיאל,רכבת ישראל,חיפה,
37388,מרכזית המפרץ/קו החוף,קרית מוצקין,חוף הכרמל-חיפה --> כרמיאל-כרמיאל,כרמיאל,רכבת ישראל,חיפה,
37388,מרכזית המפרץ/קו החוף,אחיהוד,חוף הכרמל-חיפה --> כרמיאל-כרמיאל,כרמיאל,רכבת ישראל,חיפה,
37388,מרכזית המפרץ/קו החוף,כרמיאל,חוף הכרמל-חיפה --> כרמיאל-כרמיאל,כרמיאל,רכבת ישראל,חיפה,
37386,חוצות מפרץ,קרית מוצקין,חוף הכרמל-חיפה --> כרמיאל-כרמיאל,כרמיאל,רכבת ישראל,חיפה,
37386,חוצות מפרץ,אחיהוד,חוף הכרמל-חיפה --> כרמיאל-כרמיאל,כרמיאל,רכבת ישראל,חיפה,
37386,חוצות מפרץ,כרמיאל,חוף הכרמל-חיפה --> כרמיאל-כרמיאל,כרמיאל,רכבת ישראל,חיפה,
41293,קרית מוצקין,אחיהוד,חוף הכרמל-חיפה --> כרמיאל-כרמיאל,כרמיאל,רכבת ישראל,קרית מוצקין,
41293,קרית מוצקין,כרמיאל,חוף הכרמל-חיפה --> כרמיאל-כרמיאל,כרמיאל,רכבת ישראל,קרית מוצקין,
41291,אחיהוד,כרמיאל,חוף הכרמל-חיפה --> כרמיאל-כרמיאל,כרמיאל,רכבת ישראל,אחיהוד,
41292,כרמיאל,חוצות מפרץ,כרמיאל-כרמיאל --> חוף הכרמל-חיפה,חוף הכרמל,רכבת ישראל,כרמיאל,
41292,כרמיאל,מרכזית המפרץ/קו החוף,כרמיאל-כרמיאל --> חוף הכרמל-חיפה,חוף הכרמל,רכבת ישראל,כרמיאל,
41292,כרמיאל,חיפה מרכז,כרמיאל-כרמיאל --> חוף הכרמל-חיפה,חוף הכרמל,רכבת ישראל,כרמיאל,
41292,כרמיאל,בת גלים,כרמיאל-כרמיאל --> חוף הכרמל-חיפה,חוף הכרמל,רכבת ישראל,כרמיאל,
41292,כרמיאל,חוף הכרמל,כרמיאל-כרמיאל --> חוף הכרמל-חיפה,חוף הכרמל,רכבת ישראל,כרמיאל,
41291,אחיהוד,חוצות מפרץ,כרמיאל-כרמיאל --> חוף הכרמל-חיפה,חוף הכרמל,רכבת ישראל,אחיהוד,
41291,אחיהוד,מרכזית המפרץ/קו החוף,כרמיאל-כרמיאל --> חוף הכרמל-חיפה,חוף הכרמל,רכבת ישראל,אחיהוד,
41291,אחיהוד,חיפה מרכז,כרמיאל-כרמיאל --> חוף הכרמל-חיפה,חוף הכרמל,רכבת ישראל,אחיהוד,
41291,אחיהוד,בת גלים,כרמיאל-כרמיאל --> חוף הכרמל-חיפה,חוף הכרמל,רכבת ישראל,אחיהוד,
41291,אחיהוד,חוף הכרמל,כרמיאל-כרמיאל --> חוף הכרמל-חיפה,חוף הכרמל,רכבת ישראל,אחיהוד,
41293,קרית מוצקין,חוצות מפרץ,כרמיאל-כרמיאל --> חוף הכרמל-חיפה,חוף הכרמל,רכבת ישראל,קרית מוצקין,
41293,קרית מוצקין,מרכזית המפרץ/קו החוף,כרמיאל-כרמיאל --> חוף הכרמל-חיפה,חוף הכרמל,רכבת ישראל,קרית מוצקין,
41293,קרית מוצקין,חיפה מרכז,כרמיאל-כרמיאל --> חוף הכרמל-חיפה,חוף הכרמל,רכבת ישראל,קרית מוצקין,
41293,קרית מוצקין,בת גלים,כרמיאל-כרמיאל --> חוף הכרמל-חיפה,חוף הכרמל,רכבת ישראל,קרית מוצקין,
41293,קרית מוצקין,חוף הכרמל,כרמיאל-כרמיאל --> חוף הכרמל-חיפה,חוף הכרמל,רכבת ישראל,קרית מוצקין,
37386,חוצות מפרץ,מרכזית המפרץ/קו החוף,כרמיאל-כרמיאל --> חוף הכרמל-חיפה,חוף הכרמל,רכבת ישראל,חיפה,
37386,חוצות מפרץ,חיפה מרכז,כרמיאל-כרמיאל --> חוף הכרמל-חיפה,חוף הכרמל,רכבת ישראל,חיפה,
37386,חוצות מפרץ,בת גלים,כרמיאל-כרמיאל --> חוף הכרמל-חיפה,חוף הכרמל,רכבת ישראל,חיפה,
37386,חוצות מפרץ,חוף הכרמל,כרמיאל-כרמיאל --> חוף הכרמל-חיפה,חוף הכרמל,רכבת ישראל,חיפה,
37388,מרכזית המפרץ/קו החוף,חיפה מרכז,כרמיאל-כרמיאל --> חוף הכרמל-חיפה,חוף הכרמל,רכבת ישראל,חיפה,
37388,מרכזית המפרץ/קו החוף,בת גלים,כרמיאל-כרמיאל --> חוף הכרמל-חיפה,חוף הכרמל,רכבת ישראל,חיפה,
37388,מרכזית המפרץ/קו החוף,חוף הכרמל,כרמיאל-כרמיאל --> חוף הכרמל-חיפה,חוף הכרמל,רכבת ישראל,חיפה,
37380,חיפה מרכז,בת גלים,כרמיאל-כרמיאל --> חוף הכרמל-חיפה,חוף הכרמל,רכבת ישראל,חיפה,
37380,חיפה מרכז,חוף הכרמל,כרמיאל-כרמיאל --> חוף הכרמל-חיפה,חוף הכרמל,רכבת ישראל,חיפה,
37378,בת גלים,חוף הכרמל,כרמיאל-כרמיאל --> חוף הכרמל-חיפה,חוף הכרמל,רכבת ישראל,חיפה,
40583,בית שאן - דוד לוי,עפולה,בית שאן-בית שאן --> חוף הכרמל-חיפה,חוף הכרמל,רכבת ישראל,בית שאן,
40583,בית שאן - דוד לוי,כפר ברוך,בית שאן-בית שאן --> חוף הכרמל-חיפה,חוף הכרמל,רכבת ישראל,בית שאן,
40583,בית שאן - דוד לוי,כפר יהושע,בית שאן-בית שאן --> חוף הכרמל-חיפה,חוף הכרמל,רכבת ישראל,בית שאן,
40583,בית שאן - דוד לוי,מרכזית המפרץ,בית שאן-בית שאן --> חוף הכרמל-חיפה,חוף הכרמל,רכבת ישראל,בית שאן,
40583,בית שאן - דוד לוי,חיפה מרכז,בית שאן-בית שאן --> חוף הכרמל-חיפה,חוף הכרמל,רכבת ישראל,בית שאן,
40583,בית שאן - דוד לוי,בת גלים,בית שאן-בית שאן --> חוף הכרמל-חיפה,חוף הכרמל,רכבת ישראל,בית שאן,
40583,בית שאן - דוד לוי,חוף הכרמל,בית שאן-בית שאן --> חוף הכרמל-חיפה,חוף הכרמל,רכבת ישראל,בית שאן,
40582,עפולה,כפר ברוך,בית שאן-בית שאן --> חוף הכרמל-חיפה,חוף הכרמל,רכבת ישראל,עפולה,
40582,עפולה,כפר יהושע,בית שאן-בית שאן --> חוף הכרמל-חיפה,חוף הכרמל,רכבת ישראל,עפולה,
40582,עפולה,מרכזית המפרץ,בית שאן-בית שאן --> חוף הכרמל-חיפה,חוף הכרמל,רכבת ישראל,עפולה,
40582,עפולה,חיפה מרכז,בית שאן-בית שאן --> חוף הכרמל-חיפה,חוף הכרמל,רכבת ישראל,עפולה,
40582,עפולה,בת גלים,בית שאן-בית שאן --> חוף הכרמל-חיפה,חוף הכרמל,רכבת ישראל,עפולה,
40582,עפולה,חוף הכרמל,בית שאן-בית שאן --> חוף הכרמל-חיפה,חוף הכרמל,רכבת ישראל,עפולה,
40581,כפר ברוך,כפר יהושע,בית שאן-בית שאן --> חוף הכרמל-חיפה,חוף הכרמל,רכבת ישראל,כפר ברוך,
40581,כפר ברוך,מרכזית המפרץ,בית שאן-בית שאן --> חוף הכרמל-חיפה,חוף הכרמל,רכבת ישראל,כפר ברוך,
40581,כפר ברוך,חיפה מרכז,בית שאן-בית שאן --> חוף הכרמל-חיפה,חוף הכרמל,רכבת ישראל,כפר ברוך,
40581,כפר ברוך,בת גלים,בית שאן-בית שאן --> חוף הכרמל-חיפה,חוף הכרמל,רכבת ישראל,כפר ברוך,
40581,כפר ברוך,חוף הכרמל,בית שאן-בית שאן --> חוף הכרמל-חיפה,חוף הכרמל,רכבת ישראל,כפר ברוך,
40584,כפר יהושע,מרכזית המפרץ,בית שאן-בית שאן --> חוף הכרמל-חיפה,חוף הכרמל,רכבת ישראל,כפר יהושע,
40584,כפר יהושע,חיפה מרכז,בית שאן-בית שאן --> חוף הכרמל-חיפה,חוף הכרמל,רכבת ישראל,כפר יהושע,
40584,כפר יהושע,בת גלים,בית שאן-בית שאן --> חוף הכרמל-חיפה,חוף הכרמל,רכבת ישראל,כפר יהושע,
40584,כפר יהושע,חוף הכרמל,בית שאן-בית שאן --> חוף הכרמל-חיפה,חוף הכרמל,רכבת ישראל,כפר יהושע,
42507,מרכזית המפרץ,חיפה מרכז,בית שאן-בית שאן --> חוף הכרמל-חיפה,חוף הכרמל,רכבת ישראל,חיפה,
42507,מרכזית המפרץ,בת גלים,בית שאן-בית שאן --> חוף הכרמל-חיפה,חוף הכרמל,רכבת ישראל,חיפה,
42507,מרכזית המפרץ,חוף הכרמל,בית שאן-בית שאן --> חוף הכרמל-חיפה,חוף הכרמל,רכבת ישראל,חיפה,
37380,חיפה מרכז,בת גלים,בית שאן-בית שאן --> חוף הכרמל-חיפה,חוף הכרמל,רכבת ישראל,חיפה,
37380,חיפה מרכז,חוף הכרמל,בית שאן-בית שאן --> חוף הכרמל-חיפה,חוף הכרמל,רכבת ישראל,חיפה,
37378,בת גלים,חוף הכרמל,בית שאן-בית שאן --> חוף הכרמל-חיפה,חוף הכרמל,רכבת ישראל,חיפה,
37382,נהריה,עכו,נהריה-נהריה --> מודיעין מרכז-מודיעין מכבים רעות,מודיעין מרכז,רכבת ישראל,נהריה,
37382,נהריה,קרית מוצקין,נהריה-נהריה --> מודיעין מרכז-מודיעין מכבים רעות,מודיעין מרכז,רכבת ישראל,נהריה,
37382,נהריה,חיפה מרכז,נהריה-נהריה --> מודיעין מרכז-מודיעין מכבים רעות,מודיעין מרכז,רכבת ישראל,נהריה,
37382,נהריה,חוף הכרמל,נהריה-נהריה --> מודיעין מרכז-מודיעין מכבים רעות,מודיעין מרכז,רכבת ישראל,נהריה,
37382,נהריה,בנימינה,נהריה-נהריה --> מודיעין מרכז-מודיעין מכבים רעות,מודיעין מרכז,רכבת ישראל,נהריה,
37382,נהריה,חדרה מערב,נהריה-נהריה --> מודיעין מרכז-מודיעין מכבים רעות,מודיעין מרכז,רכבת ישראל,נהריה,
37382,נהריה,נתניה,נהריה-נהריה --> מודיעין מרכז-מודיעין מכבים רעות,מודיעין מרכז,רכבת ישראל,נהריה,
37382,נהריה,הרצליה,נהריה-נהריה --> מודיעין מרכז-מודיעין מכבים רעות,מודיעין מרכז,רכבת ישראל,נהריה,
37382,נהריה,תל אביב מרכז,נהריה-נהריה --> מודיעין מרכז-מודיעין מכבים רעות,מודיעין מרכז,רכבת ישראל,נהריה,
37382,נהריה,נתב''ג,נהריה-נהריה --> מודיעין מרכז-מודיעין מכבים רעות,מודיעין מרכז,רכבת ישראל,נהריה,
37382,נהריה,מודיעין מרכז,נהריה-נהריה --> מודיעין מרכז-מודיעין מכבים רעות,מודיעין מרכז,רכבת ישראל,נהריה,
37384,עכו,קרית מוצקין,נהריה-נהריה --> מודיעין מרכז-מודיעין מכבים רעות,מודיעין מרכז,רכבת ישראל,עכו,
37384,עכו,חיפה מרכז,נהריה-נהריה --> מודיעין מרכז-מודיעין מכבים רעות,מודיעין מרכז,רכבת ישראל,עכו,
37384,עכו,חוף הכרמל,נהריה-נהריה --> מודיעין מרכז-מודיעין מכבים רעות,מודיעין מרכז,רכבת ישראל,עכו,
37384,עכו,בנימינה,נהריה-נהריה --> מודיעין מרכז-מודיעין מכבים רעות,מודיעין מרכז,רכבת ישראל,עכו,
37384,עכו,חדרה מערב,נהריה-נהריה --> מודיעין מרכז-מודיעין מכבים רעות,מודיעין מרכז,רכבת ישראל,עכו,
37384,עכו,נתניה,נהריה-נהריה --> מודיעין מרכז-מודיעין מכבים רעות,מודיעין מרכז,רכבת ישראל,עכו,
37384,עכו,הרצליה,נהריה-נהריה --> מודיעין מרכז-מודיעין מכבים רעות,מודיעין מרכז,רכבת ישראל,עכו,
37384,עכו,תל אביב מרכז,נהריה-נהריה --> מודיעין מרכז-מודיעין מכבים רעות,מודיעין מרכז,רכבת ישראל,עכו,
37384,עכו,נתב''ג,נהריה-נהריה --> מודיעין מרכז-מודיעין מכבים רעות,מודיעין מרכז,רכבת ישראל,עכו,
37384,עכו,מודיעין מרכז,נהריה-נהריה --> מודיעין מרכז-מודיעין מכבים רעות,מודיעין מרכז,רכבת ישראל,עכו,
41293,קרית מוצקין,חיפה מרכז,נהריה-נהריה --> מודיעין מרכז-מודיעין מכבים רעות,מודיעין מרכז,רכבת ישראל,קרית מוצקין,
41293,קרית מוצקין,חוף הכרמל,נהריה-נהריה --> מודיעין מרכז-מודיעין מכבים רעות,מודיעין מרכז,רכבת ישראל,קרית מוצקין,
41293,קרית מוצקין,בנימינה,נהריה-נהריה --> מודיעין מרכז-מודיעין מכבים רעות,מודיעין מרכז,רכבת ישראל,קרית מוצקין,
41293,קרית מוצקין,חדרה מערב,נהריה-נהריה --> מודיעין מרכז-מודיעין מכבים רעות,מודיעין מרכז,רכבת ישראל,קרית מוצקין,
41293,קרית מוצקין,נתניה,נהריה-נהריה --> מודיעין מרכז-מודיעין מכבים רעות,מודיעין מרכז,רכבת ישראל,קרית מוצקין,
41293,קרית מוצקין,הרצליה,נהריה-נהריה --> מודיעין מרכז-מודיעין מכבים רעות,מודיעין מרכז,רכבת ישראל,קרית מוצקין,
41293,קרית מוצקין,תל אביב מרכז,נהריה-נהריה --> מודיעין מרכז-מודיעין מכבים רעות,מודיעין מרכז,רכבת ישראל,קרית מוצקין,
41293,קרית מוצקין,נתב''ג,נהריה-נהריה --> מודיעין מרכז-מודיעין מכבים רעות,מודיעין מרכז,רכבת ישראל,קרית מוצקין,
41293,קרית מוצקין,מודיעין מרכז,נהריה-נהריה --> מודיעין מרכז-מודיעין מכבים רעות,מודיעין מרכז,רכבת ישראל,קרית מוצקין,
37380,חיפה מרכז,חוף הכרמל,נהריה-נהריה --> מודיעין מרכז-מודיעין מכבים רעות,מודיעין מרכז,רכבת ישראל,חיפה,
37380,חיפה מרכז,בנימינה,נהריה-נהריה --> מודיעין מרכז-מודיעין מכבים רעות,מודיעין מרכז,רכבת ישראל,חיפה,
37380,חיפה מרכז,חדרה מערב,נהריה-נהריה --> מודיעין מרכז-מודיעין מכבים רעות,מודיעין מרכז,רכבת ישראל,חיפה,
37380,חיפה מרכז,נתניה,נהריה-נהריה --> מודיעין מרכז-מודיעין מכבים רעות,מודיעין מרכז,רכבת ישראל,חיפה,
37380,חיפה מרכז,הרצליה,נהריה-נהריה --> מודיעין מרכז-מודיעין מכבים רעות,מודיעין מרכז,רכבת ישראל,חיפה,
37380,חיפה מרכז,תל אביב מרכז,נהריה-נהריה --> מודיעין מרכז-מודיעין מכבים רעות,מודיעין מרכז,רכבת ישראל,חיפה,
37380,חיפה מרכז,נתב''ג,נהריה-נהריה --> מודיעין מרכז-מודיעין מכבים רעות,מודיעין מרכז,רכבת ישראל,חיפה,
37380,חיפה מרכז,מודיעין מרכז,נהריה-נהריה --> מודיעין מרכז-מודיעין מכבים רעות,מודיעין מרכז,רכבת ישראל,חיפה,
37376,חוף הכרמל,בנימינה,נהריה-נהריה --> מודיעין מרכז-מודיעין מכבים רעות,מודיעין מרכז,רכבת ישראל,חוף הכרמל,
37376,חוף הכרמל,חדרה מערב,נהריה-נהריה --> מודיעין מרכז-מודיעין מכבים רעות,מודיעין מרכז,רכבת ישראל,חוף הכרמל,
37376,חוף הכרמל,נתניה,נהריה-נהריה --> מודיעין מרכז-מודיעין מכבים רעות,מודיעין מרכז,רכבת ישראל,חוף הכרמל,
37376,חוף הכרמל,הרצליה,נהריה-נהריה --> מודיעין מרכז-מודיעין מכבים רעות,מודיעין מרכז,רכבת ישראל,חוף הכרמל,
37376,חוף הכרמל,תל אביב מרכז,נהריה-נהריה --> מודיעין מרכז-מודיעין מכבים רעות,מודיעין מרכז,רכבת ישראל,חוף הכרמל,
37376,חוף הכרמל,נתב''ג,נהריה-נהריה --> מודיעין מרכז-מודיעין מכבים רעות,מודיעין מרכז,רכבת ישראל,חוף הכרמל,
37376,חוף הכרמל,מודיעין מרכז,נהריה-נהריה --> מודיעין מרכז-מודיעין מכבים רעות,מודיעין מרכז,רכבת ישראל,חוף הכרמל,
37372,בנימינה,חדרה מערב,נהריה-נהריה --> מודיעין מרכז-מודיעין מכבים רעות,מודיעין מרכז,רכבת ישראל,בנימינה גבעת עדה,
37372,בנימינה,נתניה,נהריה-נהריה --> מודיעין מרכז-מודיעין מכבים רעות,מודיעין מרכז,רכבת ישראל,בנימינה גבעת עדה,
37372,בנימינה,הרצליה,נהריה-נהריה --> מודיעין מרכז-מודיעין מכבים רעות,מודיעין מרכז,רכבת ישראל,בנימינה גבעת עדה,
37372,בנימינה,תל אביב מרכז,נהריה-נהריה --> מודיעין מרכז-מודיעין מכבים רעות,מודיעין מרכז,רכבת ישראל,בנימינה גבעת עדה,
37372,בנימינה,נתב''ג,נהריה-נהריה --> מודיעין מרכז-מודיעין מכבים רעות,מודיעין מרכז,רכבת ישראל,בנימינה גבעת עדה,
37372,בנימינה,מודיעין מרכז,נהריה-נהריה --> מודיעין מרכז-מודיעין מכבים רעות,מודיעין מרכז,רכבת ישראל,בנימינה גבעת עדה,
37368,חדרה מערב,נתניה,נהריה-נהריה --> מודיעין מרכז-מודיעין מכבים רעות,מודיעין מרכז,רכבת ישראל,חדרה,
37368,חדרה מערב,הרצליה,נהריה-נהריה --> מודיעין מרכז-מודיעין מכבים רעות,מודיעין מרכז,רכבת ישראל,חדרה,
37368,חדרה מערב,תל אביב מרכז,נהריה-נהריה --> מודיעין מרכז-מודיעין מכבים רעות,מודיעין מרכז,רכבת ישראל,חדרה,
37368,חדרה מערב,נתב''ג,נהריה-נהריה --> מודיעין מרכז-מודיעין מכבים רעות,מודיעין מרכז,רכבת ישראל,חדרה,
37368,חדרה מערב,מודיעין מרכז,נהריה-נהריה --> מודיעין מרכז-מודיעין מכבים רעות,מודיעין מרכז,רכבת ישראל,חדרה,
37366,נתניה,הרצליה,נהריה-נהריה --> מודיעין מרכז-מודיעין מכבים רעות,מודיעין מרכז,רכבת ישראל,נתניה,
37366,נתניה,תל אביב מרכז,נהריה-נהריה --> מודיעין מרכז-מודיעין מכבים רעות,מודיעין מרכז,רכבת ישראל,נתניה,
37366,נתניה,נתב''ג,נהריה-נהריה --> מודיעין מרכז-מודיעין מכבים רעות,מודיעין מרכז,רכבת ישראל,נתניה,
37366,נתניה,מודיעין מרכז,נהריה-נהריה --> מודיעין מרכז-מודיעין מכבים רעות,מודיעין מרכז,רכבת ישראל,נתניה,
37362,הרצליה,תל אביב מרכז,נהריה-נהריה --> מודיעין מרכז-מודיעין מכבים רעות,מודיעין מרכז,רכבת ישראל,הרצליה,
37362,הרצליה,נתב''ג,נהריה-נהריה --> מודיעין מרכז-מודיעין מכבים רעות,מודיעין מרכז,רכבת ישראל,הרצליה,
37362,הרצליה,מודיעין מרכז,נהריה-נהריה --> מודיעין מרכז-מודיעין מכבים רעות,מודיעין מרכז,רכבת ישראל,הרצליה,
37358,תל אביב מרכז,נתב''ג,נהריה-נהריה --> מודיעין מרכז-מודיעין מכבים רעות,מודיעין מרכז,רכבת ישראל,תל אביב יפו,
37358,תל אביב מרכז,מודיעין מרכז,נהריה-נהריה --> מודיעין מרכז-מודיעין מכבים רעות,מודיעין מרכז,רכבת ישראל,תל אביב יפו,
37306,נתב''ג,מודיעין מרכז,נהריה-נהריה --> מודיעין מרכז-מודיעין מכבים רעות,מודיעין מרכז,רכבת ישראל,נמל תעופה בן גוריון,
37382,נהריה,עכו,נהריה-נהריה --> נתב''ג-נמל תעופה בן גוריון,נתב''ג,רכבת ישראל,נהריה,
37382,נהריה,קרית מוצקין,נהריה-נהריה --> נתב''ג-נמל תעופה בן גוריון,נתב''ג,רכבת ישראל,נהריה,
37382,נהריה,חוצות מפרץ,נהריה-נהריה --> נתב''ג-נמל תעופה בן גוריון,נתב''ג,רכבת ישראל,נהריה,
37382,נהריה,מרכזית המפרץ/קו החוף,נהריה-נהריה --> נתב''ג-נמל תעופה בן גוריון,נתב''ג,רכבת ישראל,נהריה,
37382,נהריה,חיפה מרכז,נהריה-נהריה --> נתב''ג-נמל תעופה בן גוריון,נתב''ג,רכבת ישראל,נהריה,
37382,נהריה,בת גלים,נהריה-נהריה --> נתב''ג-נמל תעופה בן גוריון,נתב''ג,רכבת ישראל,נהריה,
37382,נהריה,חוף הכרמל,נהריה-נהריה --> נתב''ג-נמל תעופה בן גוריון,נתב''ג,רכבת ישראל,נהריה,
37382,נהריה,בנימינה,נהריה-נהריה --> נתב''ג-נמל תעופה בן גוריון,נתב''ג,רכבת ישראל,נהריה,
37382,נהריה,חדרה מערב,נהריה-נהריה --> נתב''ג-נמל תעופה בן גוריון,נתב''ג,רכבת ישראל,נהריה,
37382,נהריה,נתניה,נהריה-נהריה --> נתב''ג-נמל תעופה בן גוריון,נתב''ג,רכבת ישראל,נהריה,
37382,נהריה,הרצליה,נהריה-נהריה --> נתב''ג-נמל תעופה בן גוריון,נתב''ג,רכבת ישראל,נהריה,
37382,נהריה,תל אביב מרכז,נהריה-נהריה --> נתב''ג-נמל תעופה בן גוריון,נתב''ג,רכבת ישראל,נהריה,
37382,נהריה,נתב''ג,נהריה-נהריה --> נתב''ג-נמל תעופה בן גוריון,נתב''ג,רכבת ישראל,נהריה,
37384,עכו,קרית מוצקין,נהריה-נהריה --> נתב''ג-נמל תעופה בן גוריון,נתב''ג,רכבת ישראל,עכו,
37384,עכו,חוצות מפרץ,נהריה-נהריה --> נתב''ג-נמל תעופה בן גוריון,נתב''ג,רכבת ישראל,עכו,
37384,עכו,מרכזית המפרץ/קו החוף,נהריה-נהריה --> נתב''ג-נמל תעופה בן גוריון,נתב''ג,רכבת ישראל,עכו,
37384,עכו,חיפה מרכז,נהריה-נהריה --> נתב''ג-נמל תעופה בן גוריון,נתב''ג,רכבת ישראל,עכו,
37384,עכו,בת גלים,נהריה-נהריה --> נתב''ג-נמל תעופה בן גוריון,נתב''ג,רכבת ישראל,עכו,
37384,עכו,חוף הכרמל,נהריה-נהריה --> נתב''ג-נמל תעופה בן גוריון,נתב''ג,רכבת ישראל,עכו,
37384,עכו,בנימינה,נהריה-נהריה --> נתב''ג-נמל תעופה בן גוריון,נתב''ג,רכבת ישראל,עכו,
37384,עכו,חדרה מערב,נהריה-נהריה --> נתב''ג-נמל תעופה בן גוריון,נתב''ג,רכבת ישראל,עכו,
37384,עכו,נתניה,נהריה-נהריה --> נתב''ג-נמל תעופה בן גוריון,נתב''ג,רכבת ישראל,עכו,
37384,עכו,הרצליה,נהריה-נהריה --> נתב''ג-נמל תעופה בן גוריון,נתב''ג,רכבת ישראל,עכו,
37384,עכו,תל אביב מרכז,נהריה-נהריה --> נתב''ג-נמל תעופה בן גוריון,נתב''ג,רכבת ישראל,עכו,
37384,עכו,נתב''ג,נהריה-נהריה --> נתב''ג-נמל תעופה בן גוריון,נתב''ג,רכבת ישראל,עכו,
41293,קרית מוצקין,חוצות מפרץ,נהריה-נהריה --> נתב''ג-נמל תעופה בן גוריון,נתב''ג,רכבת ישראל,קרית מוצקין,
41293,קרית מוצקין,מרכזית המפרץ/קו החוף,נהריה-נהריה --> נתב''ג-נמל תעופה בן גוריון,נתב''ג,רכבת ישראל,קרית מוצקין,
41293,קרית מוצקין,חיפה מרכז,נהריה-נהריה --> נתב''ג-נמל תעופה בן גוריון,נתב''ג,רכבת ישראל,קרית מוצקין,
41293,קרית מוצקין,בת גלים,נהריה-נהריה --> נתב''ג-נמל תעופה בן גוריון,נתב''ג,רכבת ישראל,קרית מוצקין,
41293,קרית מוצקין,חוף הכרמל,נהריה-נהריה --> נתב''ג-נמל תעופה בן גוריון,נתב''ג,רכבת ישראל,קרית מוצקין,
41293,קרית מוצקין,בנימינה,נהריה-נהריה --> נתב''ג-נמל תעופה בן גוריון,נתב''ג,רכבת ישראל,קרית מוצקין,
41293,קרית מוצקין,חדרה מערב,נהריה-נהריה --> נתב''ג-נמל תעופה בן גוריון,נתב''ג,רכבת ישראל,קרית מוצקין,
41293,קרית מוצקין,נתניה,נהריה-נהריה --> נתב''ג-נמל תעופה בן גוריון,נתב''ג,רכבת ישראל,קרית מוצקין,
41293,קרית מוצקין,הרצליה,נהריה-נהריה --> נתב''ג-נמל תעופה בן גוריון,נתב''ג,רכבת ישראל,קרית מוצקין,
41293,קרית מוצקין,תל אביב מרכז,נהריה-נהריה --> נתב''ג-נמל תעופה בן גוריון,נתב''ג,רכבת ישראל,קרית מוצקין,
41293,קרית מוצקין,נתב''ג,נהריה-נהריה --> נתב''ג-נמל תעופה בן גוריון,נתב''ג,רכבת ישראל,קרית מוצקין,
37386,חוצות מפרץ,מרכזית המפרץ/קו החוף,נהריה-נהריה --> נתב''ג-נמל תעופה בן גוריון,נתב''ג,רכבת ישראל,חיפה,
37386,חוצות מפרץ,חיפה מרכז,נהריה-נהריה --> נתב''ג-נמל תעופה בן גוריון,נתב''ג,רכבת ישראל,חיפה,
37386,חוצות מפרץ,בת גלים,נהריה-נהריה --> נתב''ג-נמל תעופה בן גוריון,נתב''ג,רכבת ישראל,חיפה,
37386,חוצות מפרץ,חוף הכרמל,נהריה-נהריה --> נתב''ג-נמל תעופה בן גוריון,נתב''ג,רכבת ישראל,חיפה,
37386,חוצות מפרץ,בנימינה,נהריה-נהריה --> נתב''ג-נמל תעופה בן גוריון,נתב''ג,רכבת ישראל,חיפה,
37386,חוצות מפרץ,חדרה מערב,נהריה-נהריה --> נתב''ג-נמל תעופה בן גוריון,נתב''ג,רכבת ישראל,חיפה,
37386,חוצות מפרץ,נתניה,נהריה-נהריה --> נתב''ג-נמל תעופה בן גוריון,נתב''ג,רכבת ישראל,חיפה,
37386,חוצות מפרץ,הרצליה,נהריה-נהריה --> נתב''ג-נמל תעופה בן גוריון,נתב''ג,רכבת ישראל,חיפה,
37386,חוצות מפרץ,תל אביב מרכז,נהריה-נהריה --> נתב''ג-נמל תעופה בן גוריון,נתב''ג,רכבת ישראל,חיפה,
37386,חוצות מפרץ,נתב''ג,נהריה-נהריה --> נתב''ג-נמל תעופה בן גוריון,נתב''ג,רכבת ישראל,חיפה,
37388,מרכזית המפרץ/קו החוף,חיפה מרכז,נהריה-נהריה --> נתב''ג-נמל תעופה בן גוריון,נתב''ג,רכבת ישראל,חיפה,
37388,מרכזית המפרץ/קו החוף,בת גלים,נהריה-נהריה --> נתב''ג-נמל תעופה בן גוריון,נתב''ג,רכבת ישראל,חיפה,
37388,מרכזית המפרץ/קו החוף,חוף הכרמל,נהריה-נהריה --> נתב''ג-נמל תעופה בן גוריון,נתב''ג,רכבת ישראל,חיפה,
37388,מרכזית המפרץ/קו החוף,בנימינה,נהריה-נהריה --> נתב''ג-נמל תעופה בן גוריון,נתב''ג,רכבת ישראל,חיפה,
37388,מרכזית המפרץ/קו החוף,חדרה מערב,נהריה-נהריה --> נתב''ג-נמל תעופה בן גוריון,נתב''ג,רכבת ישראל,חיפה,
37388,מרכזית המפרץ/קו החוף,נתניה,נהריה-נהריה --> נתב''ג-נמל תעופה בן גוריון,נתב''ג,רכבת ישראל,חיפה,
37388,מרכזית המפרץ/קו החוף,הרצליה,נהריה-נהריה --> נתב''ג-נמל תעופה בן גוריון,נתב''ג,רכבת ישראל,חיפה,
37388,מרכזית המפרץ/קו החוף,תל אביב מרכז,נהריה-נהריה --> נתב''ג-נמל תעופה בן גוריון,נתב''ג,רכבת ישראל,חיפה,
37388,מרכזית המפרץ/קו החוף,נתב''ג,נהריה-נהריה --> נתב''ג-נמל תעופה בן גוריון,נתב''ג,רכבת ישראל,חיפה,
37380,חיפה מרכז,בת גלים,נהריה-נהריה --> נתב''ג-נמל תעופה בן גוריון,נתב''ג,רכבת ישראל,חיפה,
37380,חיפה מרכז,חוף הכרמל,נהריה-נהריה --> נתב''ג-נמל תעופה בן גוריון,נתב''ג,רכבת ישראל,חיפה,
37380,חיפה מרכז,בנימינה,נהריה-נהריה --> נתב''ג-נמל תעופה בן גוריון,נתב''ג,רכבת ישראל,חיפה,
37380,חיפה מרכז,חדרה מערב,נהריה-נהריה --> נתב''ג-נמל תעופה בן גוריון,נתב''ג,רכבת ישראל,חיפה,
37380,חיפה מרכז,נתניה,נהריה-נהריה --> נתב''ג-נמל תעופה בן גוריון,נתב''ג,רכבת ישראל,חיפה,
37380,חיפה מרכז,הרצליה,נהריה-נהריה --> נתב''ג-נמל תעופה בן גוריון,נתב''ג,רכבת ישראל,חיפה,
37380,חיפה מרכז,תל אביב מרכז,נהריה-נהריה --> נתב''ג-נמל תעופה בן גוריון,נתב''ג,רכבת ישראל,חיפה,
37380,חיפה מרכז,נתב''ג,נהריה-נהריה --> נתב''ג-נמל תעופה בן גוריון,נתב''ג,רכבת ישראל,חיפה,
37378,בת גלים,חוף הכרמל,נהריה-נהריה --> נתב''ג-נמל תעופה בן גוריון,נתב''ג,רכבת ישראל,חיפה,
37378,בת גלים,בנימינה,נהריה-נהריה --> נתב''ג-נמל תעופה בן גוריון,נתב''ג,רכבת ישראל,חיפה,
37378,בת גלים,חדרה מערב,נהריה-נהריה --> נתב''ג-נמל תעופה בן גוריון,נתב''ג,רכבת ישראל,חיפה,
37378,בת גלים,נתניה,נהריה-נהריה --> נתב''ג-נמל תעופה בן גוריון,נתב''ג,רכבת ישראל,חיפה,
37378,בת גלים,הרצליה,נהריה-נהריה --> נתב''ג-נמל תעופה בן גוריון,נתב''ג,רכבת ישראל,חיפה,
37378,בת גלים,תל אביב מרכז,נהריה-נהריה --> נתב''ג-נמל תעופה בן גוריון,נתב''ג,רכבת ישראל,חיפה,
37378,בת גלים,נתב''ג,נהריה-נהריה --> נתב''ג-נמל תעופה בן גוריון,נתב''ג,רכבת ישראל,חיפה,
37376,חוף הכרמל,בנימינה,נהריה-נהריה --> נתב''ג-נמל תעופה בן גוריון,נתב''ג,רכבת ישראל,חוף הכרמל,
37376,חוף הכרמל,חדרה מערב,נהריה-נהריה --> נתב''ג-נמל תעופה בן גוריון,נתב''ג,רכבת ישראל,חוף הכרמל,
37376,חוף הכרמל,נתניה,נהריה-נהריה --> נתב''ג-נמל תעופה בן גוריון,נתב''ג,רכבת ישראל,חוף הכרמל,
37376,חוף הכרמל,הרצליה,נהריה-נהריה --> נתב''ג-נמל תעופה בן גוריון,נתב''ג,רכבת ישראל,חוף הכרמל,
37376,חוף הכרמל,תל אביב מרכז,נהריה-נהריה --> נתב''ג-נמל תעופה בן גוריון,נתב''ג,רכבת ישראל,חוף הכרמל,
37376,חוף הכרמל,נתב''ג,נהריה-נהריה --> נתב''ג-נמל תעופה בן גוריון,נתב''ג,רכבת ישראל,חוף הכרמל,
37372,בנימינה,חדרה מערב,נהריה-נהריה --> נתב''ג-נמל תעופה בן גוריון,נתב''ג,רכבת ישראל,בנימינה גבעת עדה,
37372,בנימינה,נתניה,נהריה-נהריה --> נתב''ג-נמל תעופה בן גוריון,נתב''ג,רכבת ישראל,בנימינה גבעת עדה,
37372,בנימינה,הרצליה,נהריה-נהריה --> נתב''ג-נמל תעופה בן גוריון,נתב''ג,רכבת ישראל,בנימינה גבעת עדה,
37372,בנימינה,תל אביב מרכז,נהריה-נהריה --> נתב''ג-נמל תעופה בן גוריון,נתב''ג,רכבת ישראל,בנימינה גבעת עדה,
37372,בנימינה,נתב''ג,נהריה-נהריה --> נתב''ג-נמל תעופה בן גוריון,נתב''ג,רכבת ישראל,בנימינה גבעת עדה,
37368,חדרה מערב,נתניה,נהריה-נהריה --> נתב''ג-נמל תעופה בן גוריון,נתב''ג,רכבת ישראל,חדרה,
37368,חדרה מערב,הרצליה,נהריה-נהריה --> נתב''ג-נמל תעופה בן גוריון,נתב''ג,רכבת ישראל,חדרה,
37368,חדרה מערב,תל אביב מרכז,נהריה-נהריה --> נתב''ג-נמל תעופה בן גוריון,נתב''ג,רכבת ישראל,חדרה,
37368,חדרה מערב,נתב''ג,נהריה-נהריה --> נתב''ג-נמל תעופה בן גוריון,נתב''ג,רכבת ישראל,חדרה,
37366,נתניה,הרצליה,נהריה-נהריה --> נתב''ג-נמל תעופה בן גוריון,נתב''ג,רכבת ישראל,נתניה,
37366,נתניה,תל אביב מרכז,נהריה-נהריה --> נתב''ג-נמל תעופה בן גוריון,נתב''ג,רכבת ישראל,נתניה,
37366,נתניה,נתב''ג,נהריה-נהריה --> נתב''ג-נמל תעופה בן גוריון,נתב''ג,רכבת ישראל,נתניה,
37362,הרצליה,תל אביב מרכז,נהריה-נהריה --> נתב''ג-נמל תעופה בן גוריון,נתב''ג,רכבת ישראל,הרצליה,
37362,הרצליה,נתב''ג,נהריה-נהריה --> נתב''ג-נמל תעופה בן גוריון,נתב''ג,רכבת ישראל,הרצליה,
37358,תל אביב מרכז,נתב''ג,נהריה-נהריה --> נתב''ג-נמל תעופה בן גוריון,נתב''ג,רכבת ישראל,תל אביב יפו,
37366,נתניה,בית יהושע,נתניה-נתניה --> רחובות-רחובות,רחובות,רכבת ישראל,נתניה,
37366,נתניה,הרצליה,נתניה-נתניה --> רחובות-רחובות,רחובות,רכבת ישראל,נתניה,
37366,נתניה,תל אביב האוניברסיטה - אקספו,נתניה-נתניה --> רחובות-רחובות,רחובות,רכבת ישראל,נתניה,
37366,נתניה,תל אביב מרכז,נתניה-נתניה --> רחובות-רחובות,רחובות,רכבת ישראל,נתניה,
37366,נתניה,השלום,נתניה-נתניה --> רחובות-רחובות,רחובות,רכבת ישראל,נתניה,
37366,נתניה,תל אביב ההגנה,נתניה-נתניה --> רחובות-רחובות,רחובות,רכבת ישראל,נתניה,
37366,נתניה,לוד גני אביב,נתניה-נתניה --> רחובות-רחובות,רחובות,רכבת ישראל,נתניה,
37366,נתניה,לוד,נתניה-נתניה --> רחובות-רחובות,רחובות,רכבת ישראל,נתניה,
37366,נתניה,רחובות,נתניה-נתניה --> רחובות-רחובות,רחובות,רכבת ישראל,נתניה,
37364,בית יהושע,הרצליה,נתניה-נתניה --> רחובות-רחובות,רחובות,רכבת ישראל,בית יהושע,
37364,בית יהושע,תל אביב האוניברסיטה - אקספו,נתניה-נתניה --> רחובות-רחובות,רחובות,רכבת ישראל,בית יהושע,
37364,בית יהושע,תל אביב מרכז,נתניה-נתניה --> רחובות-רחובות,רחובות,רכבת ישראל,בית יהושע,
37364,בית יהושע,השלום,נתניה-נתניה --> רחובות-רחובות,רחובות,רכבת ישראל,בית יהושע,
37364,בית יהושע,תל אביב ההגנה,נתניה-נתניה --> רחובות-רחובות,רחובות,רכבת ישראל,בית יהושע,
37364,בית יהושע,לוד גני אביב,נתניה-נתניה --> רחובות-רחובות,רחובות,רכבת ישראל,בית יהושע,
37364,בית יהושע,לוד,נתניה-נתניה --> רחובות-רחובות,רחובות,רכבת ישראל,בית יהושע,
37364,בית יהושע,רחובות,נתניה-נתניה --> רחובות-רחובות,רחובות,רכבת ישראל,בית יהושע,
37362,הרצליה,תל אביב האוניברסיטה - אקספו,נתניה-נתניה --> רחובות-רחובות,רחובות,רכבת ישראל,הרצליה,
37362,הרצליה,תל אביב מרכז,נתניה-נתניה --> רחובות-רחובות,רחובות,רכבת ישראל,הרצליה,
37362,הרצליה,השלום,נתניה-נתניה --> רחובות-רחובות,רחובות,רכבת ישראל,הרצליה,
37362,הרצליה,תל אביב ההגנה,נתניה-נתניה --> רחובות-רחובות,רחובות,רכבת ישראל,הרצליה,
37362,הרצליה,לוד גני אביב,נתניה-נתניה --> רחובות-רחובות,רחובות,רכבת ישראל,הרצליה,
37362,הרצליה,לוד,נתניה-נתניה --> רחובות-רחובות,רחובות,רכבת ישראל,הרצליה,
37362,הרצליה,רחובות,נתניה-נתניה --> רחובות-רחובות,רחובות,רכבת ישראל,הרצליה,
37360,תל אביב האוניברסיטה - אקספו,תל אביב מרכז,נתניה-נתניה --> רחובות-רחובות,רחובות,רכבת ישראל,תל אביב יפו,
37360,תל אביב האוניברסיטה - אקספו,השלום,נתניה-נתניה --> רחובות-רחובות,רחובות,רכבת ישראל,תל אביב יפו,
37360,תל אביב האוניברסיטה - אקספו,תל אביב ההגנה,נתניה-נתניה --> רחובות-רחובות,רחובות,רכבת ישראל,תל אביב יפו,
37360,תל אביב האוניברסיטה - אקספו,לוד גני אביב,נתניה-נתניה --> רחובות-רחובות,רחובות,רכבת ישראל,תל אביב יפו,
37360,תל אביב האוניברסיטה - אקספו,לוד,נתניה-נתניה --> רחובות-רחובות,רחובות,רכבת ישראל,תל אביב יפו,
37360,תל אביב האוניברסיטה - אקספו,רחובות,נתניה-נתניה --> רחובות-רחובות,רחובות,רכבת ישראל,תל אביב יפו,
37358,תל אביב מרכז,השלום,נתניה-נתניה --> רחובות-רחובות,רחובות,רכבת ישראל,תל אביב יפו,
37358,תל אביב מרכז,תל אביב ההגנה,נתניה-נתניה --> רחובות-רחובות,רחובות,רכבת ישראל,תל אביב יפו,
37358,תל אביב מרכז,לוד גני אביב,נתניה-נתניה --> רחובות-רחובות,רחובות,רכבת ישראל,תל אביב יפו,
37358,תל אביב מרכז,לוד,נתניה-נתניה --> רחובות-רחובות,רחובות,רכבת ישראל,תל אביב יפו,
37358,תל אביב מרכז,רחובות,נתניה-נתניה --> רחובות-רחובות,רחובות,רכבת ישראל,תל אביב יפו,
37350,השלום,תל אביב ההגנה,נתניה-נתניה --> רחובות-רחובות,רחובות,רכבת ישראל,תל אביב יפו,
37350,השלום,לוד גני אביב,נתניה-נתניה --> רחובות-רחובות,רחובות,רכבת ישראל,תל אביב יפו,
37350,השלום,לוד,נתניה-נתניה --> רחובות-רחובות,רחובות,רכבת ישראל,תל אביב יפו,
37350,השלום,רחובות,נתניה-נתניה --> רחובות-רחובות,רחובות,רכבת ישראל,תל אביב יפו,
37292,תל אביב ההגנה,לוד גני אביב,נתניה-נתניה --> רחובות-רחובות,רחובות,רכבת ישראל,תל אביב יפו,
37292,תל אביב ההגנה,לוד,נתניה-נתניה --> רחובות-רחובות,רחובות,רכבת ישראל,תל אביב יפו,
37292,תל אביב ההגנה,רחובות,נתניה-נתניה --> רחובות-רחובות,רחובות,רכבת ישראל,תל אביב יפו,
37334,לוד גני אביב,לוד,נתניה-נתניה --> רחובות-רחובות,רחובות,רכבת ישראל,לוד,
37334,לוד גני אביב,רחובות,נתניה-נתניה --> רחובות-רחובות,רחובות,רכבת ישראל,לוד,
37338,לוד,רחובות,נתניה-נתניה --> רחובות-רחובות,רחובות,רכבת ישראל,לוד,
37394,מודיעין מרכז,פאתי מודיעין,מודיעין מרכז-מודיעין מכבים רעות --> נהריה-נהריה,נהריה,רכבת ישראל,מודיעין מכבים רעות,
37394,מודיעין מרכז,נתב''ג,מודיעין מרכז-מודיעין מכבים רעות --> נהריה-נהריה,נהריה,רכבת ישראל,מודיעין מכבים רעות,
37394,מודיעין מרכז,תל אביב ההגנה,מודיעין מרכז-מודיעין מכבים רעות --> נהריה-נהריה,נהריה,רכבת ישראל,מודיעין מכבים רעות,
37394,מודיעין מרכז,השלום,מודיעין מרכז-מודיעין מכבים רעות --> נהריה-נהריה,נהריה,רכבת ישראל,מודיעין מכבים רעות,
37394,מודיעין מרכז,תל אביב מרכז,מודיעין מרכז-מודיעין מכבים רעות --> נהריה-נהריה,נהריה,רכבת ישראל,מודיעין מכבים רעות,
37394,מודיעין מרכז,תל אביב האוניברסיטה - אקספו,מודיעין מרכז-מודיעין מכבים רעות --> נהריה-נהריה,נהריה,רכבת ישראל,מודיעין מכבים רעות,
37394,מודיעין מרכז,בנימינה,מודיעין מרכז-מודיעין מכבים רעות --> נהריה-נהריה,נהריה,רכבת ישראל,מודיעין מכבים רעות,
37394,מודיעין מרכז,עתלית,מודיעין מרכז-מודיעין מכבים רעות --> נהריה-נהריה,נהריה,רכבת ישראל,מודיעין מכבים רעות,
37394,מודיעין מרכז,חוף הכרמל,מודיעין מרכז-מודיעין מכבים רעות --> נהריה-נהריה,נהריה,רכבת ישראל,מודיעין מכבים רעות,
37394,מודיעין מרכז,בת גלים,מודיעין מרכז-מודיעין מכבים רעות --> נהריה-נהריה,נהריה,רכבת ישראל,מודיעין מכבים רעות,
37394,מודיעין מרכז,חיפה מרכז,מודיעין מרכז-מודיעין מכבים רעות --> נהריה-נהריה,נהריה,רכבת ישראל,מודיעין מכבים רעות,
37394,מודיעין מרכז,מרכזית המפרץ/קו החוף,מודיעין מרכז-מודיעין מכבים רעות --> נהריה-נהריה,נהריה,רכבת ישראל,מודיעין מכבים רעות,
37394,מודיעין מרכז,חוצות מפרץ,מודיעין מרכז-מודיעין מכבים רעות --> נהריה-נהריה,נהריה,רכבת ישראל,מודיעין מכבים רעות,
37394,מודיעין מרכז,קרית חיים,מודיעין מרכז-מודיעין מכבים רעות --> נהריה-נהריה,נהריה,רכבת ישראל,מודיעין מכבים רעות,
37394,מודיעין מרכז,קרית מוצקין,מודיעין מרכז-מודיעין מכבים רעות --> נהריה-נהריה,נהריה,רכבת ישראל,מודיעין מכבים רעות,
37394,מודיעין מרכז,עכו,מודיעין מרכז-מודיעין מכבים רעות --> נהריה-נהריה,נהריה,רכבת ישראל,מודיעין מכבים רעות,
37394,מודיעין מרכז,נהריה,מודיעין מרכז-מודיעין מכבים רעות --> נהריה-נהריה,נהריה,רכבת ישראל,מודיעין מכבים רעות,
37396,פאתי מודיעין,נתב''ג,מודיעין מרכז-מודיעין מכבים רעות --> נהריה-נהריה,נהריה,רכבת ישראל,מודיעין מכבים רעות,
37396,פאתי מודיעין,תל אביב ההגנה,מודיעין מרכז-מודיעין מכבים רעות --> נהריה-נהריה,נהריה,רכבת ישראל,מודיעין מכבים רעות,
37396,פאתי מודיעין,השלום,מודיעין מרכז-מודיעין מכבים רעות --> נהריה-נהריה,נהריה,רכבת ישראל,מודיעין מכבים רעות,
37396,פאתי מודיעין,תל אביב מרכז,מודיעין מרכז-מודיעין מכבים רעות --> נהריה-נהריה,נהריה,רכבת ישראל,מודיעין מכבים רעות,
37396,פאתי מודיעין,תל אביב האוניברסיטה - אקספו,מודיעין מרכז-מודיעין מכבים רעות --> נהריה-נהריה,נהריה,רכבת ישראל,מודיעין מכבים רעות,
37396,פאתי מודיעין,בנימינה,מודיעין מרכז-מודיעין מכבים רעות --> נהריה-נהריה,נהריה,רכבת ישראל,מודיעין מכבים רעות,
37396,פאתי מודיעין,עתלית,מודיעין מרכז-מודיעין מכבים רעות --> נהריה-נהריה,נהריה,רכבת ישראל,מודיעין מכבים רעות,
37396,פאתי מודיעין,חוף הכרמל,מודיעין מרכז-מודיעין מכבים רעות --> נהריה-נהריה,נהריה,רכבת ישראל,מודיעין מכבים רעות,
37396,פאתי מודיעין,בת גלים,מודיעין מרכז-מודיעין מכבים רעות --> נהריה-נהריה,נהריה,רכבת ישראל,מודיעין מכבים רעות,
37396,פאתי מודיעין,חיפה מרכז,מודיעין מרכז-מודיעין מכבים רעות --> נהריה-נהריה,נהריה,רכבת ישראל,מודיעין מכבים רעות,
37396,פאתי מודיעין,מרכזית המפרץ/קו החוף,מודיעין מרכז-מודיעין מכבים רעות --> נהריה-נהריה,נהריה,רכבת ישראל,מודיעין מכבים רעות,
37396,פאתי מודיעין,חוצות מפרץ,מודיעין מרכז-מודיעין מכבים רעות --> נהריה-נהריה,נהריה,רכבת ישראל,מודיעין מכבים רעות,
37396,פאתי מודיעין,קרית חיים,מודיעין מרכז-מודיעין מכבים רעות --> נהריה-נהריה,נהריה,רכבת ישראל,מודיעין מכבים רעות,
37396,פאתי מודיעין,קרית מוצקין,מודיעין מרכז-מודיעין מכבים רעות --> נהריה-נהריה,נהריה,רכבת ישראל,מודיעין מכבים רעות,
37396,פאתי מודיעין,עכו,מודיעין מרכז-מודיעין מכבים רעות --> נהריה-נהריה,נהריה,רכבת ישראל,מודיעין מכבים רעות,
37396,פאתי מודיעין,נהריה,מודיעין מרכז-מודיעין מכבים רעות --> נהריה-נהריה,נהריה,רכבת ישראל,מודיעין מכבים רעות,
37306,נתב''ג,תל אביב ההגנה,מודיעין מרכז-מודיעין מכבים רעות --> נהריה-נהריה,נהריה,רכבת ישראל,נמל תעופה בן גוריון,
37306,נתב''ג,השלום,מודיעין מרכז-מודיעין מכבים רעות --> נהריה-נהריה,נהריה,רכבת ישראל,נמל תעופה בן גוריון,
37306,נתב''ג,תל אביב מרכז,מודיעין מרכז-מודיעין מכבים רעות --> נהריה-נהריה,נהריה,רכבת ישראל,נמל תעופה בן גוריון,
37306,נתב''ג,תל אביב האוניברסיטה - אקספו,מודיעין מרכז-מודיעין מכבים רעות --> נהריה-נהריה,נהריה,רכבת ישראל,נמל תעופה בן גוריון,
37306,נתב''ג,בנימינה,מודיעין מרכז-מודיעין מכבים רעות --> נהריה-נהריה,נהריה,רכבת ישראל,נמל תעופה בן גוריון,
37306,נתב''ג,עתלית,מודיעין מרכז-מודיעין מכבים רעות --> נהריה-נהריה,נהריה,רכבת ישראל,נמל תעופה בן גוריון,
37306,נתב''ג,חוף הכרמל,מודיעין מרכז-מודיעין מכבים רעות --> נהריה-נהריה,נהריה,רכבת ישראל,נמל תעופה בן גוריון,
37306,נתב''ג,בת גלים,מודיעין מרכז-מודיעין מכבים רעות --> נהריה-נהריה,נהריה,רכבת ישראל,נמל תעופה בן גוריון,
37306,נתב''ג,חיפה מרכז,מודיעין מרכז-מודיעין מכבים רעות --> נהריה-נהריה,נהריה,רכבת ישראל,נמל תעופה בן גוריון,
37306,נתב''ג,מרכזית המפרץ/קו החוף,מודיעין מרכז-מודיעין מכבים רעות --> נהריה-נהריה,נהריה,רכבת ישראל,נמל תעופה בן גוריון,
37306,נתב''ג,חוצות מפרץ,מודיעין מרכז-מודיעין מכבים רעות --> נהריה-נהריה,נהריה,רכבת ישראל,נמל תעופה בן גוריון,
37306,נתב''ג,קרית חיים,מודיעין מרכז-מודיעין מכבים רעות --> נהריה-נהריה,נהריה,רכבת ישראל,נמל תעופה בן גוריון,
37306,נתב''ג,קרית מוצקין,מודיעין מרכז-מודיעין מכבים רעות --> נהריה-נהריה,נהריה,רכבת ישראל,נמל תעופה בן גוריון,
37306,נתב''ג,עכו,מודיעין מרכז-מודיעין מכבים רעות --> נהריה-נהריה,נהריה,רכבת ישראל,נמל תעופה בן גוריון,
37306,נתב''ג,נהריה,מודיעין מרכז-מודיעין מכבים רעות --> נהריה-נהריה,נהריה,רכבת ישראל,נמל תעופה בן גוריון,
37292,תל אביב ההגנה,השלום,מודיעין מרכז-מודיעין מכבים רעות --> נהריה-נהריה,נהריה,רכבת ישראל,תל אביב יפו,
37292,תל אביב ההגנה,תל אביב מרכז,מודיעין מרכז-מודיעין מכבים רעות --> נהריה-נהריה,נהריה,רכבת ישראל,תל אביב יפו,
37292,תל אביב ההגנה,תל אביב האוניברסיטה - אקספו,מודיעין מרכז-מודיעין מכבים רעות --> נהריה-נהריה,נהריה,רכבת ישראל,תל אביב יפו,
37292,תל אביב ההגנה,בנימינה,מודיעין מרכז-מודיעין מכבים רעות --> נהריה-נהריה,נהריה,רכבת ישראל,תל אביב יפו,
37292,תל אביב ההגנה,עתלית,מודיעין מרכז-מודיעין מכבים רעות --> נהריה-נהריה,נהריה,רכבת ישראל,תל אביב יפו,
37292,תל אביב ההגנה,חוף הכרמל,מודיעין מרכז-מודיעין מכבים רעות --> נהריה-נהריה,נהריה,רכבת ישראל,תל אביב יפו,
37292,תל אביב ההגנה,בת גלים,מודיעין מרכז-מודיעין מכבים רעות --> נהריה-נהריה,נהריה,רכבת ישראל,תל אביב יפו,
37292,תל אביב ההגנה,חיפה מרכז,מודיעין מרכז-מודיעין מכבים רעות --> נהריה-נהריה,נהריה,רכבת ישראל,תל אביב יפו,
37292,תל אביב ההגנה,מרכזית המפרץ/קו החוף,מודיעין מרכז-מודיעין מכבים רעות --> נהריה-נהריה,נהריה,רכבת ישראל,תל אביב יפו,
37292,תל אביב ההגנה,חוצות מפרץ,מודיעין מרכז-מודיעין מכבים רעות --> נהריה-נהריה,נהריה,רכבת ישראל,תל אביב יפו,
37292,תל אביב ההגנה,קרית חיים,מודיעין מרכז-מודיעין מכבים רעות --> נהריה-נהריה,נהריה,רכבת ישראל,תל אביב יפו,
37292,תל אביב ההגנה,קרית מוצקין,מודיעין מרכז-מודיעין מכבים רעות --> נהריה-נהריה,נהריה,רכבת ישראל,תל אביב יפו,
37292,תל אביב ההגנה,עכו,מודיעין מרכז-מודיעין מכבים רעות --> נהריה-נהריה,נהריה,רכבת ישראל,תל אביב יפו,
37292,תל אביב ההגנה,נהריה,מודיעין מרכז-מודיעין מכבים רעות --> נהריה-נהריה,נהריה,רכבת ישראל,תל אביב יפו,
37350,השלום,תל אביב מרכז,מודיעין מרכז-מודיעין מכבים רעות --> נהריה-נהריה,נהריה,רכבת ישראל,תל אביב יפו,
37350,השלום,תל אביב האוניברסיטה - אקספו,מודיעין מרכז-מודיעין מכבים רעות --> נהריה-נהריה,נהריה,רכבת ישראל,תל אביב יפו,
37350,השלום,בנימינה,מודיעין מרכז-מודיעין מכבים רעות --> נהריה-נהריה,נהריה,רכבת ישראל,תל אביב יפו,
37350,השלום,עתלית,מודיעין מרכז-מודיעין מכבים רעות --> נהריה-נהריה,נהריה,רכבת ישראל,תל אביב יפו,
37350,השלום,חוף הכרמל,מודיעין מרכז-מודיעין מכבים רעות --> נהריה-נהריה,נהריה,רכבת ישראל,תל אביב יפו,
37350,השלום,בת גלים,מודיעין מרכז-מודיעין מכבים רעות --> נהריה-נהריה,נהריה,רכבת ישראל,תל אביב יפו,
37350,השלום,חיפה מרכז,מודיעין מרכז-מודיעין מכבים רעות --> נהריה-נהריה,נהריה,רכבת ישראל,תל אביב יפו,
37350,השלום,מרכזית המפרץ/קו החוף,מודיעין מרכז-מודיעין מכבים רעות --> נהריה-נהריה,נהריה,רכבת ישראל,תל אביב יפו,
37350,השלום,חוצות מפרץ,מודיעין מרכז-מודיעין מכבים רעות --> נהריה-נהריה,נהריה,רכבת ישראל,תל אביב יפו,
37350,השלום,קרית חיים,מודיעין מרכז-מודיעין מכבים רעות --> נהריה-נהריה,נהריה,רכבת ישראל,תל אביב יפו,
37350,השלום,קרית מוצקין,מודיעין מרכז-מודיעין מכבים רעות --> נהריה-נהריה,נהריה,רכבת ישראל,תל אביב יפו,
37350,השלום,עכו,מודיעין מרכז-מודיעין מכבים רעות --> נהריה-נהריה,נהריה,רכבת ישראל,תל אביב יפו,
37350,השלום,נהריה,מודיעין מרכז-מודיעין מכבים רעות --> נהריה-נהריה,נהריה,רכבת ישראל,תל אביב יפו,
37358,תל אביב מרכז,תל אביב האוניברסיטה - אקספו,מודיעין מרכז-מודיעין מכבים רעות --> נהריה-נהריה,נהריה,רכבת ישראל,תל אביב יפו,
37358,תל אביב מרכז,בנימינה,מודיעין מרכז-מודיעין מכבים רעות --> נהריה-נהריה,נהריה,רכבת ישראל,תל אביב יפו,
37358,תל אביב מרכז,עתלית,מודיעין מרכז-מודיעין מכבים רעות --> נהריה-נהריה,נהריה,רכבת ישראל,תל אביב יפו,
37358,תל אביב מרכז,חוף הכרמל,מודיעין מרכז-מודיעין מכבים רעות --> נהריה-נהריה,נהריה,רכבת ישראל,תל אביב יפו,
37358,תל אביב מרכז,בת גלים,מודיעין מרכז-מודיעין מכבים רעות --> נהריה-נהריה,נהריה,רכבת ישראל,תל אביב יפו,
37358,תל אביב מרכז,חיפה מרכז,מודיעין מרכז-מודיעין מכבים רעות --> נהריה-נהריה,נהריה,רכבת ישראל,תל אביב יפו,
37358,תל אביב מרכז,מרכזית המפרץ/קו החוף,מודיעין מרכז-מודיעין מכבים רעות --> נהריה-נהריה,נהריה,רכבת ישראל,תל אביב יפו,
37358,תל אביב מרכז,חוצות מפרץ,מודיעין מרכז-מודיעין מכבים רעות --> נהריה-נהריה,נהריה,רכבת ישראל,תל אביב יפו,
37358,תל אביב מרכז,קרית חיים,מודיעין מרכז-מודיעין מכבים רעות --> נהריה-נהריה,נהריה,רכבת ישראל,תל אביב יפו,
37358,תל אביב מרכז,קרית מוצקין,מודיעין מרכז-מודיעין מכבים רעות --> נהריה-נהריה,נהריה,רכבת ישראל,תל אביב יפו,
37358,תל אביב מרכז,עכו,מודיעין מרכז-מודיעין מכבים רעות --> נהריה-נהריה,נהריה,רכבת ישראל,תל אביב יפו,
37358,תל אביב מרכז,נהריה,מודיעין מרכז-מודיעין מכבים רעות --> נהריה-נהריה,נהריה,רכבת ישראל,תל אביב יפו,
37360,תל אביב האוניברסיטה - אקספו,בנימינה,מודיעין מרכז-מודיעין מכבים רעות --> נהריה-נהריה,נהריה,רכבת ישראל,תל אביב יפו,
37360,תל אביב האוניברסיטה - אקספו,עתלית,מודיעין מרכז-מודיעין מכבים רעות --> נהריה-נהריה,נהריה,רכבת ישראל,תל אביב יפו,
37360,תל אביב האוניברסיטה - אקספו,חוף הכרמל,מודיעין מרכז-מודיעין מכבים רעות --> נהריה-נהריה,נהריה,רכבת ישראל,תל אביב יפו,
37360,תל אביב האוניברסיטה - אקספו,בת גלים,מודיעין מרכז-מודיעין מכבים רעות --> נהריה-נהריה,נהריה,רכבת ישראל,תל אביב יפו,
37360,תל אביב האוניברסיטה - אקספו,חיפה מרכז,מודיעין מרכז-מודיעין מכבים רעות --> נהריה-נהריה,נהריה,רכבת ישראל,תל אביב יפו,
37360,תל אביב האוניברסיטה - אקספו,מרכזית המפרץ/קו החוף,מודיעין מרכז-מודיעין מכבים רעות --> נהריה-נהריה,נהריה,רכבת ישראל,תל אביב יפו,
37360,תל אביב האוניברסיטה - אקספו,חוצות מפרץ,מודיעין מרכז-מודיעין מכבים רעות --> נהריה-נהריה,נהריה,רכבת ישראל,תל אביב יפו,
37360,תל אביב האוניברסיטה - אקספו,קרית חיים,מודיעין מרכז-מודיעין מכבים רעות --> נהריה-נהריה,נהריה,רכבת ישראל,תל אביב יפו,
37360,תל אביב האוניברסיטה - אקספו,קרית מוצקין,מודיעין מרכז-מודיעין מכבים רעות --> נהריה-נהריה,נהריה,רכבת ישראל,תל אביב יפו,
37360,תל אביב האוניברסיטה - אקספו,עכו,מודיעין מרכז-מודיעין מכבים רעות --> נהריה-נהריה,נהריה,רכבת ישראל,תל אביב יפו,
37360,תל אביב האוניברסיטה - אקספו,נהריה,מודיעין מרכז-מודיעין מכבים רעות --> נהריה-נהריה,נהריה,רכבת ישראל,תל אביב יפו,
37372,בנימינה,עתלית,מודיעין מרכז-מודיעין מכבים רעות --> נהריה-נהריה,נהריה,רכבת ישראל,בנימינה גבעת עדה,
37372,בנימינה,חוף הכרמל,מודיעין מרכז-מודיעין מכבים רעות --> נהריה-נהריה,נהריה,רכבת ישראל,בנימינה גבעת עדה,
37372,בנימינה,בת גלים,מודיעין מרכז-מודיעין מכבים רעות --> נהריה-נהריה,נהריה,רכבת ישראל,בנימינה גבעת עדה,
37372,בנימינה,חיפה מרכז,מודיעין מרכז-מודיעין מכבים רעות --> נהריה-נהריה,נהריה,רכבת ישראל,בנימינה גבעת עדה,
37372,בנימינה,מרכזית המפרץ/קו החוף,מודיעין מרכז-מודיעין מכבים רעות --> נהריה-נהריה,נהריה,רכבת ישראל,בנימינה גבעת עדה,
37372,בנימינה,חוצות מפרץ,מודיעין מרכז-מודיעין מכבים רעות --> נהריה-נהריה,נהריה,רכבת ישראל,בנימינה גבעת עדה,
37372,בנימינה,קרית חיים,מודיעין מרכז-מודיעין מכבים רעות --> נהריה-נהריה,נהריה,רכבת ישראל,בנימינה גבעת עדה,
37372,בנימינה,קרית מוצקין,מודיעין מרכז-מודיעין מכבים רעות --> נהריה-נהריה,נהריה,רכבת ישראל,בנימינה גבעת עדה,
37372,בנימינה,עכו,מודיעין מרכז-מודיעין מכבים רעות --> נהריה-נהריה,נהריה,רכבת ישראל,בנימינה גבעת עדה,
37372,בנימינה,נהריה,מודיעין מרכז-מודיעין מכבים רעות --> נהריה-נהריה,נהריה,רכבת ישראל,בנימינה גבעת עדה,
37374,עתלית,חוף הכרמל,מודיעין מרכז-מודיעין מכבים רעות --> נהריה-נהריה,נהריה,רכבת ישראל,עתלית,
37374,עתלית,בת גלים,מודיעין מרכז-מודיעין מכבים רעות --> נהריה-נהריה,נהריה,רכבת ישראל,עתלית,
37374,עתלית,חיפה מרכז,מודיעין מרכז-מודיעין מכבים רעות --> נהריה-נהריה,נהריה,רכבת ישראל,עתלית,
37374,עתלית,מרכזית המפרץ/קו החוף,מודיעין מרכז-מודיעין מכבים רעות --> נהריה-נהריה,נהריה,רכבת ישראל,עתלית,
37374,עתלית,חוצות מפרץ,מודיעין מרכז-מודיעין מכבים רעות --> נהריה-נהריה,נהריה,רכבת ישראל,עתלית,
37374,עתלית,קרית חיים,מודיעין מרכז-מודיעין מכבים רעות --> נהריה-נהריה,נהריה,רכבת ישראל,עתלית,
37374,עתלית,קרית מוצקין,מודיעין מרכז-מודיעין מכבים רעות --> נהריה-נהריה,נהריה,רכבת ישראל,עתלית,
37374,עתלית,עכו,מודיעין מרכז-מודיעין מכבים רעות --> נהריה-נהריה,נהריה,רכבת ישראל,עתלית,
37374,עתלית,נהריה,מודיעין מרכז-מודיעין מכבים רעות --> נהריה-נהריה,נהריה,רכבת ישראל,עתלית,
37376,חוף הכרמל,בת גלים,מודיעין מרכז-מודיעין מכבים רעות --> נהריה-נהריה,נהריה,רכבת ישראל,חוף הכרמל,
37376,חוף הכרמל,חיפה מרכז,מודיעין מרכז-מודיעין מכבים רעות --> נהריה-נהריה,נהריה,רכבת ישראל,חוף הכרמל,
37376,חוף הכרמל,מרכזית המפרץ/קו החוף,מודיעין מרכז-מודיעין מכבים רעות --> נהריה-נהריה,נהריה,רכבת ישראל,חוף הכרמל,
37376,חוף הכרמל,חוצות מפרץ,מודיעין מרכז-מודיעין מכבים רעות --> נהריה-נהריה,נהריה,רכבת ישראל,חוף הכרמל,
37376,חוף הכרמל,קרית חיים,מודיעין מרכז-מודיעין מכבים רעות --> נהריה-נהריה,נהריה,רכבת ישראל,חוף הכרמל,
37376,חוף הכרמל,קרית מוצקין,מודיעין מרכז-מודיעין מכבים רעות --> נהריה-נהריה,נהריה,רכבת ישראל,חוף הכרמל,
37376,חוף הכרמל,עכו,מודיעין מרכז-מודיעין מכבים רעות --> נהריה-נהריה,נהריה,רכבת ישראל,חוף הכרמל,
37376,חוף הכרמל,נהריה,מודיעין מרכז-מודיעין מכבים רעות --> נהריה-נהריה,נהריה,רכבת ישראל,חוף הכרמל,
37378,בת גלים,חיפה מרכז,מודיעין מרכז-מודיעין מכבים רעות --> נהריה-נהריה,נהריה,רכבת ישראל,חיפה,
37378,בת גלים,מרכזית המפרץ/קו החוף,מודיעין מרכז-מודיעין מכבים רעות --> נהריה-נהריה,נהריה,רכבת ישראל,חיפה,
37378,בת גלים,חוצות מפרץ,מודיעין מרכז-מודיעין מכבים רעות --> נהריה-נהריה,נהריה,רכבת ישראל,חיפה,
37378,בת גלים,קרית חיים,מודיעין מרכז-מודיעין מכבים רעות --> נהריה-נהריה,נהריה,רכבת ישראל,חיפה,
37378,בת גלים,קרית מוצקין,מודיעין מרכז-מודיעין מכבים רעות --> נהריה-נהריה,נהריה,רכבת ישראל,חיפה,
37378,בת גלים,עכו,מודיעין מרכז-מודיעין מכבים רעות --> נהריה-נהריה,נהריה,רכבת ישראל,חיפה,
37378,בת גלים,נהריה,מודיעין מרכז-מודיעין מכבים רעות --> נהריה-נהריה,נהריה,רכבת ישראל,חיפה,
37380,חיפה מרכז,מרכזית המפרץ/קו החוף,מודיעין מרכז-מודיעין מכבים רעות --> נהריה-נהריה,נהריה,רכבת ישראל,חיפה,
37380,חיפה מרכז,חוצות מפרץ,מודיעין מרכז-מודיעין מכבים רעות --> נהריה-נהריה,נהריה,רכבת ישראל,חיפה,
37380,חיפה מרכז,קרית חיים,מודיעין מרכז-מודיעין מכבים רעות --> נהריה-נהריה,נהריה,רכבת ישראל,חיפה,
37380,חיפה מרכז,קרית מוצקין,מודיעין מרכז-מודיעין מכבים רעות --> נהריה-נהריה,נהריה,רכבת ישראל,חיפה,
37380,חיפה מרכז,עכו,מודיעין מרכז-מודיעין מכבים רעות --> נהריה-נהריה,נהריה,רכבת ישראל,חיפה,
37380,חיפה מרכז,נהריה,מודיעין מרכז-מודיעין מכבים רעות --> נהריה-נהריה,נהריה,רכבת ישראל,חיפה,
37388,מרכזית המפרץ/קו החוף,חוצות מפרץ,מודיעין מרכז-מודיעין מכבים רעות --> נהריה-נהריה,נהריה,רכבת ישראל,חיפה,
37388,מרכזית המפרץ/קו החוף,קרית חיים,מודיעין מרכז-מודיעין מכבים רעות --> נהריה-נהריה,נהריה,רכבת ישראל,חיפה,
37388,מרכזית המפרץ/קו החוף,קרית מוצקין,מודיעין מרכז-מודיעין מכבים רעות --> נהריה-נהריה,נהריה,רכבת ישראל,חיפה,
37388,מרכזית המפרץ/קו החוף,עכו,מודיעין מרכז-מודיעין מכבים רעות --> נהריה-נהריה,נהריה,רכבת ישראל,חיפה,
37388,מרכזית המפרץ/קו החוף,נהריה,מודיעין מרכז-מודיעין מכבים רעות --> נהריה-נהריה,נהריה,רכבת ישראל,חיפה,
37386,חוצות מפרץ,קרית חיים,מודיעין מרכז-מודיעין מכבים רעות --> נהריה-נהריה,נהריה,רכבת ישראל,חיפה,
37386,חוצות מפרץ,קרית מוצקין,מודיעין מרכז-מודיעין מכבים רעות --> נהריה-נהריה,נהריה,רכבת ישראל,חיפה,
37386,חוצות מפרץ,עכו,מודיעין מרכז-מודיעין מכבים רעות --> נהריה-נהריה,נהריה,רכבת ישראל,חיפה,
37386,חוצות מפרץ,נהריה,מודיעין מרכז-מודיעין מכבים רעות --> נהריה-נהריה,נהריה,רכבת ישראל,חיפה,
37392,קרית חיים,קרית מוצקין,מודיעין מרכז-מודיעין מכבים רעות --> נהריה-נהריה,נהריה,רכבת ישראל,חיפה,
37392,קרית חיים,עכו,מודיעין מרכז-מודיעין מכבים רעות --> נהריה-נהריה,נהריה,רכבת ישראל,חיפה,
37392,קרית חיים,נהריה,מודיעין מרכז-מודיעין מכבים רעות --> נהריה-נהריה,נהריה,רכבת ישראל,חיפה,
41293,קרית מוצקין,עכו,מודיעין מרכז-מודיעין מכבים רעות --> נהריה-נהריה,נהריה,רכבת ישראל,קרית מוצקין,
41293,קרית מוצקין,נהריה,מודיעין מרכז-מודיעין מכבים רעות --> נהריה-נהריה,נהריה,רכבת ישראל,קרית מוצקין,
37384,עכו,נהריה,מודיעין מרכז-מודיעין מכבים רעות --> נהריה-נהריה,נהריה,רכבת ישראל,עכו,
37382,נהריה,קרית חיים,נהריה-נהריה --> מודיעין מרכז-מודיעין מכבים רעות,מודיעין מרכז,רכבת ישראל,נהריה,
37382,נהריה,חוצות מפרץ,נהריה-נהריה --> מודיעין מרכז-מודיעין מכבים רעות,מודיעין מרכז,רכבת ישראל,נהריה,
37382,נהריה,מרכזית המפרץ/קו החוף,נהריה-נהריה --> מודיעין מרכז-מודיעין מכבים רעות,מודיעין מרכז,רכבת ישראל,נהריה,
37382,נהריה,חיפה מרכז,נהריה-נהריה --> מודיעין מרכז-מודיעין מכבים רעות,מודיעין מרכז,רכבת ישראל,נהריה,
37382,נהריה,בת גלים,נהריה-נהריה --> מודיעין מרכז-מודיעין מכבים רעות,מודיעין מרכז,רכבת ישראל,נהריה,
37382,נהריה,חוף הכרמל,נהריה-נהריה --> מודיעין מרכז-מודיעין מכבים רעות,מודיעין מרכז,רכבת ישראל,נהריה,
37382,נהריה,עתלית,נהריה-נהריה --> מודיעין מרכז-מודיעין מכבים רעות,מודיעין מרכז,רכבת ישראל,נהריה,
37382,נהריה,בנימינה,נהריה-נהריה --> מודיעין מרכז-מודיעין מכבים רעות,מודיעין מרכז,רכבת ישראל,נהריה,
37382,נהריה,תל אביב האוניברסיטה - אקספו,נהריה-נהריה --> מודיעין מרכז-מודיעין מכבים רעות,מודיעין מרכז,רכבת ישראל,נהריה,
37382,נהריה,תל אביב מרכז,נהריה-נהריה --> מודיעין מרכז-מודיעין מכבים רעות,מודיעין מרכז,רכבת ישראל,נהריה,
37382,נהריה,השלום,נהריה-נהריה --> מודיעין מרכז-מודיעין מכבים רעות,מודיעין מרכז,רכבת ישראל,נהריה,
37382,נהריה,תל אביב ההגנה,נהריה-נהריה --> מודיעין מרכז-מודיעין מכבים רעות,מודיעין מרכז,רכבת ישראל,נהריה,
37382,נהריה,נתב''ג,נהריה-נהריה --> מודיעין מרכז-מודיעין מכבים רעות,מודיעין מרכז,רכבת ישראל,נהריה,
37382,נהריה,פאתי מודיעין,נהריה-נהריה --> מודיעין מרכז-מודיעין מכבים רעות,מודיעין מרכז,רכבת ישראל,נהריה,
37382,נהריה,מודיעין מרכז,נהריה-נהריה --> מודיעין מרכז-מודיעין מכבים רעות,מודיעין מרכז,רכבת ישראל,נהריה,
37384,עכו,קרית חיים,נהריה-נהריה --> מודיעין מרכז-מודיעין מכבים רעות,מודיעין מרכז,רכבת ישראל,עכו,
37384,עכו,חוצות מפרץ,נהריה-נהריה --> מודיעין מרכז-מודיעין מכבים רעות,מודיעין מרכז,רכבת ישראל,עכו,
37384,עכו,מרכזית המפרץ/קו החוף,נהריה-נהריה --> מודיעין מרכז-מודיעין מכבים רעות,מודיעין מרכז,רכבת ישראל,עכו,
37384,עכו,חיפה מרכז,נהריה-נהריה --> מודיעין מרכז-מודיעין מכבים רעות,מודיעין מרכז,רכבת ישראל,עכו,
37384,עכו,בת גלים,נהריה-נהריה --> מודיעין מרכז-מודיעין מכבים רעות,מודיעין מרכז,רכבת ישראל,עכו,
37384,עכו,חוף הכרמל,נהריה-נהריה --> מודיעין מרכז-מודיעין מכבים רעות,מודיעין מרכז,רכבת ישראל,עכו,
37384,עכו,עתלית,נהריה-נהריה --> מודיעין מרכז-מודיעין מכבים רעות,מודיעין מרכז,רכבת ישראל,עכו,
37384,עכו,בנימינה,נהריה-נהריה --> מודיעין מרכז-מודיעין מכבים רעות,מודיעין מרכז,רכבת ישראל,עכו,
37384,עכו,תל אביב האוניברסיטה - אקספו,נהריה-נהריה --> מודיעין מרכז-מודיעין מכבים רעות,מודיעין מרכז,רכבת ישראל,עכו,
37384,עכו,תל אביב מרכז,נהריה-נהריה --> מודיעין מרכז-מודיעין מכבים רעות,מודיעין מרכז,רכבת ישראל,עכו,
37384,עכו,השלום,נהריה-נהריה --> מודיעין מרכז-מודיעין מכבים רעות,מודיעין מרכז,רכבת ישראל,עכו,
37384,עכו,תל אביב ההגנה,נהריה-נהריה --> מודיעין מרכז-מודיעין מכבים רעות,מודיעין מרכז,רכבת ישראל,עכו,
37384,עכו,נתב''ג,נהריה-נהריה --> מודיעין מרכז-מודיעין מכבים רעות,מודיעין מרכז,רכבת ישראל,עכו,
37384,עכו,פאתי מודיעין,נהריה-נהריה --> מודיעין מרכז-מודיעין מכבים רעות,מודיעין מרכז,רכבת ישראל,עכו,
37384,עכו,מודיעין מרכז,נהריה-נהריה --> מודיעין מרכז-מודיעין מכבים רעות,מודיעין מרכז,רכבת ישראל,עכו,
41293,קרית מוצקין,קרית חיים,נהריה-נהריה --> מודיעין מרכז-מודיעין מכבים רעות,מודיעין מרכז,רכבת ישראל,קרית מוצקין,
41293,קרית מוצקין,חוצות מפרץ,נהריה-נהריה --> מודיעין מרכז-מודיעין מכבים רעות,מודיעין מרכז,רכבת ישראל,קרית מוצקין,
41293,קרית מוצקין,מרכזית המפרץ/קו החוף,נהריה-נהריה --> מודיעין מרכז-מודיעין מכבים רעות,מודיעין מרכז,רכבת ישראל,קרית מוצקין,
41293,קרית מוצקין,חיפה מרכז,נהריה-נהריה --> מודיעין מרכז-מודיעין מכבים רעות,מודיעין מרכז,רכבת ישראל,קרית מוצקין,
41293,קרית מוצקין,בת גלים,נהריה-נהריה --> מודיעין מרכז-מודיעין מכבים רעות,מודיעין מרכז,רכבת ישראל,קרית מוצקין,
41293,קרית מוצקין,חוף הכרמל,נהריה-נהריה --> מודיעין מרכז-מודיעין מכבים רעות,מודיעין מרכז,רכבת ישראל,קרית מוצקין,
41293,קרית מוצקין,עתלית,נהריה-נהריה --> מודיעין מרכז-מודיעין מכבים רעות,מודיעין מרכז,רכבת ישראל,קרית מוצקין,
41293,קרית מוצקין,בנימינה,נהריה-נהריה --> מודיעין מרכז-מודיעין מכבים רעות,מודיעין מרכז,רכבת ישראל,קרית מוצקין,
41293,קרית מוצקין,תל אביב האוניברסיטה - אקספו,נהריה-נהריה --> מודיעין מרכז-מודיעין מכבים רעות,מודיעין מרכז,רכבת ישראל,קרית מוצקין,
41293,קרית מוצקין,תל אביב מרכז,נהריה-נהריה --> מודיעין מרכז-מודיעין מכבים רעות,מודיעין מרכז,רכבת ישראל,קרית מוצקין,
41293,קרית מוצקין,השלום,נהריה-נהריה --> מודיעין מרכז-מודיעין מכבים רעות,מודיעין מרכז,רכבת ישראל,קרית מוצקין,
41293,קרית מוצקין,תל אביב ההגנה,נהריה-נהריה --> מודיעין מרכז-מודיעין מכבים רעות,מודיעין מרכז,רכבת ישראל,קרית מוצקין,
41293,קרית מוצקין,נתב''ג,נהריה-נהריה --> מודיעין מרכז-מודיעין מכבים רעות,מודיעין מרכז,רכבת ישראל,קרית מוצקין,
41293,קרית מוצקין,פאתי מודיעין,נהריה-נהריה --> מודיעין מרכז-מודיעין מכבים רעות,מודיעין מרכז,רכבת ישראל,קרית מוצקין,
41293,קרית מוצקין,מודיעין מרכז,נהריה-נהריה --> מודיעין מרכז-מודיעין מכבים רעות,מודיעין מרכז,רכבת ישראל,קרית מוצקין,
37392,קרית חיים,חוצות מפרץ,נהריה-נהריה --> מודיעין מרכז-מודיעין מכבים רעות,מודיעין מרכז,רכבת ישראל,חיפה,
37392,קרית חיים,מרכזית המפרץ/קו החוף,נהריה-נהריה --> מודיעין מרכז-מודיעין מכבים רעות,מודיעין מרכז,רכבת ישראל,חיפה,
37392,קרית חיים,חיפה מרכז,נהריה-נהריה --> מודיעין מרכז-מודיעין מכבים רעות,מודיעין מרכז,רכבת ישראל,חיפה,
37392,קרית חיים,בת גלים,נהריה-נהריה --> מודיעין מרכז-מודיעין מכבים רעות,מודיעין מרכז,רכבת ישראל,חיפה,
37392,קרית חיים,חוף הכרמל,נהריה-נהריה --> מודיעין מרכז-מודיעין מכבים רעות,מודיעין מרכז,רכבת ישראל,חיפה,
37392,קרית חיים,עתלית,נהריה-נהריה --> מודיעין מרכז-מודיעין מכבים רעות,מודיעין מרכז,רכבת ישראל,חיפה,
37392,קרית חיים,בנימינה,נהריה-נהריה --> מודיעין מרכז-מודיעין מכבים רעות,מודיעין מרכז,רכבת ישראל,חיפה,
37392,קרית חיים,תל אביב האוניברסיטה - אקספו,נהריה-נהריה --> מודיעין מרכז-מודיעין מכבים רעות,מודיעין מרכז,רכבת ישראל,חיפה,
37392,קרית חיים,תל אביב מרכז,נהריה-נהריה --> מודיעין מרכז-מודיעין מכבים רעות,מודיעין מרכז,רכבת ישראל,חיפה,
37392,קרית חיים,השלום,נהריה-נהריה --> מודיעין מרכז-מודיעין מכבים רעות,מודיעין מרכז,רכבת ישראל,חיפה,
37392,קרית חיים,תל אביב ההגנה,נהריה-נהריה --> מודיעין מרכז-מודיעין מכבים רעות,מודיעין מרכז,רכבת ישראל,חיפה,
37392,קרית חיים,נתב''ג,נהריה-נהריה --> מודיעין מרכז-מודיעין מכבים רעות,מודיעין מרכז,רכבת ישראל,חיפה,
37392,קרית חיים,פאתי מודיעין,נהריה-נהריה --> מודיעין מרכז-מודיעין מכבים רעות,מודיעין מרכז,רכבת ישראל,חיפה,
37392,קרית חיים,מודיעין מרכז,נהריה-נהריה --> מודיעין מרכז-מודיעין מכבים רעות,מודיעין מרכז,רכבת ישראל,חיפה,
37386,חוצות מפרץ,מרכזית המפרץ/קו החוף,נהריה-נהריה --> מודיעין מרכז-מודיעין מכבים רעות,מודיעין מרכז,רכבת ישראל,חיפה,
37386,חוצות מפרץ,חיפה מרכז,נהריה-נהריה --> מודיעין מרכז-מודיעין מכבים רעות,מודיעין מרכז,רכבת ישראל,חיפה,
37386,חוצות מפרץ,בת גלים,נהריה-נהריה --> מודיעין מרכז-מודיעין מכבים רעות,מודיעין מרכז,רכבת ישראל,חיפה,
37386,חוצות מפרץ,חוף הכרמל,נהריה-נהריה --> מודיעין מרכז-מודיעין מכבים רעות,מודיעין מרכז,רכבת ישראל,חיפה,
37386,חוצות מפרץ,עתלית,נהריה-נהריה --> מודיעין מרכז-מודיעין מכבים רעות,מודיעין מרכז,רכבת ישראל,חיפה,
37386,חוצות מפרץ,בנימינה,נהריה-נהריה --> מודיעין מרכז-מודיעין מכבים רעות,מודיעין מרכז,רכבת ישראל,חיפה,
37386,חוצות מפרץ,תל אביב האוניברסיטה - אקספו,נהריה-נהריה --> מודיעין מרכז-מודיעין מכבים רעות,מודיעין מרכז,רכבת ישראל,חיפה,
37386,חוצות מפרץ,תל אביב מרכז,נהריה-נהריה --> מודיעין מרכז-מודיעין מכבים רעות,מודיעין מרכז,רכבת ישראל,חיפה,
37386,חוצות מפרץ,השלום,נהריה-נהריה --> מודיעין מרכז-מודיעין מכבים רעות,מודיעין מרכז,רכבת ישראל,חיפה,
37386,חוצות מפרץ,תל אביב ההגנה,נהריה-נהריה --> מודיעין מרכז-מודיעין מכבים רעות,מודיעין מרכז,רכבת ישראל,חיפה,
37386,חוצות מפרץ,נתב''ג,נהריה-נהריה --> מודיעין מרכז-מודיעין מכבים רעות,מודיעין מרכז,רכבת ישראל,חיפה,
37386,חוצות מפרץ,פאתי מודיעין,נהריה-נהריה --> מודיעין מרכז-מודיעין מכבים רעות,מודיעין מרכז,רכבת ישראל,חיפה,
37386,חוצות מפרץ,מודיעין מרכז,נהריה-נהריה --> מודיעין מרכז-מודיעין מכבים רעות,מודיעין מרכז,רכבת ישראל,חיפה,
37388,מרכזית המפרץ/קו החוף,חיפה מרכז,נהריה-נהריה --> מודיעין מרכז-מודיעין מכבים רעות,מודיעין מרכז,רכבת ישראל,חיפה,
37388,מרכזית המפרץ/קו החוף,בת גלים,נהריה-נהריה --> מודיעין מרכז-מודיעין מכבים רעות,מודיעין מרכז,רכבת ישראל,חיפה,
37388,מרכזית המפרץ/קו החוף,חוף הכרמל,נהריה-נהריה --> מודיעין מרכז-מודיעין מכבים רעות,מודיעין מרכז,רכבת ישראל,חיפה,
37388,מרכזית המפרץ/קו החוף,עתלית,נהריה-נהריה --> מודיעין מרכז-מודיעין מכבים רעות,מודיעין מרכז,רכבת ישראל,חיפה,
37388,מרכזית המפרץ/קו החוף,בנימינה,נהריה-נהריה --> מודיעין מרכז-מודיעין מכבים רעות,מודיעין מרכז,רכבת ישראל,חיפה,
37388,מרכזית המפרץ/קו החוף,תל אביב האוניברסיטה - אקספו,נהריה-נהריה --> מודיעין מרכז-מודיעין מכבים רעות,מודיעין מרכז,רכבת ישראל,חיפה,
37388,מרכזית המפרץ/קו החוף,תל אביב מרכז,נהריה-נהריה --> מודיעין מרכז-מודיעין מכבים רעות,מודיעין מרכז,רכבת ישראל,חיפה,
37388,מרכזית המפרץ/קו החוף,השלום,נהריה-נהריה --> מודיעין מרכז-מודיעין מכבים רעות,מודיעין מרכז,רכבת ישראל,חיפה,
37388,מרכזית המפרץ/קו החוף,תל אביב ההגנה,נהריה-נהריה --> מודיעין מרכז-מודיעין מכבים רעות,מודיעין מרכז,רכבת ישראל,חיפה,
37388,מרכזית המפרץ/קו החוף,נתב''ג,נהריה-נהריה --> מודיעין מרכז-מודיעין מכבים רעות,מודיעין מרכז,רכבת ישראל,חיפה,
37388,מרכזית המפרץ/קו החוף,פאתי מודיעין,נהריה-נהריה --> מודיעין מרכז-מודיעין מכבים רעות,מודיעין מרכז,רכבת ישראל,חיפה,
37388,מרכזית המפרץ/קו החוף,מודיעין מרכז,נהריה-נהריה --> מודיעין מרכז-מודיעין מכבים רעות,מודיעין מרכז,רכבת ישראל,חיפה,
37380,חיפה מרכז,בת גלים,נהריה-נהריה --> מודיעין מרכז-מודיעין מכבים רעות,מודיעין מרכז,רכבת ישראל,חיפה,
37380,חיפה מרכז,חוף הכרמל,נהריה-נהריה --> מודיעין מרכז-מודיעין מכבים רעות,מודיעין מרכז,רכבת ישראל,חיפה,
37380,חיפה מרכז,עתלית,נהריה-נהריה --> מודיעין מרכז-מודיעין מכבים רעות,מודיעין מרכז,רכבת ישראל,חיפה,
37380,חיפה מרכז,בנימינה,נהריה-נהריה --> מודיעין מרכז-מודיעין מכבים רעות,מודיעין מרכז,רכבת ישראל,חיפה,
37380,חיפה מרכז,תל אביב האוניברסיטה - אקספו,נהריה-נהריה --> מודיעין מרכז-מודיעין מכבים רעות,מודיעין מרכז,רכבת ישראל,חיפה,
37380,חיפה מרכז,תל אביב מרכז,נהריה-נהריה --> מודיעין מרכז-מודיעין מכבים רעות,מודיעין מרכז,רכבת ישראל,חיפה,
37380,חיפה מרכז,השלום,נהריה-נהריה --> מודיעין מרכז-מודיעין מכבים רעות,מודיעין מרכז,רכבת ישראל,חיפה,
37380,חיפה מרכז,תל אביב ההגנה,נהריה-נהריה --> מודיעין מרכז-מודיעין מכבים רעות,מודיעין מרכז,רכבת ישראל,חיפה,
37380,חיפה מרכז,נתב''ג,נהריה-נהריה --> מודיעין מרכז-מודיעין מכבים רעות,מודיעין מרכז,רכבת ישראל,חיפה,
37380,חיפה מרכז,פאתי מודיעין,נהריה-נהריה --> מודיעין מרכז-מודיעין מכבים רעות,מודיעין מרכז,רכבת ישראל,חיפה,
37380,חיפה מרכז,מודיעין מרכז,נהריה-נהריה --> מודיעין מרכז-מודיעין מכבים רעות,מודיעין מרכז,רכבת ישראל,חיפה,
37378,בת גלים,חוף הכרמל,נהריה-נהריה --> מודיעין מרכז-מודיעין מכבים רעות,מודיעין מרכז,רכבת ישראל,חיפה,
37378,בת גלים,עתלית,נהריה-נהריה --> מודיעין מרכז-מודיעין מכבים רעות,מודיעין מרכז,רכבת ישראל,חיפה,
37378,בת גלים,בנימינה,נהריה-נהריה --> מודיעין מרכז-מודיעין מכבים רעות,מודיעין מרכז,רכבת ישראל,חיפה,
37378,בת גלים,תל אביב האוניברסיטה - אקספו,נהריה-נהריה --> מודיעין מרכז-מודיעין מכבים רעות,מודיעין מרכז,רכבת ישראל,חיפה,
37378,בת גלים,תל אביב מרכז,נהריה-נהריה --> מודיעין מרכז-מודיעין מכבים רעות,מודיעין מרכז,רכבת ישראל,חיפה,
37378,בת גלים,השלום,נהריה-נהריה --> מודיעין מרכז-מודיעין מכבים רעות,מודיעין מרכז,רכבת ישראל,חיפה,
37378,בת גלים,תל אביב ההגנה,נהריה-נהריה --> מודיעין מרכז-מודיעין מכבים רעות,מודיעין מרכז,רכבת ישראל,חיפה,
37378,בת גלים,נתב''ג,נהריה-נהריה --> מודיעין מרכז-מודיעין מכבים רעות,מודיעין מרכז,רכבת ישראל,חיפה,
37378,בת גלים,פאתי מודיעין,נהריה-נהריה --> מודיעין מרכז-מודיעין מכבים רעות,מודיעין מרכז,רכבת ישראל,חיפה,
37378,בת גלים,מודיעין מרכז,נהריה-נהריה --> מודיעין מרכז-מודיעין מכבים רעות,מודיעין מרכז,רכבת ישראל,חיפה,
37376,חוף הכרמל,עתלית,נהריה-נהריה --> מודיעין מרכז-מודיעין מכבים רעות,מודיעין מרכז,רכבת ישראל,חוף הכרמל,
37376,חוף הכרמל,בנימינה,נהריה-נהריה --> מודיעין מרכז-מודיעין מכבים רעות,מודיעין מרכז,רכבת ישראל,חוף הכרמל,
37376,חוף הכרמל,תל אביב האוניברסיטה - אקספו,נהריה-נהריה --> מודיעין מרכז-מודיעין מכבים רעות,מודיעין מרכז,רכבת ישראל,חוף הכרמל,
37376,חוף הכרמל,תל אביב מרכז,נהריה-נהריה --> מודיעין מרכז-מודיעין מכבים רעות,מודיעין מרכז,רכבת ישראל,חוף הכרמל,
37376,חוף הכרמל,השלום,נהריה-נהריה --> מודיעין מרכז-מודיעין מכבים רעות,מודיעין מרכז,רכבת ישראל,חוף הכרמל,
37376,חוף הכרמל,תל אביב ההגנה,נהריה-נהריה --> מודיעין מרכז-מודיעין מכבים רעות,מודיעין מרכז,רכבת ישראל,חוף הכרמל,
37376,חוף הכרמל,נתב''ג,נהריה-נהריה --> מודיעין מרכז-מודיעין מכבים רעות,מודיעין מרכז,רכבת ישראל,חוף הכרמל,
37376,חוף הכרמל,פאתי מודיעין,נהריה-נהריה --> מודיעין מרכז-מודיעין מכבים רעות,מודיעין מרכז,רכבת ישראל,חוף הכרמל,
37376,חוף הכרמל,מודיעין מרכז,נהריה-נהריה --> מודיעין מרכז-מודיעין מכבים רעות,מודיעין מרכז,רכבת ישראל,חוף הכרמל,
37374,עתלית,בנימינה,נהריה-נהריה --> מודיעין מרכז-מודיעין מכבים רעות,מודיעין מרכז,רכבת ישראל,עתלית,
37374,עתלית,תל אביב האוניברסיטה - אקספו,נהריה-נהריה --> מודיעין מרכז-מודיעין מכבים רעות,מודיעין מרכז,רכבת ישראל,עתלית,
37374,עתלית,תל אביב מרכז,נהריה-נהריה --> מודיעין מרכז-מודיעין מכבים רעות,מודיעין מרכז,רכבת ישראל,עתלית,
37374,עתלית,השלום,נהריה-נהריה --> מודיעין מרכז-מודיעין מכבים רעות,מודיעין מרכז,רכבת ישראל,עתלית,
37374,עתלית,תל אביב ההגנה,נהריה-נהריה --> מודיעין מרכז-מודיעין מכבים רעות,מודיעין מרכז,רכבת ישראל,עתלית,
37374,עתלית,נתב''ג,נהריה-נהריה --> מודיעין מרכז-מודיעין מכבים רעות,מודיעין מרכז,רכבת ישראל,עתלית,
37374,עתלית,פאתי מודיעין,נהריה-נהריה --> מודיעין מרכז-מודיעין מכבים רעות,מודיעין מרכז,רכבת ישראל,עתלית,
37374,עתלית,מודיעין מרכז,נהריה-נהריה --> מודיעין מרכז-מודיעין מכבים רעות,מודיעין מרכז,רכבת ישראל,עתלית,
37372,בנימינה,תל אביב האוניברסיטה - אקספו,נהריה-נהריה --> מודיעין מרכז-מודיעין מכבים רעות,מודיעין מרכז,רכבת ישראל,בנימינה גבעת עדה,
37372,בנימינה,תל אביב מרכז,נהריה-נהריה --> מודיעין מרכז-מודיעין מכבים רעות,מודיעין מרכז,רכבת ישראל,בנימינה גבעת עדה,
37372,בנימינה,השלום,נהריה-נהריה --> מודיעין מרכז-מודיעין מכבים רעות,מודיעין מרכז,רכבת ישראל,בנימינה גבעת עדה,
37372,בנימינה,תל אביב ההגנה,נהריה-נהריה --> מודיעין מרכז-מודיעין מכבים רעות,מודיעין מרכז,רכבת ישראל,בנימינה גבעת עדה,
37372,בנימינה,נתב''ג,נהריה-נהריה --> מודיעין מרכז-מודיעין מכבים רעות,מודיעין מרכז,רכבת ישראל,בנימינה גבעת עדה,
37372,בנימינה,פאתי מודיעין,נהריה-נהריה --> מודיעין מרכז-מודיעין מכבים רעות,מודיעין מרכז,רכבת ישראל,בנימינה גבעת עדה,
37372,בנימינה,מודיעין מרכז,נהריה-נהריה --> מודיעין מרכז-מודיעין מכבים רעות,מודיעין מרכז,רכבת ישראל,בנימינה גבעת עדה,
37360,תל אביב האוניברסיטה - אקספו,תל אביב מרכז,נהריה-נהריה --> מודיעין מרכז-מודיעין מכבים רעות,מודיעין מרכז,רכבת ישראל,תל אביב יפו,
37360,תל אביב האוניברסיטה - אקספו,השלום,נהריה-נהריה --> מודיעין מרכז-מודיעין מכבים רעות,מודיעין מרכז,רכבת ישראל,תל אביב יפו,
37360,תל אביב האוניברסיטה - אקספו,תל אביב ההגנה,נהריה-נהריה --> מודיעין מרכז-מודיעין מכבים רעות,מודיעין מרכז,רכבת ישראל,תל אביב יפו,
37360,תל אביב האוניברסיטה - אקספו,נתב''ג,נהריה-נהריה --> מודיעין מרכז-מודיעין מכבים רעות,מודיעין מרכז,רכבת ישראל,תל אביב יפו,
37360,תל אביב האוניברסיטה - אקספו,פאתי מודיעין,נהריה-נהריה --> מודיעין מרכז-מודיעין מכבים רעות,מודיעין מרכז,רכבת ישראל,תל אביב יפו,
37360,תל אביב האוניברסיטה - אקספו,מודיעין מרכז,נהריה-נהריה --> מודיעין מרכז-מודיעין מכבים רעות,מודיעין מרכז,רכבת ישראל,תל אביב יפו,
37358,תל אביב מרכז,השלום,נהריה-נהריה --> מודיעין מרכז-מודיעין מכבים רעות,מודיעין מרכז,רכבת ישראל,תל אביב יפו,
37358,תל אביב מרכז,תל אביב ההגנה,נהריה-נהריה --> מודיעין מרכז-מודיעין מכבים רעות,מודיעין מרכז,רכבת ישראל,תל אביב יפו,
37358,תל אביב מרכז,נתב''ג,נהריה-נהריה --> מודיעין מרכז-מודיעין מכבים רעות,מודיעין מרכז,רכבת ישראל,תל אביב יפו,
37358,תל אביב מרכז,פאתי מודיעין,נהריה-נהריה --> מודיעין מרכז-מודיעין מכבים רעות,מודיעין מרכז,רכבת ישראל,תל אביב יפו,
37358,תל אביב מרכז,מודיעין מרכז,נהריה-נהריה --> מודיעין מרכז-מודיעין מכבים רעות,מודיעין מרכז,רכבת ישראל,תל אביב יפו,
37350,השלום,תל אביב ההגנה,נהריה-נהריה --> מודיעין מרכז-מודיעין מכבים רעות,מודיעין מרכז,רכבת ישראל,תל אביב יפו,
37350,השלום,נתב''ג,נהריה-נהריה --> מודיעין מרכז-מודיעין מכבים רעות,מודיעין מרכז,רכבת ישראל,תל אביב יפו,
37350,השלום,פאתי מודיעין,נהריה-נהריה --> מודיעין מרכז-מודיעין מכבים רעות,מודיעין מרכז,רכבת ישראל,תל אביב יפו,
37350,השלום,מודיעין מרכז,נהריה-נהריה --> מודיעין מרכז-מודיעין מכבים רעות,מודיעין מרכז,רכבת ישראל,תל אביב יפו,
37292,תל אביב ההגנה,נתב''ג,נהריה-נהריה --> מודיעין מרכז-מודיעין מכבים רעות,מודיעין מרכז,רכבת ישראל,תל אביב יפו,
37292,תל אביב ההגנה,פאתי מודיעין,נהריה-נהריה --> מודיעין מרכז-מודיעין מכבים רעות,מודיעין מרכז,רכבת ישראל,תל אביב יפו,
37292,תל אביב ההגנה,מודיעין מרכז,נהריה-נהריה --> מודיעין מרכז-מודיעין מכבים רעות,מודיעין מרכז,רכבת ישראל,תל אביב יפו,
37306,נתב''ג,פאתי מודיעין,נהריה-נהריה --> מודיעין מרכז-מודיעין מכבים רעות,מודיעין מרכז,רכבת ישראל,נמל תעופה בן גוריון,
37306,נתב''ג,מודיעין מרכז,נהריה-נהריה --> מודיעין מרכז-מודיעין מכבים רעות,מודיעין מרכז,רכבת ישראל,נמל תעופה בן גוריון,
37396,פאתי מודיעין,מודיעין מרכז,נהריה-נהריה --> מודיעין מרכז-מודיעין מכבים רעות,מודיעין מרכז,רכבת ישראל,מודיעין מכבים רעות,
37382,נהריה,בנימינה,נהריה-נהריה --> מודיעין מרכז-מודיעין מכבים רעות,מודיעין מרכז,רכבת ישראל,נהריה,
37382,נהריה,תל אביב האוניברסיטה - אקספו,נהריה-נהריה --> מודיעין מרכז-מודיעין מכבים רעות,מודיעין מרכז,רכבת ישראל,נהריה,
37382,נהריה,תל אביב מרכז,נהריה-נהריה --> מודיעין מרכז-מודיעין מכבים רעות,מודיעין מרכז,רכבת ישראל,נהריה,
37382,נהריה,השלום,נהריה-נהריה --> מודיעין מרכז-מודיעין מכבים רעות,מודיעין מרכז,רכבת ישראל,נהריה,
37382,נהריה,תל אביב ההגנה,נהריה-נהריה --> מודיעין מרכז-מודיעין מכבים רעות,מודיעין מרכז,רכבת ישראל,נהריה,
37382,נהריה,נתב''ג,נהריה-נהריה --> מודיעין מרכז-מודיעין מכבים רעות,מודיעין מרכז,רכבת ישראל,נהריה,
37382,נהריה,פאתי מודיעין,נהריה-נהריה --> מודיעין מרכז-מודיעין מכבים רעות,מודיעין מרכז,רכבת ישראל,נהריה,
37382,נהריה,מודיעין מרכז,נהריה-נהריה --> מודיעין מרכז-מודיעין מכבים רעות,מודיעין מרכז,רכבת ישראל,נהריה,
37384,עכו,בנימינה,נהריה-נהריה --> מודיעין מרכז-מודיעין מכבים רעות,מודיעין מרכז,רכבת ישראל,עכו,
37384,עכו,תל אביב האוניברסיטה - אקספו,נהריה-נהריה --> מודיעין מרכז-מודיעין מכבים רעות,מודיעין מרכז,רכבת ישראל,עכו,
37384,עכו,תל אביב מרכז,נהריה-נהריה --> מודיעין מרכז-מודיעין מכבים רעות,מודיעין מרכז,רכבת ישראל,עכו,
37384,עכו,השלום,נהריה-נהריה --> מודיעין מרכז-מודיעין מכבים רעות,מודיעין מרכז,רכבת ישראל,עכו,
37384,עכו,תל אביב ההגנה,נהריה-נהריה --> מודיעין מרכז-מודיעין מכבים רעות,מודיעין מרכז,רכבת ישראל,עכו,
37384,עכו,נתב''ג,נהריה-נהריה --> מודיעין מרכז-מודיעין מכבים רעות,מודיעין מרכז,רכבת ישראל,עכו,
37384,עכו,פאתי מודיעין,נהריה-נהריה --> מודיעין מרכז-מודיעין מכבים רעות,מודיעין מרכז,רכבת ישראל,עכו,
37384,עכו,מודיעין מרכז,נהריה-נהריה --> מודיעין מרכז-מודיעין מכבים רעות,מודיעין מרכז,רכבת ישראל,עכו,
41293,קרית מוצקין,בנימינה,נהריה-נהריה --> מודיעין מרכז-מודיעין מכבים רעות,מודיעין מרכז,רכבת ישראל,קרית מוצקין,
41293,קרית מוצקין,תל אביב האוניברסיטה - אקספו,נהריה-נהריה --> מודיעין מרכז-מודיעין מכבים רעות,מודיעין מרכז,רכבת ישראל,קרית מוצקין,
41293,קרית מוצקין,תל אביב מרכז,נהריה-נהריה --> מודיעין מרכז-מודיעין מכבים רעות,מודיעין מרכז,רכבת ישראל,קרית מוצקין,
41293,קרית מוצקין,השלום,נהריה-נהריה --> מודיעין מרכז-מודיעין מכבים רעות,מודיעין מרכז,רכבת ישראל,קרית מוצקין,
41293,קרית מוצקין,תל אביב ההגנה,נהריה-נהריה --> מודיעין מרכז-מודיעין מכבים רעות,מודיעין מרכז,רכבת ישראל,קרית מוצקין,
41293,קרית מוצקין,נתב''ג,נהריה-נהריה --> מודיעין מרכז-מודיעין מכבים רעות,מודיעין מרכז,רכבת ישראל,קרית מוצקין,
41293,קרית מוצקין,פאתי מודיעין,נהריה-נהריה --> מודיעין מרכז-מודיעין מכבים רעות,מודיעין מרכז,רכבת ישראל,קרית מוצקין,
41293,קרית מוצקין,מודיעין מרכז,נהריה-נהריה --> מודיעין מרכז-מודיעין מכבים רעות,מודיעין מרכז,רכבת ישראל,קרית מוצקין,
37392,קרית חיים,בנימינה,נהריה-נהריה --> מודיעין מרכז-מודיעין מכבים רעות,מודיעין מרכז,רכבת ישראל,חיפה,
37392,קרית חיים,תל אביב האוניברסיטה - אקספו,נהריה-נהריה --> מודיעין מרכז-מודיעין מכבים רעות,מודיעין מרכז,רכבת ישראל,חיפה,
37392,קרית חיים,תל אביב מרכז,נהריה-נהריה --> מודיעין מרכז-מודיעין מכבים רעות,מודיעין מרכז,רכבת ישראל,חיפה,
37392,קרית חיים,השלום,נהריה-נהריה --> מודיעין מרכז-מודיעין מכבים רעות,מודיעין מרכז,רכבת ישראל,חיפה,
37392,קרית חיים,תל אביב ההגנה,נהריה-נהריה --> מודיעין מרכז-מודיעין מכבים רעות,מודיעין מרכז,רכבת ישראל,חיפה,
37392,קרית חיים,נתב''ג,נהריה-נהריה --> מודיעין מרכז-מודיעין מכבים רעות,מודיעין מרכז,רכבת ישראל,חיפה,
37392,קרית חיים,פאתי מודיעין,נהריה-נהריה --> מודיעין מרכז-מודיעין מכבים רעות,מודיעין מרכז,רכבת ישראל,חיפה,
37392,קרית חיים,מודיעין מרכז,נהריה-נהריה --> מודיעין מרכז-מודיעין מכבים רעות,מודיעין מרכז,רכבת ישראל,חיפה,
37386,חוצות מפרץ,בנימינה,נהריה-נהריה --> מודיעין מרכז-מודיעין מכבים רעות,מודיעין מרכז,רכבת ישראל,חיפה,
37386,חוצות מפרץ,תל אביב האוניברסיטה - אקספו,נהריה-נהריה --> מודיעין מרכז-מודיעין מכבים רעות,מודיעין מרכז,רכבת ישראל,חיפה,
37386,חוצות מפרץ,תל אביב מרכז,נהריה-נהריה --> מודיעין מרכז-מודיעין מכבים רעות,מודיעין מרכז,רכבת ישראל,חיפה,
37386,חוצות מפרץ,השלום,נהריה-נהריה --> מודיעין מרכז-מודיעין מכבים רעות,מודיעין מרכז,רכבת ישראל,חיפה,
37386,חוצות מפרץ,תל אביב ההגנה,נהריה-נהריה --> מודיעין מרכז-מודיעין מכבים רעות,מודיעין מרכז,רכבת ישראל,חיפה,
37386,חוצות מפרץ,נתב''ג,נהריה-נהריה --> מודיעין מרכז-מודיעין מכבים רעות,מודיעין מרכז,רכבת ישראל,חיפה,
37386,חוצות מפרץ,פאתי מודיעין,נהריה-נהריה --> מודיעין מרכז-מודיעין מכבים רעות,מודיעין מרכז,רכבת ישראל,חיפה,
37386,חוצות מפרץ,מודיעין מרכז,נהריה-נהריה --> מודיעין מרכז-מודיעין מכבים רעות,מודיעין מרכז,רכבת ישראל,חיפה,
37388,מרכזית המפרץ/קו החוף,בנימינה,נהריה-נהריה --> מודיעין מרכז-מודיעין מכבים רעות,מודיעין מרכז,רכבת ישראל,חיפה,
37388,מרכזית המפרץ/קו החוף,תל אביב האוניברסיטה - אקספו,נהריה-נהריה --> מודיעין מרכז-מודיעין מכבים רעות,מודיעין מרכז,רכבת ישראל,חיפה,
37388,מרכזית המפרץ/קו החוף,תל אביב מרכז,נהריה-נהריה --> מודיעין מרכז-מודיעין מכבים רעות,מודיעין מרכז,רכבת ישראל,חיפה,
37388,מרכזית המפרץ/קו החוף,השלום,נהריה-נהריה --> מודיעין מרכז-מודיעין מכבים רעות,מודיעין מרכז,רכבת ישראל,חיפה,
37388,מרכזית המפרץ/קו החוף,תל אביב ההגנה,נהריה-נהריה --> מודיעין מרכז-מודיעין מכבים רעות,מודיעין מרכז,רכבת ישראל,חיפה,
37388,מרכזית המפרץ/קו החוף,נתב''ג,נהריה-נהריה --> מודיעין מרכז-מודיעין מכבים רעות,מודיעין מרכז,רכבת ישראל,חיפה,
37388,מרכזית המפרץ/קו החוף,פאתי מודיעין,נהריה-נהריה --> מודיעין מרכז-מודיעין מכבים רעות,מודיעין מרכז,רכבת ישראל,חיפה,
37388,מרכזית המפרץ/קו החוף,מודיעין מרכז,נהריה-נהריה --> מודיעין מרכז-מודיעין מכבים רעות,מודיעין מרכז,רכבת ישראל,חיפה,
37380,חיפה מרכז,בנימינה,נהריה-נהריה --> מודיעין מרכז-מודיעין מכבים רעות,מודיעין מרכז,רכבת ישראל,חיפה,
37380,חיפה מרכז,תל אביב האוניברסיטה - אקספו,נהריה-נהריה --> מודיעין מרכז-מודיעין מכבים רעות,מודיעין מרכז,רכבת ישראל,חיפה,
37380,חיפה מרכז,תל אביב מרכז,נהריה-נהריה --> מודיעין מרכז-מודיעין מכבים רעות,מודיעין מרכז,רכבת ישראל,חיפה,
37380,חיפה מרכז,השלום,נהריה-נהריה --> מודיעין מרכז-מודיעין מכבים רעות,מודיעין מרכז,רכבת ישראל,חיפה,
37380,חיפה מרכז,תל אביב ההגנה,נהריה-נהריה --> מודיעין מרכז-מודיעין מכבים רעות,מודיעין מרכז,רכבת ישראל,חיפה,
37380,חיפה מרכז,נתב''ג,נהריה-נהריה --> מודיעין מרכז-מודיעין מכבים רעות,מודיעין מרכז,רכבת ישראל,חיפה,
37380,חיפה מרכז,פאתי מודיעין,נהריה-נהריה --> מודיעין מרכז-מודיעין מכבים רעות,מודיעין מרכז,רכבת ישראל,חיפה,
37380,חיפה מרכז,מודיעין מרכז,נהריה-נהריה --> מודיעין מרכז-מודיעין מכבים רעות,מודיעין מרכז,רכבת ישראל,חיפה,
37378,בת גלים,בנימינה,נהריה-נהריה --> מודיעין מרכז-מודיעין מכבים רעות,מודיעין מרכז,רכבת ישראל,חיפה,
37378,בת גלים,תל אביב האוניברסיטה - אקספו,נהריה-נהריה --> מודיעין מרכז-מודיעין מכבים רעות,מודיעין מרכז,רכבת ישראל,חיפה,
37378,בת גלים,תל אביב מרכז,נהריה-נהריה --> מודיעין מרכז-מודיעין מכבים רעות,מודיעין מרכז,רכבת ישראל,חיפה,
37378,בת גלים,השלום,נהריה-נהריה --> מודיעין מרכז-מודיעין מכבים רעות,מודיעין מרכז,רכבת ישראל,חיפה,
37378,בת גלים,תל אביב ההגנה,נהריה-נהריה --> מודיעין מרכז-מודיעין מכבים רעות,מודיעין מרכז,רכבת ישראל,חיפה,
37378,בת גלים,נתב''ג,נהריה-נהריה --> מודיעין מרכז-מודיעין מכבים רעות,מודיעין מרכז,רכבת ישראל,חיפה,
37378,בת גלים,פאתי מודיעין,נהריה-נהריה --> מודיעין מרכז-מודיעין מכבים רעות,מודיעין מרכז,רכבת ישראל,חיפה,
37378,בת גלים,מודיעין מרכז,נהריה-נהריה --> מודיעין מרכז-מודיעין מכבים רעות,מודיעין מרכז,רכבת ישראל,חיפה,
37376,חוף הכרמל,בנימינה,נהריה-נהריה --> מודיעין מרכז-מודיעין מכבים רעות,מודיעין מרכז,רכבת ישראל,חוף הכרמל,
37376,חוף הכרמל,תל אביב האוניברסיטה - אקספו,נהריה-נהריה --> מודיעין מרכז-מודיעין מכבים רעות,מודיעין מרכז,רכבת ישראל,חוף הכרמל,
37376,חוף הכרמל,תל אביב מרכז,נהריה-נהריה --> מודיעין מרכז-מודיעין מכבים רעות,מודיעין מרכז,רכבת ישראל,חוף הכרמל,
37376,חוף הכרמל,השלום,נהריה-נהריה --> מודיעין מרכז-מודיעין מכבים רעות,מודיעין מרכז,רכבת ישראל,חוף הכרמל,
37376,חוף הכרמל,תל אביב ההגנה,נהריה-נהריה --> מודיעין מרכז-מודיעין מכבים רעות,מודיעין מרכז,רכבת ישראל,חוף הכרמל,
37376,חוף הכרמל,נתב''ג,נהריה-נהריה --> מודיעין מרכז-מודיעין מכבים רעות,מודיעין מרכז,רכבת ישראל,חוף הכרמל,
37376,חוף הכרמל,פאתי מודיעין,נהריה-נהריה --> מודיעין מרכז-מודיעין מכבים רעות,מודיעין מרכז,רכבת ישראל,חוף הכרמל,
37376,חוף הכרמל,מודיעין מרכז,נהריה-נהריה --> מודיעין מרכז-מודיעין מכבים רעות,מודיעין מרכז,רכבת ישראל,חוף הכרמל,
37372,בנימינה,תל אביב האוניברסיטה - אקספו,נהריה-נהריה --> מודיעין מרכז-מודיעין מכבים רעות,מודיעין מרכז,רכבת ישראל,בנימינה גבעת עדה,
37372,בנימינה,תל אביב מרכז,נהריה-נהריה --> מודיעין מרכז-מודיעין מכבים רעות,מודיעין מרכז,רכבת ישראל,בנימינה גבעת עדה,
37372,בנימינה,השלום,נהריה-נהריה --> מודיעין מרכז-מודיעין מכבים רעות,מודיעין מרכז,רכבת ישראל,בנימינה גבעת עדה,
37372,בנימינה,תל אביב ההגנה,נהריה-נהריה --> מודיעין מרכז-מודיעין מכבים רעות,מודיעין מרכז,רכבת ישראל,בנימינה גבעת עדה,
37372,בנימינה,נתב''ג,נהריה-נהריה --> מודיעין מרכז-מודיעין מכבים רעות,מודיעין מרכז,רכבת ישראל,בנימינה גבעת עדה,
37372,בנימינה,פאתי מודיעין,נהריה-נהריה --> מודיעין מרכז-מודיעין מכבים רעות,מודיעין מרכז,רכבת ישראל,בנימינה גבעת עדה,
37372,בנימינה,מודיעין מרכז,נהריה-נהריה --> מודיעין מרכז-מודיעין מכבים רעות,מודיעין מרכז,רכבת ישראל,בנימינה גבעת עדה,
37360,תל אביב האוניברסיטה - אקספו,תל אביב מרכז,נהריה-נהריה --> מודיעין מרכז-מודיעין מכבים רעות,מודיעין מרכז,רכבת ישראל,תל אביב יפו,
37360,תל אביב האוניברסיטה - אקספו,השלום,נהריה-נהריה --> מודיעין מרכז-מודיעין מכבים רעות,מודיעין מרכז,רכבת ישראל,תל אביב יפו,
37360,תל אביב האוניברסיטה - אקספו,תל אביב ההגנה,נהריה-נהריה --> מודיעין מרכז-מודיעין מכבים רעות,מודיעין מרכז,רכבת ישראל,תל אביב יפו,
37360,תל אביב האוניברסיטה - אקספו,נתב''ג,נהריה-נהריה --> מודיעין מרכז-מודיעין מכבים רעות,מודיעין מרכז,רכבת ישראל,תל אביב יפו,
37360,תל אביב האוניברסיטה - אקספו,פאתי מודיעין,נהריה-נהריה --> מודיעין מרכז-מודיעין מכבים רעות,מודיעין מרכז,רכבת ישראל,תל אביב יפו,
37360,תל אביב האוניברסיטה - אקספו,מודיעין מרכז,נהריה-נהריה --> מודיעין מרכז-מודיעין מכבים רעות,מודיעין מרכז,רכבת ישראל,תל אביב יפו,
37358,תל אביב מרכז,השלום,נהריה-נהריה --> מודיעין מרכז-מודיעין מכבים רעות,מודיעין מרכז,רכבת ישראל,תל אביב יפו,
37358,תל אביב מרכז,תל אביב ההגנה,נהריה-נהריה --> מודיעין מרכז-מודיעין מכבים רעות,מודיעין מרכז,רכבת ישראל,תל אביב יפו,
37358,תל אביב מרכז,נתב''ג,נהריה-נהריה --> מודיעין מרכז-מודיעין מכבים רעות,מודיעין מרכז,רכבת ישראל,תל אביב יפו,
37358,תל אביב מרכז,פאתי מודיעין,נהריה-נהריה --> מודיעין מרכז-מודיעין מכבים רעות,מודיעין מרכז,רכבת ישראל,תל אביב יפו,
37358,תל אביב מרכז,מודיעין מרכז,נהריה-נהריה --> מודיעין מרכז-מודיעין מכבים רעות,מודיעין מרכז,רכבת ישראל,תל אביב יפו,
37350,השלום,תל אביב ההגנה,נהריה-נהריה --> מודיעין מרכז-מודיעין מכבים רעות,מודיעין מרכז,רכבת ישראל,תל אביב יפו,
37350,השלום,נתב''ג,נהריה-נהריה --> מודיעין מרכז-מודיעין מכבים רעות,מודיעין מרכז,רכבת ישראל,תל אביב יפו,
37350,השלום,פאתי מודיעין,נהריה-נהריה --> מודיעין מרכז-מודיעין מכבים רעות,מודיעין מרכז,רכבת ישראל,תל אביב יפו,
37350,השלום,מודיעין מרכז,נהריה-נהריה --> מודיעין מרכז-מודיעין מכבים רעות,מודיעין מרכז,רכבת ישראל,תל אביב יפו,
37292,תל אביב ההגנה,נתב''ג,נהריה-נהריה --> מודיעין מרכז-מודיעין מכבים רעות,מודיעין מרכז,רכבת ישראל,תל אביב יפו,
37292,תל אביב ההגנה,פאתי מודיעין,נהריה-נהריה --> מודיעין מרכז-מודיעין מכבים רעות,מודיעין מרכז,רכבת ישראל,תל אביב יפו,
37292,תל אביב ההגנה,מודיעין מרכז,נהריה-נהריה --> מודיעין מרכז-מודיעין מכבים רעות,מודיעין מרכז,רכבת ישראל,תל אביב יפו,
37306,נתב''ג,פאתי מודיעין,נהריה-נהריה --> מודיעין מרכז-מודיעין מכבים רעות,מודיעין מרכז,רכבת ישראל,נמל תעופה בן גוריון,
37306,נתב''ג,מודיעין מרכז,נהריה-נהריה --> מודיעין מרכז-מודיעין מכבים רעות,מודיעין מרכז,רכבת ישראל,נמל תעופה בן גוריון,
37396,פאתי מודיעין,מודיעין מרכז,נהריה-נהריה --> מודיעין מרכז-מודיעין מכבים רעות,מודיעין מרכז,רכבת ישראל,מודיעין מכבים רעות,
37394,מודיעין מרכז,חוף הכרמל,מודיעין מרכז-מודיעין מכבים רעות --> נהריה-נהריה,נהריה,רכבת ישראל,מודיעין מכבים רעות,
37394,מודיעין מרכז,בת גלים,מודיעין מרכז-מודיעין מכבים רעות --> נהריה-נהריה,נהריה,רכבת ישראל,מודיעין מכבים רעות,
37394,מודיעין מרכז,חיפה מרכז,מודיעין מרכז-מודיעין מכבים רעות --> נהריה-נהריה,נהריה,רכבת ישראל,מודיעין מכבים רעות,
37394,מודיעין מרכז,מרכזית המפרץ/קו החוף,מודיעין מרכז-מודיעין מכבים רעות --> נהריה-נהריה,נהריה,רכבת ישראל,מודיעין מכבים רעות,
37394,מודיעין מרכז,חוצות מפרץ,מודיעין מרכז-מודיעין מכבים רעות --> נהריה-נהריה,נהריה,רכבת ישראל,מודיעין מכבים רעות,
37394,מודיעין מרכז,קרית חיים,מודיעין מרכז-מודיעין מכבים רעות --> נהריה-נהריה,נהריה,רכבת ישראל,מודיעין מכבים רעות,
37394,מודיעין מרכז,קרית מוצקין,מודיעין מרכז-מודיעין מכבים רעות --> נהריה-נהריה,נהריה,רכבת ישראל,מודיעין מכבים רעות,
37394,מודיעין מרכז,עכו,מודיעין מרכז-מודיעין מכבים רעות --> נהריה-נהריה,נהריה,רכבת ישראל,מודיעין מכבים רעות,
37394,מודיעין מרכז,נהריה,מודיעין מרכז-מודיעין מכבים רעות --> נהריה-נהריה,נהריה,רכבת ישראל,מודיעין מכבים רעות,
37396,פאתי מודיעין,חוף הכרמל,מודיעין מרכז-מודיעין מכבים רעות --> נהריה-נהריה,נהריה,רכבת ישראל,מודיעין מכבים רעות,
37396,פאתי מודיעין,בת גלים,מודיעין מרכז-מודיעין מכבים רעות --> נהריה-נהריה,נהריה,רכבת ישראל,מודיעין מכבים רעות,
37396,פאתי מודיעין,חיפה מרכז,מודיעין מרכז-מודיעין מכבים רעות --> נהריה-נהריה,נהריה,רכבת ישראל,מודיעין מכבים רעות,
37396,פאתי מודיעין,מרכזית המפרץ/קו החוף,מודיעין מרכז-מודיעין מכבים רעות --> נהריה-נהריה,נהריה,רכבת ישראל,מודיעין מכבים רעות,
37396,פאתי מודיעין,חוצות מפרץ,מודיעין מרכז-מודיעין מכבים רעות --> נהריה-נהריה,נהריה,רכבת ישראל,מודיעין מכבים רעות,
37396,פאתי מודיעין,קרית חיים,מודיעין מרכז-מודיעין מכבים רעות --> נהריה-נהריה,נהריה,רכבת ישראל,מודיעין מכבים רעות,
37396,פאתי מודיעין,קרית מוצקין,מודיעין מרכז-מודיעין מכבים רעות --> נהריה-נהריה,נהריה,רכבת ישראל,מודיעין מכבים רעות,
37396,פאתי מודיעין,עכו,מודיעין מרכז-מודיעין מכבים רעות --> נהריה-נהריה,נהריה,רכבת ישראל,מודיעין מכבים רעות,
37396,פאתי מודיעין,נהריה,מודיעין מרכז-מודיעין מכבים רעות --> נהריה-נהריה,נהריה,רכבת ישראל,מודיעין מכבים רעות,
37306,נתב''ג,חוף הכרמל,מודיעין מרכז-מודיעין מכבים רעות --> נהריה-נהריה,נהריה,רכבת ישראל,נמל תעופה בן גוריון,
37306,נתב''ג,בת גלים,מודיעין מרכז-מודיעין מכבים רעות --> נהריה-נהריה,נהריה,רכבת ישראל,נמל תעופה בן גוריון,
37306,נתב''ג,חיפה מרכז,מודיעין מרכז-מודיעין מכבים רעות --> נהריה-נהריה,נהריה,רכבת ישראל,נמל תעופה בן גוריון,
37306,נתב''ג,מרכזית המפרץ/קו החוף,מודיעין מרכז-מודיעין מכבים רעות --> נהריה-נהריה,נהריה,רכבת ישראל,נמל תעופה בן גוריון,
37306,נתב''ג,חוצות מפרץ,מודיעין מרכז-מודיעין מכבים רעות --> נהריה-נהריה,נהריה,רכבת ישראל,נמל תעופה בן גוריון,
37306,נתב''ג,קרית חיים,מודיעין מרכז-מודיעין מכבים רעות --> נהריה-נהריה,נהריה,רכבת ישראל,נמל תעופה בן גוריון,
37306,נתב''ג,קרית מוצקין,מודיעין מרכז-מודיעין מכבים רעות --> נהריה-נהריה,נהריה,רכבת ישראל,נמל תעופה בן גוריון,
37306,נתב''ג,עכו,מודיעין מרכז-מודיעין מכבים רעות --> נהריה-נהריה,נהריה,רכבת ישראל,נמל תעופה בן גוריון,
37306,נתב''ג,נהריה,מודיעין מרכז-מודיעין מכבים רעות --> נהריה-נהריה,נהריה,רכבת ישראל,נמל תעופה בן גוריון,
37292,תל אביב ההגנה,חוף הכרמל,מודיעין מרכז-מודיעין מכבים רעות --> נהריה-נהריה,נהריה,רכבת ישראל,תל אביב יפו,
37292,תל אביב ההגנה,בת גלים,מודיעין מרכז-מודיעין מכבים רעות --> נהריה-נהריה,נהריה,רכבת ישראל,תל אביב יפו,
37292,תל אביב ההגנה,חיפה מרכז,מודיעין מרכז-מודיעין מכבים רעות --> נהריה-נהריה,נהריה,רכבת ישראל,תל אביב יפו,
37292,תל אביב ההגנה,מרכזית המפרץ/קו החוף,מודיעין מרכז-מודיעין מכבים רעות --> נהריה-נהריה,נהריה,רכבת ישראל,תל אביב יפו,
37292,תל אביב ההגנה,חוצות מפרץ,מודיעין מרכז-מודיעין מכבים רעות --> נהריה-נהריה,נהריה,רכבת ישראל,תל אביב יפו,
37292,תל אביב ההגנה,קרית חיים,מודיעין מרכז-מודיעין מכבים רעות --> נהריה-נהריה,נהריה,רכבת ישראל,תל אביב יפו,
37292,תל אביב ההגנה,קרית מוצקין,מודיעין מרכז-מודיעין מכבים רעות --> נהריה-נהריה,נהריה,רכבת ישראל,תל אביב יפו,
37292,תל אביב ההגנה,עכו,מודיעין מרכז-מודיעין מכבים רעות --> נהריה-נהריה,נהריה,רכבת ישראל,תל אביב יפו,
37292,תל אביב ההגנה,נהריה,מודיעין מרכז-מודיעין מכבים רעות --> נהריה-נהריה,נהריה,רכבת ישראל,תל אביב יפו,
37350,השלום,חוף הכרמל,מודיעין מרכז-מודיעין מכבים רעות --> נהריה-נהריה,נהריה,רכבת ישראל,תל אביב יפו,
37350,השלום,בת גלים,מודיעין מרכז-מודיעין מכבים רעות --> נהריה-נהריה,נהריה,רכבת ישראל,תל אביב יפו,
37350,השלום,חיפה מרכז,מודיעין מרכז-מודיעין מכבים רעות --> נהריה-נהריה,נהריה,רכבת ישראל,תל אביב יפו,
37350,השלום,מרכזית המפרץ/קו החוף,מודיעין מרכז-מודיעין מכבים רעות --> נהריה-נהריה,נהריה,רכבת ישראל,תל אביב יפו,
37350,השלום,חוצות מפרץ,מודיעין מרכז-מודיעין מכבים רעות --> נהריה-נהריה,נהריה,רכבת ישראל,תל אביב יפו,
37350,השלום,קרית חיים,מודיעין מרכז-מודיעין מכבים רעות --> נהריה-נהריה,נהריה,רכבת ישראל,תל אביב יפו,
37350,השלום,קרית מוצקין,מודיעין מרכז-מודיעין מכבים רעות --> נהריה-נהריה,נהריה,רכבת ישראל,תל אביב יפו,
37350,השלום,עכו,מודיעין מרכז-מודיעין מכבים רעות --> נהריה-נהריה,נהריה,רכבת ישראל,תל אביב יפו,
37350,השלום,נהריה,מודיעין מרכז-מודיעין מכבים רעות --> נהריה-נהריה,נהריה,רכבת ישראל,תל אביב יפו,
37358,תל אביב מרכז,חוף הכרמל,מודיעין מרכז-מודיעין מכבים רעות --> נהריה-נהריה,נהריה,רכבת ישראל,תל אביב יפו,
37358,תל אביב מרכז,בת גלים,מודיעין מרכז-מודיעין מכבים רעות --> נהריה-נהריה,נהריה,רכבת ישראל,תל אביב יפו,
37358,תל אביב מרכז,חיפה מרכז,מודיעין מרכז-מודיעין מכבים רעות --> נהריה-נהריה,נהריה,רכבת ישראל,תל אביב יפו,
37358,תל אביב מרכז,מרכזית המפרץ/קו החוף,מודיעין מרכז-מודיעין מכבים רעות --> נהריה-נהריה,נהריה,רכבת ישראל,תל אביב יפו,
37358,תל אביב מרכז,חוצות מפרץ,מודיעין מרכז-מודיעין מכבים רעות --> נהריה-נהריה,נהריה,רכבת ישראל,תל אביב יפו,
37358,תל אביב מרכז,קרית חיים,מודיעין מרכז-מודיעין מכבים רעות --> נהריה-נהריה,נהריה,רכבת ישראל,תל אביב יפו,
37358,תל אביב מרכז,קרית מוצקין,מודיעין מרכז-מודיעין מכבים רעות --> נהריה-נהריה,נהריה,רכבת ישראל,תל אביב יפו,
37358,תל אביב מרכז,עכו,מודיעין מרכז-מודיעין מכבים רעות --> נהריה-נהריה,נהריה,רכבת ישראל,תל אביב יפו,
37358,תל אביב מרכז,נהריה,מודיעין מרכז-מודיעין מכבים רעות --> נהריה-נהריה,נהריה,רכבת ישראל,תל אביב יפו,
37360,תל אביב האוניברסיטה - אקספו,חוף הכרמל,מודיעין מרכז-מודיעין מכבים רעות --> נהריה-נהריה,נהריה,רכבת ישראל,תל אביב יפו,
37360,תל אביב האוניברסיטה - אקספו,בת גלים,מודיעין מרכז-מודיעין מכבים רעות --> נהריה-נהריה,נהריה,רכבת ישראל,תל אביב יפו,
37360,תל אביב האוניברסיטה - אקספו,חיפה מרכז,מודיעין מרכז-מודיעין מכבים רעות --> נהריה-נהריה,נהריה,רכבת ישראל,תל אביב יפו,
37360,תל אביב האוניברסיטה - אקספו,מרכזית המפרץ/קו החוף,מודיעין מרכז-מודיעין מכבים רעות --> נהריה-נהריה,נהריה,רכבת ישראל,תל אביב יפו,
37360,תל אביב האוניברסיטה - אקספו,חוצות מפרץ,מודיעין מרכז-מודיעין מכבים רעות --> נהריה-נהריה,נהריה,רכבת ישראל,תל אביב יפו,
37360,תל אביב האוניברסיטה - אקספו,קרית חיים,מודיעין מרכז-מודיעין מכבים רעות --> נהריה-נהריה,נהריה,רכבת ישראל,תל אביב יפו,
37360,תל אביב האוניברסיטה - אקספו,קרית מוצקין,מודיעין מרכז-מודיעין מכבים רעות --> נהריה-נהריה,נהריה,רכבת ישראל,תל אביב יפו,
37360,תל אביב האוניברסיטה - אקספו,עכו,מודיעין מרכז-מודיעין מכבים רעות --> נהריה-נהריה,נהריה,רכבת ישראל,תל אביב יפו,
37360,תל אביב האוניברסיטה - אקספו,נהריה,מודיעין מרכז-מודיעין מכבים רעות --> נהריה-נהריה,נהריה,רכבת ישראל,תל אביב יפו,
37372,בנימינה,חוף הכרמל,מודיעין מרכז-מודיעין מכבים רעות --> נהריה-נהריה,נהריה,רכבת ישראל,בנימינה גבעת עדה,
37372,בנימינה,בת גלים,מודיעין מרכז-מודיעין מכבים רעות --> נהריה-נהריה,נהריה,רכבת ישראל,בנימינה גבעת עדה,
37372,בנימינה,חיפה מרכז,מודיעין מרכז-מודיעין מכבים רעות --> נהריה-נהריה,נהריה,רכבת ישראל,בנימינה גבעת עדה,
37372,בנימינה,מרכזית המפרץ/קו החוף,מודיעין מרכז-מודיעין מכבים רעות --> נהריה-נהריה,נהריה,רכבת ישראל,בנימינה גבעת עדה,
37372,בנימינה,חוצות מפרץ,מודיעין מרכז-מודיעין מכבים רעות --> נהריה-נהריה,נהריה,רכבת ישראל,בנימינה גבעת עדה,
37372,בנימינה,קרית חיים,מודיעין מרכז-מודיעין מכבים רעות --> נהריה-נהריה,נהריה,רכבת ישראל,בנימינה גבעת עדה,
37372,בנימינה,קרית מוצקין,מודיעין מרכז-מודיעין מכבים רעות --> נהריה-נהריה,נהריה,רכבת ישראל,בנימינה גבעת עדה,
37372,בנימינה,עכו,מודיעין מרכז-מודיעין מכבים רעות --> נהריה-נהריה,נהריה,רכבת ישראל,בנימינה גבעת עדה,
37372,בנימינה,נהריה,מודיעין מרכז-מודיעין מכבים רעות --> נהריה-נהריה,נהריה,רכבת ישראל,בנימינה גבעת עדה,
37376,חוף הכרמל,בת גלים,מודיעין מרכז-מודיעין מכבים רעות --> נהריה-נהריה,נהריה,רכבת ישראל,חוף הכרמל,
37376,חוף הכרמל,חיפה מרכז,מודיעין מרכז-מודיעין מכבים רעות --> נהריה-נהריה,נהריה,רכבת ישראל,חוף הכרמל,
37376,חוף הכרמל,מרכזית המפרץ/קו החוף,מודיעין מרכז-מודיעין מכבים רעות --> נהריה-נהריה,נהריה,רכבת ישראל,חוף הכרמל,
37376,חוף הכרמל,חוצות מפרץ,מודיעין מרכז-מודיעין מכבים רעות --> נהריה-נהריה,נהריה,רכבת ישראל,חוף הכרמל,
37376,חוף הכרמל,קרית חיים,מודיעין מרכז-מודיעין מכבים רעות --> נהריה-נהריה,נהריה,רכבת ישראל,חוף הכרמל,
37376,חוף הכרמל,קרית מוצקין,מודיעין מרכז-מודיעין מכבים רעות --> נהריה-נהריה,נהריה,רכבת ישראל,חוף הכרמל,
37376,חוף הכרמל,עכו,מודיעין מרכז-מודיעין מכבים רעות --> נהריה-נהריה,נהריה,רכבת ישראל,חוף הכרמל,
37376,חוף הכרמל,נהריה,מודיעין מרכז-מודיעין מכבים רעות --> נהריה-נהריה,נהריה,רכבת ישראל,חוף הכרמל,
37378,בת גלים,חיפה מרכז,מודיעין מרכז-מודיעין מכבים רעות --> נהריה-נהריה,נהריה,רכבת ישראל,חיפה,
37378,בת גלים,מרכזית המפרץ/קו החוף,מודיעין מרכז-מודיעין מכבים רעות --> נהריה-נהריה,נהריה,רכבת ישראל,חיפה,
37378,בת גלים,חוצות מפרץ,מודיעין מרכז-מודיעין מכבים רעות --> נהריה-נהריה,נהריה,רכבת ישראל,חיפה,
37378,בת גלים,קרית חיים,מודיעין מרכז-מודיעין מכבים רעות --> נהריה-נהריה,נהריה,רכבת ישראל,חיפה,
37378,בת גלים,קרית מוצקין,מודיעין מרכז-מודיעין מכבים רעות --> נהריה-נהריה,נהריה,רכבת ישראל,חיפה,
37378,בת גלים,עכו,מודיעין מרכז-מודיעין מכבים רעות --> נהריה-נהריה,נהריה,רכבת ישראל,חיפה,
37378,בת גלים,נהריה,מודיעין מרכז-מודיעין מכבים רעות --> נהריה-נהריה,נהריה,רכבת ישראל,חיפה,
37380,חיפה מרכז,מרכזית המפרץ/קו החוף,מודיעין מרכז-מודיעין מכבים רעות --> נהריה-נהריה,נהריה,רכבת ישראל,חיפה,
37380,חיפה מרכז,חוצות מפרץ,מודיעין מרכז-מודיעין מכבים רעות --> נהריה-נהריה,נהריה,רכבת ישראל,חיפה,
37380,חיפה מרכז,קרית חיים,מודיעין מרכז-מודיעין מכבים רעות --> נהריה-נהריה,נהריה,רכבת ישראל,חיפה,
37380,חיפה מרכז,קרית מוצקין,מודיעין מרכז-מודיעין מכבים רעות --> נהריה-נהריה,נהריה,רכבת ישראל,חיפה,
37380,חיפה מרכז,עכו,מודיעין מרכז-מודיעין מכבים רעות --> נהריה-נהריה,נהריה,רכבת ישראל,חיפה,
37380,חיפה מרכז,נהריה,מודיעין מרכז-מודיעין מכבים רעות --> נהריה-נהריה,נהריה,רכבת ישראל,חיפה,
37388,מרכזית המפרץ/קו החוף,חוצות מפרץ,מודיעין מרכז-מודיעין מכבים רעות --> נהריה-נהריה,נהריה,רכבת ישראל,חיפה,
37388,מרכזית המפרץ/קו החוף,קרית חיים,מודיעין מרכז-מודיעין מכבים רעות --> נהריה-נהריה,נהריה,רכבת ישראל,חיפה,
37388,מרכזית המפרץ/קו החוף,קרית מוצקין,מודיעין מרכז-מודיעין מכבים רעות --> נהריה-נהריה,נהריה,רכבת ישראל,חיפה,
37388,מרכזית המפרץ/קו החוף,עכו,מודיעין מרכז-מודיעין מכבים רעות --> נהריה-נהריה,נהריה,רכבת ישראל,חיפה,
37388,מרכזית המפרץ/קו החוף,נהריה,מודיעין מרכז-מודיעין מכבים רעות --> נהריה-נהריה,נהריה,רכבת ישראל,חיפה,
37386,חוצות מפרץ,קרית חיים,מודיעין מרכז-מודיעין מכבים רעות --> נהריה-נהריה,נהריה,רכבת ישראל,חיפה,
37386,חוצות מפרץ,קרית מוצקין,מודיעין מרכז-מודיעין מכבים רעות --> נהריה-נהריה,נהריה,רכבת ישראל,חיפה,
37386,חוצות מפרץ,עכו,מודיעין מרכז-מודיעין מכבים רעות --> נהריה-נהריה,נהריה,רכבת ישראל,חיפה,
37386,חוצות מפרץ,נהריה,מודיעין מרכז-מודיעין מכבים רעות --> נהריה-נהריה,נהריה,רכבת ישראל,חיפה,
37392,קרית חיים,קרית מוצקין,מודיעין מרכז-מודיעין מכבים רעות --> נהריה-נהריה,נהריה,רכבת ישראל,חיפה,
37392,קרית חיים,עכו,מודיעין מרכז-מודיעין מכבים רעות --> נהריה-נהריה,נהריה,רכבת ישראל,חיפה,
37392,קרית חיים,נהריה,מודיעין מרכז-מודיעין מכבים רעות --> נהריה-נהריה,נהריה,רכבת ישראל,חיפה,
41293,קרית מוצקין,עכו,מודיעין מרכז-מודיעין מכבים רעות --> נהריה-נהריה,נהריה,רכבת ישראל,קרית מוצקין,
41293,קרית מוצקין,נהריה,מודיעין מרכז-מודיעין מכבים רעות --> נהריה-נהריה,נהריה,רכבת ישראל,קרית מוצקין,
37384,עכו,נהריה,מודיעין מרכז-מודיעין מכבים רעות --> נהריה-נהריה,נהריה,רכבת ישראל,עכו,
37306,נתב''ג,תל אביב ההגנה,נתב''ג-נמל תעופה בן גוריון --> נהריה-נהריה,נהריה,רכבת ישראל,נמל תעופה בן גוריון,
37306,נתב''ג,השלום,נתב''ג-נמל תעופה בן גוריון --> נהריה-נהריה,נהריה,רכבת ישראל,נמל תעופה בן גוריון,
37306,נתב''ג,תל אביב מרכז,נתב''ג-נמל תעופה בן גוריון --> נהריה-נהריה,נהריה,רכבת ישראל,נמל תעופה בן גוריון,
37306,נתב''ג,תל אביב האוניברסיטה - אקספו,נתב''ג-נמל תעופה בן גוריון --> נהריה-נהריה,נהריה,רכבת ישראל,נמל תעופה בן גוריון,
37306,נתב''ג,בנימינה,נתב''ג-נמל תעופה בן גוריון --> נהריה-נהריה,נהריה,רכבת ישראל,נמל תעופה בן גוריון,
37306,נתב''ג,חוף הכרמל,נתב''ג-נמל תעופה בן גוריון --> נהריה-נהריה,נהריה,רכבת ישראל,נמל תעופה בן גוריון,
37306,נתב''ג,בת גלים,נתב''ג-נמל תעופה בן גוריון --> נהריה-נהריה,נהריה,רכבת ישראל,נמל תעופה בן גוריון,
37306,נתב''ג,חיפה מרכז,נתב''ג-נמל תעופה בן גוריון --> נהריה-נהריה,נהריה,רכבת ישראל,נמל תעופה בן גוריון,
37306,נתב''ג,מרכזית המפרץ/קו החוף,נתב''ג-נמל תעופה בן גוריון --> נהריה-נהריה,נהריה,רכבת ישראל,נמל תעופה בן גוריון,
37306,נתב''ג,חוצות מפרץ,נתב''ג-נמל תעופה בן גוריון --> נהריה-נהריה,נהריה,רכבת ישראל,נמל תעופה בן גוריון,
37306,נתב''ג,קרית חיים,נתב''ג-נמל תעופה בן גוריון --> נהריה-נהריה,נהריה,רכבת ישראל,נמל תעופה בן גוריון,
37306,נתב''ג,קרית מוצקין,נתב''ג-נמל תעופה בן גוריון --> נהריה-נהריה,נהריה,רכבת ישראל,נמל תעופה בן גוריון,
37306,נתב''ג,עכו,נתב''ג-נמל תעופה בן גוריון --> נהריה-נהריה,נהריה,רכבת ישראל,נמל תעופה בן גוריון,
37306,נתב''ג,נהריה,נתב''ג-נמל תעופה בן גוריון --> נהריה-נהריה,נהריה,רכבת ישראל,נמל תעופה בן גוריון,
37292,תל אביב ההגנה,השלום,נתב''ג-נמל תעופה בן גוריון --> נהריה-נהריה,נהריה,רכבת ישראל,תל אביב יפו,
37292,תל אביב ההגנה,תל אביב מרכז,נתב''ג-נמל תעופה בן גוריון --> נהריה-נהריה,נהריה,רכבת ישראל,תל אביב יפו,
37292,תל אביב ההגנה,תל אביב האוניברסיטה - אקספו,נתב''ג-נמל תעופה בן גוריון --> נהריה-נהריה,נהריה,רכבת ישראל,תל אביב יפו,
37292,תל אביב ההגנה,בנימינה,נתב''ג-נמל תעופה בן גוריון --> נהריה-נהריה,נהריה,רכבת ישראל,תל אביב יפו,
37292,תל אביב ההגנה,חוף הכרמל,נתב''ג-נמל תעופה בן גוריון --> נהריה-נהריה,נהריה,רכבת ישראל,תל אביב יפו,
37292,תל אביב ההגנה,בת גלים,נתב''ג-נמל תעופה בן גוריון --> נהריה-נהריה,נהריה,רכבת ישראל,תל אביב יפו,
37292,תל אביב ההגנה,חיפה מרכז,נתב''ג-נמל תעופה בן גוריון --> נהריה-נהריה,נהריה,רכבת ישראל,תל אביב יפו,
37292,תל אביב ההגנה,מרכזית המפרץ/קו החוף,נתב''ג-נמל תעופה בן גוריון --> נהריה-נהריה,נהריה,רכבת ישראל,תל אביב יפו,
37292,תל אביב ההגנה,חוצות מפרץ,נתב''ג-נמל תעופה בן גוריון --> נהריה-נהריה,נהריה,רכבת ישראל,תל אביב יפו,
37292,תל אביב ההגנה,קרית חיים,נתב''ג-נמל תעופה בן גוריון --> נהריה-נהריה,נהריה,רכבת ישראל,תל אביב יפו,
37292,תל אביב ההגנה,קרית מוצקין,נתב''ג-נמל תעופה בן גוריון --> נהריה-נהריה,נהריה,רכבת ישראל,תל אביב יפו,
37292,תל אביב ההגנה,עכו,נתב''ג-נמל תעופה בן גוריון --> נהריה-נהריה,נהריה,רכבת ישראל,תל אביב יפו,
37292,תל אביב ההגנה,נהריה,נתב''ג-נמל תעופה בן גוריון --> נהריה-נהריה,נהריה,רכבת ישראל,תל אביב יפו,
37350,השלום,תל אביב מרכז,נתב''ג-נמל תעופה בן גוריון --> נהריה-נהריה,נהריה,רכבת ישראל,תל אביב יפו,
37350,השלום,תל אביב האוניברסיטה - אקספו,נתב''ג-נמל תעופה בן גוריון --> נהריה-נהריה,נהריה,רכבת ישראל,תל אביב יפו,
37350,השלום,בנימינה,נתב''ג-נמל תעופה בן גוריון --> נהריה-נהריה,נהריה,רכבת ישראל,תל אביב יפו,
37350,השלום,חוף הכרמל,נתב''ג-נמל תעופה בן גוריון --> נהריה-נהריה,נהריה,רכבת ישראל,תל אביב יפו,
37350,השלום,בת גלים,נתב''ג-נמל תעופה בן גוריון --> נהריה-נהריה,נהריה,רכבת ישראל,תל אביב יפו,
37350,השלום,חיפה מרכז,נתב''ג-נמל תעופה בן גוריון --> נהריה-נהריה,נהריה,רכבת ישראל,תל אביב יפו,
37350,השלום,מרכזית המפרץ/קו החוף,נתב''ג-נמל תעופה בן גוריון --> נהריה-נהריה,נהריה,רכבת ישראל,תל אביב יפו,
37350,השלום,חוצות מפרץ,נתב''ג-נמל תעופה בן גוריון --> נהריה-נהריה,נהריה,רכבת ישראל,תל אביב יפו,
37350,השלום,קרית חיים,נתב''ג-נמל תעופה בן גוריון --> נהריה-נהריה,נהריה,רכבת ישראל,תל אביב יפו,
37350,השלום,קרית מוצקין,נתב''ג-נמל תעופה בן גוריון --> נהריה-נהריה,נהריה,רכבת ישראל,תל אביב יפו,
37350,השלום,עכו,נתב''ג-נמל תעופה בן גוריון --> נהריה-נהריה,נהריה,רכבת ישראל,תל אביב יפו,
37350,השלום,נהריה,נתב''ג-נמל תעופה בן גוריון --> נהריה-נהריה,נהריה,רכבת ישראל,תל אביב יפו,
37358,תל אביב מרכז,תל אביב האוניברסיטה - אקספו,נתב''ג-נמל תעופה בן גוריון --> נהריה-נהריה,נהריה,רכבת ישראל,תל אביב יפו,
37358,תל אביב מרכז,בנימינה,נתב''ג-נמל תעופה בן גוריון --> נהריה-נהריה,נהריה,רכבת ישראל,תל אביב יפו,
37358,תל אביב מרכז,חוף הכרמל,נתב''ג-נמל תעופה בן גוריון --> נהריה-נהריה,נהריה,רכבת ישראל,תל אביב יפו,
37358,תל אביב מרכז,בת גלים,נתב''ג-נמל תעופה בן גוריון --> נהריה-נהריה,נהריה,רכבת ישראל,תל אביב יפו,
37358,תל אביב מרכז,חיפה מרכז,נתב''ג-נמל תעופה בן גוריון --> נהריה-נהריה,נהריה,רכבת ישראל,תל אביב יפו,
37358,תל אביב מרכז,מרכזית המפרץ/קו החוף,נתב''ג-נמל תעופה בן גוריון --> נהריה-נהריה,נהריה,רכבת ישראל,תל אביב יפו,
37358,תל אביב מרכז,חוצות מפרץ,נתב''ג-נמל תעופה בן גוריון --> נהריה-נהריה,נהריה,רכבת ישראל,תל אביב יפו,
37358,תל אביב מרכז,קרית חיים,נתב''ג-נמל תעופה בן גוריון --> נהריה-נהריה,נהריה,רכבת ישראל,תל אביב יפו,
37358,תל אביב מרכז,קרית מוצקין,נתב''ג-נמל תעופה בן גוריון --> נהריה-נהריה,נהריה,רכבת ישראל,תל אביב יפו,
37358,תל אביב מרכז,עכו,נתב''ג-נמל תעופה בן גוריון --> נהריה-נהריה,נהריה,רכבת ישראל,תל אביב יפו,
37358,תל אביב מרכז,נהריה,נתב''ג-נמל תעופה בן גוריון --> נהריה-נהריה,נהריה,רכבת ישראל,תל אביב יפו,
37360,תל אביב האוניברסיטה - אקספו,בנימינה,נתב''ג-נמל תעופה בן גוריון --> נהריה-נהריה,נהריה,רכבת ישראל,תל אביב יפו,
37360,תל אביב האוניברסיטה - אקספו,חוף הכרמל,נתב''ג-נמל תעופה בן גוריון --> נהריה-נהריה,נהריה,רכבת ישראל,תל אביב יפו,
37360,תל אביב האוניברסיטה - אקספו,בת גלים,נתב''ג-נמל תעופה בן גוריון --> נהריה-נהריה,נהריה,רכבת ישראל,תל אביב יפו,
37360,תל אביב האוניברסיטה - אקספו,חיפה מרכז,נתב''ג-נמל תעופה בן גוריון --> נהריה-נהריה,נהריה,רכבת ישראל,תל אביב יפו,
37360,תל אביב האוניברסיטה - אקספו,מרכזית המפרץ/קו החוף,נתב''ג-נמל תעופה בן גוריון --> נהריה-נהריה,נהריה,רכבת ישראל,תל אביב יפו,
37360,תל אביב האוניברסיטה - אקספו,חוצות מפרץ,נתב''ג-נמל תעופה בן גוריון --> נהריה-נהריה,נהריה,רכבת ישראל,תל אביב יפו,
37360,תל אביב האוניברסיטה - אקספו,קרית חיים,נתב''ג-נמל תעופה בן גוריון --> נהריה-נהריה,נהריה,רכבת ישראל,תל אביב יפו,
37360,תל אביב האוניברסיטה - אקספו,קרית מוצקין,נתב''ג-נמל תעופה בן גוריון --> נהריה-נהריה,נהריה,רכבת ישראל,תל אביב יפו,
37360,תל אביב האוניברסיטה - אקספו,עכו,נתב''ג-נמל תעופה בן גוריון --> נהריה-נהריה,נהריה,רכבת ישראל,תל אביב יפו,
37360,תל אביב האוניברסיטה - אקספו,נהריה,נתב''ג-נמל תעופה בן גוריון --> נהריה-נהריה,נהריה,רכבת ישראל,תל אביב יפו,
37372,בנימינה,חוף הכרמל,נתב''ג-נמל תעופה בן גוריון --> נהריה-נהריה,נהריה,רכבת ישראל,בנימינה גבעת עדה,
37372,בנימינה,בת גלים,נתב''ג-נמל תעופה בן גוריון --> נהריה-נהריה,נהריה,רכבת ישראל,בנימינה גבעת עדה,
37372,בנימינה,חיפה מרכז,נתב''ג-נמל תעופה בן גוריון --> נהריה-נהריה,נהריה,רכבת ישראל,בנימינה גבעת עדה,
37372,בנימינה,מרכזית המפרץ/קו החוף,נתב''ג-נמל תעופה בן גוריון --> נהריה-נהריה,נהריה,רכבת ישראל,בנימינה גבעת עדה,
37372,בנימינה,חוצות מפרץ,נתב''ג-נמל תעופה בן גוריון --> נהריה-נהריה,נהריה,רכבת ישראל,בנימינה גבעת עדה,
37372,בנימינה,קרית חיים,נתב''ג-נמל תעופה בן גוריון --> נהריה-נהריה,נהריה,רכבת ישראל,בנימינה גבעת עדה,
37372,בנימינה,קרית מוצקין,נתב''ג-נמל תעופה בן גוריון --> נהריה-נהריה,נהריה,רכבת ישראל,בנימינה גבעת עדה,
37372,בנימינה,עכו,נתב''ג-נמל תעופה בן גוריון --> נהריה-נהריה,נהריה,רכבת ישראל,בנימינה גבעת עדה,
37372,בנימינה,נהריה,נתב''ג-נמל תעופה בן גוריון --> נהריה-נהריה,נהריה,רכבת ישראל,בנימינה גבעת עדה,
37376,חוף הכרמל,בת גלים,נתב''ג-נמל תעופה בן גוריון --> נהריה-נהריה,נהריה,רכבת ישראל,חוף הכרמל,
37376,חוף הכרמל,חיפה מרכז,נתב''ג-נמל תעופה בן גוריון --> נהריה-נהריה,נהריה,רכבת ישראל,חוף הכרמל,
37376,חוף הכרמל,מרכזית המפרץ/קו החוף,נתב''ג-נמל תעופה בן גוריון --> נהריה-נהריה,נהריה,רכבת ישראל,חוף הכרמל,
37376,חוף הכרמל,חוצות מפרץ,נתב''ג-נמל תעופה בן גוריון --> נהריה-נהריה,נהריה,רכבת ישראל,חוף הכרמל,
37376,חוף הכרמל,קרית חיים,נתב''ג-נמל תעופה בן גוריון --> נהריה-נהריה,נהריה,רכבת ישראל,חוף הכרמל,
37376,חוף הכרמל,קרית מוצקין,נתב''ג-נמל תעופה בן גוריון --> נהריה-נהריה,נהריה,רכבת ישראל,חוף הכרמל,
37376,חוף הכרמל,עכו,נתב''ג-נמל תעופה בן גוריון --> נהריה-נהריה,נהריה,רכבת ישראל,חוף הכרמל,
37376,חוף הכרמל,נהריה,נתב''ג-נמל תעופה בן גוריון --> נהריה-נהריה,נהריה,רכבת ישראל,חוף הכרמל,
37378,בת גלים,חיפה מרכז,נתב''ג-נמל תעופה בן גוריון --> נהריה-נהריה,נהריה,רכבת ישראל,חיפה,
37378,בת גלים,מרכזית המפרץ/קו החוף,נתב''ג-נמל תעופה בן גוריון --> נהריה-נהריה,נהריה,רכבת ישראל,חיפה,
37378,בת גלים,חוצות מפרץ,נתב''ג-נמל תעופה בן גוריון --> נהריה-נהריה,נהריה,רכבת ישראל,חיפה,
37378,בת גלים,קרית חיים,נתב''ג-נמל תעופה בן גוריון --> נהריה-נהריה,נהריה,רכבת ישראל,חיפה,
37378,בת גלים,קרית מוצקין,נתב''ג-נמל תעופה בן גוריון --> נהריה-נהריה,נהריה,רכבת ישראל,חיפה,
37378,בת גלים,עכו,נתב''ג-נמל תעופה בן גוריון --> נהריה-נהריה,נהריה,רכבת ישראל,חיפה,
37378,בת גלים,נהריה,נתב''ג-נמל תעופה בן גוריון --> נהריה-נהריה,נהריה,רכבת ישראל,חיפה,
37380,חיפה מרכז,מרכזית המפרץ/קו החוף,נתב''ג-נמל תעופה בן גוריון --> נהריה-נהריה,נהריה,רכבת ישראל,חיפה,
37380,חיפה מרכז,חוצות מפרץ,נתב''ג-נמל תעופה בן גוריון --> נהריה-נהריה,נהריה,רכבת ישראל,חיפה,
37380,חיפה מרכז,קרית חיים,נתב''ג-נמל תעופה בן גוריון --> נהריה-נהריה,נהריה,רכבת ישראל,חיפה,
37380,חיפה מרכז,קרית מוצקין,נתב''ג-נמל תעופה בן גוריון --> נהריה-נהריה,נהריה,רכבת ישראל,חיפה,
37380,חיפה מרכז,עכו,נתב''ג-נמל תעופה בן גוריון --> נהריה-נהריה,נהריה,רכבת ישראל,חיפה,
37380,חיפה מרכז,נהריה,נתב''ג-נמל תעופה בן גוריון --> נהריה-נהריה,נהריה,רכבת ישראל,חיפה,
37388,מרכזית המפרץ/קו החוף,חוצות מפרץ,נתב''ג-נמל תעופה בן גוריון --> נהריה-נהריה,נהריה,רכבת ישראל,חיפה,
37388,מרכזית המפרץ/קו החוף,קרית חיים,נתב''ג-נמל תעופה בן גוריון --> נהריה-נהריה,נהריה,רכבת ישראל,חיפה,
37388,מרכזית המפרץ/קו החוף,קרית מוצקין,נתב''ג-נמל תעופה בן גוריון --> נהריה-נהריה,נהריה,רכבת ישראל,חיפה,
37388,מרכזית המפרץ/קו החוף,עכו,נתב''ג-נמל תעופה בן גוריון --> נהריה-נהריה,נהריה,רכבת ישראל,חיפה,
37388,מרכזית המפרץ/קו החוף,נהריה,נתב''ג-נמל תעופה בן גוריון --> נהריה-נהריה,נהריה,רכבת ישראל,חיפה,
37386,חוצות מפרץ,קרית חיים,נתב''ג-נמל תעופה בן גוריון --> נהריה-נהריה,נהריה,רכבת ישראל,חיפה,
37386,חוצות מפרץ,קרית מוצקין,נתב''ג-נמל תעופה בן גוריון --> נהריה-נהריה,נהריה,רכבת ישראל,חיפה,
37386,חוצות מפרץ,עכו,נתב''ג-נמל תעופה בן גוריון --> נהריה-נהריה,נהריה,רכבת ישראל,חיפה,
37386,חוצות מפרץ,נהריה,נתב''ג-נמל תעופה בן גוריון --> נהריה-נהריה,נהריה,רכבת ישראל,חיפה,
37392,קרית חיים,קרית מוצקין,נתב''ג-נמל תעופה בן גוריון --> נהריה-נהריה,נהריה,רכבת ישראל,חיפה,
37392,קרית חיים,עכו,נתב''ג-נמל תעופה בן גוריון --> נהריה-נהריה,נהריה,רכבת ישראל,חיפה,
37392,קרית חיים,נהריה,נתב''ג-נמל תעופה בן גוריון --> נהריה-נהריה,נהריה,רכבת ישראל,חיפה,
41293,קרית מוצקין,עכו,נתב''ג-נמל תעופה בן גוריון --> נהריה-נהריה,נהריה,רכבת ישראל,קרית מוצקין,
41293,קרית מוצקין,נהריה,נתב''ג-נמל תעופה בן גוריון --> נהריה-נהריה,נהריה,רכבת ישראל,קרית מוצקין,
37384,עכו,נהריה,נתב''ג-נמל תעופה בן גוריון --> נהריה-נהריה,נהריה,רכבת ישראל,עכו,
37312,באר שבע מרכז,חוף הכרמל,באר שבע מרכז-באר שבע --> נהריה-נהריה,נהריה,רכבת ישראל,באר שבע,
37312,באר שבע מרכז,בת גלים,באר שבע מרכז-באר שבע --> נהריה-נהריה,נהריה,רכבת ישראל,באר שבע,
37312,באר שבע מרכז,חיפה מרכז,באר שבע מרכז-באר שבע --> נהריה-נהריה,נהריה,רכבת ישראל,באר שבע,
37312,באר שבע מרכז,מרכזית המפרץ/קו החוף,באר שבע מרכז-באר שבע --> נהריה-נהריה,נהריה,רכבת ישראל,באר שבע,
37312,באר שבע מרכז,קרית מוצקין,באר שבע מרכז-באר שבע --> נהריה-נהריה,נהריה,רכבת ישראל,באר שבע,
37312,באר שבע מרכז,עכו,באר שבע מרכז-באר שבע --> נהריה-נהריה,נהריה,רכבת ישראל,באר שבע,
37312,באר שבע מרכז,נהריה,באר שבע מרכז-באר שבע --> נהריה-נהריה,נהריה,רכבת ישראל,באר שבע,
37314,באר שבע צפון,חוף הכרמל,באר שבע מרכז-באר שבע --> נהריה-נהריה,נהריה,רכבת ישראל,באר שבע,
37314,באר שבע צפון,בת גלים,באר שבע מרכז-באר שבע --> נהריה-נהריה,נהריה,רכבת ישראל,באר שבע,
37314,באר שבע צפון,חיפה מרכז,באר שבע מרכז-באר שבע --> נהריה-נהריה,נהריה,רכבת ישראל,באר שבע,
37314,באר שבע צפון,מרכזית המפרץ/קו החוף,באר שבע מרכז-באר שבע --> נהריה-נהריה,נהריה,רכבת ישראל,באר שבע,
37314,באר שבע צפון,קרית מוצקין,באר שבע מרכז-באר שבע --> נהריה-נהריה,נהריה,רכבת ישראל,באר שבע,
37314,באר שבע צפון,עכו,באר שבע מרכז-באר שבע --> נהריה-נהריה,נהריה,רכבת ישראל,באר שבע,
37314,באר שבע צפון,נהריה,באר שבע מרכז-באר שבע --> נהריה-נהריה,נהריה,רכבת ישראל,באר שבע,
37308,להבים רהט,חוף הכרמל,באר שבע מרכז-באר שבע --> נהריה-נהריה,נהריה,רכבת ישראל,להבים,
37308,להבים רהט,בת גלים,באר שבע מרכז-באר שבע --> נהריה-נהריה,נהריה,רכבת ישראל,להבים,
37308,להבים רהט,חיפה מרכז,באר שבע מרכז-באר שבע --> נהריה-נהריה,נהריה,רכבת ישראל,להבים,
37308,להבים רהט,מרכזית המפרץ/קו החוף,באר שבע מרכז-באר שבע --> נהריה-נהריה,נהריה,רכבת ישראל,להבים,
37308,להבים רהט,קרית מוצקין,באר שבע מרכז-באר שבע --> נהריה-נהריה,נהריה,רכבת ישראל,להבים,
37308,להבים רהט,עכו,באר שבע מרכז-באר שבע --> נהריה-נהריה,נהריה,רכבת ישראל,להבים,
37308,להבים רהט,נהריה,באר שבע מרכז-באר שבע --> נהריה-נהריה,נהריה,רכבת ישראל,להבים,
37316,קרית גת,חוף הכרמל,באר שבע מרכז-באר שבע --> נהריה-נהריה,נהריה,רכבת ישראל,קרית גת,
37316,קרית גת,בת גלים,באר שבע מרכז-באר שבע --> נהריה-נהריה,נהריה,רכבת ישראל,קרית גת,
37316,קרית גת,חיפה מרכז,באר שבע מרכז-באר שבע --> נהריה-נהריה,נהריה,רכבת ישראל,קרית גת,
37316,קרית גת,מרכזית המפרץ/קו החוף,באר שבע מרכז-באר שבע --> נהריה-נהריה,נהריה,רכבת ישראל,קרית גת,
37316,קרית גת,קרית מוצקין,באר שבע מרכז-באר שבע --> נהריה-נהריה,נהריה,רכבת ישראל,קרית גת,
37316,קרית גת,עכו,באר שבע מרכז-באר שבע --> נהריה-נהריה,נהריה,רכבת ישראל,קרית גת,
37316,קרית גת,נהריה,באר שבע מרכז-באר שבע --> נהריה-נהריה,נהריה,רכבת ישראל,קרית גת,
42419,קרית מלאכי,חוף הכרמל,באר שבע מרכז-באר שבע --> נהריה-נהריה,נהריה,רכבת ישראל,קרית מלאכי,
42419,קרית מלאכי,בת גלים,באר שבע מרכז-באר שבע --> נהריה-נהריה,נהריה,רכבת ישראל,קרית מלאכי,
42419,קרית מלאכי,חיפה מרכז,באר שבע מרכז-באר שבע --> נהריה-נהריה,נהריה,רכבת ישראל,קרית מלאכי,
42419,קרית מלאכי,מרכזית המפרץ/קו החוף,באר שבע מרכז-באר שבע --> נהריה-נהריה,נהריה,רכבת ישראל,קרית מלאכי,
42419,קרית מלאכי,קרית מוצקין,באר שבע מרכז-באר שבע --> נהריה-נהריה,נהריה,רכבת ישראל,קרית מלאכי,
42419,קרית מלאכי,עכו,באר שבע מרכז-באר שבע --> נהריה-נהריה,נהריה,רכבת ישראל,קרית מלאכי,
42419,קרית מלאכי,נהריה,באר שבע מרכז-באר שבע --> נהריה-נהריה,נהריה,רכבת ישראל,קרית מלאכי,
42418,מזכרת בתיה,חוף הכרמל,באר שבע מרכז-באר שבע --> נהריה-נהריה,נהריה,רכבת ישראל,מזכרת בתיה,
42418,מזכרת בתיה,בת גלים,באר שבע מרכז-באר שבע --> נהריה-נהריה,נהריה,רכבת ישראל,מזכרת בתיה,
42418,מזכרת בתיה,חיפה מרכז,באר שבע מרכז-באר שבע --> נהריה-נהריה,נהריה,רכבת ישראל,מזכרת בתיה,
42418,מזכרת בתיה,מרכזית המפרץ/קו החוף,באר שבע מרכז-באר שבע --> נהריה-נהריה,נהריה,רכבת ישראל,מזכרת בתיה,
42418,מזכרת בתיה,קרית מוצקין,באר שבע מרכז-באר שבע --> נהריה-נהריה,נהריה,רכבת ישראל,מזכרת בתיה,
42418,מזכרת בתיה,עכו,באר שבע מרכז-באר שבע --> נהריה-נהריה,נהריה,רכבת ישראל,מזכרת בתיה,
42418,מזכרת בתיה,נהריה,באר שבע מרכז-באר שבע --> נהריה-נהריה,נהריה,רכבת ישראל,מזכרת בתיה,
37336,רמלה,חוף הכרמל,באר שבע מרכז-באר שבע --> נהריה-נהריה,נהריה,רכבת ישראל,רמלה,
37336,רמלה,בת גלים,באר שבע מרכז-באר שבע --> נהריה-נהריה,נהריה,רכבת ישראל,רמלה,
37336,רמלה,חיפה מרכז,באר שבע מרכז-באר שבע --> נהריה-נהריה,נהריה,רכבת ישראל,רמלה,
37336,רמלה,מרכזית המפרץ/קו החוף,באר שבע מרכז-באר שבע --> נהריה-נהריה,נהריה,רכבת ישראל,רמלה,
37336,רמלה,קרית מוצקין,באר שבע מרכז-באר שבע --> נהריה-נהריה,נהריה,רכבת ישראל,רמלה,
37336,רמלה,עכו,באר שבע מרכז-באר שבע --> נהריה-נהריה,נהריה,רכבת ישראל,רמלה,
37336,רמלה,נהריה,באר שבע מרכז-באר שבע --> נהריה-נהריה,נהריה,רכבת ישראל,רמלה,
37338,לוד,חוף הכרמל,באר שבע מרכז-באר שבע --> נהריה-נהריה,נהריה,רכבת ישראל,לוד,
37338,לוד,בת גלים,באר שבע מרכז-באר שבע --> נהריה-נהריה,נהריה,רכבת ישראל,לוד,
37338,לוד,חיפה מרכז,באר שבע מרכז-באר שבע --> נהריה-נהריה,נהריה,רכבת ישראל,לוד,
37338,לוד,מרכזית המפרץ/קו החוף,באר שבע מרכז-באר שבע --> נהריה-נהריה,נהריה,רכבת ישראל,לוד,
37338,לוד,קרית מוצקין,באר שבע מרכז-באר שבע --> נהריה-נהריה,נהריה,רכבת ישראל,לוד,
37338,לוד,עכו,באר שבע מרכז-באר שבע --> נהריה-נהריה,נהריה,רכבת ישראל,לוד,
37338,לוד,נהריה,באר שבע מרכז-באר שבע --> נהריה-נהריה,נהריה,רכבת ישראל,לוד,
37292,תל אביב ההגנה,חוף הכרמל,באר שבע מרכז-באר שבע --> נהריה-נהריה,נהריה,רכבת ישראל,תל אביב יפו,
37292,תל אביב ההגנה,בת גלים,באר שבע מרכז-באר שבע --> נהריה-נהריה,נהריה,רכבת ישראל,תל אביב יפו,
37292,תל אביב ההגנה,חיפה מרכז,באר שבע מרכז-באר שבע --> נהריה-נהריה,נהריה,רכבת ישראל,תל אביב יפו,
37292,תל אביב ההגנה,מרכזית המפרץ/קו החוף,באר שבע מרכז-באר שבע --> נהריה-נהריה,נהריה,רכבת ישראל,תל אביב יפו,
37292,תל אביב ההגנה,קרית מוצקין,באר שבע מרכז-באר שבע --> נהריה-נהריה,נהריה,רכבת ישראל,תל אביב יפו,
37292,תל אביב ההגנה,עכו,באר שבע מרכז-באר שבע --> נהריה-נהריה,נהריה,רכבת ישראל,תל אביב יפו,
37292,תל אביב ההגנה,נהריה,באר שבע מרכז-באר שבע --> נהריה-נהריה,נהריה,רכבת ישראל,תל אביב יפו,
37350,השלום,חוף הכרמל,באר שבע מרכז-באר שבע --> נהריה-נהריה,נהריה,רכבת ישראל,תל אביב יפו,
37350,השלום,בת גלים,באר שבע מרכז-באר שבע --> נהריה-נהריה,נהריה,רכבת ישראל,תל אביב יפו,
37350,השלום,חיפה מרכז,באר שבע מרכז-באר שבע --> נהריה-נהריה,נהריה,רכבת ישראל,תל אביב יפו,
37350,השלום,מרכזית המפרץ/קו החוף,באר שבע מרכז-באר שבע --> נהריה-נהריה,נהריה,רכבת ישראל,תל אביב יפו,
37350,השלום,קרית מוצקין,באר שבע מרכז-באר שבע --> נהריה-נהריה,נהריה,רכבת ישראל,תל אביב יפו,
37350,השלום,עכו,באר שבע מרכז-באר שבע --> נהריה-נהריה,נהריה,רכבת ישראל,תל אביב יפו,
37350,השלום,נהריה,באר שבע מרכז-באר שבע --> נהריה-נהריה,נהריה,רכבת ישראל,תל אביב יפו,
37358,תל אביב מרכז,חוף הכרמל,באר שבע מרכז-באר שבע --> נהריה-נהריה,נהריה,רכבת ישראל,תל אביב יפו,
37358,תל אביב מרכז,בת גלים,באר שבע מרכז-באר שבע --> נהריה-נהריה,נהריה,רכבת ישראל,תל אביב יפו,
37358,תל אביב מרכז,חיפה מרכז,באר שבע מרכז-באר שבע --> נהריה-נהריה,נהריה,רכבת ישראל,תל אביב יפו,
37358,תל אביב מרכז,מרכזית המפרץ/קו החוף,באר שבע מרכז-באר שבע --> נהריה-נהריה,נהריה,רכבת ישראל,תל אביב יפו,
37358,תל אביב מרכז,קרית מוצקין,באר שבע מרכז-באר שבע --> נהריה-נהריה,נהריה,רכבת ישראל,תל אביב יפו,
37358,תל אביב מרכז,עכו,באר שבע מרכז-באר שבע --> נהריה-נהריה,נהריה,רכבת ישראל,תל אביב יפו,
37358,תל אביב מרכז,נהריה,באר שבע מרכז-באר שבע --> נהריה-נהריה,נהריה,רכבת ישראל,תל אביב יפו,
37360,תל אביב האוניברסיטה - אקספו,חוף הכרמל,באר שבע מרכז-באר שבע --> נהריה-נהריה,נהריה,רכבת ישראל,תל אביב יפו,
37360,תל אביב האוניברסיטה - אקספו,בת גלים,באר שבע מרכז-באר שבע --> נהריה-נהריה,נהריה,רכבת ישראל,תל אביב יפו,
37360,תל אביב האוניברסיטה - אקספו,חיפה מרכז,באר שבע מרכז-באר שבע --> נהריה-נהריה,נהריה,רכבת ישראל,תל אביב יפו,
37360,תל אביב האוניברסיטה - אקספו,מרכזית המפרץ/קו החוף,באר שבע מרכז-באר שבע --> נהריה-נהריה,נהריה,רכבת ישראל,תל אביב יפו,
37360,תל אביב האוניברסיטה - אקספו,קרית מוצקין,באר שבע מרכז-באר שבע --> נהריה-נהריה,נהריה,רכבת ישראל,תל אביב יפו,
37360,תל אביב האוניברסיטה - אקספו,עכו,באר שבע מרכז-באר שבע --> נהריה-נהריה,נהריה,רכבת ישראל,תל אביב יפו,
37360,תל אביב האוניברסיטה - אקספו,נהריה,באר שבע מרכז-באר שבע --> נהריה-נהריה,נהריה,רכבת ישראל,תל אביב יפו,
37362,הרצליה,חוף הכרמל,באר שבע מרכז-באר שבע --> נהריה-נהריה,נהריה,רכבת ישראל,הרצליה,
37362,הרצליה,בת גלים,באר שבע מרכז-באר שבע --> נהריה-נהריה,נהריה,רכבת ישראל,הרצליה,
37362,הרצליה,חיפה מרכז,באר שבע מרכז-באר שבע --> נהריה-נהריה,נהריה,רכבת ישראל,הרצליה,
37362,הרצליה,מרכזית המפרץ/קו החוף,באר שבע מרכז-באר שבע --> נהריה-נהריה,נהריה,רכבת ישראל,הרצליה,
37362,הרצליה,קרית מוצקין,באר שבע מרכז-באר שבע --> נהריה-נהריה,נהריה,רכבת ישראל,הרצליה,
37362,הרצליה,עכו,באר שבע מרכז-באר שבע --> נהריה-נהריה,נהריה,רכבת ישראל,הרצליה,
37362,הרצליה,נהריה,באר שבע מרכז-באר שבע --> נהריה-נהריה,נהריה,רכבת ישראל,הרצליה,
37376,חוף הכרמל,בת גלים,באר שבע מרכז-באר שבע --> נהריה-נהריה,נהריה,רכבת ישראל,חוף הכרמל,
37376,חוף הכרמל,חיפה מרכז,באר שבע מרכז-באר שבע --> נהריה-נהריה,נהריה,רכבת ישראל,חוף הכרמל,
37376,חוף הכרמל,מרכזית המפרץ/קו החוף,באר שבע מרכז-באר שבע --> נהריה-נהריה,נהריה,רכבת ישראל,חוף הכרמל,
37376,חוף הכרמל,קרית מוצקין,באר שבע מרכז-באר שבע --> נהריה-נהריה,נהריה,רכבת ישראל,חוף הכרמל,
37376,חוף הכרמל,עכו,באר שבע מרכז-באר שבע --> נהריה-נהריה,נהריה,רכבת ישראל,חוף הכרמל,
37376,חוף הכרמל,נהריה,באר שבע מרכז-באר שבע --> נהריה-נהריה,נהריה,רכבת ישראל,חוף הכרמל,
37378,בת גלים,חיפה מרכז,באר שבע מרכז-באר שבע --> נהריה-נהריה,נהריה,רכבת ישראל,חיפה,
37378,בת גלים,מרכזית המפרץ/קו החוף,באר שבע מרכז-באר שבע --> נהריה-נהריה,נהריה,רכבת ישראל,חיפה,
37378,בת גלים,קרית מוצקין,באר שבע מרכז-באר שבע --> נהריה-נהריה,נהריה,רכבת ישראל,חיפה,
37378,בת גלים,עכו,באר שבע מרכז-באר שבע --> נהריה-נהריה,נהריה,רכבת ישראל,חיפה,
37378,בת גלים,נהריה,באר שבע מרכז-באר שבע --> נהריה-נהריה,נהריה,רכבת ישראל,חיפה,
37380,חיפה מרכז,מרכזית המפרץ/קו החוף,באר שבע מרכז-באר שבע --> נהריה-נהריה,נהריה,רכבת ישראל,חיפה,
37380,חיפה מרכז,קרית מוצקין,באר שבע מרכז-באר שבע --> נהריה-נהריה,נהריה,רכבת ישראל,חיפה,
37380,חיפה מרכז,עכו,באר שבע מרכז-באר שבע --> נהריה-נהריה,נהריה,רכבת ישראל,חיפה,
37380,חיפה מרכז,נהריה,באר שבע מרכז-באר שבע --> נהריה-נהריה,נהריה,רכבת ישראל,חיפה,
37388,מרכזית המפרץ/קו החוף,קרית מוצקין,באר שבע מרכז-באר שבע --> נהריה-נהריה,נהריה,רכבת ישראל,חיפה,
37388,מרכזית המפרץ/קו החוף,עכו,באר שבע מרכז-באר שבע --> נהריה-נהריה,נהריה,רכבת ישראל,חיפה,
37388,מרכזית המפרץ/קו החוף,נהריה,באר שבע מרכז-באר שבע --> נהריה-נהריה,נהריה,רכבת ישראל,חיפה,
41293,קרית מוצקין,עכו,באר שבע מרכז-באר שבע --> נהריה-נהריה,נהריה,רכבת ישראל,קרית מוצקין,
41293,קרית מוצקין,נהריה,באר שבע מרכז-באר שבע --> נהריה-נהריה,נהריה,רכבת ישראל,קרית מוצקין,
37384,עכו,נהריה,באר שבע מרכז-באר שבע --> נהריה-נהריה,נהריה,רכבת ישראל,עכו,
37382,נהריה,עכו,נהריה-נהריה --> באר שבע מרכז-באר שבע,באר שבע מרכז,רכבת ישראל,נהריה,
37382,נהריה,קרית מוצקין,נהריה-נהריה --> באר שבע מרכז-באר שבע,באר שבע מרכז,רכבת ישראל,נהריה,
37382,נהריה,מרכזית המפרץ/קו החוף,נהריה-נהריה --> באר שבע מרכז-באר שבע,באר שבע מרכז,רכבת ישראל,נהריה,
37382,נהריה,חיפה מרכז,נהריה-נהריה --> באר שבע מרכז-באר שבע,באר שבע מרכז,רכבת ישראל,נהריה,
37382,נהריה,בת גלים,נהריה-נהריה --> באר שבע מרכז-באר שבע,באר שבע מרכז,רכבת ישראל,נהריה,
37382,נהריה,חוף הכרמל,נהריה-נהריה --> באר שבע מרכז-באר שבע,באר שבע מרכז,רכבת ישראל,נהריה,
37382,נהריה,הרצליה,נהריה-נהריה --> באר שבע מרכז-באר שבע,באר שבע מרכז,רכבת ישראל,נהריה,
37382,נהריה,תל אביב האוניברסיטה - אקספו,נהריה-נהריה --> באר שבע מרכז-באר שבע,באר שבע מרכז,רכבת ישראל,נהריה,
37382,נהריה,תל אביב מרכז,נהריה-נהריה --> באר שבע מרכז-באר שבע,באר שבע מרכז,רכבת ישראל,נהריה,
37382,נהריה,השלום,נהריה-נהריה --> באר שבע מרכז-באר שבע,באר שבע מרכז,רכבת ישראל,נהריה,
37382,נהריה,תל אביב ההגנה,נהריה-נהריה --> באר שבע מרכז-באר שבע,באר שבע מרכז,רכבת ישראל,נהריה,
37382,נהריה,לוד,נהריה-נהריה --> באר שבע מרכז-באר שבע,באר שבע מרכז,רכבת ישראל,נהריה,
37382,נהריה,רמלה,נהריה-נהריה --> באר שבע מרכז-באר שבע,באר שבע מרכז,רכבת ישראל,נהריה,
37382,נהריה,מזכרת בתיה,נהריה-נהריה --> באר שבע מרכז-באר שבע,באר שבע מרכז,רכבת ישראל,נהריה,
37382,נהריה,קרית מלאכי,נהריה-נהריה --> באר שבע מרכז-באר שבע,באר שבע מרכז,רכבת ישראל,נהריה,
37382,נהריה,קרית גת,נהריה-נהריה --> באר שבע מרכז-באר שבע,באר שבע מרכז,רכבת ישראל,נהריה,
37382,נהריה,להבים רהט,נהריה-נהריה --> באר שבע מרכז-באר שבע,באר שבע מרכז,רכבת ישראל,נהריה,
37382,נהריה,באר שבע צפון,נהריה-נהריה --> באר שבע מרכז-באר שבע,באר שבע מרכז,רכבת ישראל,נהריה,
37382,נהריה,באר שבע מרכז,נהריה-נהריה --> באר שבע מרכז-באר שבע,באר שבע מרכז,רכבת ישראל,נהריה,
37384,עכו,קרית מוצקין,נהריה-נהריה --> באר שבע מרכז-באר שבע,באר שבע מרכז,רכבת ישראל,עכו,
37384,עכו,מרכזית המפרץ/קו החוף,נהריה-נהריה --> באר שבע מרכז-באר שבע,באר שבע מרכז,רכבת ישראל,עכו,
37384,עכו,חיפה מרכז,נהריה-נהריה --> באר שבע מרכז-באר שבע,באר שבע מרכז,רכבת ישראל,עכו,
37384,עכו,בת גלים,נהריה-נהריה --> באר שבע מרכז-באר שבע,באר שבע מרכז,רכבת ישראל,עכו,
37384,עכו,חוף הכרמל,נהריה-נהריה --> באר שבע מרכז-באר שבע,באר שבע מרכז,רכבת ישראל,עכו,
37384,עכו,הרצליה,נהריה-נהריה --> באר שבע מרכז-באר שבע,באר שבע מרכז,רכבת ישראל,עכו,
37384,עכו,תל אביב האוניברסיטה - אקספו,נהריה-נהריה --> באר שבע מרכז-באר שבע,באר שבע מרכז,רכבת ישראל,עכו,
37384,עכו,תל אביב מרכז,נהריה-נהריה --> באר שבע מרכז-באר שבע,באר שבע מרכז,רכבת ישראל,עכו,
37384,עכו,השלום,נהריה-נהריה --> באר שבע מרכז-באר שבע,באר שבע מרכז,רכבת ישראל,עכו,
37384,עכו,תל אביב ההגנה,נהריה-נהריה --> באר שבע מרכז-באר שבע,באר שבע מרכז,רכבת ישראל,עכו,
37384,עכו,לוד,נהריה-נהריה --> באר שבע מרכז-באר שבע,באר שבע מרכז,רכבת ישראל,עכו,
37384,עכו,רמלה,נהריה-נהריה --> באר שבע מרכז-באר שבע,באר שבע מרכז,רכבת ישראל,עכו,
37384,עכו,מזכרת בתיה,נהריה-נהריה --> באר שבע מרכז-באר שבע,באר שבע מרכז,רכבת ישראל,עכו,
37384,עכו,קרית מלאכי,נהריה-נהריה --> באר שבע מרכז-באר שבע,באר שבע מרכז,רכבת ישראל,עכו,
37384,עכו,קרית גת,נהריה-נהריה --> באר שבע מרכז-באר שבע,באר שבע מרכז,רכבת ישראל,עכו,
37384,עכו,להבים רהט,נהריה-נהריה --> באר שבע מרכז-באר שבע,באר שבע מרכז,רכבת ישראל,עכו,
37384,עכו,באר שבע צפון,נהריה-נהריה --> באר שבע מרכז-באר שבע,באר שבע מרכז,רכבת ישראל,עכו,
37384,עכו,באר שבע מרכז,נהריה-נהריה --> באר שבע מרכז-באר שבע,באר שבע מרכז,רכבת ישראל,עכו,
41293,קרית מוצקין,מרכזית המפרץ/קו החוף,נהריה-נהריה --> באר שבע מרכז-באר שבע,באר שבע מרכז,רכבת ישראל,קרית מוצקין,
41293,קרית מוצקין,חיפה מרכז,נהריה-נהריה --> באר שבע מרכז-באר שבע,באר שבע מרכז,רכבת ישראל,קרית מוצקין,
41293,קרית מוצקין,בת גלים,נהריה-נהריה --> באר שבע מרכז-באר שבע,באר שבע מרכז,רכבת ישראל,קרית מוצקין,
41293,קרית מוצקין,חוף הכרמל,נהריה-נהריה --> באר שבע מרכז-באר שבע,באר שבע מרכז,רכבת ישראל,קרית מוצקין,
41293,קרית מוצקין,הרצליה,נהריה-נהריה --> באר שבע מרכז-באר שבע,באר שבע מרכז,רכבת ישראל,קרית מוצקין,
41293,קרית מוצקין,תל אביב האוניברסיטה - אקספו,נהריה-נהריה --> באר שבע מרכז-באר שבע,באר שבע מרכז,רכבת ישראל,קרית מוצקין,
41293,קרית מוצקין,תל אביב מרכז,נהריה-נהריה --> באר שבע מרכז-באר שבע,באר שבע מרכז,רכבת ישראל,קרית מוצקין,
41293,קרית מוצקין,השלום,נהריה-נהריה --> באר שבע מרכז-באר שבע,באר שבע מרכז,רכבת ישראל,קרית מוצקין,
41293,קרית מוצקין,תל אביב ההגנה,נהריה-נהריה --> באר שבע מרכז-באר שבע,באר שבע מרכז,רכבת ישראל,קרית מוצקין,
41293,קרית מוצקין,לוד,נהריה-נהריה --> באר שבע מרכז-באר שבע,באר שבע מרכז,רכבת ישראל,קרית מוצקין,
41293,קרית מוצקין,רמלה,נהריה-נהריה --> באר שבע מרכז-באר שבע,באר שבע מרכז,רכבת ישראל,קרית מוצקין,
41293,קרית מוצקין,מזכרת בתיה,נהריה-נהריה --> באר שבע מרכז-באר שבע,באר שבע מרכז,רכבת ישראל,קרית מוצקין,
41293,קרית מוצקין,קרית מלאכי,נהריה-נהריה --> באר שבע מרכז-באר שבע,באר שבע מרכז,רכבת ישראל,קרית מוצקין,
41293,קרית מוצקין,קרית גת,נהריה-נהריה --> באר שבע מרכז-באר שבע,באר שבע מרכז,רכבת ישראל,קרית מוצקין,
41293,קרית מוצקין,להבים רהט,נהריה-נהריה --> באר שבע מרכז-באר שבע,באר שבע מרכז,רכבת ישראל,קרית מוצקין,
41293,קרית מוצקין,באר שבע צפון,נהריה-נהריה --> באר שבע מרכז-באר שבע,באר שבע מרכז,רכבת ישראל,קרית מוצקין,
41293,קרית מוצקין,באר שבע מרכז,נהריה-נהריה --> באר שבע מרכז-באר שבע,באר שבע מרכז,רכבת ישראל,קרית מוצקין,
37388,מרכזית המפרץ/קו החוף,חיפה מרכז,נהריה-נהריה --> באר שבע מרכז-באר שבע,באר שבע מרכז,רכבת ישראל,חיפה,
37388,מרכזית המפרץ/קו החוף,בת גלים,נהריה-נהריה --> באר שבע מרכז-באר שבע,באר שבע מרכז,רכבת ישראל,חיפה,
37388,מרכזית המפרץ/קו החוף,חוף הכרמל,נהריה-נהריה --> באר שבע מרכז-באר שבע,באר שבע מרכז,רכבת ישראל,חיפה,
37388,מרכזית המפרץ/קו החוף,הרצליה,נהריה-נהריה --> באר שבע מרכז-באר שבע,באר שבע מרכז,רכבת ישראל,חיפה,
37388,מרכזית המפרץ/קו החוף,תל אביב האוניברסיטה - אקספו,נהריה-נהריה --> באר שבע מרכז-באר שבע,באר שבע מרכז,רכבת ישראל,חיפה,
37388,מרכזית המפרץ/קו החוף,תל אביב מרכז,נהריה-נהריה --> באר שבע מרכז-באר שבע,באר שבע מרכז,רכבת ישראל,חיפה,
37388,מרכזית המפרץ/קו החוף,השלום,נהריה-נהריה --> באר שבע מרכז-באר שבע,באר שבע מרכז,רכבת ישראל,חיפה,
37388,מרכזית המפרץ/קו החוף,תל אביב ההגנה,נהריה-נהריה --> באר שבע מרכז-באר שבע,באר שבע מרכז,רכבת ישראל,חיפה,
37388,מרכזית המפרץ/קו החוף,לוד,נהריה-נהריה --> באר שבע מרכז-באר שבע,באר שבע מרכז,רכבת ישראל,חיפה,
37388,מרכזית המפרץ/קו החוף,רמלה,נהריה-נהריה --> באר שבע מרכז-באר שבע,באר שבע מרכז,רכבת ישראל,חיפה,
37388,מרכזית המפרץ/קו החוף,מזכרת בתיה,נהריה-נהריה --> באר שבע מרכז-באר שבע,באר שבע מרכז,רכבת ישראל,חיפה,
37388,מרכזית המפרץ/קו החוף,קרית מלאכי,נהריה-נהריה --> באר שבע מרכז-באר שבע,באר שבע מרכז,רכבת ישראל,חיפה,
37388,מרכזית המפרץ/קו החוף,קרית גת,נהריה-נהריה --> באר שבע מרכז-באר שבע,באר שבע מרכז,רכבת ישראל,חיפה,
37388,מרכזית המפרץ/קו החוף,להבים רהט,נהריה-נהריה --> באר שבע מרכז-באר שבע,באר שבע מרכז,רכבת ישראל,חיפה,
37388,מרכזית המפרץ/קו החוף,באר שבע צפון,נהריה-נהריה --> באר שבע מרכז-באר שבע,באר שבע מרכז,רכבת ישראל,חיפה,
37388,מרכזית המפרץ/קו החוף,באר שבע מרכז,נהריה-נהריה --> באר שבע מרכז-באר שבע,באר שבע מרכז,רכבת ישראל,חיפה,
37380,חיפה מרכז,בת גלים,נהריה-נהריה --> באר שבע מרכז-באר שבע,באר שבע מרכז,רכבת ישראל,חיפה,
37380,חיפה מרכז,חוף הכרמל,נהריה-נהריה --> באר שבע מרכז-באר שבע,באר שבע מרכז,רכבת ישראל,חיפה,
37380,חיפה מרכז,הרצליה,נהריה-נהריה --> באר שבע מרכז-באר שבע,באר שבע מרכז,רכבת ישראל,חיפה,
37380,חיפה מרכז,תל אביב האוניברסיטה - אקספו,נהריה-נהריה --> באר שבע מרכז-באר שבע,באר שבע מרכז,רכבת ישראל,חיפה,
37380,חיפה מרכז,תל אביב מרכז,נהריה-נהריה --> באר שבע מרכז-באר שבע,באר שבע מרכז,רכבת ישראל,חיפה,
37380,חיפה מרכז,השלום,נהריה-נהריה --> באר שבע מרכז-באר שבע,באר שבע מרכז,רכבת ישראל,חיפה,
37380,חיפה מרכז,תל אביב ההגנה,נהריה-נהריה --> באר שבע מרכז-באר שבע,באר שבע מרכז,רכבת ישראל,חיפה,
37380,חיפה מרכז,לוד,נהריה-נהריה --> באר שבע מרכז-באר שבע,באר שבע מרכז,רכבת ישראל,חיפה,
37380,חיפה מרכז,רמלה,נהריה-נהריה --> באר שבע מרכז-באר שבע,באר שבע מרכז,רכבת ישראל,חיפה,
37380,חיפה מרכז,מזכרת בתיה,נהריה-נהריה --> באר שבע מרכז-באר שבע,באר שבע מרכז,רכבת ישראל,חיפה,
37380,חיפה מרכז,קרית מלאכי,נהריה-נהריה --> באר שבע מרכז-באר שבע,באר שבע מרכז,רכבת ישראל,חיפה,
37380,חיפה מרכז,קרית גת,נהריה-נהריה --> באר שבע מרכז-באר שבע,באר שבע מרכז,רכבת ישראל,חיפה,
37380,חיפה מרכז,להבים רהט,נהריה-נהריה --> באר שבע מרכז-באר שבע,באר שבע מרכז,רכבת ישראל,חיפה,
37380,חיפה מרכז,באר שבע צפון,נהריה-נהריה --> באר שבע מרכז-באר שבע,באר שבע מרכז,רכבת ישראל,חיפה,
37380,חיפה מרכז,באר שבע מרכז,נהריה-נהריה --> באר שבע מרכז-באר שבע,באר שבע מרכז,רכבת ישראל,חיפה,
37378,בת גלים,חוף הכרמל,נהריה-נהריה --> באר שבע מרכז-באר שבע,באר שבע מרכז,רכבת ישראל,חיפה,
37378,בת גלים,הרצליה,נהריה-נהריה --> באר שבע מרכז-באר שבע,באר שבע מרכז,רכבת ישראל,חיפה,
37378,בת גלים,תל אביב האוניברסיטה - אקספו,נהריה-נהריה --> באר שבע מרכז-באר שבע,באר שבע מרכז,רכבת ישראל,חיפה,
37378,בת גלים,תל אביב מרכז,נהריה-נהריה --> באר שבע מרכז-באר שבע,באר שבע מרכז,רכבת ישראל,חיפה,
37378,בת גלים,השלום,נהריה-נהריה --> באר שבע מרכז-באר שבע,באר שבע מרכז,רכבת ישראל,חיפה,
37378,בת גלים,תל אביב ההגנה,נהריה-נהריה --> באר שבע מרכז-באר שבע,באר שבע מרכז,רכבת ישראל,חיפה,
37378,בת גלים,לוד,נהריה-נהריה --> באר שבע מרכז-באר שבע,באר שבע מרכז,רכבת ישראל,חיפה,
37378,בת גלים,רמלה,נהריה-נהריה --> באר שבע מרכז-באר שבע,באר שבע מרכז,רכבת ישראל,חיפה,
37378,בת גלים,מזכרת בתיה,נהריה-נהריה --> באר שבע מרכז-באר שבע,באר שבע מרכז,רכבת ישראל,חיפה,
37378,בת גלים,קרית מלאכי,נהריה-נהריה --> באר שבע מרכז-באר שבע,באר שבע מרכז,רכבת ישראל,חיפה,
37378,בת גלים,קרית גת,נהריה-נהריה --> באר שבע מרכז-באר שבע,באר שבע מרכז,רכבת ישראל,חיפה,
37378,בת גלים,להבים רהט,נהריה-נהריה --> באר שבע מרכז-באר שבע,באר שבע מרכז,רכבת ישראל,חיפה,
37378,בת גלים,באר שבע צפון,נהריה-נהריה --> באר שבע מרכז-באר שבע,באר שבע מרכז,רכבת ישראל,חיפה,
37378,בת גלים,באר שבע מרכז,נהריה-נהריה --> באר שבע מרכז-באר שבע,באר שבע מרכז,רכבת ישראל,חיפה,
37376,חוף הכרמל,הרצליה,נהריה-נהריה --> באר שבע מרכז-באר שבע,באר שבע מרכז,רכבת ישראל,חוף הכרמל,
37376,חוף הכרמל,תל אביב האוניברסיטה - אקספו,נהריה-נהריה --> באר שבע מרכז-באר שבע,באר שבע מרכז,רכבת ישראל,חוף הכרמל,
37376,חוף הכרמל,תל אביב מרכז,נהריה-נהריה --> באר שבע מרכז-באר שבע,באר שבע מרכז,רכבת ישראל,חוף הכרמל,
37376,חוף הכרמל,השלום,נהריה-נהריה --> באר שבע מרכז-באר שבע,באר שבע מרכז,רכבת ישראל,חוף הכרמל,
37376,חוף הכרמל,תל אביב ההגנה,נהריה-נהריה --> באר שבע מרכז-באר שבע,באר שבע מרכז,רכבת ישראל,חוף הכרמל,
37376,חוף הכרמל,לוד,נהריה-נהריה --> באר שבע מרכז-באר שבע,באר שבע מרכז,רכבת ישראל,חוף הכרמל,
37376,חוף הכרמל,רמלה,נהריה-נהריה --> באר שבע מרכז-באר שבע,באר שבע מרכז,רכבת ישראל,חוף הכרמל,
37376,חוף הכרמל,מזכרת בתיה,נהריה-נהריה --> באר שבע מרכז-באר שבע,באר שבע מרכז,רכבת ישראל,חוף הכרמל,
37376,חוף הכרמל,קרית מלאכי,נהריה-נהריה --> באר שבע מרכז-באר שבע,באר שבע מרכז,רכבת ישראל,חוף הכרמל,
37376,חוף הכרמל,קרית גת,נהריה-נהריה --> באר שבע מרכז-באר שבע,באר שבע מרכז,רכבת ישראל,חוף הכרמל,
37376,חוף הכרמל,להבים רהט,נהריה-נהריה --> באר שבע מרכז-באר שבע,באר שבע מרכז,רכבת ישראל,חוף הכרמל,
37376,חוף הכרמל,באר שבע צפון,נהריה-נהריה --> באר שבע מרכז-באר שבע,באר שבע מרכז,רכבת ישראל,חוף הכרמל,
37376,חוף הכרמל,באר שבע מרכז,נהריה-נהריה --> באר שבע מרכז-באר שבע,באר שבע מרכז,רכבת ישראל,חוף הכרמל,
37362,הרצליה,תל אביב האוניברסיטה - אקספו,נהריה-נהריה --> באר שבע מרכז-באר שבע,באר שבע מרכז,רכבת ישראל,הרצליה,
37362,הרצליה,תל אביב מרכז,נהריה-נהריה --> באר שבע מרכז-באר שבע,באר שבע מרכז,רכבת ישראל,הרצליה,
37362,הרצליה,השלום,נהריה-נהריה --> באר שבע מרכז-באר שבע,באר שבע מרכז,רכבת ישראל,הרצליה,
37362,הרצליה,תל אביב ההגנה,נהריה-נהריה --> באר שבע מרכז-באר שבע,באר שבע מרכז,רכבת ישראל,הרצליה,
37362,הרצליה,לוד,נהריה-נהריה --> באר שבע מרכז-באר שבע,באר שבע מרכז,רכבת ישראל,הרצליה,
37362,הרצליה,רמלה,נהריה-נהריה --> באר שבע מרכז-באר שבע,באר שבע מרכז,רכבת ישראל,הרצליה,
37362,הרצליה,מזכרת בתיה,נהריה-נהריה --> באר שבע מרכז-באר שבע,באר שבע מרכז,רכבת ישראל,הרצליה,
37362,הרצליה,קרית מלאכי,נהריה-נהריה --> באר שבע מרכז-באר שבע,באר שבע מרכז,רכבת ישראל,הרצליה,
37362,הרצליה,קרית גת,נהריה-נהריה --> באר שבע מרכז-באר שבע,באר שבע מרכז,רכבת ישראל,הרצליה,
37362,הרצליה,להבים רהט,נהריה-נהריה --> באר שבע מרכז-באר שבע,באר שבע מרכז,רכבת ישראל,הרצליה,
37362,הרצליה,באר שבע צפון,נהריה-נהריה --> באר שבע מרכז-באר שבע,באר שבע מרכז,רכבת ישראל,הרצליה,
37362,הרצליה,באר שבע מרכז,נהריה-נהריה --> באר שבע מרכז-באר שבע,באר שבע מרכז,רכבת ישראל,הרצליה,
37360,תל אביב האוניברסיטה - אקספו,תל אביב מרכז,נהריה-נהריה --> באר שבע מרכז-באר שבע,באר שבע מרכז,רכבת ישראל,תל אביב יפו,
37360,תל אביב האוניברסיטה - אקספו,השלום,נהריה-נהריה --> באר שבע מרכז-באר שבע,באר שבע מרכז,רכבת ישראל,תל אביב יפו,
37360,תל אביב האוניברסיטה - אקספו,תל אביב ההגנה,נהריה-נהריה --> באר שבע מרכז-באר שבע,באר שבע מרכז,רכבת ישראל,תל אביב יפו,
37360,תל אביב האוניברסיטה - אקספו,לוד,נהריה-נהריה --> באר שבע מרכז-באר שבע,באר שבע מרכז,רכבת ישראל,תל אביב יפו,
37360,תל אביב האוניברסיטה - אקספו,רמלה,נהריה-נהריה --> באר שבע מרכז-באר שבע,באר שבע מרכז,רכבת ישראל,תל אביב יפו,
37360,תל אביב האוניברסיטה - אקספו,מזכרת בתיה,נהריה-נהריה --> באר שבע מרכז-באר שבע,באר שבע מרכז,רכבת ישראל,תל אביב יפו,
37360,תל אביב האוניברסיטה - אקספו,קרית מלאכי,נהריה-נהריה --> באר שבע מרכז-באר שבע,באר שבע מרכז,רכבת ישראל,תל אביב יפו,
37360,תל אביב האוניברסיטה - אקספו,קרית גת,נהריה-נהריה --> באר שבע מרכז-באר שבע,באר שבע מרכז,רכבת ישראל,תל אביב יפו,
37360,תל אביב האוניברסיטה - אקספו,להבים רהט,נהריה-נהריה --> באר שבע מרכז-באר שבע,באר שבע מרכז,רכבת ישראל,תל אביב יפו,
37360,תל אביב האוניברסיטה - אקספו,באר שבע צפון,נהריה-נהריה --> באר שבע מרכז-באר שבע,באר שבע מרכז,רכבת ישראל,תל אביב יפו,
37360,תל אביב האוניברסיטה - אקספו,באר שבע מרכז,נהריה-נהריה --> באר שבע מרכז-באר שבע,באר שבע מרכז,רכבת ישראל,תל אביב יפו,
37358,תל אביב מרכז,השלום,נהריה-נהריה --> באר שבע מרכז-באר שבע,באר שבע מרכז,רכבת ישראל,תל אביב יפו,
37358,תל אביב מרכז,תל אביב ההגנה,נהריה-נהריה --> באר שבע מרכז-באר שבע,באר שבע מרכז,רכבת ישראל,תל אביב יפו,
37358,תל אביב מרכז,לוד,נהריה-נהריה --> באר שבע מרכז-באר שבע,באר שבע מרכז,רכבת ישראל,תל אביב יפו,
37358,תל אביב מרכז,רמלה,נהריה-נהריה --> באר שבע מרכז-באר שבע,באר שבע מרכז,רכבת ישראל,תל אביב יפו,
37358,תל אביב מרכז,מזכרת בתיה,נהריה-נהריה --> באר שבע מרכז-באר שבע,באר שבע מרכז,רכבת ישראל,תל אביב יפו,
37358,תל אביב מרכז,קרית מלאכי,נהריה-נהריה --> באר שבע מרכז-באר שבע,באר שבע מרכז,רכבת ישראל,תל אביב יפו,
37358,תל אביב מרכז,קרית גת,נהריה-נהריה --> באר שבע מרכז-באר שבע,באר שבע מרכז,רכבת ישראל,תל אביב יפו,
37358,תל אביב מרכז,להבים רהט,נהריה-נהריה --> באר שבע מרכז-באר שבע,באר שבע מרכז,רכבת ישראל,תל אביב יפו,
37358,תל אביב מרכז,באר שבע צפון,נהריה-נהריה --> באר שבע מרכז-באר שבע,באר שבע מרכז,רכבת ישראל,תל אביב יפו,
37358,תל אביב מרכז,באר שבע מרכז,נהריה-נהריה --> באר שבע מרכז-באר שבע,באר שבע מרכז,רכבת ישראל,תל אביב יפו,
37350,השלום,תל אביב ההגנה,נהריה-נהריה --> באר שבע מרכז-באר שבע,באר שבע מרכז,רכבת ישראל,תל אביב יפו,
37350,השלום,לוד,נהריה-נהריה --> באר שבע מרכז-באר שבע,באר שבע מרכז,רכבת ישראל,תל אביב יפו,
37350,השלום,רמלה,נהריה-נהריה --> באר שבע מרכז-באר שבע,באר שבע מרכז,רכבת ישראל,תל אביב יפו,
37350,השלום,מזכרת בתיה,נהריה-נהריה --> באר שבע מרכז-באר שבע,באר שבע מרכז,רכבת ישראל,תל אביב יפו,
37350,השלום,קרית מלאכי,נהריה-נהריה --> באר שבע מרכז-באר שבע,באר שבע מרכז,רכבת ישראל,תל אביב יפו,
37350,השלום,קרית גת,נהריה-נהריה --> באר שבע מרכז-באר שבע,באר שבע מרכז,רכבת ישראל,תל אביב יפו,
37350,השלום,להבים רהט,נהריה-נהריה --> באר שבע מרכז-באר שבע,באר שבע מרכז,רכבת ישראל,תל אביב יפו,
37350,השלום,באר שבע צפון,נהריה-נהריה --> באר שבע מרכז-באר שבע,באר שבע מרכז,רכבת ישראל,תל אביב יפו,
37350,השלום,באר שבע מרכז,נהריה-נהריה --> באר שבע מרכז-באר שבע,באר שבע מרכז,רכבת ישראל,תל אביב יפו,
37292,תל אביב ההגנה,לוד,נהריה-נהריה --> באר שבע מרכז-באר שבע,באר שבע מרכז,רכבת ישראל,תל אביב יפו,
37292,תל אביב ההגנה,רמלה,נהריה-נהריה --> באר שבע מרכז-באר שבע,באר שבע מרכז,רכבת ישראל,תל אביב יפו,
37292,תל אביב ההגנה,מזכרת בתיה,נהריה-נהריה --> באר שבע מרכז-באר שבע,באר שבע מרכז,רכבת ישראל,תל אביב יפו,
37292,תל אביב ההגנה,קרית מלאכי,נהריה-נהריה --> באר שבע מרכז-באר שבע,באר שבע מרכז,רכבת ישראל,תל אביב יפו,
37292,תל אביב ההגנה,קרית גת,נהריה-נהריה --> באר שבע מרכז-באר שבע,באר שבע מרכז,רכבת ישראל,תל אביב יפו,
37292,תל אביב ההגנה,להבים רהט,נהריה-נהריה --> באר שבע מרכז-באר שבע,באר שבע מרכז,רכבת ישראל,תל אביב יפו,
37292,תל אביב ההגנה,באר שבע צפון,נהריה-נהריה --> באר שבע מרכז-באר שבע,באר שבע מרכז,רכבת ישראל,תל אביב יפו,
37292,תל אביב ההגנה,באר שבע מרכז,נהריה-נהריה --> באר שבע מרכז-באר שבע,באר שבע מרכז,רכבת ישראל,תל אביב יפו,
37338,לוד,רמלה,נהריה-נהריה --> באר שבע מרכז-באר שבע,באר שבע מרכז,רכבת ישראל,לוד,
37338,לוד,מזכרת בתיה,נהריה-נהריה --> באר שבע מרכז-באר שבע,באר שבע מרכז,רכבת ישראל,לוד,
37338,לוד,קרית מלאכי,נהריה-נהריה --> באר שבע מרכז-באר שבע,באר שבע מרכז,רכבת ישראל,לוד,
37338,לוד,קרית גת,נהריה-נהריה --> באר שבע מרכז-באר שבע,באר שבע מרכז,רכבת ישראל,לוד,
37338,לוד,להבים רהט,נהריה-נהריה --> באר שבע מרכז-באר שבע,באר שבע מרכז,רכבת ישראל,לוד,
37338,לוד,באר שבע צפון,נהריה-נהריה --> באר שבע מרכז-באר שבע,באר שבע מרכז,רכבת ישראל,לוד,
37338,לוד,באר שבע מרכז,נהריה-נהריה --> באר שבע מרכז-באר שבע,באר שבע מרכז,רכבת ישראל,לוד,
37336,רמלה,מזכרת בתיה,נהריה-נהריה --> באר שבע מרכז-באר שבע,באר שבע מרכז,רכבת ישראל,רמלה,
37336,רמלה,קרית מלאכי,נהריה-נהריה --> באר שבע מרכז-באר שבע,באר שבע מרכז,רכבת ישראל,רמלה,
37336,רמלה,קרית גת,נהריה-נהריה --> באר שבע מרכז-באר שבע,באר שבע מרכז,רכבת ישראל,רמלה,
37336,רמלה,להבים רהט,נהריה-נהריה --> באר שבע מרכז-באר שבע,באר שבע מרכז,רכבת ישראל,רמלה,
37336,רמלה,באר שבע צפון,נהריה-נהריה --> באר שבע מרכז-באר שבע,באר שבע מרכז,רכבת ישראל,רמלה,
37336,רמלה,באר שבע מרכז,נהריה-נהריה --> באר שבע מרכז-באר שבע,באר שבע מרכז,רכבת ישראל,רמלה,
42418,מזכרת בתיה,קרית מלאכי,נהריה-נהריה --> באר שבע מרכז-באר שבע,באר שבע מרכז,רכבת ישראל,מזכרת בתיה,
42418,מזכרת בתיה,קרית גת,נהריה-נהריה --> באר שבע מרכז-באר שבע,באר שבע מרכז,רכבת ישראל,מזכרת בתיה,
42418,מזכרת בתיה,להבים רהט,נהריה-נהריה --> באר שבע מרכז-באר שבע,באר שבע מרכז,רכבת ישראל,מזכרת בתיה,
42418,מזכרת בתיה,באר שבע צפון,נהריה-נהריה --> באר שבע מרכז-באר שבע,באר שבע מרכז,רכבת ישראל,מזכרת בתיה,
42418,מזכרת בתיה,באר שבע מרכז,נהריה-נהריה --> באר שבע מרכז-באר שבע,באר שבע מרכז,רכבת ישראל,מזכרת בתיה,
42419,קרית מלאכי,קרית גת,נהריה-נהריה --> באר שבע מרכז-באר שבע,באר שבע מרכז,רכבת ישראל,קרית מלאכי,
42419,קרית מלאכי,להבים רהט,נהריה-נהריה --> באר שבע מרכז-באר שבע,באר שבע מרכז,רכבת ישראל,קרית מלאכי,
42419,קרית מלאכי,באר שבע צפון,נהריה-נהריה --> באר שבע מרכז-באר שבע,באר שבע מרכז,רכבת ישראל,קרית מלאכי,
42419,קרית מלאכי,באר שבע מרכז,נהריה-נהריה --> באר שבע מרכז-באר שבע,באר שבע מרכז,רכבת ישראל,קרית מלאכי,
37316,קרית גת,להבים רהט,נהריה-נהריה --> באר שבע מרכז-באר שבע,באר שבע מרכז,רכבת ישראל,קרית גת,
37316,קרית גת,באר שבע צפון,נהריה-נהריה --> באר שבע מרכז-באר שבע,באר שבע מרכז,רכבת ישראל,קרית גת,
37316,קרית גת,באר שבע מרכז,נהריה-נהריה --> באר שבע מרכז-באר שבע,באר שבע מרכז,רכבת ישראל,קרית גת,
37308,להבים רהט,באר שבע צפון,נהריה-נהריה --> באר שבע מרכז-באר שבע,באר שבע מרכז,רכבת ישראל,להבים,
37308,להבים רהט,באר שבע מרכז,נהריה-נהריה --> באר שבע מרכז-באר שבע,באר שבע מרכז,רכבת ישראל,להבים,
37314,באר שבע צפון,באר שבע מרכז,נהריה-נהריה --> באר שבע מרכז-באר שבע,באר שבע מרכז,רכבת ישראל,באר שבע,
37380,חיפה מרכז,בת גלים,חיפה מרכז-חיפה --> באר שבע מרכז-באר שבע,באר שבע מרכז,רכבת ישראל,חיפה,
37380,חיפה מרכז,חוף הכרמל,חיפה מרכז-חיפה --> באר שבע מרכז-באר שבע,באר שבע מרכז,רכבת ישראל,חיפה,
37380,חיפה מרכז,הרצליה,חיפה מרכז-חיפה --> באר שבע מרכז-באר שבע,באר שבע מרכז,רכבת ישראל,חיפה,
37380,חיפה מרכז,תל אביב האוניברסיטה - אקספו,חיפה מרכז-חיפה --> באר שבע מרכז-באר שבע,באר שבע מרכז,רכבת ישראל,חיפה,
37380,חיפה מרכז,תל אביב מרכז,חיפה מרכז-חיפה --> באר שבע מרכז-באר שבע,באר שבע מרכז,רכבת ישראל,חיפה,
37380,חיפה מרכז,השלום,חיפה מרכז-חיפה --> באר שבע מרכז-באר שבע,באר שבע מרכז,רכבת ישראל,חיפה,
37380,חיפה מרכז,תל אביב ההגנה,חיפה מרכז-חיפה --> באר שבע מרכז-באר שבע,באר שבע מרכז,רכבת ישראל,חיפה,
37380,חיפה מרכז,לוד,חיפה מרכז-חיפה --> באר שבע מרכז-באר שבע,באר שבע מרכז,רכבת ישראל,חיפה,
37380,חיפה מרכז,רמלה,חיפה מרכז-חיפה --> באר שבע מרכז-באר שבע,באר שבע מרכז,רכבת ישראל,חיפה,
37380,חיפה מרכז,מזכרת בתיה,חיפה מרכז-חיפה --> באר שבע מרכז-באר שבע,באר שבע מרכז,רכבת ישראל,חיפה,
37380,חיפה מרכז,קרית מלאכי,חיפה מרכז-חיפה --> באר שבע מרכז-באר שבע,באר שבע מרכז,רכבת ישראל,חיפה,
37380,חיפה מרכז,קרית גת,חיפה מרכז-חיפה --> באר שבע מרכז-באר שבע,באר שבע מרכז,רכבת ישראל,חיפה,
37380,חיפה מרכז,להבים רהט,חיפה מרכז-חיפה --> באר שבע מרכז-באר שבע,באר שבע מרכז,רכבת ישראל,חיפה,
37380,חיפה מרכז,באר שבע צפון,חיפה מרכז-חיפה --> באר שבע מרכז-באר שבע,באר שבע מרכז,רכבת ישראל,חיפה,
37380,חיפה מרכז,באר שבע מרכז,חיפה מרכז-חיפה --> באר שבע מרכז-באר שבע,באר שבע מרכז,רכבת ישראל,חיפה,
37378,בת גלים,חוף הכרמל,חיפה מרכז-חיפה --> באר שבע מרכז-באר שבע,באר שבע מרכז,רכבת ישראל,חיפה,
37378,בת גלים,הרצליה,חיפה מרכז-חיפה --> באר שבע מרכז-באר שבע,באר שבע מרכז,רכבת ישראל,חיפה,
37378,בת גלים,תל אביב האוניברסיטה - אקספו,חיפה מרכז-חיפה --> באר שבע מרכז-באר שבע,באר שבע מרכז,רכבת ישראל,חיפה,
37378,בת גלים,תל אביב מרכז,חיפה מרכז-חיפה --> באר שבע מרכז-באר שבע,באר שבע מרכז,רכבת ישראל,חיפה,
37378,בת גלים,השלום,חיפה מרכז-חיפה --> באר שבע מרכז-באר שבע,באר שבע מרכז,רכבת ישראל,חיפה,
37378,בת גלים,תל אביב ההגנה,חיפה מרכז-חיפה --> באר שבע מרכז-באר שבע,באר שבע מרכז,רכבת ישראל,חיפה,
37378,בת גלים,לוד,חיפה מרכז-חיפה --> באר שבע מרכז-באר שבע,באר שבע מרכז,רכבת ישראל,חיפה,
37378,בת גלים,רמלה,חיפה מרכז-חיפה --> באר שבע מרכז-באר שבע,באר שבע מרכז,רכבת ישראל,חיפה,
37378,בת גלים,מזכרת בתיה,חיפה מרכז-חיפה --> באר שבע מרכז-באר שבע,באר שבע מרכז,רכבת ישראל,חיפה,
37378,בת גלים,קרית מלאכי,חיפה מרכז-חיפה --> באר שבע מרכז-באר שבע,באר שבע מרכז,רכבת ישראל,חיפה,
37378,בת גלים,קרית גת,חיפה מרכז-חיפה --> באר שבע מרכז-באר שבע,באר שבע מרכז,רכבת ישראל,חיפה,
37378,בת גלים,להבים רהט,חיפה מרכז-חיפה --> באר שבע מרכז-באר שבע,באר שבע מרכז,רכבת ישראל,חיפה,
37378,בת גלים,באר שבע צפון,חיפה מרכז-חיפה --> באר שבע מרכז-באר שבע,באר שבע מרכז,רכבת ישראל,חיפה,
37378,בת גלים,באר שבע מרכז,חיפה מרכז-חיפה --> באר שבע מרכז-באר שבע,באר שבע מרכז,רכבת ישראל,חיפה,
37376,חוף הכרמל,הרצליה,חיפה מרכז-חיפה --> באר שבע מרכז-באר שבע,באר שבע מרכז,רכבת ישראל,חוף הכרמל,
37376,חוף הכרמל,תל אביב האוניברסיטה - אקספו,חיפה מרכז-חיפה --> באר שבע מרכז-באר שבע,באר שבע מרכז,רכבת ישראל,חוף הכרמל,
37376,חוף הכרמל,תל אביב מרכז,חיפה מרכז-חיפה --> באר שבע מרכז-באר שבע,באר שבע מרכז,רכבת ישראל,חוף הכרמל,
37376,חוף הכרמל,השלום,חיפה מרכז-חיפה --> באר שבע מרכז-באר שבע,באר שבע מרכז,רכבת ישראל,חוף הכרמל,
37376,חוף הכרמל,תל אביב ההגנה,חיפה מרכז-חיפה --> באר שבע מרכז-באר שבע,באר שבע מרכז,רכבת ישראל,חוף הכרמל,
37376,חוף הכרמל,לוד,חיפה מרכז-חיפה --> באר שבע מרכז-באר שבע,באר שבע מרכז,רכבת ישראל,חוף הכרמל,
37376,חוף הכרמל,רמלה,חיפה מרכז-חיפה --> באר שבע מרכז-באר שבע,באר שבע מרכז,רכבת ישראל,חוף הכרמל,
37376,חוף הכרמל,מזכרת בתיה,חיפה מרכז-חיפה --> באר שבע מרכז-באר שבע,באר שבע מרכז,רכבת ישראל,חוף הכרמל,
37376,חוף הכרמל,קרית מלאכי,חיפה מרכז-חיפה --> באר שבע מרכז-באר שבע,באר שבע מרכז,רכבת ישראל,חוף הכרמל,
37376,חוף הכרמל,קרית גת,חיפה מרכז-חיפה --> באר שבע מרכז-באר שבע,באר שבע מרכז,רכבת ישראל,חוף הכרמל,
37376,חוף הכרמל,להבים רהט,חיפה מרכז-חיפה --> באר שבע מרכז-באר שבע,באר שבע מרכז,רכבת ישראל,חוף הכרמל,
37376,חוף הכרמל,באר שבע צפון,חיפה מרכז-חיפה --> באר שבע מרכז-באר שבע,באר שבע מרכז,רכבת ישראל,חוף הכרמל,
37376,חוף הכרמל,באר שבע מרכז,חיפה מרכז-חיפה --> באר שבע מרכז-באר שבע,באר שבע מרכז,רכבת ישראל,חוף הכרמל,
37362,הרצליה,תל אביב האוניברסיטה - אקספו,חיפה מרכז-חיפה --> באר שבע מרכז-באר שבע,באר שבע מרכז,רכבת ישראל,הרצליה,
37362,הרצליה,תל אביב מרכז,חיפה מרכז-חיפה --> באר שבע מרכז-באר שבע,באר שבע מרכז,רכבת ישראל,הרצליה,
37362,הרצליה,השלום,חיפה מרכז-חיפה --> באר שבע מרכז-באר שבע,באר שבע מרכז,רכבת ישראל,הרצליה,
37362,הרצליה,תל אביב ההגנה,חיפה מרכז-חיפה --> באר שבע מרכז-באר שבע,באר שבע מרכז,רכבת ישראל,הרצליה,
37362,הרצליה,לוד,חיפה מרכז-חיפה --> באר שבע מרכז-באר שבע,באר שבע מרכז,רכבת ישראל,הרצליה,
37362,הרצליה,רמלה,חיפה מרכז-חיפה --> באר שבע מרכז-באר שבע,באר שבע מרכז,רכבת ישראל,הרצליה,
37362,הרצליה,מזכרת בתיה,חיפה מרכז-חיפה --> באר שבע מרכז-באר שבע,באר שבע מרכז,רכבת ישראל,הרצליה,
37362,הרצליה,קרית מלאכי,חיפה מרכז-חיפה --> באר שבע מרכז-באר שבע,באר שבע מרכז,רכבת ישראל,הרצליה,
37362,הרצליה,קרית גת,חיפה מרכז-חיפה --> באר שבע מרכז-באר שבע,באר שבע מרכז,רכבת ישראל,הרצליה,
37362,הרצליה,להבים רהט,חיפה מרכז-חיפה --> באר שבע מרכז-באר שבע,באר שבע מרכז,רכבת ישראל,הרצליה,
37362,הרצליה,באר שבע צפון,חיפה מרכז-חיפה --> באר שבע מרכז-באר שבע,באר שבע מרכז,רכבת ישראל,הרצליה,
37362,הרצליה,באר שבע מרכז,חיפה מרכז-חיפה --> באר שבע מרכז-באר שבע,באר שבע מרכז,רכבת ישראל,הרצליה,
37360,תל אביב האוניברסיטה - אקספו,תל אביב מרכז,חיפה מרכז-חיפה --> באר שבע מרכז-באר שבע,באר שבע מרכז,רכבת ישראל,תל אביב יפו,
37360,תל אביב האוניברסיטה - אקספו,השלום,חיפה מרכז-חיפה --> באר שבע מרכז-באר שבע,באר שבע מרכז,רכבת ישראל,תל אביב יפו,
37360,תל אביב האוניברסיטה - אקספו,תל אביב ההגנה,חיפה מרכז-חיפה --> באר שבע מרכז-באר שבע,באר שבע מרכז,רכבת ישראל,תל אביב יפו,
37360,תל אביב האוניברסיטה - אקספו,לוד,חיפה מרכז-חיפה --> באר שבע מרכז-באר שבע,באר שבע מרכז,רכבת ישראל,תל אביב יפו,
37360,תל אביב האוניברסיטה - אקספו,רמלה,חיפה מרכז-חיפה --> באר שבע מרכז-באר שבע,באר שבע מרכז,רכבת ישראל,תל אביב יפו,
37360,תל אביב האוניברסיטה - אקספו,מזכרת בתיה,חיפה מרכז-חיפה --> באר שבע מרכז-באר שבע,באר שבע מרכז,רכבת ישראל,תל אביב יפו,
37360,תל אביב האוניברסיטה - אקספו,קרית מלאכי,חיפה מרכז-חיפה --> באר שבע מרכז-באר שבע,באר שבע מרכז,רכבת ישראל,תל אביב יפו,
37360,תל אביב האוניברסיטה - אקספו,קרית גת,חיפה מרכז-חיפה --> באר שבע מרכז-באר שבע,באר שבע מרכז,רכבת ישראל,תל אביב יפו,
37360,תל אביב האוניברסיטה - אקספו,להבים רהט,חיפה מרכז-חיפה --> באר שבע מרכז-באר שבע,באר שבע מרכז,רכבת ישראל,תל אביב יפו,
37360,תל אביב האוניברסיטה - אקספו,באר שבע צפון,חיפה מרכז-חיפה --> באר שבע מרכז-באר שבע,באר שבע מרכז,רכבת ישראל,תל אביב יפו,
37360,תל אביב האוניברסיטה - אקספו,באר שבע מרכז,חיפה מרכז-חיפה --> באר שבע מרכז-באר שבע,באר שבע מרכז,רכבת ישראל,תל אביב יפו,
37358,תל אביב מרכז,השלום,חיפה מרכז-חיפה --> באר שבע מרכז-באר שבע,באר שבע מרכז,רכבת ישראל,תל אביב יפו,
37358,תל אביב מרכז,תל אביב ההגנה,חיפה מרכז-חיפה --> באר שבע מרכז-באר שבע,באר שבע מרכז,רכבת ישראל,תל אביב יפו,
37358,תל אביב מרכז,לוד,חיפה מרכז-חיפה --> באר שבע מרכז-באר שבע,באר שבע מרכז,רכבת ישראל,תל אביב יפו,
37358,תל אביב מרכז,רמלה,חיפה מרכז-חיפה --> באר שבע מרכז-באר שבע,באר שבע מרכז,רכבת ישראל,תל אביב יפו,
37358,תל אביב מרכז,מזכרת בתיה,חיפה מרכז-חיפה --> באר שבע מרכז-באר שבע,באר שבע מרכז,רכבת ישראל,תל אביב יפו,
37358,תל אביב מרכז,קרית מלאכי,חיפה מרכז-חיפה --> באר שבע מרכז-באר שבע,באר שבע מרכז,רכבת ישראל,תל אביב יפו,
37358,תל אביב מרכז,קרית גת,חיפה מרכז-חיפה --> באר שבע מרכז-באר שבע,באר שבע מרכז,רכבת ישראל,תל אביב יפו,
37358,תל אביב מרכז,להבים רהט,חיפה מרכז-חיפה --> באר שבע מרכז-באר שבע,באר שבע מרכז,רכבת ישראל,תל אביב יפו,
37358,תל אביב מרכז,באר שבע צפון,חיפה מרכז-חיפה --> באר שבע מרכז-באר שבע,באר שבע מרכז,רכבת ישראל,תל אביב יפו,
37358,תל אביב מרכז,באר שבע מרכז,חיפה מרכז-חיפה --> באר שבע מרכז-באר שבע,באר שבע מרכז,רכבת ישראל,תל אביב יפו,
37350,השלום,תל אביב ההגנה,חיפה מרכז-חיפה --> באר שבע מרכז-באר שבע,באר שבע מרכז,רכבת ישראל,תל אביב יפו,
37350,השלום,לוד,חיפה מרכז-חיפה --> באר שבע מרכז-באר שבע,באר שבע מרכז,רכבת ישראל,תל אביב יפו,
37350,השלום,רמלה,חיפה מרכז-חיפה --> באר שבע מרכז-באר שבע,באר שבע מרכז,רכבת ישראל,תל אביב יפו,
37350,השלום,מזכרת בתיה,חיפה מרכז-חיפה --> באר שבע מרכז-באר שבע,באר שבע מרכז,רכבת ישראל,תל אביב יפו,
37350,השלום,קרית מלאכי,חיפה מרכז-חיפה --> באר שבע מרכז-באר שבע,באר שבע מרכז,רכבת ישראל,תל אביב יפו,
37350,השלום,קרית גת,חיפה מרכז-חיפה --> באר שבע מרכז-באר שבע,באר שבע מרכז,רכבת ישראל,תל אביב יפו,
37350,השלום,להבים רהט,חיפה מרכז-חיפה --> באר שבע מרכז-באר שבע,באר שבע מרכז,רכבת ישראל,תל אביב יפו,
37350,השלום,באר שבע צפון,חיפה מרכז-חיפה --> באר שבע מרכז-באר שבע,באר שבע מרכז,רכבת ישראל,תל אביב יפו,
37350,השלום,באר שבע מרכז,חיפה מרכז-חיפה --> באר שבע מרכז-באר שבע,באר שבע מרכז,רכבת ישראל,תל אביב יפו,
37292,תל אביב ההגנה,לוד,חיפה מרכז-חיפה --> באר שבע מרכז-באר שבע,באר שבע מרכז,רכבת ישראל,תל אביב יפו,
37292,תל אביב ההגנה,רמלה,חיפה מרכז-חיפה --> באר שבע מרכז-באר שבע,באר שבע מרכז,רכבת ישראל,תל אביב יפו,
37292,תל אביב ההגנה,מזכרת בתיה,חיפה מרכז-חיפה --> באר שבע מרכז-באר שבע,באר שבע מרכז,רכבת ישראל,תל אביב יפו,
37292,תל אביב ההגנה,קרית מלאכי,חיפה מרכז-חיפה --> באר שבע מרכז-באר שבע,באר שבע מרכז,רכבת ישראל,תל אביב יפו,
37292,תל אביב ההגנה,קרית גת,חיפה מרכז-חיפה --> באר שבע מרכז-באר שבע,באר שבע מרכז,רכבת ישראל,תל אביב יפו,
37292,תל אביב ההגנה,להבים רהט,חיפה מרכז-חיפה --> באר שבע מרכז-באר שבע,באר שבע מרכז,רכבת ישראל,תל אביב יפו,
37292,תל אביב ההגנה,באר שבע צפון,חיפה מרכז-חיפה --> באר שבע מרכז-באר שבע,באר שבע מרכז,רכבת ישראל,תל אביב יפו,
37292,תל אביב ההגנה,באר שבע מרכז,חיפה מרכז-חיפה --> באר שבע מרכז-באר שבע,באר שבע מרכז,רכבת ישראל,תל אביב יפו,
37338,לוד,רמלה,חיפה מרכז-חיפה --> באר שבע מרכז-באר שבע,באר שבע מרכז,רכבת ישראל,לוד,
37338,לוד,מזכרת בתיה,חיפה מרכז-חיפה --> באר שבע מרכז-באר שבע,באר שבע מרכז,רכבת ישראל,לוד,
37338,לוד,קרית מלאכי,חיפה מרכז-חיפה --> באר שבע מרכז-באר שבע,באר שבע מרכז,רכבת ישראל,לוד,
37338,לוד,קרית גת,חיפה מרכז-חיפה --> באר שבע מרכז-באר שבע,באר שבע מרכז,רכבת ישראל,לוד,
37338,לוד,להבים רהט,חיפה מרכז-חיפה --> באר שבע מרכז-באר שבע,באר שבע מרכז,רכבת ישראל,לוד,
37338,לוד,באר שבע צפון,חיפה מרכז-חיפה --> באר שבע מרכז-באר שבע,באר שבע מרכז,רכבת ישראל,לוד,
37338,לוד,באר שבע מרכז,חיפה מרכז-חיפה --> באר שבע מרכז-באר שבע,באר שבע מרכז,רכבת ישראל,לוד,
37336,רמלה,מזכרת בתיה,חיפה מרכז-חיפה --> באר שבע מרכז-באר שבע,באר שבע מרכז,רכבת ישראל,רמלה,
37336,רמלה,קרית מלאכי,חיפה מרכז-חיפה --> באר שבע מרכז-באר שבע,באר שבע מרכז,רכבת ישראל,רמלה,
37336,רמלה,קרית גת,חיפה מרכז-חיפה --> באר שבע מרכז-באר שבע,באר שבע מרכז,רכבת ישראל,רמלה,
37336,רמלה,להבים רהט,חיפה מרכז-חיפה --> באר שבע מרכז-באר שבע,באר שבע מרכז,רכבת ישראל,רמלה,
37336,רמלה,באר שבע צפון,חיפה מרכז-חיפה --> באר שבע מרכז-באר שבע,באר שבע מרכז,רכבת ישראל,רמלה,
37336,רמלה,באר שבע מרכז,חיפה מרכז-חיפה --> באר שבע מרכז-באר שבע,באר שבע מרכז,רכבת ישראל,רמלה,
42418,מזכרת בתיה,קרית מלאכי,חיפה מרכז-חיפה --> באר שבע מרכז-באר שבע,באר שבע מרכז,רכבת ישראל,מזכרת בתיה,
42418,מזכרת בתיה,קרית גת,חיפה מרכז-חיפה --> באר שבע מרכז-באר שבע,באר שבע מרכז,רכבת ישראל,מזכרת בתיה,
42418,מזכרת בתיה,להבים רהט,חיפה מרכז-חיפה --> באר שבע מרכז-באר שבע,באר שבע מרכז,רכבת ישראל,מזכרת בתיה,
42418,מזכרת בתיה,באר שבע צפון,חיפה מרכז-חיפה --> באר שבע מרכז-באר שבע,באר שבע מרכז,רכבת ישראל,מזכרת בתיה,
42418,מזכרת בתיה,באר שבע מרכז,חיפה מרכז-חיפה --> באר שבע מרכז-באר שבע,באר שבע מרכז,רכבת ישראל,מזכרת בתיה,
42419,קרית מלאכי,קרית גת,חיפה מרכז-חיפה --> באר שבע מרכז-באר שבע,באר שבע מרכז,רכבת ישראל,קרית מלאכי,
42419,קרית מלאכי,להבים רהט,חיפה מרכז-חיפה --> באר שבע מרכז-באר שבע,באר שבע מרכז,רכבת ישראל,קרית מלאכי,
42419,קרית מלאכי,באר שבע צפון,חיפה מרכז-חיפה --> באר שבע מרכז-באר שבע,באר שבע מרכז,רכבת ישראל,קרית מלאכי,
42419,קרית מלאכי,באר שבע מרכז,חיפה מרכז-חיפה --> באר שבע מרכז-באר שבע,באר שבע מרכז,רכבת ישראל,קרית מלאכי,
37316,קרית גת,להבים רהט,חיפה מרכז-חיפה --> באר שבע מרכז-באר שבע,באר שבע מרכז,רכבת ישראל,קרית גת,
37316,קרית גת,באר שבע צפון,חיפה מרכז-חיפה --> באר שבע מרכז-באר שבע,באר שבע מרכז,רכבת ישראל,קרית גת,
37316,קרית גת,באר שבע מרכז,חיפה מרכז-חיפה --> באר שבע מרכז-באר שבע,באר שבע מרכז,רכבת ישראל,קרית גת,
37308,להבים רהט,באר שבע צפון,חיפה מרכז-חיפה --> באר שבע מרכז-באר שבע,באר שבע מרכז,רכבת ישראל,להבים,
37308,להבים רהט,באר שבע מרכז,חיפה מרכז-חיפה --> באר שבע מרכז-באר שבע,באר שבע מרכז,רכבת ישראל,להבים,
37314,באר שבע צפון,באר שבע מרכז,חיפה מרכז-חיפה --> באר שבע מרכז-באר שבע,באר שבע מרכז,רכבת ישראל,באר שבע,
37388,מרכזית המפרץ/קו החוף,חיפה מרכז,מרכזית המפרץ/קו החוף-חיפה --> מודיעין מרכז-מודיעין מכבים רעות,מודיעין מרכז,רכבת ישראל,חיפה,
37388,מרכזית המפרץ/קו החוף,בת גלים,מרכזית המפרץ/קו החוף-חיפה --> מודיעין מרכז-מודיעין מכבים רעות,מודיעין מרכז,רכבת ישראל,חיפה,
37388,מרכזית המפרץ/קו החוף,חוף הכרמל,מרכזית המפרץ/קו החוף-חיפה --> מודיעין מרכז-מודיעין מכבים רעות,מודיעין מרכז,רכבת ישראל,חיפה,
37388,מרכזית המפרץ/קו החוף,עתלית,מרכזית המפרץ/קו החוף-חיפה --> מודיעין מרכז-מודיעין מכבים רעות,מודיעין מרכז,רכבת ישראל,חיפה,
37388,מרכזית המפרץ/קו החוף,בנימינה,מרכזית המפרץ/קו החוף-חיפה --> מודיעין מרכז-מודיעין מכבים רעות,מודיעין מרכז,רכבת ישראל,חיפה,
37388,מרכזית המפרץ/קו החוף,תל אביב האוניברסיטה - אקספו,מרכזית המפרץ/קו החוף-חיפה --> מודיעין מרכז-מודיעין מכבים רעות,מודיעין מרכז,רכבת ישראל,חיפה,
37388,מרכזית המפרץ/קו החוף,תל אביב מרכז,מרכזית המפרץ/קו החוף-חיפה --> מודיעין מרכז-מודיעין מכבים רעות,מודיעין מרכז,רכבת ישראל,חיפה,
37388,מרכזית המפרץ/קו החוף,השלום,מרכזית המפרץ/קו החוף-חיפה --> מודיעין מרכז-מודיעין מכבים רעות,מודיעין מרכז,רכבת ישראל,חיפה,
37388,מרכזית המפרץ/קו החוף,תל אביב ההגנה,מרכזית המפרץ/קו החוף-חיפה --> מודיעין מרכז-מודיעין מכבים רעות,מודיעין מרכז,רכבת ישראל,חיפה,
37388,מרכזית המפרץ/קו החוף,נתב''ג,מרכזית המפרץ/קו החוף-חיפה --> מודיעין מרכז-מודיעין מכבים רעות,מודיעין מרכז,רכבת ישראל,חיפה,
37388,מרכזית המפרץ/קו החוף,פאתי מודיעין,מרכזית המפרץ/קו החוף-חיפה --> מודיעין מרכז-מודיעין מכבים רעות,מודיעין מרכז,רכבת ישראל,חיפה,
37388,מרכזית המפרץ/קו החוף,מודיעין מרכז,מרכזית המפרץ/קו החוף-חיפה --> מודיעין מרכז-מודיעין מכבים רעות,מודיעין מרכז,רכבת ישראל,חיפה,
37380,חיפה מרכז,בת גלים,מרכזית המפרץ/קו החוף-חיפה --> מודיעין מרכז-מודיעין מכבים רעות,מודיעין מרכז,רכבת ישראל,חיפה,
37380,חיפה מרכז,חוף הכרמל,מרכזית המפרץ/קו החוף-חיפה --> מודיעין מרכז-מודיעין מכבים רעות,מודיעין מרכז,רכבת ישראל,חיפה,
37380,חיפה מרכז,עתלית,מרכזית המפרץ/קו החוף-חיפה --> מודיעין מרכז-מודיעין מכבים רעות,מודיעין מרכז,רכבת ישראל,חיפה,
37380,חיפה מרכז,בנימינה,מרכזית המפרץ/קו החוף-חיפה --> מודיעין מרכז-מודיעין מכבים רעות,מודיעין מרכז,רכבת ישראל,חיפה,
37380,חיפה מרכז,תל אביב האוניברסיטה - אקספו,מרכזית המפרץ/קו החוף-חיפה --> מודיעין מרכז-מודיעין מכבים רעות,מודיעין מרכז,רכבת ישראל,חיפה,
37380,חיפה מרכז,תל אביב מרכז,מרכזית המפרץ/קו החוף-חיפה --> מודיעין מרכז-מודיעין מכבים רעות,מודיעין מרכז,רכבת ישראל,חיפה,
37380,חיפה מרכז,השלום,מרכזית המפרץ/קו החוף-חיפה --> מודיעין מרכז-מודיעין מכבים רעות,מודיעין מרכז,רכבת ישראל,חיפה,
37380,חיפה מרכז,תל אביב ההגנה,מרכזית המפרץ/קו החוף-חיפה --> מודיעין מרכז-מודיעין מכבים רעות,מודיעין מרכז,רכבת ישראל,חיפה,
37380,חיפה מרכז,נתב''ג,מרכזית המפרץ/קו החוף-חיפה --> מודיעין מרכז-מודיעין מכבים רעות,מודיעין מרכז,רכבת ישראל,חיפה,
37380,חיפה מרכז,פאתי מודיעין,מרכזית המפרץ/קו החוף-חיפה --> מודיעין מרכז-מודיעין מכבים רעות,מודיעין מרכז,רכבת ישראל,חיפה,
37380,חיפה מרכז,מודיעין מרכז,מרכזית המפרץ/קו החוף-חיפה --> מודיעין מרכז-מודיעין מכבים רעות,מודיעין מרכז,רכבת ישראל,חיפה,
37378,בת גלים,חוף הכרמל,מרכזית המפרץ/קו החוף-חיפה --> מודיעין מרכז-מודיעין מכבים רעות,מודיעין מרכז,רכבת ישראל,חיפה,
37378,בת גלים,עתלית,מרכזית המפרץ/קו החוף-חיפה --> מודיעין מרכז-מודיעין מכבים רעות,מודיעין מרכז,רכבת ישראל,חיפה,
37378,בת גלים,בנימינה,מרכזית המפרץ/קו החוף-חיפה --> מודיעין מרכז-מודיעין מכבים רעות,מודיעין מרכז,רכבת ישראל,חיפה,
37378,בת גלים,תל אביב האוניברסיטה - אקספו,מרכזית המפרץ/קו החוף-חיפה --> מודיעין מרכז-מודיעין מכבים רעות,מודיעין מרכז,רכבת ישראל,חיפה,
37378,בת גלים,תל אביב מרכז,מרכזית המפרץ/קו החוף-חיפה --> מודיעין מרכז-מודיעין מכבים רעות,מודיעין מרכז,רכבת ישראל,חיפה,
37378,בת גלים,השלום,מרכזית המפרץ/קו החוף-חיפה --> מודיעין מרכז-מודיעין מכבים רעות,מודיעין מרכז,רכבת ישראל,חיפה,
37378,בת גלים,תל אביב ההגנה,מרכזית המפרץ/קו החוף-חיפה --> מודיעין מרכז-מודיעין מכבים רעות,מודיעין מרכז,רכבת ישראל,חיפה,
37378,בת גלים,נתב''ג,מרכזית המפרץ/קו החוף-חיפה --> מודיעין מרכז-מודיעין מכבים רעות,מודיעין מרכז,רכבת ישראל,חיפה,
37378,בת גלים,פאתי מודיעין,מרכזית המפרץ/קו החוף-חיפה --> מודיעין מרכז-מודיעין מכבים רעות,מודיעין מרכז,רכבת ישראל,חיפה,
37378,בת גלים,מודיעין מרכז,מרכזית המפרץ/קו החוף-חיפה --> מודיעין מרכז-מודיעין מכבים רעות,מודיעין מרכז,רכבת ישראל,חיפה,
37376,חוף הכרמל,עתלית,מרכזית המפרץ/קו החוף-חיפה --> מודיעין מרכז-מודיעין מכבים רעות,מודיעין מרכז,רכבת ישראל,חוף הכרמל,
37376,חוף הכרמל,בנימינה,מרכזית המפרץ/קו החוף-חיפה --> מודיעין מרכז-מודיעין מכבים רעות,מודיעין מרכז,רכבת ישראל,חוף הכרמל,
37376,חוף הכרמל,תל אביב האוניברסיטה - אקספו,מרכזית המפרץ/קו החוף-חיפה --> מודיעין מרכז-מודיעין מכבים רעות,מודיעין מרכז,רכבת ישראל,חוף הכרמל,
37376,חוף הכרמל,תל אביב מרכז,מרכזית המפרץ/קו החוף-חיפה --> מודיעין מרכז-מודיעין מכבים רעות,מודיעין מרכז,רכבת ישראל,חוף הכרמל,
37376,חוף הכרמל,השלום,מרכזית המפרץ/קו החוף-חיפה --> מודיעין מרכז-מודיעין מכבים רעות,מודיעין מרכז,רכבת ישראל,חוף הכרמל,
37376,חוף הכרמל,תל אביב ההגנה,מרכזית המפרץ/קו החוף-חיפה --> מודיעין מרכז-מודיעין מכבים רעות,מודיעין מרכז,רכבת ישראל,חוף הכרמל,
37376,חוף הכרמל,נתב''ג,מרכזית המפרץ/קו החוף-חיפה --> מודיעין מרכז-מודיעין מכבים רעות,מודיעין מרכז,רכבת ישראל,חוף הכרמל,
37376,חוף הכרמל,פאתי מודיעין,מרכזית המפרץ/קו החוף-חיפה --> מודיעין מרכז-מודיעין מכבים רעות,מודיעין מרכז,רכבת ישראל,חוף הכרמל,
37376,חוף הכרמל,מודיעין מרכז,מרכזית המפרץ/קו החוף-חיפה --> מודיעין מרכז-מודיעין מכבים רעות,מודיעין מרכז,רכבת ישראל,חוף הכרמל,
37374,עתלית,בנימינה,מרכזית המפרץ/קו החוף-חיפה --> מודיעין מרכז-מודיעין מכבים רעות,מודיעין מרכז,רכבת ישראל,עתלית,
37374,עתלית,תל אביב האוניברסיטה - אקספו,מרכזית המפרץ/קו החוף-חיפה --> מודיעין מרכז-מודיעין מכבים רעות,מודיעין מרכז,רכבת ישראל,עתלית,
37374,עתלית,תל אביב מרכז,מרכזית המפרץ/קו החוף-חיפה --> מודיעין מרכז-מודיעין מכבים רעות,מודיעין מרכז,רכבת ישראל,עתלית,
37374,עתלית,השלום,מרכזית המפרץ/קו החוף-חיפה --> מודיעין מרכז-מודיעין מכבים רעות,מודיעין מרכז,רכבת ישראל,עתלית,
37374,עתלית,תל אביב ההגנה,מרכזית המפרץ/קו החוף-חיפה --> מודיעין מרכז-מודיעין מכבים רעות,מודיעין מרכז,רכבת ישראל,עתלית,
37374,עתלית,נתב''ג,מרכזית המפרץ/קו החוף-חיפה --> מודיעין מרכז-מודיעין מכבים רעות,מודיעין מרכז,רכבת ישראל,עתלית,
37374,עתלית,פאתי מודיעין,מרכזית המפרץ/קו החוף-חיפה --> מודיעין מרכז-מודיעין מכבים רעות,מודיעין מרכז,רכבת ישראל,עתלית,
37374,עתלית,מודיעין מרכז,מרכזית המפרץ/קו החוף-חיפה --> מודיעין מרכז-מודיעין מכבים רעות,מודיעין מרכז,רכבת ישראל,עתלית,
37372,בנימינה,תל אביב האוניברסיטה - אקספו,מרכזית המפרץ/קו החוף-חיפה --> מודיעין מרכז-מודיעין מכבים רעות,מודיעין מרכז,רכבת ישראל,בנימינה גבעת עדה,
37372,בנימינה,תל אביב מרכז,מרכזית המפרץ/קו החוף-חיפה --> מודיעין מרכז-מודיעין מכבים רעות,מודיעין מרכז,רכבת ישראל,בנימינה גבעת עדה,
37372,בנימינה,השלום,מרכזית המפרץ/קו החוף-חיפה --> מודיעין מרכז-מודיעין מכבים רעות,מודיעין מרכז,רכבת ישראל,בנימינה גבעת עדה,
37372,בנימינה,תל אביב ההגנה,מרכזית המפרץ/קו החוף-חיפה --> מודיעין מרכז-מודיעין מכבים רעות,מודיעין מרכז,רכבת ישראל,בנימינה גבעת עדה,
37372,בנימינה,נתב''ג,מרכזית המפרץ/קו החוף-חיפה --> מודיעין מרכז-מודיעין מכבים רעות,מודיעין מרכז,רכבת ישראל,בנימינה גבעת עדה,
37372,בנימינה,פאתי מודיעין,מרכזית המפרץ/קו החוף-חיפה --> מודיעין מרכז-מודיעין מכבים רעות,מודיעין מרכז,רכבת ישראל,בנימינה גבעת עדה,
37372,בנימינה,מודיעין מרכז,מרכזית המפרץ/קו החוף-חיפה --> מודיעין מרכז-מודיעין מכבים רעות,מודיעין מרכז,רכבת ישראל,בנימינה גבעת עדה,
37360,תל אביב האוניברסיטה - אקספו,תל אביב מרכז,מרכזית המפרץ/קו החוף-חיפה --> מודיעין מרכז-מודיעין מכבים רעות,מודיעין מרכז,רכבת ישראל,תל אביב יפו,
37360,תל אביב האוניברסיטה - אקספו,השלום,מרכזית המפרץ/קו החוף-חיפה --> מודיעין מרכז-מודיעין מכבים רעות,מודיעין מרכז,רכבת ישראל,תל אביב יפו,
37360,תל אביב האוניברסיטה - אקספו,תל אביב ההגנה,מרכזית המפרץ/קו החוף-חיפה --> מודיעין מרכז-מודיעין מכבים רעות,מודיעין מרכז,רכבת ישראל,תל אביב יפו,
37360,תל אביב האוניברסיטה - אקספו,נתב''ג,מרכזית המפרץ/קו החוף-חיפה --> מודיעין מרכז-מודיעין מכבים רעות,מודיעין מרכז,רכבת ישראל,תל אביב יפו,
37360,תל אביב האוניברסיטה - אקספו,פאתי מודיעין,מרכזית המפרץ/קו החוף-חיפה --> מודיעין מרכז-מודיעין מכבים רעות,מודיעין מרכז,רכבת ישראל,תל אביב יפו,
37360,תל אביב האוניברסיטה - אקספו,מודיעין מרכז,מרכזית המפרץ/קו החוף-חיפה --> מודיעין מרכז-מודיעין מכבים רעות,מודיעין מרכז,רכבת ישראל,תל אביב יפו,
37358,תל אביב מרכז,השלום,מרכזית המפרץ/קו החוף-חיפה --> מודיעין מרכז-מודיעין מכבים רעות,מודיעין מרכז,רכבת ישראל,תל אביב יפו,
37358,תל אביב מרכז,תל אביב ההגנה,מרכזית המפרץ/קו החוף-חיפה --> מודיעין מרכז-מודיעין מכבים רעות,מודיעין מרכז,רכבת ישראל,תל אביב יפו,
37358,תל אביב מרכז,נתב''ג,מרכזית המפרץ/קו החוף-חיפה --> מודיעין מרכז-מודיעין מכבים רעות,מודיעין מרכז,רכבת ישראל,תל אביב יפו,
37358,תל אביב מרכז,פאתי מודיעין,מרכזית המפרץ/קו החוף-חיפה --> מודיעין מרכז-מודיעין מכבים רעות,מודיעין מרכז,רכבת ישראל,תל אביב יפו,
37358,תל אביב מרכז,מודיעין מרכז,מרכזית המפרץ/קו החוף-חיפה --> מודיעין מרכז-מודיעין מכבים רעות,מודיעין מרכז,רכבת ישראל,תל אביב יפו,
37350,השלום,תל אביב ההגנה,מרכזית המפרץ/קו החוף-חיפה --> מודיעין מרכז-מודיעין מכבים רעות,מודיעין מרכז,רכבת ישראל,תל אביב יפו,
37350,השלום,נתב''ג,מרכזית המפרץ/קו החוף-חיפה --> מודיעין מרכז-מודיעין מכבים רעות,מודיעין מרכז,רכבת ישראל,תל אביב יפו,
37350,השלום,פאתי מודיעין,מרכזית המפרץ/קו החוף-חיפה --> מודיעין מרכז-מודיעין מכבים רעות,מודיעין מרכז,רכבת ישראל,תל אביב יפו,
37350,השלום,מודיעין מרכז,מרכזית המפרץ/קו החוף-חיפה --> מודיעין מרכז-מודיעין מכבים רעות,מודיעין מרכז,רכבת ישראל,תל אביב יפו,
37292,תל אביב ההגנה,נתב''ג,מרכזית המפרץ/קו החוף-חיפה --> מודיעין מרכז-מודיעין מכבים רעות,מודיעין מרכז,רכבת ישראל,תל אביב יפו,
37292,תל אביב ההגנה,פאתי מודיעין,מרכזית המפרץ/קו החוף-חיפה --> מודיעין מרכז-מודיעין מכבים רעות,מודיעין מרכז,רכבת ישראל,תל אביב יפו,
37292,תל אביב ההגנה,מודיעין מרכז,מרכזית המפרץ/קו החוף-חיפה --> מודיעין מרכז-מודיעין מכבים רעות,מודיעין מרכז,רכבת ישראל,תל אביב יפו,
37306,נתב''ג,פאתי מודיעין,מרכזית המפרץ/קו החוף-חיפה --> מודיעין מרכז-מודיעין מכבים רעות,מודיעין מרכז,רכבת ישראל,נמל תעופה בן גוריון,
37306,נתב''ג,מודיעין מרכז,מרכזית המפרץ/קו החוף-חיפה --> מודיעין מרכז-מודיעין מכבים רעות,מודיעין מרכז,רכבת ישראל,נמל תעופה בן גוריון,
37396,פאתי מודיעין,מודיעין מרכז,מרכזית המפרץ/קו החוף-חיפה --> מודיעין מרכז-מודיעין מכבים רעות,מודיעין מרכז,רכבת ישראל,מודיעין מכבים רעות,
37394,מודיעין מרכז,נתב''ג,מודיעין מרכז-מודיעין מכבים רעות --> נהריה-נהריה,נהריה,רכבת ישראל,מודיעין מכבים רעות,
37394,מודיעין מרכז,תל אביב מרכז,מודיעין מרכז-מודיעין מכבים רעות --> נהריה-נהריה,נהריה,רכבת ישראל,מודיעין מכבים רעות,
37394,מודיעין מרכז,הרצליה,מודיעין מרכז-מודיעין מכבים רעות --> נהריה-נהריה,נהריה,רכבת ישראל,מודיעין מכבים רעות,
37394,מודיעין מרכז,נתניה,מודיעין מרכז-מודיעין מכבים רעות --> נהריה-נהריה,נהריה,רכבת ישראל,מודיעין מכבים רעות,
37394,מודיעין מרכז,חדרה מערב,מודיעין מרכז-מודיעין מכבים רעות --> נהריה-נהריה,נהריה,רכבת ישראל,מודיעין מכבים רעות,
37394,מודיעין מרכז,בנימינה,מודיעין מרכז-מודיעין מכבים רעות --> נהריה-נהריה,נהריה,רכבת ישראל,מודיעין מכבים רעות,
37394,מודיעין מרכז,חוף הכרמל,מודיעין מרכז-מודיעין מכבים רעות --> נהריה-נהריה,נהריה,רכבת ישראל,מודיעין מכבים רעות,
37394,מודיעין מרכז,בת גלים,מודיעין מרכז-מודיעין מכבים רעות --> נהריה-נהריה,נהריה,רכבת ישראל,מודיעין מכבים רעות,
37394,מודיעין מרכז,חיפה מרכז,מודיעין מרכז-מודיעין מכבים רעות --> נהריה-נהריה,נהריה,רכבת ישראל,מודיעין מכבים רעות,
37394,מודיעין מרכז,מרכזית המפרץ/קו החוף,מודיעין מרכז-מודיעין מכבים רעות --> נהריה-נהריה,נהריה,רכבת ישראל,מודיעין מכבים רעות,
37394,מודיעין מרכז,חוצות מפרץ,מודיעין מרכז-מודיעין מכבים רעות --> נהריה-נהריה,נהריה,רכבת ישראל,מודיעין מכבים רעות,
37394,מודיעין מרכז,קרית חיים,מודיעין מרכז-מודיעין מכבים רעות --> נהריה-נהריה,נהריה,רכבת ישראל,מודיעין מכבים רעות,
37394,מודיעין מרכז,קרית מוצקין,מודיעין מרכז-מודיעין מכבים רעות --> נהריה-נהריה,נהריה,רכבת ישראל,מודיעין מכבים רעות,
37394,מודיעין מרכז,עכו,מודיעין מרכז-מודיעין מכבים רעות --> נהריה-נהריה,נהריה,רכבת ישראל,מודיעין מכבים רעות,
37394,מודיעין מרכז,נהריה,מודיעין מרכז-מודיעין מכבים רעות --> נהריה-נהריה,נהריה,רכבת ישראל,מודיעין מכבים רעות,
37306,נתב''ג,תל אביב מרכז,מודיעין מרכז-מודיעין מכבים רעות --> נהריה-נהריה,נהריה,רכבת ישראל,נמל תעופה בן גוריון,
37306,נתב''ג,הרצליה,מודיעין מרכז-מודיעין מכבים רעות --> נהריה-נהריה,נהריה,רכבת ישראל,נמל תעופה בן גוריון,
37306,נתב''ג,נתניה,מודיעין מרכז-מודיעין מכבים רעות --> נהריה-נהריה,נהריה,רכבת ישראל,נמל תעופה בן גוריון,
37306,נתב''ג,חדרה מערב,מודיעין מרכז-מודיעין מכבים רעות --> נהריה-נהריה,נהריה,רכבת ישראל,נמל תעופה בן גוריון,
37306,נתב''ג,בנימינה,מודיעין מרכז-מודיעין מכבים רעות --> נהריה-נהריה,נהריה,רכבת ישראל,נמל תעופה בן גוריון,
37306,נתב''ג,חוף הכרמל,מודיעין מרכז-מודיעין מכבים רעות --> נהריה-נהריה,נהריה,רכבת ישראל,נמל תעופה בן גוריון,
37306,נתב''ג,בת גלים,מודיעין מרכז-מודיעין מכבים רעות --> נהריה-נהריה,נהריה,רכבת ישראל,נמל תעופה בן גוריון,
37306,נתב''ג,חיפה מרכז,מודיעין מרכז-מודיעין מכבים רעות --> נהריה-נהריה,נהריה,רכבת ישראל,נמל תעופה בן גוריון,
37306,נתב''ג,מרכזית המפרץ/קו החוף,מודיעין מרכז-מודיעין מכבים רעות --> נהריה-נהריה,נהריה,רכבת ישראל,נמל תעופה בן גוריון,
37306,נתב''ג,חוצות מפרץ,מודיעין מרכז-מודיעין מכבים רעות --> נהריה-נהריה,נהריה,רכבת ישראל,נמל תעופה בן גוריון,
37306,נתב''ג,קרית חיים,מודיעין מרכז-מודיעין מכבים רעות --> נהריה-נהריה,נהריה,רכבת ישראל,נמל תעופה בן גוריון,
37306,נתב''ג,קרית מוצקין,מודיעין מרכז-מודיעין מכבים רעות --> נהריה-נהריה,נהריה,רכבת ישראל,נמל תעופה בן גוריון,
37306,נתב''ג,עכו,מודיעין מרכז-מודיעין מכבים רעות --> נהריה-נהריה,נהריה,רכבת ישראל,נמל תעופה בן גוריון,
37306,נתב''ג,נהריה,מודיעין מרכז-מודיעין מכבים רעות --> נהריה-נהריה,נהריה,רכבת ישראל,נמל תעופה בן גוריון,
37358,תל אביב מרכז,הרצליה,מודיעין מרכז-מודיעין מכבים רעות --> נהריה-נהריה,נהריה,רכבת ישראל,תל אביב יפו,
37358,תל אביב מרכז,נתניה,מודיעין מרכז-מודיעין מכבים רעות --> נהריה-נהריה,נהריה,רכבת ישראל,תל אביב יפו,
37358,תל אביב מרכז,חדרה מערב,מודיעין מרכז-מודיעין מכבים רעות --> נהריה-נהריה,נהריה,רכבת ישראל,תל אביב יפו,
37358,תל אביב מרכז,בנימינה,מודיעין מרכז-מודיעין מכבים רעות --> נהריה-נהריה,נהריה,רכבת ישראל,תל אביב יפו,
37358,תל אביב מרכז,חוף הכרמל,מודיעין מרכז-מודיעין מכבים רעות --> נהריה-נהריה,נהריה,רכבת ישראל,תל אביב יפו,
37358,תל אביב מרכז,בת גלים,מודיעין מרכז-מודיעין מכבים רעות --> נהריה-נהריה,נהריה,רכבת ישראל,תל אביב יפו,
37358,תל אביב מרכז,חיפה מרכז,מודיעין מרכז-מודיעין מכבים רעות --> נהריה-נהריה,נהריה,רכבת ישראל,תל אביב יפו,
37358,תל אביב מרכז,מרכזית המפרץ/קו החוף,מודיעין מרכז-מודיעין מכבים רעות --> נהריה-נהריה,נהריה,רכבת ישראל,תל אביב יפו,
37358,תל אביב מרכז,חוצות מפרץ,מודיעין מרכז-מודיעין מכבים רעות --> נהריה-נהריה,נהריה,רכבת ישראל,תל אביב יפו,
37358,תל אביב מרכז,קרית חיים,מודיעין מרכז-מודיעין מכבים רעות --> נהריה-נהריה,נהריה,רכבת ישראל,תל אביב יפו,
37358,תל אביב מרכז,קרית מוצקין,מודיעין מרכז-מודיעין מכבים רעות --> נהריה-נהריה,נהריה,רכבת ישראל,תל אביב יפו,
37358,תל אביב מרכז,עכו,מודיעין מרכז-מודיעין מכבים רעות --> נהריה-נהריה,נהריה,רכבת ישראל,תל אביב יפו,
37358,תל אביב מרכז,נהריה,מודיעין מרכז-מודיעין מכבים רעות --> נהריה-נהריה,נהריה,רכבת ישראל,תל אביב יפו,
37362,הרצליה,נתניה,מודיעין מרכז-מודיעין מכבים רעות --> נהריה-נהריה,נהריה,רכבת ישראל,הרצליה,
37362,הרצליה,חדרה מערב,מודיעין מרכז-מודיעין מכבים רעות --> נהריה-נהריה,נהריה,רכבת ישראל,הרצליה,
37362,הרצליה,בנימינה,מודיעין מרכז-מודיעין מכבים רעות --> נהריה-נהריה,נהריה,רכבת ישראל,הרצליה,
37362,הרצליה,חוף הכרמל,מודיעין מרכז-מודיעין מכבים רעות --> נהריה-נהריה,נהריה,רכבת ישראל,הרצליה,
37362,הרצליה,בת גלים,מודיעין מרכז-מודיעין מכבים רעות --> נהריה-נהריה,נהריה,רכבת ישראל,הרצליה,
37362,הרצליה,חיפה מרכז,מודיעין מרכז-מודיעין מכבים רעות --> נהריה-נהריה,נהריה,רכבת ישראל,הרצליה,
37362,הרצליה,מרכזית המפרץ/קו החוף,מודיעין מרכז-מודיעין מכבים רעות --> נהריה-נהריה,נהריה,רכבת ישראל,הרצליה,
37362,הרצליה,חוצות מפרץ,מודיעין מרכז-מודיעין מכבים רעות --> נהריה-נהריה,נהריה,רכבת ישראל,הרצליה,
37362,הרצליה,קרית חיים,מודיעין מרכז-מודיעין מכבים רעות --> נהריה-נהריה,נהריה,רכבת ישראל,הרצליה,
37362,הרצליה,קרית מוצקין,מודיעין מרכז-מודיעין מכבים רעות --> נהריה-נהריה,נהריה,רכבת ישראל,הרצליה,
37362,הרצליה,עכו,מודיעין מרכז-מודיעין מכבים רעות --> נהריה-נהריה,נהריה,רכבת ישראל,הרצליה,
37362,הרצליה,נהריה,מודיעין מרכז-מודיעין מכבים רעות --> נהריה-נהריה,נהריה,רכבת ישראל,הרצליה,
37366,נתניה,חדרה מערב,מודיעין מרכז-מודיעין מכבים רעות --> נהריה-נהריה,נהריה,רכבת ישראל,נתניה,
37366,נתניה,בנימינה,מודיעין מרכז-מודיעין מכבים רעות --> נהריה-נהריה,נהריה,רכבת ישראל,נתניה,
37366,נתניה,חוף הכרמל,מודיעין מרכז-מודיעין מכבים רעות --> נהריה-נהריה,נהריה,רכבת ישראל,נתניה,
37366,נתניה,בת גלים,מודיעין מרכז-מודיעין מכבים רעות --> נהריה-נהריה,נהריה,רכבת ישראל,נתניה,
37366,נתניה,חיפה מרכז,מודיעין מרכז-מודיעין מכבים רעות --> נהריה-נהריה,נהריה,רכבת ישראל,נתניה,
37366,נתניה,מרכזית המפרץ/קו החוף,מודיעין מרכז-מודיעין מכבים רעות --> נהריה-נהריה,נהריה,רכבת ישראל,נתניה,
37366,נתניה,חוצות מפרץ,מודיעין מרכז-מודיעין מכבים רעות --> נהריה-נהריה,נהריה,רכבת ישראל,נתניה,
37366,נתניה,קרית חיים,מודיעין מרכז-מודיעין מכבים רעות --> נהריה-נהריה,נהריה,רכבת ישראל,נתניה,
37366,נתניה,קרית מוצקין,מודיעין מרכז-מודיעין מכבים רעות --> נהריה-נהריה,נהריה,רכבת ישראל,נתניה,
37366,נתניה,עכו,מודיעין מרכז-מודיעין מכבים רעות --> נהריה-נהריה,נהריה,רכבת ישראל,נתניה,
37366,נתניה,נהריה,מודיעין מרכז-מודיעין מכבים רעות --> נהריה-נהריה,נהריה,רכבת ישראל,נתניה,
37368,חדרה מערב,בנימינה,מודיעין מרכז-מודיעין מכבים רעות --> נהריה-נהריה,נהריה,רכבת ישראל,חדרה,
37368,חדרה מערב,חוף הכרמל,מודיעין מרכז-מודיעין מכבים רעות --> נהריה-נהריה,נהריה,רכבת ישראל,חדרה,
37368,חדרה מערב,בת גלים,מודיעין מרכז-מודיעין מכבים רעות --> נהריה-נהריה,נהריה,רכבת ישראל,חדרה,
37368,חדרה מערב,חיפה מרכז,מודיעין מרכז-מודיעין מכבים רעות --> נהריה-נהריה,נהריה,רכבת ישראל,חדרה,
37368,חדרה מערב,מרכזית המפרץ/קו החוף,מודיעין מרכז-מודיעין מכבים רעות --> נהריה-נהריה,נהריה,רכבת ישראל,חדרה,
37368,חדרה מערב,חוצות מפרץ,מודיעין מרכז-מודיעין מכבים רעות --> נהריה-נהריה,נהריה,רכבת ישראל,חדרה,
37368,חדרה מערב,קרית חיים,מודיעין מרכז-מודיעין מכבים רעות --> נהריה-נהריה,נהריה,רכבת ישראל,חדרה,
37368,חדרה מערב,קרית מוצקין,מודיעין מרכז-מודיעין מכבים רעות --> נהריה-נהריה,נהריה,רכבת ישראל,חדרה,
37368,חדרה מערב,עכו,מודיעין מרכז-מודיעין מכבים רעות --> נהריה-נהריה,נהריה,רכבת ישראל,חדרה,
37368,חדרה מערב,נהריה,מודיעין מרכז-מודיעין מכבים רעות --> נהריה-נהריה,נהריה,רכבת ישראל,חדרה,
37372,בנימינה,חוף הכרמל,מודיעין מרכז-מודיעין מכבים רעות --> נהריה-נהריה,נהריה,רכבת ישראל,בנימינה גבעת עדה,
37372,בנימינה,בת גלים,מודיעין מרכז-מודיעין מכבים רעות --> נהריה-נהריה,נהריה,רכבת ישראל,בנימינה גבעת עדה,
37372,בנימינה,חיפה מרכז,מודיעין מרכז-מודיעין מכבים רעות --> נהריה-נהריה,נהריה,רכבת ישראל,בנימינה גבעת עדה,
37372,בנימינה,מרכזית המפרץ/קו החוף,מודיעין מרכז-מודיעין מכבים רעות --> נהריה-נהריה,נהריה,רכבת ישראל,בנימינה גבעת עדה,
37372,בנימינה,חוצות מפרץ,מודיעין מרכז-מודיעין מכבים רעות --> נהריה-נהריה,נהריה,רכבת ישראל,בנימינה גבעת עדה,
37372,בנימינה,קרית חיים,מודיעין מרכז-מודיעין מכבים רעות --> נהריה-נהריה,נהריה,רכבת ישראל,בנימינה גבעת עדה,
37372,בנימינה,קרית מוצקין,מודיעין מרכז-מודיעין מכבים רעות --> נהריה-נהריה,נהריה,רכבת ישראל,בנימינה גבעת עדה,
37372,בנימינה,עכו,מודיעין מרכז-מודיעין מכבים רעות --> נהריה-נהריה,נהריה,רכבת ישראל,בנימינה גבעת עדה,
37372,בנימינה,נהריה,מודיעין מרכז-מודיעין מכבים רעות --> נהריה-נהריה,נהריה,רכבת ישראל,בנימינה גבעת עדה,
37376,חוף הכרמל,בת גלים,מודיעין מרכז-מודיעין מכבים רעות --> נהריה-נהריה,נהריה,רכבת ישראל,חוף הכרמל,
37376,חוף הכרמל,חיפה מרכז,מודיעין מרכז-מודיעין מכבים רעות --> נהריה-נהריה,נהריה,רכבת ישראל,חוף הכרמל,
37376,חוף הכרמל,מרכזית המפרץ/קו החוף,מודיעין מרכז-מודיעין מכבים רעות --> נהריה-נהריה,נהריה,רכבת ישראל,חוף הכרמל,
37376,חוף הכרמל,חוצות מפרץ,מודיעין מרכז-מודיעין מכבים רעות --> נהריה-נהריה,נהריה,רכבת ישראל,חוף הכרמל,
37376,חוף הכרמל,קרית חיים,מודיעין מרכז-מודיעין מכבים רעות --> נהריה-נהריה,נהריה,רכבת ישראל,חוף הכרמל,
37376,חוף הכרמל,קרית מוצקין,מודיעין מרכז-מודיעין מכבים רעות --> נהריה-נהריה,נהריה,רכבת ישראל,חוף הכרמל,
37376,חוף הכרמל,עכו,מודיעין מרכז-מודיעין מכבים רעות --> נהריה-נהריה,נהריה,רכבת ישראל,חוף הכרמל,
37376,חוף הכרמל,נהריה,מודיעין מרכז-מודיעין מכבים רעות --> נהריה-נהריה,נהריה,רכבת ישראל,חוף הכרמל,
37378,בת גלים,חיפה מרכז,מודיעין מרכז-מודיעין מכבים רעות --> נהריה-נהריה,נהריה,רכבת ישראל,חיפה,
37378,בת גלים,מרכזית המפרץ/קו החוף,מודיעין מרכז-מודיעין מכבים רעות --> נהריה-נהריה,נהריה,רכבת ישראל,חיפה,
37378,בת גלים,חוצות מפרץ,מודיעין מרכז-מודיעין מכבים רעות --> נהריה-נהריה,נהריה,רכבת ישראל,חיפה,
37378,בת גלים,קרית חיים,מודיעין מרכז-מודיעין מכבים רעות --> נהריה-נהריה,נהריה,רכבת ישראל,חיפה,
37378,בת גלים,קרית מוצקין,מודיעין מרכז-מודיעין מכבים רעות --> נהריה-נהריה,נהריה,רכבת ישראל,חיפה,
37378,בת גלים,עכו,מודיעין מרכז-מודיעין מכבים רעות --> נהריה-נהריה,נהריה,רכבת ישראל,חיפה,
37378,בת גלים,נהריה,מודיעין מרכז-מודיעין מכבים רעות --> נהריה-נהריה,נהריה,רכבת ישראל,חיפה,
37380,חיפה מרכז,מרכזית המפרץ/קו החוף,מודיעין מרכז-מודיעין מכבים רעות --> נהריה-נהריה,נהריה,רכבת ישראל,חיפה,
37380,חיפה מרכז,חוצות מפרץ,מודיעין מרכז-מודיעין מכבים רעות --> נהריה-נהריה,נהריה,רכבת ישראל,חיפה,
37380,חיפה מרכז,קרית חיים,מודיעין מרכז-מודיעין מכבים רעות --> נהריה-נהריה,נהריה,רכבת ישראל,חיפה,
37380,חיפה מרכז,קרית מוצקין,מודיעין מרכז-מודיעין מכבים רעות --> נהריה-נהריה,נהריה,רכבת ישראל,חיפה,
37380,חיפה מרכז,עכו,מודיעין מרכז-מודיעין מכבים רעות --> נהריה-נהריה,נהריה,רכבת ישראל,חיפה,
37380,חיפה מרכז,נהריה,מודיעין מרכז-מודיעין מכבים רעות --> נהריה-נהריה,נהריה,רכבת ישראל,חיפה,
37388,מרכזית המפרץ/קו החוף,חוצות מפרץ,מודיעין מרכז-מודיעין מכבים רעות --> נהריה-נהריה,נהריה,רכבת ישראל,חיפה,
37388,מרכזית המפרץ/קו החוף,קרית חיים,מודיעין מרכז-מודיעין מכבים רעות --> נהריה-נהריה,נהריה,רכבת ישראל,חיפה,
37388,מרכזית המפרץ/קו החוף,קרית מוצקין,מודיעין מרכז-מודיעין מכבים רעות --> נהריה-נהריה,נהריה,רכבת ישראל,חיפה,
37388,מרכזית המפרץ/קו החוף,עכו,מודיעין מרכז-מודיעין מכבים רעות --> נהריה-נהריה,נהריה,רכבת ישראל,חיפה,
37388,מרכזית המפרץ/קו החוף,נהריה,מודיעין מרכז-מודיעין מכבים רעות --> נהריה-נהריה,נהריה,רכבת ישראל,חיפה,
37386,חוצות מפרץ,קרית חיים,מודיעין מרכז-מודיעין מכבים רעות --> נהריה-נהריה,נהריה,רכבת ישראל,חיפה,
37386,חוצות מפרץ,קרית מוצקין,מודיעין מרכז-מודיעין מכבים רעות --> נהריה-נהריה,נהריה,רכבת ישראל,חיפה,
37386,חוצות מפרץ,עכו,מודיעין מרכז-מודיעין מכבים רעות --> נהריה-נהריה,נהריה,רכבת ישראל,חיפה,
37386,חוצות מפרץ,נהריה,מודיעין מרכז-מודיעין מכבים רעות --> נהריה-נהריה,נהריה,רכבת ישראל,חיפה,
37392,קרית חיים,קרית מוצקין,מודיעין מרכז-מודיעין מכבים רעות --> נהריה-נהריה,נהריה,רכבת ישראל,חיפה,
37392,קרית חיים,עכו,מודיעין מרכז-מודיעין מכבים רעות --> נהריה-נהריה,נהריה,רכבת ישראל,חיפה,
37392,קרית חיים,נהריה,מודיעין מרכז-מודיעין מכבים רעות --> נהריה-נהריה,נהריה,רכבת ישראל,חיפה,
41293,קרית מוצקין,עכו,מודיעין מרכז-מודיעין מכבים רעות --> נהריה-נהריה,נהריה,רכבת ישראל,קרית מוצקין,
41293,קרית מוצקין,נהריה,מודיעין מרכז-מודיעין מכבים רעות --> נהריה-נהריה,נהריה,רכבת ישראל,קרית מוצקין,
37384,עכו,נהריה,מודיעין מרכז-מודיעין מכבים רעות --> נהריה-נהריה,נהריה,רכבת ישראל,עכו,
37388,מרכזית המפרץ/קו החוף,חוצות מפרץ,מרכזית המפרץ/קו החוף-חיפה --> כרמיאל-כרמיאל,כרמיאל,רכבת ישראל,חיפה,
37388,מרכזית המפרץ/קו החוף,קרית חיים,מרכזית המפרץ/קו החוף-חיפה --> כרמיאל-כרמיאל,כרמיאל,רכבת ישראל,חיפה,
37388,מרכזית המפרץ/קו החוף,קרית מוצקין,מרכזית המפרץ/קו החוף-חיפה --> כרמיאל-כרמיאל,כרמיאל,רכבת ישראל,חיפה,
37388,מרכזית המפרץ/קו החוף,אחיהוד,מרכזית המפרץ/קו החוף-חיפה --> כרמיאל-כרמיאל,כרמיאל,רכבת ישראל,חיפה,
37388,מרכזית המפרץ/קו החוף,כרמיאל,מרכזית המפרץ/קו החוף-חיפה --> כרמיאל-כרמיאל,כרמיאל,רכבת ישראל,חיפה,
37386,חוצות מפרץ,קרית חיים,מרכזית המפרץ/קו החוף-חיפה --> כרמיאל-כרמיאל,כרמיאל,רכבת ישראל,חיפה,
37386,חוצות מפרץ,קרית מוצקין,מרכזית המפרץ/קו החוף-חיפה --> כרמיאל-כרמיאל,כרמיאל,רכבת ישראל,חיפה,
37386,חוצות מפרץ,אחיהוד,מרכזית המפרץ/קו החוף-חיפה --> כרמיאל-כרמיאל,כרמיאל,רכבת ישראל,חיפה,
37386,חוצות מפרץ,כרמיאל,מרכזית המפרץ/קו החוף-חיפה --> כרמיאל-כרמיאל,כרמיאל,רכבת ישראל,חיפה,
37392,קרית חיים,קרית מוצקין,מרכזית המפרץ/קו החוף-חיפה --> כרמיאל-כרמיאל,כרמיאל,רכבת ישראל,חיפה,
37392,קרית חיים,אחיהוד,מרכזית המפרץ/קו החוף-חיפה --> כרמיאל-כרמיאל,כרמיאל,רכבת ישראל,חיפה,
37392,קרית חיים,כרמיאל,מרכזית המפרץ/קו החוף-חיפה --> כרמיאל-כרמיאל,כרמיאל,רכבת ישראל,חיפה,
41293,קרית מוצקין,אחיהוד,מרכזית המפרץ/קו החוף-חיפה --> כרמיאל-כרמיאל,כרמיאל,רכבת ישראל,קרית מוצקין,
41293,קרית מוצקין,כרמיאל,מרכזית המפרץ/קו החוף-חיפה --> כרמיאל-כרמיאל,כרמיאל,רכבת ישראל,קרית מוצקין,
41291,אחיהוד,כרמיאל,מרכזית המפרץ/קו החוף-חיפה --> כרמיאל-כרמיאל,כרמיאל,רכבת ישראל,אחיהוד,
41292,כרמיאל,אחיהוד,כרמיאל-כרמיאל --> מרכזית המפרץ/קו החוף-חיפה,מרכזית המפרץ/קו החוף,רכבת ישראל,כרמיאל,
41292,כרמיאל,קרית מוצקין,כרמיאל-כרמיאל --> מרכזית המפרץ/קו החוף-חיפה,מרכזית המפרץ/קו החוף,רכבת ישראל,כרמיאל,
41292,כרמיאל,קרית חיים,כרמיאל-כרמיאל --> מרכזית המפרץ/קו החוף-חיפה,מרכזית המפרץ/קו החוף,רכבת ישראל,כרמיאל,
41292,כרמיאל,חוצות מפרץ,כרמיאל-כרמיאל --> מרכזית המפרץ/קו החוף-חיפה,מרכזית המפרץ/קו החוף,רכבת ישראל,כרמיאל,
41292,כרמיאל,מרכזית המפרץ/קו החוף,כרמיאל-כרמיאל --> מרכזית המפרץ/קו החוף-חיפה,מרכזית המפרץ/קו החוף,רכבת ישראל,כרמיאל,
41291,אחיהוד,קרית מוצקין,כרמיאל-כרמיאל --> מרכזית המפרץ/קו החוף-חיפה,מרכזית המפרץ/קו החוף,רכבת ישראל,אחיהוד,
41291,אחיהוד,קרית חיים,כרמיאל-כרמיאל --> מרכזית המפרץ/קו החוף-חיפה,מרכזית המפרץ/קו החוף,רכבת ישראל,אחיהוד,
41291,אחיהוד,חוצות מפרץ,כרמיאל-כרמיאל --> מרכזית המפרץ/קו החוף-חיפה,מרכזית המפרץ/קו החוף,רכבת ישראל,אחיהוד,
41291,אחיהוד,מרכזית המפרץ/קו החוף,כרמיאל-כרמיאל --> מרכזית המפרץ/קו החוף-חיפה,מרכזית המפרץ/קו החוף,רכבת ישראל,אחיהוד,
41293,קרית מוצקין,קרית חיים,כרמיאל-כרמיאל --> מרכזית המפרץ/קו החוף-חיפה,מרכזית המפרץ/קו החוף,רכבת ישראל,קרית מוצקין,
41293,קרית מוצקין,חוצות מפרץ,כרמיאל-כרמיאל --> מרכזית המפרץ/קו החוף-חיפה,מרכזית המפרץ/קו החוף,רכבת ישראל,קרית מוצקין,
41293,קרית מוצקין,מרכזית המפרץ/קו החוף,כרמיאל-כרמיאל --> מרכזית המפרץ/קו החוף-חיפה,מרכזית המפרץ/קו החוף,רכבת ישראל,קרית מוצקין,
37392,קרית חיים,חוצות מפרץ,כרמיאל-כרמיאל --> מרכזית המפרץ/קו החוף-חיפה,מרכזית המפרץ/קו החוף,רכבת ישראל,חיפה,
37392,קרית חיים,מרכזית המפרץ/קו החוף,כרמיאל-כרמיאל --> מרכזית המפרץ/קו החוף-חיפה,מרכזית המפרץ/קו החוף,רכבת ישראל,חיפה,
37386,חוצות מפרץ,מרכזית המפרץ/קו החוף,כרמיאל-כרמיאל --> מרכזית המפרץ/קו החוף-חיפה,מרכזית המפרץ/קו החוף,רכבת ישראל,חיפה,
40583,בית שאן - דוד לוי,עפולה,בית שאן-בית שאן --> חיפה מרכז-חיפה,חיפה מרכז,רכבת ישראל,בית שאן,
40583,בית שאן - דוד לוי,כפר ברוך,בית שאן-בית שאן --> חיפה מרכז-חיפה,חיפה מרכז,רכבת ישראל,בית שאן,
40583,בית שאן - דוד לוי,כפר יהושע,בית שאן-בית שאן --> חיפה מרכז-חיפה,חיפה מרכז,רכבת ישראל,בית שאן,
40583,בית שאן - דוד לוי,מרכזית המפרץ,בית שאן-בית שאן --> חיפה מרכז-חיפה,חיפה מרכז,רכבת ישראל,בית שאן,
40583,בית שאן - דוד לוי,חיפה מרכז,בית שאן-בית שאן --> חיפה מרכז-חיפה,חיפה מרכז,רכבת ישראל,בית שאן,
40582,עפולה,כפר ברוך,בית שאן-בית שאן --> חיפה מרכז-חיפה,חיפה מרכז,רכבת ישראל,עפולה,
40582,עפולה,כפר יהושע,בית שאן-בית שאן --> חיפה מרכז-חיפה,חיפה מרכז,רכבת ישראל,עפולה,
40582,עפולה,מרכזית המפרץ,בית שאן-בית שאן --> חיפה מרכז-חיפה,חיפה מרכז,רכבת ישראל,עפולה,
40582,עפולה,חיפה מרכז,בית שאן-בית שאן --> חיפה מרכז-חיפה,חיפה מרכז,רכבת ישראל,עפולה,
40581,כפר ברוך,כפר יהושע,בית שאן-בית שאן --> חיפה מרכז-חיפה,חיפה מרכז,רכבת ישראל,כפר ברוך,
40581,כפר ברוך,מרכזית המפרץ,בית שאן-בית שאן --> חיפה מרכז-חיפה,חיפה מרכז,רכבת ישראל,כפר ברוך,
40581,כפר ברוך,חיפה מרכז,בית שאן-בית שאן --> חיפה מרכז-חיפה,חיפה מרכז,רכבת ישראל,כפר ברוך,
40584,כפר יהושע,מרכזית המפרץ,בית שאן-בית שאן --> חיפה מרכז-חיפה,חיפה מרכז,רכבת ישראל,כפר יהושע,
40584,כפר יהושע,חיפה מרכז,בית שאן-בית שאן --> חיפה מרכז-חיפה,חיפה מרכז,רכבת ישראל,כפר יהושע,
42507,מרכזית המפרץ,חיפה מרכז,בית שאן-בית שאן --> חיפה מרכז-חיפה,חיפה מרכז,רכבת ישראל,חיפה,
37374,עתלית,כפר יהושע,עתלית-עתלית --> בית שאן-בית שאן,,רכבת ישראל,עתלית,
37374,עתלית,כפר ברוך,עתלית-עתלית --> בית שאן-בית שאן,,רכבת ישראל,עתלית,
37374,עתלית,עפולה,עתלית-עתלית --> בית שאן-בית שאן,,רכבת ישראל,עתלית,
37374,עתלית,בית שאן - דוד לוי,עתלית-עתלית --> בית שאן-בית שאן,,רכבת ישראל,עתלית,
37376,חוף הכרמל,כפר יהושע,עתלית-עתלית --> בית שאן-בית שאן,,רכבת ישראל,חוף הכרמל,
37376,חוף הכרמל,כפר ברוך,עתלית-עתלית --> בית שאן-בית שאן,,רכבת ישראל,חוף הכרמל,
37376,חוף הכרמל,עפולה,עתלית-עתלית --> בית שאן-בית שאן,,רכבת ישראל,חוף הכרמל,
37376,חוף הכרמל,בית שאן - דוד לוי,עתלית-עתלית --> בית שאן-בית שאן,,רכבת ישראל,חוף הכרמל,
37378,בת גלים,כפר יהושע,עתלית-עתלית --> בית שאן-בית שאן,,רכבת ישראל,חיפה,
37378,בת גלים,כפר ברוך,עתלית-עתלית --> בית שאן-בית שאן,,רכבת ישראל,חיפה,
37378,בת גלים,עפולה,עתלית-עתלית --> בית שאן-בית שאן,,רכבת ישראל,חיפה,
37378,בת גלים,בית שאן - דוד לוי,עתלית-עתלית --> בית שאן-בית שאן,,רכבת ישראל,חיפה,
37380,חיפה מרכז,כפר יהושע,עתלית-עתלית --> בית שאן-בית שאן,,רכבת ישראל,חיפה,
37380,חיפה מרכז,כפר ברוך,עתלית-עתלית --> בית שאן-בית שאן,,רכבת ישראל,חיפה,
37380,חיפה מרכז,עפולה,עתלית-עתלית --> בית שאן-בית שאן,,רכבת ישראל,חיפה,
37380,חיפה מרכז,בית שאן - דוד לוי,עתלית-עתלית --> בית שאן-בית שאן,,רכבת ישראל,חיפה,
40584,כפר יהושע,כפר ברוך,עתלית-עתלית --> בית שאן-בית שאן,,רכבת ישראל,כפר יהושע,
40584,כפר יהושע,עפולה,עתלית-עתלית --> בית שאן-בית שאן,,רכבת ישראל,כפר יהושע,
40584,כפר יהושע,בית שאן - דוד לוי,עתלית-עתלית --> בית שאן-בית שאן,,רכבת ישראל,כפר יהושע,
40581,כפר ברוך,עפולה,עתלית-עתלית --> בית שאן-בית שאן,,רכבת ישראל,כפר ברוך,
40581,כפר ברוך,בית שאן - דוד לוי,עתלית-עתלית --> בית שאן-בית שאן,,רכבת ישראל,כפר ברוך,
40582,עפולה,בית שאן - דוד לוי,עתלית-עתלית --> בית שאן-בית שאן,,רכבת ישראל,עפולה,
37332,רחובות,באר יעקב,רחובות-רחובות --> בנימינה-בנימינה גבעת עדה,בנימינה,רכבת ישראל,רחובות,
37332,רחובות,לוד,רחובות-רחובות --> בנימינה-בנימינה גבעת עדה,בנימינה,רכבת ישראל,רחובות,
37332,רחובות,כפר חבד,רחובות-רחובות --> בנימינה-בנימינה גבעת עדה,בנימינה,רכבת ישראל,רחובות,
37332,רחובות,תל אביב ההגנה,רחובות-רחובות --> בנימינה-בנימינה גבעת עדה,בנימינה,רכבת ישראל,רחובות,
37332,רחובות,השלום,רחובות-רחובות --> בנימינה-בנימינה גבעת עדה,בנימינה,רכבת ישראל,רחובות,
37332,רחובות,תל אביב מרכז,רחובות-רחובות --> בנימינה-בנימינה גבעת עדה,בנימינה,רכבת ישראל,רחובות,
37332,רחובות,תל אביב האוניברסיטה - אקספו,רחובות-רחובות --> בנימינה-בנימינה גבעת עדה,בנימינה,רכבת ישראל,רחובות,
37332,רחובות,הרצליה,רחובות-רחובות --> בנימינה-בנימינה גבעת עדה,בנימינה,רכבת ישראל,רחובות,
37332,רחובות,בית יהושע,רחובות-רחובות --> בנימינה-בנימינה גבעת עדה,בנימינה,רכבת ישראל,רחובות,
37332,רחובות,נתניה קריית ספיר,רחובות-רחובות --> בנימינה-בנימינה גבעת עדה,בנימינה,רכבת ישראל,רחובות,
37332,רחובות,נתניה,רחובות-רחובות --> בנימינה-בנימינה גבעת עדה,בנימינה,רכבת ישראל,רחובות,
37332,רחובות,חדרה מערב,רחובות-רחובות --> בנימינה-בנימינה גבעת עדה,בנימינה,רכבת ישראל,רחובות,
37332,רחובות,קיסריה פרדס חנה,רחובות-רחובות --> בנימינה-בנימינה גבעת עדה,בנימינה,רכבת ישראל,רחובות,
37332,רחובות,בנימינה,רחובות-רחובות --> בנימינה-בנימינה גבעת עדה,בנימינה,רכבת ישראל,רחובות,
37330,באר יעקב,לוד,רחובות-רחובות --> בנימינה-בנימינה גבעת עדה,בנימינה,רכבת ישראל,באר יעקב,
37330,באר יעקב,כפר חבד,רחובות-רחובות --> בנימינה-בנימינה גבעת עדה,בנימינה,רכבת ישראל,באר יעקב,
37330,באר יעקב,תל אביב ההגנה,רחובות-רחובות --> בנימינה-בנימינה גבעת עדה,בנימינה,רכבת ישראל,באר יעקב,
37330,באר יעקב,השלום,רחובות-רחובות --> בנימינה-בנימינה גבעת עדה,בנימינה,רכבת ישראל,באר יעקב,
37330,באר יעקב,תל אביב מרכז,רחובות-רחובות --> בנימינה-בנימינה גבעת עדה,בנימינה,רכבת ישראל,באר יעקב,
37330,באר יעקב,תל אביב האוניברסיטה - אקספו,רחובות-רחובות --> בנימינה-בנימינה גבעת עדה,בנימינה,רכבת ישראל,באר יעקב,
37330,באר יעקב,הרצליה,רחובות-רחובות --> בנימינה-בנימינה גבעת עדה,בנימינה,רכבת ישראל,באר יעקב,
37330,באר יעקב,בית יהושע,רחובות-רחובות --> בנימינה-בנימינה גבעת עדה,בנימינה,רכבת ישראל,באר יעקב,
37330,באר יעקב,נתניה קריית ספיר,רחובות-רחובות --> בנימינה-בנימינה גבעת עדה,בנימינה,רכבת ישראל,באר יעקב,
37330,באר יעקב,נתניה,רחובות-רחובות --> בנימינה-בנימינה גבעת עדה,בנימינה,רכבת ישראל,באר יעקב,
37330,באר יעקב,חדרה מערב,רחובות-רחובות --> בנימינה-בנימינה גבעת עדה,בנימינה,רכבת ישראל,באר יעקב,
37330,באר יעקב,קיסריה פרדס חנה,רחובות-רחובות --> בנימינה-בנימינה גבעת עדה,בנימינה,רכבת ישראל,באר יעקב,
37330,באר יעקב,בנימינה,רחובות-רחובות --> בנימינה-בנימינה גבעת עדה,בנימינה,רכבת ישראל,באר יעקב,
37338,לוד,כפר חבד,רחובות-רחובות --> בנימינה-בנימינה גבעת עדה,בנימינה,רכבת ישראל,לוד,
37338,לוד,תל אביב ההגנה,רחובות-רחובות --> בנימינה-בנימינה גבעת עדה,בנימינה,רכבת ישראל,לוד,
37338,לוד,השלום,רחובות-רחובות --> בנימינה-בנימינה גבעת עדה,בנימינה,רכבת ישראל,לוד,
37338,לוד,תל אביב מרכז,רחובות-רחובות --> בנימינה-בנימינה גבעת עדה,בנימינה,רכבת ישראל,לוד,
37338,לוד,תל אביב האוניברסיטה - אקספו,רחובות-רחובות --> בנימינה-בנימינה גבעת עדה,בנימינה,רכבת ישראל,לוד,
37338,לוד,הרצליה,רחובות-רחובות --> בנימינה-בנימינה גבעת עדה,בנימינה,רכבת ישראל,לוד,
37338,לוד,בית יהושע,רחובות-רחובות --> בנימינה-בנימינה גבעת עדה,בנימינה,רכבת ישראל,לוד,
37338,לוד,נתניה קריית ספיר,רחובות-רחובות --> בנימינה-בנימינה גבעת עדה,בנימינה,רכבת ישראל,לוד,
37338,לוד,נתניה,רחובות-רחובות --> בנימינה-בנימינה גבעת עדה,בנימינה,רכבת ישראל,לוד,
37338,לוד,חדרה מערב,רחובות-רחובות --> בנימינה-בנימינה גבעת עדה,בנימינה,רכבת ישראל,לוד,
37338,לוד,קיסריה פרדס חנה,רחובות-רחובות --> בנימינה-בנימינה גבעת עדה,בנימינה,רכבת ישראל,לוד,
37338,לוד,בנימינה,רחובות-רחובות --> בנימינה-בנימינה גבעת עדה,בנימינה,רכבת ישראל,לוד,
37340,כפר חבד,תל אביב ההגנה,רחובות-רחובות --> בנימינה-בנימינה גבעת עדה,בנימינה,רכבת ישראל,כפר חב''ד,
37340,כפר חבד,השלום,רחובות-רחובות --> בנימינה-בנימינה גבעת עדה,בנימינה,רכבת ישראל,כפר חב''ד,
37340,כפר חבד,תל אביב מרכז,רחובות-רחובות --> בנימינה-בנימינה גבעת עדה,בנימינה,רכבת ישראל,כפר חב''ד,
37340,כפר חבד,תל אביב האוניברסיטה - אקספו,רחובות-רחובות --> בנימינה-בנימינה גבעת עדה,בנימינה,רכבת ישראל,כפר חב''ד,
37340,כפר חבד,הרצליה,רחובות-רחובות --> בנימינה-בנימינה גבעת עדה,בנימינה,רכבת ישראל,כפר חב''ד,
37340,כפר חבד,בית יהושע,רחובות-רחובות --> בנימינה-בנימינה גבעת עדה,בנימינה,רכבת ישראל,כפר חב''ד,
37340,כפר חבד,נתניה קריית ספיר,רחובות-רחובות --> בנימינה-בנימינה גבעת עדה,בנימינה,רכבת ישראל,כפר חב''ד,
37340,כפר חבד,נתניה,רחובות-רחובות --> בנימינה-בנימינה גבעת עדה,בנימינה,רכבת ישראל,כפר חב''ד,
37340,כפר חבד,חדרה מערב,רחובות-רחובות --> בנימינה-בנימינה גבעת עדה,בנימינה,רכבת ישראל,כפר חב''ד,
37340,כפר חבד,קיסריה פרדס חנה,רחובות-רחובות --> בנימינה-בנימינה גבעת עדה,בנימינה,רכבת ישראל,כפר חב''ד,
37340,כפר חבד,בנימינה,רחובות-רחובות --> בנימינה-בנימינה גבעת עדה,בנימינה,רכבת ישראל,כפר חב''ד,
37292,תל אביב ההגנה,השלום,רחובות-רחובות --> בנימינה-בנימינה גבעת עדה,בנימינה,רכבת ישראל,תל אביב יפו,
37292,תל אביב ההגנה,תל אביב מרכז,רחובות-רחובות --> בנימינה-בנימינה גבעת עדה,בנימינה,רכבת ישראל,תל אביב יפו,
37292,תל אביב ההגנה,תל אביב האוניברסיטה - אקספו,רחובות-רחובות --> בנימינה-בנימינה גבעת עדה,בנימינה,רכבת ישראל,תל אביב יפו,
37292,תל אביב ההגנה,הרצליה,רחובות-רחובות --> בנימינה-בנימינה גבעת עדה,בנימינה,רכבת ישראל,תל אביב יפו,
37292,תל אביב ההגנה,בית יהושע,רחובות-רחובות --> בנימינה-בנימינה גבעת עדה,בנימינה,רכבת ישראל,תל אביב יפו,
37292,תל אביב ההגנה,נתניה קריית ספיר,רחובות-רחובות --> בנימינה-בנימינה גבעת עדה,בנימינה,רכבת ישראל,תל אביב יפו,
37292,תל אביב ההגנה,נתניה,רחובות-רחובות --> בנימינה-בנימינה גבעת עדה,בנימינה,רכבת ישראל,תל אביב יפו,
37292,תל אביב ההגנה,חדרה מערב,רחובות-רחובות --> בנימינה-בנימינה גבעת עדה,בנימינה,רכבת ישראל,תל אביב יפו,
37292,תל אביב ההגנה,קיסריה פרדס חנה,רחובות-רחובות --> בנימינה-בנימינה גבעת עדה,בנימינה,רכבת ישראל,תל אביב יפו,
37292,תל אביב ההגנה,בנימינה,רחובות-רחובות --> בנימינה-בנימינה גבעת עדה,בנימינה,רכבת ישראל,תל אביב יפו,
37350,השלום,תל אביב מרכז,רחובות-רחובות --> בנימינה-בנימינה גבעת עדה,בנימינה,רכבת ישראל,תל אביב יפו,
37350,השלום,תל אביב האוניברסיטה - אקספו,רחובות-רחובות --> בנימינה-בנימינה גבעת עדה,בנימינה,רכבת ישראל,תל אביב יפו,
37350,השלום,הרצליה,רחובות-רחובות --> בנימינה-בנימינה גבעת עדה,בנימינה,רכבת ישראל,תל אביב יפו,
37350,השלום,בית יהושע,רחובות-רחובות --> בנימינה-בנימינה גבעת עדה,בנימינה,רכבת ישראל,תל אביב יפו,
37350,השלום,נתניה קריית ספיר,רחובות-רחובות --> בנימינה-בנימינה גבעת עדה,בנימינה,רכבת ישראל,תל אביב יפו,
37350,השלום,נתניה,רחובות-רחובות --> בנימינה-בנימינה גבעת עדה,בנימינה,רכבת ישראל,תל אביב יפו,
37350,השלום,חדרה מערב,רחובות-רחובות --> בנימינה-בנימינה גבעת עדה,בנימינה,רכבת ישראל,תל אביב יפו,
37350,השלום,קיסריה פרדס חנה,רחובות-רחובות --> בנימינה-בנימינה גבעת עדה,בנימינה,רכבת ישראל,תל אביב יפו,
37350,השלום,בנימינה,רחובות-רחובות --> בנימינה-בנימינה גבעת עדה,בנימינה,רכבת ישראל,תל אביב יפו,
37358,תל אביב מרכז,תל אביב האוניברסיטה - אקספו,רחובות-רחובות --> בנימינה-בנימינה גבעת עדה,בנימינה,רכבת ישראל,תל אביב יפו,
37358,תל אביב מרכז,הרצליה,רחובות-רחובות --> בנימינה-בנימינה גבעת עדה,בנימינה,רכבת ישראל,תל אביב יפו,
37358,תל אביב מרכז,בית יהושע,רחובות-רחובות --> בנימינה-בנימינה גבעת עדה,בנימינה,רכבת ישראל,תל אביב יפו,
37358,תל אביב מרכז,נתניה קריית ספיר,רחובות-רחובות --> בנימינה-בנימינה גבעת עדה,בנימינה,רכבת ישראל,תל אביב יפו,
37358,תל אביב מרכז,נתניה,רחובות-רחובות --> בנימינה-בנימינה גבעת עדה,בנימינה,רכבת ישראל,תל אביב יפו,
37358,תל אביב מרכז,חדרה מערב,רחובות-רחובות --> בנימינה-בנימינה גבעת עדה,בנימינה,רכבת ישראל,תל אביב יפו,
37358,תל אביב מרכז,קיסריה פרדס חנה,רחובות-רחובות --> בנימינה-בנימינה גבעת עדה,בנימינה,רכבת ישראל,תל אביב יפו,
37358,תל אביב מרכז,בנימינה,רחובות-רחובות --> בנימינה-בנימינה גבעת עדה,בנימינה,רכבת ישראל,תל אביב יפו,
37360,תל אביב האוניברסיטה - אקספו,הרצליה,רחובות-רחובות --> בנימינה-בנימינה גבעת עדה,בנימינה,רכבת ישראל,תל אביב יפו,
37360,תל אביב האוניברסיטה - אקספו,בית יהושע,רחובות-רחובות --> בנימינה-בנימינה גבעת עדה,בנימינה,רכבת ישראל,תל אביב יפו,
37360,תל אביב האוניברסיטה - אקספו,נתניה קריית ספיר,רחובות-רחובות --> בנימינה-בנימינה גבעת עדה,בנימינה,רכבת ישראל,תל אביב יפו,
37360,תל אביב האוניברסיטה - אקספו,נתניה,רחובות-רחובות --> בנימינה-בנימינה גבעת עדה,בנימינה,רכבת ישראל,תל אביב יפו,
37360,תל אביב האוניברסיטה - אקספו,חדרה מערב,רחובות-רחובות --> בנימינה-בנימינה גבעת עדה,בנימינה,רכבת ישראל,תל אביב יפו,
37360,תל אביב האוניברסיטה - אקספו,קיסריה פרדס חנה,רחובות-רחובות --> בנימינה-בנימינה גבעת עדה,בנימינה,רכבת ישראל,תל אביב יפו,
37360,תל אביב האוניברסיטה - אקספו,בנימינה,רחובות-רחובות --> בנימינה-בנימינה גבעת עדה,בנימינה,רכבת ישראל,תל אביב יפו,
37362,הרצליה,בית יהושע,רחובות-רחובות --> בנימינה-בנימינה גבעת עדה,בנימינה,רכבת ישראל,הרצליה,
37362,הרצליה,נתניה קריית ספיר,רחובות-רחובות --> בנימינה-בנימינה גבעת עדה,בנימינה,רכבת ישראל,הרצליה,
37362,הרצליה,נתניה,רחובות-רחובות --> בנימינה-בנימינה גבעת עדה,בנימינה,רכבת ישראל,הרצליה,
37362,הרצליה,חדרה מערב,רחובות-רחובות --> בנימינה-בנימינה גבעת עדה,בנימינה,רכבת ישראל,הרצליה,
37362,הרצליה,קיסריה פרדס חנה,רחובות-רחובות --> בנימינה-בנימינה גבעת עדה,בנימינה,רכבת ישראל,הרצליה,
37362,הרצליה,בנימינה,רחובות-רחובות --> בנימינה-בנימינה גבעת עדה,בנימינה,רכבת ישראל,הרצליה,
37364,בית יהושע,נתניה קריית ספיר,רחובות-רחובות --> בנימינה-בנימינה גבעת עדה,בנימינה,רכבת ישראל,בית יהושע,
37364,בית יהושע,נתניה,רחובות-רחובות --> בנימינה-בנימינה גבעת עדה,בנימינה,רכבת ישראל,בית יהושע,
37364,בית יהושע,חדרה מערב,רחובות-רחובות --> בנימינה-בנימינה גבעת עדה,בנימינה,רכבת ישראל,בית יהושע,
37364,בית יהושע,קיסריה פרדס חנה,רחובות-רחובות --> בנימינה-בנימינה גבעת עדה,בנימינה,רכבת ישראל,בית יהושע,
37364,בית יהושע,בנימינה,רחובות-רחובות --> בנימינה-בנימינה גבעת עדה,בנימינה,רכבת ישראל,בית יהושע,
40640,נתניה קריית ספיר,נתניה,רחובות-רחובות --> בנימינה-בנימינה גבעת עדה,בנימינה,רכבת ישראל,נתניה,
40640,נתניה קריית ספיר,חדרה מערב,רחובות-רחובות --> בנימינה-בנימינה גבעת עדה,בנימינה,רכבת ישראל,נתניה,
40640,נתניה קריית ספיר,קיסריה פרדס חנה,רחובות-רחובות --> בנימינה-בנימינה גבעת עדה,בנימינה,רכבת ישראל,נתניה,
40640,נתניה קריית ספיר,בנימינה,רחובות-רחובות --> בנימינה-בנימינה גבעת עדה,בנימינה,רכבת ישראל,נתניה,
37366,נתניה,חדרה מערב,רחובות-רחובות --> בנימינה-בנימינה גבעת עדה,בנימינה,רכבת ישראל,נתניה,
37366,נתניה,קיסריה פרדס חנה,רחובות-רחובות --> בנימינה-בנימינה גבעת עדה,בנימינה,רכבת ישראל,נתניה,
37366,נתניה,בנימינה,רחובות-רחובות --> בנימינה-בנימינה גבעת עדה,בנימינה,רכבת ישראל,נתניה,
37368,חדרה מערב,קיסריה פרדס חנה,רחובות-רחובות --> בנימינה-בנימינה גבעת עדה,בנימינה,רכבת ישראל,חדרה,
37368,חדרה מערב,בנימינה,רחובות-רחובות --> בנימינה-בנימינה גבעת עדה,בנימינה,רכבת ישראל,חדרה,
37370,קיסריה פרדס חנה,בנימינה,רחובות-רחובות --> בנימינה-בנימינה גבעת עדה,בנימינה,רכבת ישראל,פרדס חנה כרכור,
37376,חוף הכרמל,בת גלים,חוף הכרמל-חיפה --> בית שאן-בית שאן,,רכבת ישראל,חוף הכרמל,
37376,חוף הכרמל,חיפה מרכז,חוף הכרמל-חיפה --> בית שאן-בית שאן,,רכבת ישראל,חוף הכרמל,
37376,חוף הכרמל,מרכזית המפרץ,חוף הכרמל-חיפה --> בית שאן-בית שאן,,רכבת ישראל,חוף הכרמל,
37376,חוף הכרמל,כפר יהושע,חוף הכרמל-חיפה --> בית שאן-בית שאן,,רכבת ישראל,חוף הכרמל,
37376,חוף הכרמל,כפר ברוך,חוף הכרמל-חיפה --> בית שאן-בית שאן,,רכבת ישראל,חוף הכרמל,
37376,חוף הכרמל,עפולה,חוף הכרמל-חיפה --> בית שאן-בית שאן,,רכבת ישראל,חוף הכרמל,
37376,חוף הכרמל,בית שאן - דוד לוי,חוף הכרמל-חיפה --> בית שאן-בית שאן,,רכבת ישראל,חוף הכרמל,
37378,בת גלים,חיפה מרכז,חוף הכרמל-חיפה --> בית שאן-בית שאן,,רכבת ישראל,חיפה,
37378,בת גלים,מרכזית המפרץ,חוף הכרמל-חיפה --> בית שאן-בית שאן,,רכבת ישראל,חיפה,
37378,בת גלים,כפר יהושע,חוף הכרמל-חיפה --> בית שאן-בית שאן,,רכבת ישראל,חיפה,
37378,בת גלים,כפר ברוך,חוף הכרמל-חיפה --> בית שאן-בית שאן,,רכבת ישראל,חיפה,
37378,בת גלים,עפולה,חוף הכרמל-חיפה --> בית שאן-בית שאן,,רכבת ישראל,חיפה,
37378,בת גלים,בית שאן - דוד לוי,חוף הכרמל-חיפה --> בית שאן-בית שאן,,רכבת ישראל,חיפה,
37380,חיפה מרכז,מרכזית המפרץ,חוף הכרמל-חיפה --> בית שאן-בית שאן,,רכבת ישראל,חיפה,
37380,חיפה מרכז,כפר יהושע,חוף הכרמל-חיפה --> בית שאן-בית שאן,,רכבת ישראל,חיפה,
37380,חיפה מרכז,כפר ברוך,חוף הכרמל-חיפה --> בית שאן-בית שאן,,רכבת ישראל,חיפה,
37380,חיפה מרכז,עפולה,חוף הכרמל-חיפה --> בית שאן-בית שאן,,רכבת ישראל,חיפה,
37380,חיפה מרכז,בית שאן - דוד לוי,חוף הכרמל-חיפה --> בית שאן-בית שאן,,רכבת ישראל,חיפה,
42507,מרכזית המפרץ,כפר יהושע,חוף הכרמל-חיפה --> בית שאן-בית שאן,,רכבת ישראל,חיפה,
42507,מרכזית המפרץ,כפר ברוך,חוף הכרמל-חיפה --> בית שאן-בית שאן,,רכבת ישראל,חיפה,
42507,מרכזית המפרץ,עפולה,חוף הכרמל-חיפה --> בית שאן-בית שאן,,רכבת ישראל,חיפה,
42507,מרכזית המפרץ,בית שאן - דוד לוי,חוף הכרמל-חיפה --> בית שאן-בית שאן,,רכבת ישראל,חיפה,
40584,כפר יהושע,כפר ברוך,חוף הכרמל-חיפה --> בית שאן-בית שאן,,רכבת ישראל,כפר יהושע,
40584,כפר יהושע,עפולה,חוף הכרמל-חיפה --> בית שאן-בית שאן,,רכבת ישראל,כפר יהושע,
40584,כפר יהושע,בית שאן - דוד לוי,חוף הכרמל-חיפה --> בית שאן-בית שאן,,רכבת ישראל,כפר יהושע,
40581,כפר ברוך,עפולה,חוף הכרמל-חיפה --> בית שאן-בית שאן,,רכבת ישראל,כפר ברוך,
40581,כפר ברוך,בית שאן - דוד לוי,חוף הכרמל-חיפה --> בית שאן-בית שאן,,רכבת ישראל,כפר ברוך,
40582,עפולה,בית שאן - דוד לוי,חוף הכרמל-חיפה --> בית שאן-בית שאן,,רכבת ישראל,עפולה,
40583,בית שאן - דוד לוי,חיפה מרכז,בית שאן-בית שאן --> חיפה מרכז-חיפה,חיפה מרכז,רכבת ישראל,בית שאן,
40582,עפולה,חיפה מרכז,בית שאן-בית שאן --> חיפה מרכז-חיפה,חיפה מרכז,רכבת ישראל,עפולה,
40581,כפר ברוך,חיפה מרכז,בית שאן-בית שאן --> חיפה מרכז-חיפה,חיפה מרכז,רכבת ישראל,כפר ברוך,
40584,כפר יהושע,חיפה מרכז,בית שאן-בית שאן --> חיפה מרכז-חיפה,חיפה מרכז,רכבת ישראל,כפר יהושע,
37332,רחובות,לוד גני אביב,רחובות-רחובות --> בנימינה-בנימינה גבעת עדה,בנימינה,רכבת ישראל,רחובות,
37332,רחובות,כפר חבד,רחובות-רחובות --> בנימינה-בנימינה גבעת עדה,בנימינה,רכבת ישראל,רחובות,
37332,רחובות,תל אביב ההגנה,רחובות-רחובות --> בנימינה-בנימינה גבעת עדה,בנימינה,רכבת ישראל,רחובות,
37332,רחובות,השלום,רחובות-רחובות --> בנימינה-בנימינה גבעת עדה,בנימינה,רכבת ישראל,רחובות,
37332,רחובות,תל אביב מרכז,רחובות-רחובות --> בנימינה-בנימינה גבעת עדה,בנימינה,רכבת ישראל,רחובות,
37332,רחובות,תל אביב האוניברסיטה - אקספו,רחובות-רחובות --> בנימינה-בנימינה גבעת עדה,בנימינה,רכבת ישראל,רחובות,
37332,רחובות,הרצליה,רחובות-רחובות --> בנימינה-בנימינה גבעת עדה,בנימינה,רכבת ישראל,רחובות,
37332,רחובות,בית יהושע,רחובות-רחובות --> בנימינה-בנימינה גבעת עדה,בנימינה,רכבת ישראל,רחובות,
37332,רחובות,נתניה קריית ספיר,רחובות-רחובות --> בנימינה-בנימינה גבעת עדה,בנימינה,רכבת ישראל,רחובות,
37332,רחובות,נתניה,רחובות-רחובות --> בנימינה-בנימינה גבעת עדה,בנימינה,רכבת ישראל,רחובות,
37332,רחובות,חדרה מערב,רחובות-רחובות --> בנימינה-בנימינה גבעת עדה,בנימינה,רכבת ישראל,רחובות,
37332,רחובות,קיסריה פרדס חנה,רחובות-רחובות --> בנימינה-בנימינה גבעת עדה,בנימינה,רכבת ישראל,רחובות,
37332,רחובות,בנימינה,רחובות-רחובות --> בנימינה-בנימינה גבעת עדה,בנימינה,רכבת ישראל,רחובות,
37330,באר יעקב,לוד גני אביב,רחובות-רחובות --> בנימינה-בנימינה גבעת עדה,בנימינה,רכבת ישראל,באר יעקב,
37330,באר יעקב,כפר חבד,רחובות-רחובות --> בנימינה-בנימינה גבעת עדה,בנימינה,רכבת ישראל,באר יעקב,
37330,באר יעקב,תל אביב ההגנה,רחובות-רחובות --> בנימינה-בנימינה גבעת עדה,בנימינה,רכבת ישראל,באר יעקב,
37330,באר יעקב,השלום,רחובות-רחובות --> בנימינה-בנימינה גבעת עדה,בנימינה,רכבת ישראל,באר יעקב,
37330,באר יעקב,תל אביב מרכז,רחובות-רחובות --> בנימינה-בנימינה גבעת עדה,בנימינה,רכבת ישראל,באר יעקב,
37330,באר יעקב,תל אביב האוניברסיטה - אקספו,רחובות-רחובות --> בנימינה-בנימינה גבעת עדה,בנימינה,רכבת ישראל,באר יעקב,
37330,באר יעקב,הרצליה,רחובות-רחובות --> בנימינה-בנימינה גבעת עדה,בנימינה,רכבת ישראל,באר יעקב,
37330,באר יעקב,בית יהושע,רחובות-רחובות --> בנימינה-בנימינה גבעת עדה,בנימינה,רכבת ישראל,באר יעקב,
37330,באר יעקב,נתניה קריית ספיר,רחובות-רחובות --> בנימינה-בנימינה גבעת עדה,בנימינה,רכבת ישראל,באר יעקב,
37330,באר יעקב,נתניה,רחובות-רחובות --> בנימינה-בנימינה גבעת עדה,בנימינה,רכבת ישראל,באר יעקב,
37330,באר יעקב,חדרה מערב,רחובות-רחובות --> בנימינה-בנימינה גבעת עדה,בנימינה,רכבת ישראל,באר יעקב,
37330,באר יעקב,קיסריה פרדס חנה,רחובות-רחובות --> בנימינה-בנימינה גבעת עדה,בנימינה,רכבת ישראל,באר יעקב,
37330,באר יעקב,בנימינה,רחובות-רחובות --> בנימינה-בנימינה גבעת עדה,בנימינה,רכבת ישראל,באר יעקב,
37338,לוד,לוד גני אביב,רחובות-רחובות --> בנימינה-בנימינה גבעת עדה,בנימינה,רכבת ישראל,לוד,
37338,לוד,כפר חבד,רחובות-רחובות --> בנימינה-בנימינה גבעת עדה,בנימינה,רכבת ישראל,לוד,
37338,לוד,תל אביב ההגנה,רחובות-רחובות --> בנימינה-בנימינה גבעת עדה,בנימינה,רכבת ישראל,לוד,
37338,לוד,השלום,רחובות-רחובות --> בנימינה-בנימינה גבעת עדה,בנימינה,רכבת ישראל,לוד,
37338,לוד,תל אביב מרכז,רחובות-רחובות --> בנימינה-בנימינה גבעת עדה,בנימינה,רכבת ישראל,לוד,
37338,לוד,תל אביב האוניברסיטה - אקספו,רחובות-רחובות --> בנימינה-בנימינה גבעת עדה,בנימינה,רכבת ישראל,לוד,
37338,לוד,הרצליה,רחובות-רחובות --> בנימינה-בנימינה גבעת עדה,בנימינה,רכבת ישראל,לוד,
37338,לוד,בית יהושע,רחובות-רחובות --> בנימינה-בנימינה גבעת עדה,בנימינה,רכבת ישראל,לוד,
37338,לוד,נתניה קריית ספיר,רחובות-רחובות --> בנימינה-בנימינה גבעת עדה,בנימינה,רכבת ישראל,לוד,
37338,לוד,נתניה,רחובות-רחובות --> בנימינה-בנימינה גבעת עדה,בנימינה,רכבת ישראל,לוד,
37338,לוד,חדרה מערב,רחובות-רחובות --> בנימינה-בנימינה גבעת עדה,בנימינה,רכבת ישראל,לוד,
37338,לוד,קיסריה פרדס חנה,רחובות-רחובות --> בנימינה-בנימינה גבעת עדה,בנימינה,רכבת ישראל,לוד,
37338,לוד,בנימינה,רחובות-רחובות --> בנימינה-בנימינה גבעת עדה,בנימינה,רכבת ישראל,לוד,
37334,לוד גני אביב,כפר חבד,רחובות-רחובות --> בנימינה-בנימינה גבעת עדה,בנימינה,רכבת ישראל,לוד,
37334,לוד גני אביב,תל אביב ההגנה,רחובות-רחובות --> בנימינה-בנימינה גבעת עדה,בנימינה,רכבת ישראל,לוד,
37334,לוד גני אביב,השלום,רחובות-רחובות --> בנימינה-בנימינה גבעת עדה,בנימינה,רכבת ישראל,לוד,
37334,לוד גני אביב,תל אביב מרכז,רחובות-רחובות --> בנימינה-בנימינה גבעת עדה,בנימינה,רכבת ישראל,לוד,
37334,לוד גני אביב,תל אביב האוניברסיטה - אקספו,רחובות-רחובות --> בנימינה-בנימינה גבעת עדה,בנימינה,רכבת ישראל,לוד,
37334,לוד גני אביב,הרצליה,רחובות-רחובות --> בנימינה-בנימינה גבעת עדה,בנימינה,רכבת ישראל,לוד,
37334,לוד גני אביב,בית יהושע,רחובות-רחובות --> בנימינה-בנימינה גבעת עדה,בנימינה,רכבת ישראל,לוד,
37334,לוד גני אביב,נתניה קריית ספיר,רחובות-רחובות --> בנימינה-בנימינה גבעת עדה,בנימינה,רכבת ישראל,לוד,
37334,לוד גני אביב,נתניה,רחובות-רחובות --> בנימינה-בנימינה גבעת עדה,בנימינה,רכבת ישראל,לוד,
37334,לוד גני אביב,חדרה מערב,רחובות-רחובות --> בנימינה-בנימינה גבעת עדה,בנימינה,רכבת ישראל,לוד,
37334,לוד גני אביב,קיסריה פרדס חנה,רחובות-רחובות --> בנימינה-בנימינה גבעת עדה,בנימינה,רכבת ישראל,לוד,
37334,לוד גני אביב,בנימינה,רחובות-רחובות --> בנימינה-בנימינה גבעת עדה,בנימינה,רכבת ישראל,לוד,
37340,כפר חבד,תל אביב ההגנה,רחובות-רחובות --> בנימינה-בנימינה גבעת עדה,בנימינה,רכבת ישראל,כפר חב''ד,
37340,כפר חבד,השלום,רחובות-רחובות --> בנימינה-בנימינה גבעת עדה,בנימינה,רכבת ישראל,כפר חב''ד,
37340,כפר חבד,תל אביב מרכז,רחובות-רחובות --> בנימינה-בנימינה גבעת עדה,בנימינה,רכבת ישראל,כפר חב''ד,
37340,כפר חבד,תל אביב האוניברסיטה - אקספו,רחובות-רחובות --> בנימינה-בנימינה גבעת עדה,בנימינה,רכבת ישראל,כפר חב''ד,
37340,כפר חבד,הרצליה,רחובות-רחובות --> בנימינה-בנימינה גבעת עדה,בנימינה,רכבת ישראל,כפר חב''ד,
37340,כפר חבד,בית יהושע,רחובות-רחובות --> בנימינה-בנימינה גבעת עדה,בנימינה,רכבת ישראל,כפר חב''ד,
37340,כפר חבד,נתניה קריית ספיר,רחובות-רחובות --> בנימינה-בנימינה גבעת עדה,בנימינה,רכבת ישראל,כפר חב''ד,
37340,כפר חבד,נתניה,רחובות-רחובות --> בנימינה-בנימינה גבעת עדה,בנימינה,רכבת ישראל,כפר חב''ד,
37340,כפר חבד,חדרה מערב,רחובות-רחובות --> בנימינה-בנימינה גבעת עדה,בנימינה,רכבת ישראל,כפר חב''ד,
37340,כפר חבד,קיסריה פרדס חנה,רחובות-רחובות --> בנימינה-בנימינה גבעת עדה,בנימינה,רכבת ישראל,כפר חב''ד,
37340,כפר חבד,בנימינה,רחובות-רחובות --> בנימינה-בנימינה גבעת עדה,בנימינה,רכבת ישראל,כפר חב''ד,
37292,תל אביב ההגנה,השלום,רחובות-רחובות --> בנימינה-בנימינה גבעת עדה,בנימינה,רכבת ישראל,תל אביב יפו,
37292,תל אביב ההגנה,תל אביב מרכז,רחובות-רחובות --> בנימינה-בנימינה גבעת עדה,בנימינה,רכבת ישראל,תל אביב יפו,
37292,תל אביב ההגנה,תל אביב האוניברסיטה - אקספו,רחובות-רחובות --> בנימינה-בנימינה גבעת עדה,בנימינה,רכבת ישראל,תל אביב יפו,
37292,תל אביב ההגנה,הרצליה,רחובות-רחובות --> בנימינה-בנימינה גבעת עדה,בנימינה,רכבת ישראל,תל אביב יפו,
37292,תל אביב ההגנה,בית יהושע,רחובות-רחובות --> בנימינה-בנימינה גבעת עדה,בנימינה,רכבת ישראל,תל אביב יפו,
37292,תל אביב ההגנה,נתניה קריית ספיר,רחובות-רחובות --> בנימינה-בנימינה גבעת עדה,בנימינה,רכבת ישראל,תל אביב יפו,
37292,תל אביב ההגנה,נתניה,רחובות-רחובות --> בנימינה-בנימינה גבעת עדה,בנימינה,רכבת ישראל,תל אביב יפו,
37292,תל אביב ההגנה,חדרה מערב,רחובות-רחובות --> בנימינה-בנימינה גבעת עדה,בנימינה,רכבת ישראל,תל אביב יפו,
37292,תל אביב ההגנה,קיסריה פרדס חנה,רחובות-רחובות --> בנימינה-בנימינה גבעת עדה,בנימינה,רכבת ישראל,תל אביב יפו,
37292,תל אביב ההגנה,בנימינה,רחובות-רחובות --> בנימינה-בנימינה גבעת עדה,בנימינה,רכבת ישראל,תל אביב יפו,
37350,השלום,תל אביב מרכז,רחובות-רחובות --> בנימינה-בנימינה גבעת עדה,בנימינה,רכבת ישראל,תל אביב יפו,
37350,השלום,תל אביב האוניברסיטה - אקספו,רחובות-רחובות --> בנימינה-בנימינה גבעת עדה,בנימינה,רכבת ישראל,תל אביב יפו,
37350,השלום,הרצליה,רחובות-רחובות --> בנימינה-בנימינה גבעת עדה,בנימינה,רכבת ישראל,תל אביב יפו,
37350,השלום,בית יהושע,רחובות-רחובות --> בנימינה-בנימינה גבעת עדה,בנימינה,רכבת ישראל,תל אביב יפו,
37350,השלום,נתניה קריית ספיר,רחובות-רחובות --> בנימינה-בנימינה גבעת עדה,בנימינה,רכבת ישראל,תל אביב יפו,
37350,השלום,נתניה,רחובות-רחובות --> בנימינה-בנימינה גבעת עדה,בנימינה,רכבת ישראל,תל אביב יפו,
37350,השלום,חדרה מערב,רחובות-רחובות --> בנימינה-בנימינה גבעת עדה,בנימינה,רכבת ישראל,תל אביב יפו,
37350,השלום,קיסריה פרדס חנה,רחובות-רחובות --> בנימינה-בנימינה גבעת עדה,בנימינה,רכבת ישראל,תל אביב יפו,
37350,השלום,בנימינה,רחובות-רחובות --> בנימינה-בנימינה גבעת עדה,בנימינה,רכבת ישראל,תל אביב יפו,
37358,תל אביב מרכז,תל אביב האוניברסיטה - אקספו,רחובות-רחובות --> בנימינה-בנימינה גבעת עדה,בנימינה,רכבת ישראל,תל אביב יפו,
37358,תל אביב מרכז,הרצליה,רחובות-רחובות --> בנימינה-בנימינה גבעת עדה,בנימינה,רכבת ישראל,תל אביב יפו,
37358,תל אביב מרכז,בית יהושע,רחובות-רחובות --> בנימינה-בנימינה גבעת עדה,בנימינה,רכבת ישראל,תל אביב יפו,
37358,תל אביב מרכז,נתניה קריית ספיר,רחובות-רחובות --> בנימינה-בנימינה גבעת עדה,בנימינה,רכבת ישראל,תל אביב יפו,
37358,תל אביב מרכז,נתניה,רחובות-רחובות --> בנימינה-בנימינה גבעת עדה,בנימינה,רכבת ישראל,תל אביב יפו,
37358,תל אביב מרכז,חדרה מערב,רחובות-רחובות --> בנימינה-בנימינה גבעת עדה,בנימינה,רכבת ישראל,תל אביב יפו,
37358,תל אביב מרכז,קיסריה פרדס חנה,רחובות-רחובות --> בנימינה-בנימינה גבעת עדה,בנימינה,רכבת ישראל,תל אביב יפו,
37358,תל אביב מרכז,בנימינה,רחובות-רחובות --> בנימינה-בנימינה גבעת עדה,בנימינה,רכבת ישראל,תל אביב יפו,
37360,תל אביב האוניברסיטה - אקספו,הרצליה,רחובות-רחובות --> בנימינה-בנימינה גבעת עדה,בנימינה,רכבת ישראל,תל אביב יפו,
37360,תל אביב האוניברסיטה - אקספו,בית יהושע,רחובות-רחובות --> בנימינה-בנימינה גבעת עדה,בנימינה,רכבת ישראל,תל אביב יפו,
37360,תל אביב האוניברסיטה - אקספו,נתניה קריית ספיר,רחובות-רחובות --> בנימינה-בנימינה גבעת עדה,בנימינה,רכבת ישראל,תל אביב יפו,
37360,תל אביב האוניברסיטה - אקספו,נתניה,רחובות-רחובות --> בנימינה-בנימינה גבעת עדה,בנימינה,רכבת ישראל,תל אביב יפו,
37360,תל אביב האוניברסיטה - אקספו,חדרה מערב,רחובות-רחובות --> בנימינה-בנימינה גבעת עדה,בנימינה,רכבת ישראל,תל אביב יפו,
37360,תל אביב האוניברסיטה - אקספו,קיסריה פרדס חנה,רחובות-רחובות --> בנימינה-בנימינה גבעת עדה,בנימינה,רכבת ישראל,תל אביב יפו,
37360,תל אביב האוניברסיטה - אקספו,בנימינה,רחובות-רחובות --> בנימינה-בנימינה גבעת עדה,בנימינה,רכבת ישראל,תל אביב יפו,
37362,הרצליה,בית יהושע,רחובות-רחובות --> בנימינה-בנימינה גבעת עדה,בנימינה,רכבת ישראל,הרצליה,
37362,הרצליה,נתניה קריית ספיר,רחובות-רחובות --> בנימינה-בנימינה גבעת עדה,בנימינה,רכבת ישראל,הרצליה,
37362,הרצליה,נתניה,רחובות-רחובות --> בנימינה-בנימינה גבעת עדה,בנימינה,רכבת ישראל,הרצליה,
37362,הרצליה,חדרה מערב,רחובות-רחובות --> בנימינה-בנימינה גבעת עדה,בנימינה,רכבת ישראל,הרצליה,
37362,הרצליה,קיסריה פרדס חנה,רחובות-רחובות --> בנימינה-בנימינה גבעת עדה,בנימינה,רכבת ישראל,הרצליה,
37362,הרצליה,בנימינה,רחובות-רחובות --> בנימינה-בנימינה גבעת עדה,בנימינה,רכבת ישראל,הרצליה,
37364,בית יהושע,נתניה קריית ספיר,רחובות-רחובות --> בנימינה-בנימינה גבעת עדה,בנימינה,רכבת ישראל,בית יהושע,
37364,בית יהושע,נתניה,רחובות-רחובות --> בנימינה-בנימינה גבעת עדה,בנימינה,רכבת ישראל,בית יהושע,
37364,בית יהושע,חדרה מערב,רחובות-רחובות --> בנימינה-בנימינה גבעת עדה,בנימינה,רכבת ישראל,בית יהושע,
37364,בית יהושע,קיסריה פרדס חנה,רחובות-רחובות --> בנימינה-בנימינה גבעת עדה,בנימינה,רכבת ישראל,בית יהושע,
37364,בית יהושע,בנימינה,רחובות-רחובות --> בנימינה-בנימינה גבעת עדה,בנימינה,רכבת ישראל,בית יהושע,
40640,נתניה קריית ספיר,נתניה,רחובות-רחובות --> בנימינה-בנימינה גבעת עדה,בנימינה,רכבת ישראל,נתניה,
40640,נתניה קריית ספיר,חדרה מערב,רחובות-רחובות --> בנימינה-בנימינה גבעת עדה,בנימינה,רכבת ישראל,נתניה,
40640,נתניה קריית ספיר,קיסריה פרדס חנה,רחובות-רחובות --> בנימינה-בנימינה גבעת עדה,בנימינה,רכבת ישראל,נתניה,
40640,נתניה קריית ספיר,בנימינה,רחובות-רחובות --> בנימינה-בנימינה גבעת עדה,בנימינה,רכבת ישראל,נתניה,
37366,נתניה,חדרה מערב,רחובות-רחובות --> בנימינה-בנימינה גבעת עדה,בנימינה,רכבת ישראל,נתניה,
37366,נתניה,קיסריה פרדס חנה,רחובות-רחובות --> בנימינה-בנימינה גבעת עדה,בנימינה,רכבת ישראל,נתניה,
37366,נתניה,בנימינה,רחובות-רחובות --> בנימינה-בנימינה גבעת עדה,בנימינה,רכבת ישראל,נתניה,
37368,חדרה מערב,קיסריה פרדס חנה,רחובות-רחובות --> בנימינה-בנימינה גבעת עדה,בנימינה,רכבת ישראל,חדרה,
37368,חדרה מערב,בנימינה,רחובות-רחובות --> בנימינה-בנימינה גבעת עדה,בנימינה,רכבת ישראל,חדרה,
37370,קיסריה פרדס חנה,בנימינה,רחובות-רחובות --> בנימינה-בנימינה גבעת עדה,בנימינה,רכבת ישראל,פרדס חנה כרכור,
37372,בנימינה,קיסריה פרדס חנה,בנימינה-בנימינה גבעת עדה --> רחובות-רחובות,רחובות,רכבת ישראל,בנימינה גבעת עדה,
37372,בנימינה,חדרה מערב,בנימינה-בנימינה גבעת עדה --> רחובות-רחובות,רחובות,רכבת ישראל,בנימינה גבעת עדה,
37372,בנימינה,נתניה,בנימינה-בנימינה גבעת עדה --> רחובות-רחובות,רחובות,רכבת ישראל,בנימינה גבעת עדה,
37372,בנימינה,נתניה קריית ספיר,בנימינה-בנימינה גבעת עדה --> רחובות-רחובות,רחובות,רכבת ישראל,בנימינה גבעת עדה,
37372,בנימינה,בית יהושע,בנימינה-בנימינה גבעת עדה --> רחובות-רחובות,רחובות,רכבת ישראל,בנימינה גבעת עדה,
37372,בנימינה,הרצליה,בנימינה-בנימינה גבעת עדה --> רחובות-רחובות,רחובות,רכבת ישראל,בנימינה גבעת עדה,
37372,בנימינה,תל אביב האוניברסיטה - אקספו,בנימינה-בנימינה גבעת עדה --> רחובות-רחובות,רחובות,רכבת ישראל,בנימינה גבעת עדה,
37372,בנימינה,תל אביב מרכז,בנימינה-בנימינה גבעת עדה --> רחובות-רחובות,רחובות,רכבת ישראל,בנימינה גבעת עדה,
37372,בנימינה,השלום,בנימינה-בנימינה גבעת עדה --> רחובות-רחובות,רחובות,רכבת ישראל,בנימינה גבעת עדה,
37372,בנימינה,תל אביב ההגנה,בנימינה-בנימינה גבעת עדה --> רחובות-רחובות,רחובות,רכבת ישראל,בנימינה גבעת עדה,
37372,בנימינה,כפר חבד,בנימינה-בנימינה גבעת עדה --> רחובות-רחובות,רחובות,רכבת ישראל,בנימינה גבעת עדה,
37372,בנימינה,לוד גני אביב,בנימינה-בנימינה גבעת עדה --> רחובות-רחובות,רחובות,רכבת ישראל,בנימינה גבעת עדה,
37372,בנימינה,לוד,בנימינה-בנימינה גבעת עדה --> רחובות-רחובות,רחובות,רכבת ישראל,בנימינה גבעת עדה,
37372,בנימינה,באר יעקב,בנימינה-בנימינה גבעת עדה --> רחובות-רחובות,רחובות,רכבת ישראל,בנימינה גבעת עדה,
37372,בנימינה,רחובות,בנימינה-בנימינה גבעת עדה --> רחובות-רחובות,רחובות,רכבת ישראל,בנימינה גבעת עדה,
37370,קיסריה פרדס חנה,חדרה מערב,בנימינה-בנימינה גבעת עדה --> רחובות-רחובות,רחובות,רכבת ישראל,פרדס חנה כרכור,
37370,קיסריה פרדס חנה,נתניה,בנימינה-בנימינה גבעת עדה --> רחובות-רחובות,רחובות,רכבת ישראל,פרדס חנה כרכור,
37370,קיסריה פרדס חנה,נתניה קריית ספיר,בנימינה-בנימינה גבעת עדה --> רחובות-רחובות,רחובות,רכבת ישראל,פרדס חנה כרכור,
37370,קיסריה פרדס חנה,בית יהושע,בנימינה-בנימינה גבעת עדה --> רחובות-רחובות,רחובות,רכבת ישראל,פרדס חנה כרכור,
37370,קיסריה פרדס חנה,הרצליה,בנימינה-בנימינה גבעת עדה --> רחובות-רחובות,רחובות,רכבת ישראל,פרדס חנה כרכור,
37370,קיסריה פרדס חנה,תל אביב האוניברסיטה - אקספו,בנימינה-בנימינה גבעת עדה --> רחובות-רחובות,רחובות,רכבת ישראל,פרדס חנה כרכור,
37370,קיסריה פרדס חנה,תל אביב מרכז,בנימינה-בנימינה גבעת עדה --> רחובות-רחובות,רחובות,רכבת ישראל,פרדס חנה כרכור,
37370,קיסריה פרדס חנה,השלום,בנימינה-בנימינה גבעת עדה --> רחובות-רחובות,רחובות,רכבת ישראל,פרדס חנה כרכור,
37370,קיסריה פרדס חנה,תל אביב ההגנה,בנימינה-בנימינה גבעת עדה --> רחובות-רחובות,רחובות,רכבת ישראל,פרדס חנה כרכור,
37370,קיסריה פרדס חנה,כפר חבד,בנימינה-בנימינה גבעת עדה --> רחובות-רחובות,רחובות,רכבת ישראל,פרדס חנה כרכור,
37370,קיסריה פרדס חנה,לוד גני אביב,בנימינה-בנימינה גבעת עדה --> רחובות-רחובות,רחובות,רכבת ישראל,פרדס חנה כרכור,
37370,קיסריה פרדס חנה,לוד,בנימינה-בנימינה גבעת עדה --> רחובות-רחובות,רחובות,רכבת ישראל,פרדס חנה כרכור,
37370,קיסריה פרדס חנה,באר יעקב,בנימינה-בנימינה גבעת עדה --> רחובות-רחובות,רחובות,רכבת ישראל,פרדס חנה כרכור,
37370,קיסריה פרדס חנה,רחובות,בנימינה-בנימינה גבעת עדה --> רחובות-רחובות,רחובות,רכבת ישראל,פרדס חנה כרכור,
37368,חדרה מערב,נתניה,בנימינה-בנימינה גבעת עדה --> רחובות-רחובות,רחובות,רכבת ישראל,חדרה,
37368,חדרה מערב,נתניה קריית ספיר,בנימינה-בנימינה גבעת עדה --> רחובות-רחובות,רחובות,רכבת ישראל,חדרה,
37368,חדרה מערב,בית יהושע,בנימינה-בנימינה גבעת עדה --> רחובות-רחובות,רחובות,רכבת ישראל,חדרה,
37368,חדרה מערב,הרצליה,בנימינה-בנימינה גבעת עדה --> רחובות-רחובות,רחובות,רכבת ישראל,חדרה,
37368,חדרה מערב,תל אביב האוניברסיטה - אקספו,בנימינה-בנימינה גבעת עדה --> רחובות-רחובות,רחובות,רכבת ישראל,חדרה,
37368,חדרה מערב,תל אביב מרכז,בנימינה-בנימינה גבעת עדה --> רחובות-רחובות,רחובות,רכבת ישראל,חדרה,
37368,חדרה מערב,השלום,בנימינה-בנימינה גבעת עדה --> רחובות-רחובות,רחובות,רכבת ישראל,חדרה,
37368,חדרה מערב,תל אביב ההגנה,בנימינה-בנימינה גבעת עדה --> רחובות-רחובות,רחובות,רכבת ישראל,חדרה,
37368,חדרה מערב,כפר חבד,בנימינה-בנימינה גבעת עדה --> רחובות-רחובות,רחובות,רכבת ישראל,חדרה,
37368,חדרה מערב,לוד גני אביב,בנימינה-בנימינה גבעת עדה --> רחובות-רחובות,רחובות,רכבת ישראל,חדרה,
37368,חדרה מערב,לוד,בנימינה-בנימינה גבעת עדה --> רחובות-רחובות,רחובות,רכבת ישראל,חדרה,
37368,חדרה מערב,באר יעקב,בנימינה-בנימינה גבעת עדה --> רחובות-רחובות,רחובות,רכבת ישראל,חדרה,
37368,חדרה מערב,רחובות,בנימינה-בנימינה גבעת עדה --> רחובות-רחובות,רחובות,רכבת ישראל,חדרה,
37366,נתניה,נתניה קריית ספיר,בנימינה-בנימינה גבעת עדה --> רחובות-רחובות,רחובות,רכבת ישראל,נתניה,
37366,נתניה,בית יהושע,בנימינה-בנימינה גבעת עדה --> רחובות-רחובות,רחובות,רכבת ישראל,נתניה,
37366,נתניה,הרצליה,בנימינה-בנימינה גבעת עדה --> רחובות-רחובות,רחובות,רכבת ישראל,נתניה,
37366,נתניה,תל אביב האוניברסיטה - אקספו,בנימינה-בנימינה גבעת עדה --> רחובות-רחובות,רחובות,רכבת ישראל,נתניה,
37366,נתניה,תל אביב מרכז,בנימינה-בנימינה גבעת עדה --> רחובות-רחובות,רחובות,רכבת ישראל,נתניה,
37366,נתניה,השלום,בנימינה-בנימינה גבעת עדה --> רחובות-רחובות,רחובות,רכבת ישראל,נתניה,
37366,נתניה,תל אביב ההגנה,בנימינה-בנימינה גבעת עדה --> רחובות-רחובות,רחובות,רכבת ישראל,נתניה,
37366,נתניה,כפר חבד,בנימינה-בנימינה גבעת עדה --> רחובות-רחובות,רחובות,רכבת ישראל,נתניה,
37366,נתניה,לוד גני אביב,בנימינה-בנימינה גבעת עדה --> רחובות-רחובות,רחובות,רכבת ישראל,נתניה,
37366,נתניה,לוד,בנימינה-בנימינה גבעת עדה --> רחובות-רחובות,רחובות,רכבת ישראל,נתניה,
37366,נתניה,באר יעקב,בנימינה-בנימינה גבעת עדה --> רחובות-רחובות,רחובות,רכבת ישראל,נתניה,
37366,נתניה,רחובות,בנימינה-בנימינה גבעת עדה --> רחובות-רחובות,רחובות,רכבת ישראל,נתניה,
40640,נתניה קריית ספיר,בית יהושע,בנימינה-בנימינה גבעת עדה --> רחובות-רחובות,רחובות,רכבת ישראל,נתניה,
40640,נתניה קריית ספיר,הרצליה,בנימינה-בנימינה גבעת עדה --> רחובות-רחובות,רחובות,רכבת ישראל,נתניה,
40640,נתניה קריית ספיר,תל אביב האוניברסיטה - אקספו,בנימינה-בנימינה גבעת עדה --> רחובות-רחובות,רחובות,רכבת ישראל,נתניה,
40640,נתניה קריית ספיר,תל אביב מרכז,בנימינה-בנימינה גבעת עדה --> רחובות-רחובות,רחובות,רכבת ישראל,נתניה,
40640,נתניה קריית ספיר,השלום,בנימינה-בנימינה גבעת עדה --> רחובות-רחובות,רחובות,רכבת ישראל,נתניה,
40640,נתניה קריית ספיר,תל אביב ההגנה,בנימינה-בנימינה גבעת עדה --> רחובות-רחובות,רחובות,רכבת ישראל,נתניה,
40640,נתניה קריית ספיר,כפר חבד,בנימינה-בנימינה גבעת עדה --> רחובות-רחובות,רחובות,רכבת ישראל,נתניה,
40640,נתניה קריית ספיר,לוד גני אביב,בנימינה-בנימינה גבעת עדה --> רחובות-רחובות,רחובות,רכבת ישראל,נתניה,
40640,נתניה קריית ספיר,לוד,בנימינה-בנימינה גבעת עדה --> רחובות-רחובות,רחובות,רכבת ישראל,נתניה,
40640,נתניה קריית ספיר,באר יעקב,בנימינה-בנימינה גבעת עדה --> רחובות-רחובות,רחובות,רכבת ישראל,נתניה,
40640,נתניה קריית ספיר,רחובות,בנימינה-בנימינה גבעת עדה --> רחובות-רחובות,רחובות,רכבת ישראל,נתניה,
37364,בית יהושע,הרצליה,בנימינה-בנימינה גבעת עדה --> רחובות-רחובות,רחובות,רכבת ישראל,בית יהושע,
37364,בית יהושע,תל אביב האוניברסיטה - אקספו,בנימינה-בנימינה גבעת עדה --> רחובות-רחובות,רחובות,רכבת ישראל,בית יהושע,
37364,בית יהושע,תל אביב מרכז,בנימינה-בנימינה גבעת עדה --> רחובות-רחובות,רחובות,רכבת ישראל,בית יהושע,
37364,בית יהושע,השלום,בנימינה-בנימינה גבעת עדה --> רחובות-רחובות,רחובות,רכבת ישראל,בית יהושע,
37364,בית יהושע,תל אביב ההגנה,בנימינה-בנימינה גבעת עדה --> רחובות-רחובות,רחובות,רכבת ישראל,בית יהושע,
37364,בית יהושע,כפר חבד,בנימינה-בנימינה גבעת עדה --> רחובות-רחובות,רחובות,רכבת ישראל,בית יהושע,
37364,בית יהושע,לוד גני אביב,בנימינה-בנימינה גבעת עדה --> רחובות-רחובות,רחובות,רכבת ישראל,בית יהושע,
37364,בית יהושע,לוד,בנימינה-בנימינה גבעת עדה --> רחובות-רחובות,רחובות,רכבת ישראל,בית יהושע,
37364,בית יהושע,באר יעקב,בנימינה-בנימינה גבעת עדה --> רחובות-רחובות,רחובות,רכבת ישראל,בית יהושע,
37364,בית יהושע,רחובות,בנימינה-בנימינה גבעת עדה --> רחובות-רחובות,רחובות,רכבת ישראל,בית יהושע,
37362,הרצליה,תל אביב האוניברסיטה - אקספו,בנימינה-בנימינה גבעת עדה --> רחובות-רחובות,רחובות,רכבת ישראל,הרצליה,
37362,הרצליה,תל אביב מרכז,בנימינה-בנימינה גבעת עדה --> רחובות-רחובות,רחובות,רכבת ישראל,הרצליה,
37362,הרצליה,השלום,בנימינה-בנימינה גבעת עדה --> רחובות-רחובות,רחובות,רכבת ישראל,הרצליה,
37362,הרצליה,תל אביב ההגנה,בנימינה-בנימינה גבעת עדה --> רחובות-רחובות,רחובות,רכבת ישראל,הרצליה,
37362,הרצליה,כפר חבד,בנימינה-בנימינה גבעת עדה --> רחובות-רחובות,רחובות,רכבת ישראל,הרצליה,
37362,הרצליה,לוד גני אביב,בנימינה-בנימינה גבעת עדה --> רחובות-רחובות,רחובות,רכבת ישראל,הרצליה,
37362,הרצליה,לוד,בנימינה-בנימינה גבעת עדה --> רחובות-רחובות,רחובות,רכבת ישראל,הרצליה,
37362,הרצליה,באר יעקב,בנימינה-בנימינה גבעת עדה --> רחובות-רחובות,רחובות,רכבת ישראל,הרצליה,
37362,הרצליה,רחובות,בנימינה-בנימינה גבעת עדה --> רחובות-רחובות,רחובות,רכבת ישראל,הרצליה,
37360,תל אביב האוניברסיטה - אקספו,תל אביב מרכז,בנימינה-בנימינה גבעת עדה --> רחובות-רחובות,רחובות,רכבת ישראל,תל אביב יפו,
37360,תל אביב האוניברסיטה - אקספו,השלום,בנימינה-בנימינה גבעת עדה --> רחובות-רחובות,רחובות,רכבת ישראל,תל אביב יפו,
37360,תל אביב האוניברסיטה - אקספו,תל אביב ההגנה,בנימינה-בנימינה גבעת עדה --> רחובות-רחובות,רחובות,רכבת ישראל,תל אביב יפו,
37360,תל אביב האוניברסיטה - אקספו,כפר חבד,בנימינה-בנימינה גבעת עדה --> רחובות-רחובות,רחובות,רכבת ישראל,תל אביב יפו,
37360,תל אביב האוניברסיטה - אקספו,לוד גני אביב,בנימינה-בנימינה גבעת עדה --> רחובות-רחובות,רחובות,רכבת ישראל,תל אביב יפו,
37360,תל אביב האוניברסיטה - אקספו,לוד,בנימינה-בנימינה גבעת עדה --> רחובות-רחובות,רחובות,רכבת ישראל,תל אביב יפו,
37360,תל אביב האוניברסיטה - אקספו,באר יעקב,בנימינה-בנימינה גבעת עדה --> רחובות-רחובות,רחובות,רכבת ישראל,תל אביב יפו,
37360,תל אביב האוניברסיטה - אקספו,רחובות,בנימינה-בנימינה גבעת עדה --> רחובות-רחובות,רחובות,רכבת ישראל,תל אביב יפו,
37358,תל אביב מרכז,השלום,בנימינה-בנימינה גבעת עדה --> רחובות-רחובות,רחובות,רכבת ישראל,תל אביב יפו,
37358,תל אביב מרכז,תל אביב ההגנה,בנימינה-בנימינה גבעת עדה --> רחובות-רחובות,רחובות,רכבת ישראל,תל אביב יפו,
37358,תל אביב מרכז,כפר חבד,בנימינה-בנימינה גבעת עדה --> רחובות-רחובות,רחובות,רכבת ישראל,תל אביב יפו,
37358,תל אביב מרכז,לוד גני אביב,בנימינה-בנימינה גבעת עדה --> רחובות-רחובות,רחובות,רכבת ישראל,תל אביב יפו,
37358,תל אביב מרכז,לוד,בנימינה-בנימינה גבעת עדה --> רחובות-רחובות,רחובות,רכבת ישראל,תל אביב יפו,
37358,תל אביב מרכז,באר יעקב,בנימינה-בנימינה גבעת עדה --> רחובות-רחובות,רחובות,רכבת ישראל,תל אביב יפו,
37358,תל אביב מרכז,רחובות,בנימינה-בנימינה גבעת עדה --> רחובות-רחובות,רחובות,רכבת ישראל,תל אביב יפו,
37350,השלום,תל אביב ההגנה,בנימינה-בנימינה גבעת עדה --> רחובות-רחובות,רחובות,רכבת ישראל,תל אביב יפו,
37350,השלום,כפר חבד,בנימינה-בנימינה גבעת עדה --> רחובות-רחובות,רחובות,רכבת ישראל,תל אביב יפו,
37350,השלום,לוד גני אביב,בנימינה-בנימינה גבעת עדה --> רחובות-רחובות,רחובות,רכבת ישראל,תל אביב יפו,
37350,השלום,לוד,בנימינה-בנימינה גבעת עדה --> רחובות-רחובות,רחובות,רכבת ישראל,תל אביב יפו,
37350,השלום,באר יעקב,בנימינה-בנימינה גבעת עדה --> רחובות-רחובות,רחובות,רכבת ישראל,תל אביב יפו,
37350,השלום,רחובות,בנימינה-בנימינה גבעת עדה --> רחובות-רחובות,רחובות,רכבת ישראל,תל אביב יפו,
37292,תל אביב ההגנה,כפר חבד,בנימינה-בנימינה גבעת עדה --> רחובות-רחובות,רחובות,רכבת ישראל,תל אביב יפו,
37292,תל אביב ההגנה,לוד גני אביב,בנימינה-בנימינה גבעת עדה --> רחובות-רחובות,רחובות,רכבת ישראל,תל אביב יפו,
37292,תל אביב ההגנה,לוד,בנימינה-בנימינה גבעת עדה --> רחובות-רחובות,רחובות,רכבת ישראל,תל אביב יפו,
37292,תל אביב ההגנה,באר יעקב,בנימינה-בנימינה גבעת עדה --> רחובות-רחובות,רחובות,רכבת ישראל,תל אביב יפו,
37292,תל אביב ההגנה,רחובות,בנימינה-בנימינה גבעת עדה --> רחובות-רחובות,רחובות,רכבת ישראל,תל אביב יפו,
37340,כפר חבד,לוד גני אביב,בנימינה-בנימינה גבעת עדה --> רחובות-רחובות,רחובות,רכבת ישראל,כפר חב''ד,
37340,כפר חבד,לוד,בנימינה-בנימינה גבעת עדה --> רחובות-רחובות,רחובות,רכבת ישראל,כפר חב''ד,
37340,כפר חבד,באר יעקב,בנימינה-בנימינה גבעת עדה --> רחובות-רחובות,רחובות,רכבת ישראל,כפר חב''ד,
37340,כפר חבד,רחובות,בנימינה-בנימינה גבעת עדה --> רחובות-רחובות,רחובות,רכבת ישראל,כפר חב''ד,
37334,לוד גני אביב,לוד,בנימינה-בנימינה גבעת עדה --> רחובות-רחובות,רחובות,רכבת ישראל,לוד,
37334,לוד גני אביב,באר יעקב,בנימינה-בנימינה גבעת עדה --> רחובות-רחובות,רחובות,רכבת ישראל,לוד,
37334,לוד גני אביב,רחובות,בנימינה-בנימינה גבעת עדה --> רחובות-רחובות,רחובות,רכבת ישראל,לוד,
37338,לוד,באר יעקב,בנימינה-בנימינה גבעת עדה --> רחובות-רחובות,רחובות,רכבת ישראל,לוד,
37338,לוד,רחובות,בנימינה-בנימינה גבעת עדה --> רחובות-רחובות,רחובות,רכבת ישראל,לוד,
37330,באר יעקב,רחובות,בנימינה-בנימינה גבעת עדה --> רחובות-רחובות,רחובות,רכבת ישראל,באר יעקב,
41292,כרמיאל,אחיהוד,כרמיאל-כרמיאל --> באר שבע מרכז-באר שבע,באר שבע מרכז,רכבת ישראל,כרמיאל,
41292,כרמיאל,קרית מוצקין,כרמיאל-כרמיאל --> באר שבע מרכז-באר שבע,באר שבע מרכז,רכבת ישראל,כרמיאל,
41292,כרמיאל,מרכזית המפרץ/קו החוף,כרמיאל-כרמיאל --> באר שבע מרכז-באר שבע,באר שבע מרכז,רכבת ישראל,כרמיאל,
41292,כרמיאל,חיפה מרכז,כרמיאל-כרמיאל --> באר שבע מרכז-באר שבע,באר שבע מרכז,רכבת ישראל,כרמיאל,
41292,כרמיאל,בת גלים,כרמיאל-כרמיאל --> באר שבע מרכז-באר שבע,באר שבע מרכז,רכבת ישראל,כרמיאל,
41292,כרמיאל,חוף הכרמל,כרמיאל-כרמיאל --> באר שבע מרכז-באר שבע,באר שבע מרכז,רכבת ישראל,כרמיאל,
41292,כרמיאל,חדרה מערב,כרמיאל-כרמיאל --> באר שבע מרכז-באר שבע,באר שבע מרכז,רכבת ישראל,כרמיאל,
41292,כרמיאל,הרצליה,כרמיאל-כרמיאל --> באר שבע מרכז-באר שבע,באר שבע מרכז,רכבת ישראל,כרמיאל,
41292,כרמיאל,תל אביב האוניברסיטה - אקספו,כרמיאל-כרמיאל --> באר שבע מרכז-באר שבע,באר שבע מרכז,רכבת ישראל,כרמיאל,
41292,כרמיאל,תל אביב מרכז,כרמיאל-כרמיאל --> באר שבע מרכז-באר שבע,באר שבע מרכז,רכבת ישראל,כרמיאל,
41292,כרמיאל,השלום,כרמיאל-כרמיאל --> באר שבע מרכז-באר שבע,באר שבע מרכז,רכבת ישראל,כרמיאל,
41292,כרמיאל,תל אביב ההגנה,כרמיאל-כרמיאל --> באר שבע מרכז-באר שבע,באר שבע מרכז,רכבת ישראל,כרמיאל,
41292,כרמיאל,לוד,כרמיאל-כרמיאל --> באר שבע מרכז-באר שבע,באר שבע מרכז,רכבת ישראל,כרמיאל,
41292,כרמיאל,קרית גת,כרמיאל-כרמיאל --> באר שבע מרכז-באר שבע,באר שבע מרכז,רכבת ישראל,כרמיאל,
41292,כרמיאל,באר שבע צפון,כרמיאל-כרמיאל --> באר שבע מרכז-באר שבע,באר שבע מרכז,רכבת ישראל,כרמיאל,
41292,כרמיאל,באר שבע מרכז,כרמיאל-כרמיאל --> באר שבע מרכז-באר שבע,באר שבע מרכז,רכבת ישראל,כרמיאל,
41291,אחיהוד,קרית מוצקין,כרמיאל-כרמיאל --> באר שבע מרכז-באר שבע,באר שבע מרכז,רכבת ישראל,אחיהוד,
41291,אחיהוד,מרכזית המפרץ/קו החוף,כרמיאל-כרמיאל --> באר שבע מרכז-באר שבע,באר שבע מרכז,רכבת ישראל,אחיהוד,
41291,אחיהוד,חיפה מרכז,כרמיאל-כרמיאל --> באר שבע מרכז-באר שבע,באר שבע מרכז,רכבת ישראל,אחיהוד,
41291,אחיהוד,בת גלים,כרמיאל-כרמיאל --> באר שבע מרכז-באר שבע,באר שבע מרכז,רכבת ישראל,אחיהוד,
41291,אחיהוד,חוף הכרמל,כרמיאל-כרמיאל --> באר שבע מרכז-באר שבע,באר שבע מרכז,רכבת ישראל,אחיהוד,
41291,אחיהוד,חדרה מערב,כרמיאל-כרמיאל --> באר שבע מרכז-באר שבע,באר שבע מרכז,רכבת ישראל,אחיהוד,
41291,אחיהוד,הרצליה,כרמיאל-כרמיאל --> באר שבע מרכז-באר שבע,באר שבע מרכז,רכבת ישראל,אחיהוד,
41291,אחיהוד,תל אביב האוניברסיטה - אקספו,כרמיאל-כרמיאל --> באר שבע מרכז-באר שבע,באר שבע מרכז,רכבת ישראל,אחיהוד,
41291,אחיהוד,תל אביב מרכז,כרמיאל-כרמיאל --> באר שבע מרכז-באר שבע,באר שבע מרכז,רכבת ישראל,אחיהוד,
41291,אחיהוד,השלום,כרמיאל-כרמיאל --> באר שבע מרכז-באר שבע,באר שבע מרכז,רכבת ישראל,אחיהוד,
41291,אחיהוד,תל אביב ההגנה,כרמיאל-כרמיאל --> באר שבע מרכז-באר שבע,באר שבע מרכז,רכבת ישראל,אחיהוד,
41291,אחיהוד,לוד,כרמיאל-כרמיאל --> באר שבע מרכז-באר שבע,באר שבע מרכז,רכבת ישראל,אחיהוד,
41291,אחיהוד,קרית גת,כרמיאל-כרמיאל --> באר שבע מרכז-באר שבע,באר שבע מרכז,רכבת ישראל,אחיהוד,
41291,אחיהוד,באר שבע צפון,כרמיאל-כרמיאל --> באר שבע מרכז-באר שבע,באר שבע מרכז,רכבת ישראל,אחיהוד,
41291,אחיהוד,באר שבע מרכז,כרמיאל-כרמיאל --> באר שבע מרכז-באר שבע,באר שבע מרכז,רכבת ישראל,אחיהוד,
41293,קרית מוצקין,מרכזית המפרץ/קו החוף,כרמיאל-כרמיאל --> באר שבע מרכז-באר שבע,באר שבע מרכז,רכבת ישראל,קרית מוצקין,
41293,קרית מוצקין,חיפה מרכז,כרמיאל-כרמיאל --> באר שבע מרכז-באר שבע,באר שבע מרכז,רכבת ישראל,קרית מוצקין,
41293,קרית מוצקין,בת גלים,כרמיאל-כרמיאל --> באר שבע מרכז-באר שבע,באר שבע מרכז,רכבת ישראל,קרית מוצקין,
41293,קרית מוצקין,חוף הכרמל,כרמיאל-כרמיאל --> באר שבע מרכז-באר שבע,באר שבע מרכז,רכבת ישראל,קרית מוצקין,
41293,קרית מוצקין,חדרה מערב,כרמיאל-כרמיאל --> באר שבע מרכז-באר שבע,באר שבע מרכז,רכבת ישראל,קרית מוצקין,
41293,קרית מוצקין,הרצליה,כרמיאל-כרמיאל --> באר שבע מרכז-באר שבע,באר שבע מרכז,רכבת ישראל,קרית מוצקין,
41293,קרית מוצקין,תל אביב האוניברסיטה - אקספו,כרמיאל-כרמיאל --> באר שבע מרכז-באר שבע,באר שבע מרכז,רכבת ישראל,קרית מוצקין,
41293,קרית מוצקין,תל אביב מרכז,כרמיאל-כרמיאל --> באר שבע מרכז-באר שבע,באר שבע מרכז,רכבת ישראל,קרית מוצקין,
41293,קרית מוצקין,השלום,כרמיאל-כרמיאל --> באר שבע מרכז-באר שבע,באר שבע מרכז,רכבת ישראל,קרית מוצקין,
41293,קרית מוצקין,תל אביב ההגנה,כרמיאל-כרמיאל --> באר שבע מרכז-באר שבע,באר שבע מרכז,רכבת ישראל,קרית מוצקין,
41293,קרית מוצקין,לוד,כרמיאל-כרמיאל --> באר שבע מרכז-באר שבע,באר שבע מרכז,רכבת ישראל,קרית מוצקין,
41293,קרית מוצקין,קרית גת,כרמיאל-כרמיאל --> באר שבע מרכז-באר שבע,באר שבע מרכז,רכבת ישראל,קרית מוצקין,
41293,קרית מוצקין,באר שבע צפון,כרמיאל-כרמיאל --> באר שבע מרכז-באר שבע,באר שבע מרכז,רכבת ישראל,קרית מוצקין,
41293,קרית מוצקין,באר שבע מרכז,כרמיאל-כרמיאל --> באר שבע מרכז-באר שבע,באר שבע מרכז,רכבת ישראל,קרית מוצקין,
37388,מרכזית המפרץ/קו החוף,חיפה מרכז,כרמיאל-כרמיאל --> באר שבע מרכז-באר שבע,באר שבע מרכז,רכבת ישראל,חיפה,
37388,מרכזית המפרץ/קו החוף,בת גלים,כרמיאל-כרמיאל --> באר שבע מרכז-באר שבע,באר שבע מרכז,רכבת ישראל,חיפה,
37388,מרכזית המפרץ/קו החוף,חוף הכרמל,כרמיאל-כרמיאל --> באר שבע מרכז-באר שבע,באר שבע מרכז,רכבת ישראל,חיפה,
37388,מרכזית המפרץ/קו החוף,חדרה מערב,כרמיאל-כרמיאל --> באר שבע מרכז-באר שבע,באר שבע מרכז,רכבת ישראל,חיפה,
37388,מרכזית המפרץ/קו החוף,הרצליה,כרמיאל-כרמיאל --> באר שבע מרכז-באר שבע,באר שבע מרכז,רכבת ישראל,חיפה,
37388,מרכזית המפרץ/קו החוף,תל אביב האוניברסיטה - אקספו,כרמיאל-כרמיאל --> באר שבע מרכז-באר שבע,באר שבע מרכז,רכבת ישראל,חיפה,
37388,מרכזית המפרץ/קו החוף,תל אביב מרכז,כרמיאל-כרמיאל --> באר שבע מרכז-באר שבע,באר שבע מרכז,רכבת ישראל,חיפה,
37388,מרכזית המפרץ/קו החוף,השלום,כרמיאל-כרמיאל --> באר שבע מרכז-באר שבע,באר שבע מרכז,רכבת ישראל,חיפה,
37388,מרכזית המפרץ/קו החוף,תל אביב ההגנה,כרמיאל-כרמיאל --> באר שבע מרכז-באר שבע,באר שבע מרכז,רכבת ישראל,חיפה,
37388,מרכזית המפרץ/קו החוף,לוד,כרמיאל-כרמיאל --> באר שבע מרכז-באר שבע,באר שבע מרכז,רכבת ישראל,חיפה,
37388,מרכזית המפרץ/קו החוף,קרית גת,כרמיאל-כרמיאל --> באר שבע מרכז-באר שבע,באר שבע מרכז,רכבת ישראל,חיפה,
37388,מרכזית המפרץ/קו החוף,באר שבע צפון,כרמיאל-כרמיאל --> באר שבע מרכז-באר שבע,באר שבע מרכז,רכבת ישראל,חיפה,
37388,מרכזית המפרץ/קו החוף,באר שבע מרכז,כרמיאל-כרמיאל --> באר שבע מרכז-באר שבע,באר שבע מרכז,רכבת ישראל,חיפה,
37380,חיפה מרכז,בת גלים,כרמיאל-כרמיאל --> באר שבע מרכז-באר שבע,באר שבע מרכז,רכבת ישראל,חיפה,
37380,חיפה מרכז,חוף הכרמל,כרמיאל-כרמיאל --> באר שבע מרכז-באר שבע,באר שבע מרכז,רכבת ישראל,חיפה,
37380,חיפה מרכז,חדרה מערב,כרמיאל-כרמיאל --> באר שבע מרכז-באר שבע,באר שבע מרכז,רכבת ישראל,חיפה,
37380,חיפה מרכז,הרצליה,כרמיאל-כרמיאל --> באר שבע מרכז-באר שבע,באר שבע מרכז,רכבת ישראל,חיפה,
37380,חיפה מרכז,תל אביב האוניברסיטה - אקספו,כרמיאל-כרמיאל --> באר שבע מרכז-באר שבע,באר שבע מרכז,רכבת ישראל,חיפה,
37380,חיפה מרכז,תל אביב מרכז,כרמיאל-כרמיאל --> באר שבע מרכז-באר שבע,באר שבע מרכז,רכבת ישראל,חיפה,
37380,חיפה מרכז,השלום,כרמיאל-כרמיאל --> באר שבע מרכז-באר שבע,באר שבע מרכז,רכבת ישראל,חיפה,
37380,חיפה מרכז,תל אביב ההגנה,כרמיאל-כרמיאל --> באר שבע מרכז-באר שבע,באר שבע מרכז,רכבת ישראל,חיפה,
37380,חיפה מרכז,לוד,כרמיאל-כרמיאל --> באר שבע מרכז-באר שבע,באר שבע מרכז,רכבת ישראל,חיפה,
37380,חיפה מרכז,קרית גת,כרמיאל-כרמיאל --> באר שבע מרכז-באר שבע,באר שבע מרכז,רכבת ישראל,חיפה,
37380,חיפה מרכז,באר שבע צפון,כרמיאל-כרמיאל --> באר שבע מרכז-באר שבע,באר שבע מרכז,רכבת ישראל,חיפה,
37380,חיפה מרכז,באר שבע מרכז,כרמיאל-כרמיאל --> באר שבע מרכז-באר שבע,באר שבע מרכז,רכבת ישראל,חיפה,
37378,בת גלים,חוף הכרמל,כרמיאל-כרמיאל --> באר שבע מרכז-באר שבע,באר שבע מרכז,רכבת ישראל,חיפה,
37378,בת גלים,חדרה מערב,כרמיאל-כרמיאל --> באר שבע מרכז-באר שבע,באר שבע מרכז,רכבת ישראל,חיפה,
37378,בת גלים,הרצליה,כרמיאל-כרמיאל --> באר שבע מרכז-באר שבע,באר שבע מרכז,רכבת ישראל,חיפה,
37378,בת גלים,תל אביב האוניברסיטה - אקספו,כרמיאל-כרמיאל --> באר שבע מרכז-באר שבע,באר שבע מרכז,רכבת ישראל,חיפה,
37378,בת גלים,תל אביב מרכז,כרמיאל-כרמיאל --> באר שבע מרכז-באר שבע,באר שבע מרכז,רכבת ישראל,חיפה,
37378,בת גלים,השלום,כרמיאל-כרמיאל --> באר שבע מרכז-באר שבע,באר שבע מרכז,רכבת ישראל,חיפה,
37378,בת גלים,תל אביב ההגנה,כרמיאל-כרמיאל --> באר שבע מרכז-באר שבע,באר שבע מרכז,רכבת ישראל,חיפה,
37378,בת גלים,לוד,כרמיאל-כרמיאל --> באר שבע מרכז-באר שבע,באר שבע מרכז,רכבת ישראל,חיפה,
37378,בת גלים,קרית גת,כרמיאל-כרמיאל --> באר שבע מרכז-באר שבע,באר שבע מרכז,רכבת ישראל,חיפה,
37378,בת גלים,באר שבע צפון,כרמיאל-כרמיאל --> באר שבע מרכז-באר שבע,באר שבע מרכז,רכבת ישראל,חיפה,
37378,בת גלים,באר שבע מרכז,כרמיאל-כרמיאל --> באר שבע מרכז-באר שבע,באר שבע מרכז,רכבת ישראל,חיפה,
37376,חוף הכרמל,חדרה מערב,כרמיאל-כרמיאל --> באר שבע מרכז-באר שבע,באר שבע מרכז,רכבת ישראל,חוף הכרמל,
37376,חוף הכרמל,הרצליה,כרמיאל-כרמיאל --> באר שבע מרכז-באר שבע,באר שבע מרכז,רכבת ישראל,חוף הכרמל,
37376,חוף הכרמל,תל אביב האוניברסיטה - אקספו,כרמיאל-כרמיאל --> באר שבע מרכז-באר שבע,באר שבע מרכז,רכבת ישראל,חוף הכרמל,
37376,חוף הכרמל,תל אביב מרכז,כרמיאל-כרמיאל --> באר שבע מרכז-באר שבע,באר שבע מרכז,רכבת ישראל,חוף הכרמל,
37376,חוף הכרמל,השלום,כרמיאל-כרמיאל --> באר שבע מרכז-באר שבע,באר שבע מרכז,רכבת ישראל,חוף הכרמל,
37376,חוף הכרמל,תל אביב ההגנה,כרמיאל-כרמיאל --> באר שבע מרכז-באר שבע,באר שבע מרכז,רכבת ישראל,חוף הכרמל,
37376,חוף הכרמל,לוד,כרמיאל-כרמיאל --> באר שבע מרכז-באר שבע,באר שבע מרכז,רכבת ישראל,חוף הכרמל,
37376,חוף הכרמל,קרית גת,כרמיאל-כרמיאל --> באר שבע מרכז-באר שבע,באר שבע מרכז,רכבת ישראל,חוף הכרמל,
37376,חוף הכרמל,באר שבע צפון,כרמיאל-כרמיאל --> באר שבע מרכז-באר שבע,באר שבע מרכז,רכבת ישראל,חוף הכרמל,
37376,חוף הכרמל,באר שבע מרכז,כרמיאל-כרמיאל --> באר שבע מרכז-באר שבע,באר שבע מרכז,רכבת ישראל,חוף הכרמל,
37368,חדרה מערב,הרצליה,כרמיאל-כרמיאל --> באר שבע מרכז-באר שבע,באר שבע מרכז,רכבת ישראל,חדרה,
37368,חדרה מערב,תל אביב האוניברסיטה - אקספו,כרמיאל-כרמיאל --> באר שבע מרכז-באר שבע,באר שבע מרכז,רכבת ישראל,חדרה,
37368,חדרה מערב,תל אביב מרכז,כרמיאל-כרמיאל --> באר שבע מרכז-באר שבע,באר שבע מרכז,רכבת ישראל,חדרה,
37368,חדרה מערב,השלום,כרמיאל-כרמיאל --> באר שבע מרכז-באר שבע,באר שבע מרכז,רכבת ישראל,חדרה,
37368,חדרה מערב,תל אביב ההגנה,כרמיאל-כרמיאל --> באר שבע מרכז-באר שבע,באר שבע מרכז,רכבת ישראל,חדרה,
37368,חדרה מערב,לוד,כרמיאל-כרמיאל --> באר שבע מרכז-באר שבע,באר שבע מרכז,רכבת ישראל,חדרה,
37368,חדרה מערב,קרית גת,כרמיאל-כרמיאל --> באר שבע מרכז-באר שבע,באר שבע מרכז,רכבת ישראל,חדרה,
37368,חדרה מערב,באר שבע צפון,כרמיאל-כרמיאל --> באר שבע מרכז-באר שבע,באר שבע מרכז,רכבת ישראל,חדרה,
37368,חדרה מערב,באר שבע מרכז,כרמיאל-כרמיאל --> באר שבע מרכז-באר שבע,באר שבע מרכז,רכבת ישראל,חדרה,
37362,הרצליה,תל אביב האוניברסיטה - אקספו,כרמיאל-כרמיאל --> באר שבע מרכז-באר שבע,באר שבע מרכז,רכבת ישראל,הרצליה,
37362,הרצליה,תל אביב מרכז,כרמיאל-כרמיאל --> באר שבע מרכז-באר שבע,באר שבע מרכז,רכבת ישראל,הרצליה,
37362,הרצליה,השלום,כרמיאל-כרמיאל --> באר שבע מרכז-באר שבע,באר שבע מרכז,רכבת ישראל,הרצליה,
37362,הרצליה,תל אביב ההגנה,כרמיאל-כרמיאל --> באר שבע מרכז-באר שבע,באר שבע מרכז,רכבת ישראל,הרצליה,
37362,הרצליה,לוד,כרמיאל-כרמיאל --> באר שבע מרכז-באר שבע,באר שבע מרכז,רכבת ישראל,הרצליה,
37362,הרצליה,קרית גת,כרמיאל-כרמיאל --> באר שבע מרכז-באר שבע,באר שבע מרכז,רכבת ישראל,הרצליה,
37362,הרצליה,באר שבע צפון,כרמיאל-כרמיאל --> באר שבע מרכז-באר שבע,באר שבע מרכז,רכבת ישראל,הרצליה,
37362,הרצליה,באר שבע מרכז,כרמיאל-כרמיאל --> באר שבע מרכז-באר שבע,באר שבע מרכז,רכבת ישראל,הרצליה,
37360,תל אביב האוניברסיטה - אקספו,תל אביב מרכז,כרמיאל-כרמיאל --> באר שבע מרכז-באר שבע,באר שבע מרכז,רכבת ישראל,תל אביב יפו,
37360,תל אביב האוניברסיטה - אקספו,השלום,כרמיאל-כרמיאל --> באר שבע מרכז-באר שבע,באר שבע מרכז,רכבת ישראל,תל אביב יפו,
37360,תל אביב האוניברסיטה - אקספו,תל אביב ההגנה,כרמיאל-כרמיאל --> באר שבע מרכז-באר שבע,באר שבע מרכז,רכבת ישראל,תל אביב יפו,
37360,תל אביב האוניברסיטה - אקספו,לוד,כרמיאל-כרמיאל --> באר שבע מרכז-באר שבע,באר שבע מרכז,רכבת ישראל,תל אביב יפו,
37360,תל אביב האוניברסיטה - אקספו,קרית גת,כרמיאל-כרמיאל --> באר שבע מרכז-באר שבע,באר שבע מרכז,רכבת ישראל,תל אביב יפו,
37360,תל אביב האוניברסיטה - אקספו,באר שבע צפון,כרמיאל-כרמיאל --> באר שבע מרכז-באר שבע,באר שבע מרכז,רכבת ישראל,תל אביב יפו,
37360,תל אביב האוניברסיטה - אקספו,באר שבע מרכז,כרמיאל-כרמיאל --> באר שבע מרכז-באר שבע,באר שבע מרכז,רכבת ישראל,תל אביב יפו,
37358,תל אביב מרכז,השלום,כרמיאל-כרמיאל --> באר שבע מרכז-באר שבע,באר שבע מרכז,רכבת ישראל,תל אביב יפו,
37358,תל אביב מרכז,תל אביב ההגנה,כרמיאל-כרמיאל --> באר שבע מרכז-באר שבע,באר שבע מרכז,רכבת ישראל,תל אביב יפו,
37358,תל אביב מרכז,לוד,כרמיאל-כרמיאל --> באר שבע מרכז-באר שבע,באר שבע מרכז,רכבת ישראל,תל אביב יפו,
37358,תל אביב מרכז,קרית גת,כרמיאל-כרמיאל --> באר שבע מרכז-באר שבע,באר שבע מרכז,רכבת ישראל,תל אביב יפו,
37358,תל אביב מרכז,באר שבע צפון,כרמיאל-כרמיאל --> באר שבע מרכז-באר שבע,באר שבע מרכז,רכבת ישראל,תל אביב יפו,
37358,תל אביב מרכז,באר שבע מרכז,כרמיאל-כרמיאל --> באר שבע מרכז-באר שבע,באר שבע מרכז,רכבת ישראל,תל אביב יפו,
37350,השלום,תל אביב ההגנה,כרמיאל-כרמיאל --> באר שבע מרכז-באר שבע,באר שבע מרכז,רכבת ישראל,תל אביב יפו,
37350,השלום,לוד,כרמיאל-כרמיאל --> באר שבע מרכז-באר שבע,באר שבע מרכז,רכבת ישראל,תל אביב יפו,
37350,השלום,קרית גת,כרמיאל-כרמיאל --> באר שבע מרכז-באר שבע,באר שבע מרכז,רכבת ישראל,תל אביב יפו,
37350,השלום,באר שבע צפון,כרמיאל-כרמיאל --> באר שבע מרכז-באר שבע,באר שבע מרכז,רכבת ישראל,תל אביב יפו,
37350,השלום,באר שבע מרכז,כרמיאל-כרמיאל --> באר שבע מרכז-באר שבע,באר שבע מרכז,רכבת ישראל,תל אביב יפו,
37292,תל אביב ההגנה,לוד,כרמיאל-כרמיאל --> באר שבע מרכז-באר שבע,באר שבע מרכז,רכבת ישראל,תל אביב יפו,
37292,תל אביב ההגנה,קרית גת,כרמיאל-כרמיאל --> באר שבע מרכז-באר שבע,באר שבע מרכז,רכבת ישראל,תל אביב יפו,
37292,תל אביב ההגנה,באר שבע צפון,כרמיאל-כרמיאל --> באר שבע מרכז-באר שבע,באר שבע מרכז,רכבת ישראל,תל אביב יפו,
37292,תל אביב ההגנה,באר שבע מרכז,כרמיאל-כרמיאל --> באר שבע מרכז-באר שבע,באר שבע מרכז,רכבת ישראל,תל אביב יפו,
37338,לוד,קרית גת,כרמיאל-כרמיאל --> באר שבע מרכז-באר שבע,באר שבע מרכז,רכבת ישראל,לוד,
37338,לוד,באר שבע צפון,כרמיאל-כרמיאל --> באר שבע מרכז-באר שבע,באר שבע מרכז,רכבת ישראל,לוד,
37338,לוד,באר שבע מרכז,כרמיאל-כרמיאל --> באר שבע מרכז-באר שבע,באר שבע מרכז,רכבת ישראל,לוד,
37316,קרית גת,באר שבע צפון,כרמיאל-כרמיאל --> באר שבע מרכז-באר שבע,באר שבע מרכז,רכבת ישראל,קרית גת,
37316,קרית גת,באר שבע מרכז,כרמיאל-כרמיאל --> באר שבע מרכז-באר שבע,באר שבע מרכז,רכבת ישראל,קרית גת,
37314,באר שבע צפון,באר שבע מרכז,כרמיאל-כרמיאל --> באר שבע מרכז-באר שבע,באר שבע מרכז,רכבת ישראל,באר שבע,
41292,כרמיאל,להבים רהט,כרמיאל-כרמיאל --> באר שבע מרכז-באר שבע,באר שבע מרכז,רכבת ישראל,כרמיאל,
41292,כרמיאל,באר שבע צפון,כרמיאל-כרמיאל --> באר שבע מרכז-באר שבע,באר שבע מרכז,רכבת ישראל,כרמיאל,
41292,כרמיאל,באר שבע מרכז,כרמיאל-כרמיאל --> באר שבע מרכז-באר שבע,באר שבע מרכז,רכבת ישראל,כרמיאל,
41291,אחיהוד,להבים רהט,כרמיאל-כרמיאל --> באר שבע מרכז-באר שבע,באר שבע מרכז,רכבת ישראל,אחיהוד,
41291,אחיהוד,באר שבע צפון,כרמיאל-כרמיאל --> באר שבע מרכז-באר שבע,באר שבע מרכז,רכבת ישראל,אחיהוד,
41291,אחיהוד,באר שבע מרכז,כרמיאל-כרמיאל --> באר שבע מרכז-באר שבע,באר שבע מרכז,רכבת ישראל,אחיהוד,
41293,קרית מוצקין,להבים רהט,כרמיאל-כרמיאל --> באר שבע מרכז-באר שבע,באר שבע מרכז,רכבת ישראל,קרית מוצקין,
41293,קרית מוצקין,באר שבע צפון,כרמיאל-כרמיאל --> באר שבע מרכז-באר שבע,באר שבע מרכז,רכבת ישראל,קרית מוצקין,
41293,קרית מוצקין,באר שבע מרכז,כרמיאל-כרמיאל --> באר שבע מרכז-באר שבע,באר שבע מרכז,רכבת ישראל,קרית מוצקין,
37388,מרכזית המפרץ/קו החוף,להבים רהט,כרמיאל-כרמיאל --> באר שבע מרכז-באר שבע,באר שבע מרכז,רכבת ישראל,חיפה,
37388,מרכזית המפרץ/קו החוף,באר שבע צפון,כרמיאל-כרמיאל --> באר שבע מרכז-באר שבע,באר שבע מרכז,רכבת ישראל,חיפה,
37388,מרכזית המפרץ/קו החוף,באר שבע מרכז,כרמיאל-כרמיאל --> באר שבע מרכז-באר שבע,באר שבע מרכז,רכבת ישראל,חיפה,
37380,חיפה מרכז,להבים רהט,כרמיאל-כרמיאל --> באר שבע מרכז-באר שבע,באר שבע מרכז,רכבת ישראל,חיפה,
37380,חיפה מרכז,באר שבע צפון,כרמיאל-כרמיאל --> באר שבע מרכז-באר שבע,באר שבע מרכז,רכבת ישראל,חיפה,
37380,חיפה מרכז,באר שבע מרכז,כרמיאל-כרמיאל --> באר שבע מרכז-באר שבע,באר שבע מרכז,רכבת ישראל,חיפה,
37378,בת גלים,להבים רהט,כרמיאל-כרמיאל --> באר שבע מרכז-באר שבע,באר שבע מרכז,רכבת ישראל,חיפה,
37378,בת גלים,באר שבע צפון,כרמיאל-כרמיאל --> באר שבע מרכז-באר שבע,באר שבע מרכז,רכבת ישראל,חיפה,
37378,בת גלים,באר שבע מרכז,כרמיאל-כרמיאל --> באר שבע מרכז-באר שבע,באר שבע מרכז,רכבת ישראל,חיפה,
37376,חוף הכרמל,להבים רהט,כרמיאל-כרמיאל --> באר שבע מרכז-באר שבע,באר שבע מרכז,רכבת ישראל,חוף הכרמל,
37376,חוף הכרמל,באר שבע צפון,כרמיאל-כרמיאל --> באר שבע מרכז-באר שבע,באר שבע מרכז,רכבת ישראל,חוף הכרמל,
37376,חוף הכרמל,באר שבע מרכז,כרמיאל-כרמיאל --> באר שבע מרכז-באר שבע,באר שבע מרכז,רכבת ישראל,חוף הכרמל,
37368,חדרה מערב,להבים רהט,כרמיאל-כרמיאל --> באר שבע מרכז-באר שבע,באר שבע מרכז,רכבת ישראל,חדרה,
37368,חדרה מערב,באר שבע צפון,כרמיאל-כרמיאל --> באר שבע מרכז-באר שבע,באר שבע מרכז,רכבת ישראל,חדרה,
37368,חדרה מערב,באר שבע מרכז,כרמיאל-כרמיאל --> באר שבע מרכז-באר שבע,באר שבע מרכז,רכבת ישראל,חדרה,
37362,הרצליה,להבים רהט,כרמיאל-כרמיאל --> באר שבע מרכז-באר שבע,באר שבע מרכז,רכבת ישראל,הרצליה,
37362,הרצליה,באר שבע צפון,כרמיאל-כרמיאל --> באר שבע מרכז-באר שבע,באר שבע מרכז,רכבת ישראל,הרצליה,
37362,הרצליה,באר שבע מרכז,כרמיאל-כרמיאל --> באר שבע מרכז-באר שבע,באר שבע מרכז,רכבת ישראל,הרצליה,
37360,תל אביב האוניברסיטה - אקספו,להבים רהט,כרמיאל-כרמיאל --> באר שבע מרכז-באר שבע,באר שבע מרכז,רכבת ישראל,תל אביב יפו,
37360,תל אביב האוניברסיטה - אקספו,באר שבע צפון,כרמיאל-כרמיאל --> באר שבע מרכז-באר שבע,באר שבע מרכז,רכבת ישראל,תל אביב יפו,
37360,תל אביב האוניברסיטה - אקספו,באר שבע מרכז,כרמיאל-כרמיאל --> באר שבע מרכז-באר שבע,באר שבע מרכז,רכבת ישראל,תל אביב יפו,
37358,תל אביב מרכז,להבים רהט,כרמיאל-כרמיאל --> באר שבע מרכז-באר שבע,באר שבע מרכז,רכבת ישראל,תל אביב יפו,
37358,תל אביב מרכז,באר שבע צפון,כרמיאל-כרמיאל --> באר שבע מרכז-באר שבע,באר שבע מרכז,רכבת ישראל,תל אביב יפו,
37358,תל אביב מרכז,באר שבע מרכז,כרמיאל-כרמיאל --> באר שבע מרכז-באר שבע,באר שבע מרכז,רכבת ישראל,תל אביב יפו,
37350,השלום,להבים רהט,כרמיאל-כרמיאל --> באר שבע מרכז-באר שבע,באר שבע מרכז,רכבת ישראל,תל אביב יפו,
37350,השלום,באר שבע צפון,כרמיאל-כרמיאל --> באר שבע מרכז-באר שבע,באר שבע מרכז,רכבת ישראל,תל אביב יפו,
37350,השלום,באר שבע מרכז,כרמיאל-כרמיאל --> באר שבע מרכז-באר שבע,באר שבע מרכז,רכבת ישראל,תל אביב יפו,
37292,תל אביב ההגנה,להבים רהט,כרמיאל-כרמיאל --> באר שבע מרכז-באר שבע,באר שבע מרכז,רכבת ישראל,תל אביב יפו,
37292,תל אביב ההגנה,באר שבע צפון,כרמיאל-כרמיאל --> באר שבע מרכז-באר שבע,באר שבע מרכז,רכבת ישראל,תל אביב יפו,
37292,תל אביב ההגנה,באר שבע מרכז,כרמיאל-כרמיאל --> באר שבע מרכז-באר שבע,באר שבע מרכז,רכבת ישראל,תל אביב יפו,
37338,לוד,להבים רהט,כרמיאל-כרמיאל --> באר שבע מרכז-באר שבע,באר שבע מרכז,רכבת ישראל,לוד,
37338,לוד,באר שבע צפון,כרמיאל-כרמיאל --> באר שבע מרכז-באר שבע,באר שבע מרכז,רכבת ישראל,לוד,
37338,לוד,באר שבע מרכז,כרמיאל-כרמיאל --> באר שבע מרכז-באר שבע,באר שבע מרכז,רכבת ישראל,לוד,
37316,קרית גת,להבים רהט,כרמיאל-כרמיאל --> באר שבע מרכז-באר שבע,באר שבע מרכז,רכבת ישראל,קרית גת,
37316,קרית גת,באר שבע צפון,כרמיאל-כרמיאל --> באר שבע מרכז-באר שבע,באר שבע מרכז,רכבת ישראל,קרית גת,
37316,קרית גת,באר שבע מרכז,כרמיאל-כרמיאל --> באר שבע מרכז-באר שבע,באר שבע מרכז,רכבת ישראל,קרית גת,
37308,להבים רהט,באר שבע צפון,כרמיאל-כרמיאל --> באר שבע מרכז-באר שבע,באר שבע מרכז,רכבת ישראל,להבים,
37308,להבים רהט,באר שבע מרכז,כרמיאל-כרמיאל --> באר שבע מרכז-באר שבע,באר שבע מרכז,רכבת ישראל,להבים,
37314,באר שבע צפון,באר שבע מרכז,כרמיאל-כרמיאל --> באר שבע מרכז-באר שבע,באר שבע מרכז,רכבת ישראל,באר שבע,
37312,באר שבע מרכז,באר שבע צפון,באר שבע מרכז-באר שבע --> כרמיאל-כרמיאל,כרמיאל,רכבת ישראל,באר שבע,
37312,באר שבע מרכז,קרית גת,באר שבע מרכז-באר שבע --> כרמיאל-כרמיאל,כרמיאל,רכבת ישראל,באר שבע,
37312,באר שבע מרכז,לוד,באר שבע מרכז-באר שבע --> כרמיאל-כרמיאל,כרמיאל,רכבת ישראל,באר שבע,
37312,באר שבע מרכז,תל אביב ההגנה,באר שבע מרכז-באר שבע --> כרמיאל-כרמיאל,כרמיאל,רכבת ישראל,באר שבע,
37312,באר שבע מרכז,השלום,באר שבע מרכז-באר שבע --> כרמיאל-כרמיאל,כרמיאל,רכבת ישראל,באר שבע,
37312,באר שבע מרכז,תל אביב מרכז,באר שבע מרכז-באר שבע --> כרמיאל-כרמיאל,כרמיאל,רכבת ישראל,באר שבע,
37312,באר שבע מרכז,תל אביב האוניברסיטה - אקספו,באר שבע מרכז-באר שבע --> כרמיאל-כרמיאל,כרמיאל,רכבת ישראל,באר שבע,
37312,באר שבע מרכז,הרצליה,באר שבע מרכז-באר שבע --> כרמיאל-כרמיאל,כרמיאל,רכבת ישראל,באר שבע,
37312,באר שבע מרכז,חדרה מערב,באר שבע מרכז-באר שבע --> כרמיאל-כרמיאל,כרמיאל,רכבת ישראל,באר שבע,
37312,באר שבע מרכז,חוף הכרמל,באר שבע מרכז-באר שבע --> כרמיאל-כרמיאל,כרמיאל,רכבת ישראל,באר שבע,
37312,באר שבע מרכז,בת גלים,באר שבע מרכז-באר שבע --> כרמיאל-כרמיאל,כרמיאל,רכבת ישראל,באר שבע,
37312,באר שבע מרכז,חיפה מרכז,באר שבע מרכז-באר שבע --> כרמיאל-כרמיאל,כרמיאל,רכבת ישראל,באר שבע,
37312,באר שבע מרכז,מרכזית המפרץ/קו החוף,באר שבע מרכז-באר שבע --> כרמיאל-כרמיאל,כרמיאל,רכבת ישראל,באר שבע,
37312,באר שבע מרכז,קרית מוצקין,באר שבע מרכז-באר שבע --> כרמיאל-כרמיאל,כרמיאל,רכבת ישראל,באר שבע,
37312,באר שבע מרכז,אחיהוד,באר שבע מרכז-באר שבע --> כרמיאל-כרמיאל,כרמיאל,רכבת ישראל,באר שבע,
37312,באר שבע מרכז,כרמיאל,באר שבע מרכז-באר שבע --> כרמיאל-כרמיאל,כרמיאל,רכבת ישראל,באר שבע,
37314,באר שבע צפון,קרית גת,באר שבע מרכז-באר שבע --> כרמיאל-כרמיאל,כרמיאל,רכבת ישראל,באר שבע,
37314,באר שבע צפון,לוד,באר שבע מרכז-באר שבע --> כרמיאל-כרמיאל,כרמיאל,רכבת ישראל,באר שבע,
37314,באר שבע צפון,תל אביב ההגנה,באר שבע מרכז-באר שבע --> כרמיאל-כרמיאל,כרמיאל,רכבת ישראל,באר שבע,
37314,באר שבע צפון,השלום,באר שבע מרכז-באר שבע --> כרמיאל-כרמיאל,כרמיאל,רכבת ישראל,באר שבע,
37314,באר שבע צפון,תל אביב מרכז,באר שבע מרכז-באר שבע --> כרמיאל-כרמיאל,כרמיאל,רכבת ישראל,באר שבע,
37314,באר שבע צפון,תל אביב האוניברסיטה - אקספו,באר שבע מרכז-באר שבע --> כרמיאל-כרמיאל,כרמיאל,רכבת ישראל,באר שבע,
37314,באר שבע צפון,הרצליה,באר שבע מרכז-באר שבע --> כרמיאל-כרמיאל,כרמיאל,רכבת ישראל,באר שבע,
37314,באר שבע צפון,חדרה מערב,באר שבע מרכז-באר שבע --> כרמיאל-כרמיאל,כרמיאל,רכבת ישראל,באר שבע,
37314,באר שבע צפון,חוף הכרמל,באר שבע מרכז-באר שבע --> כרמיאל-כרמיאל,כרמיאל,רכבת ישראל,באר שבע,
37314,באר שבע צפון,בת גלים,באר שבע מרכז-באר שבע --> כרמיאל-כרמיאל,כרמיאל,רכבת ישראל,באר שבע,
37314,באר שבע צפון,חיפה מרכז,באר שבע מרכז-באר שבע --> כרמיאל-כרמיאל,כרמיאל,רכבת ישראל,באר שבע,
37314,באר שבע צפון,מרכזית המפרץ/קו החוף,באר שבע מרכז-באר שבע --> כרמיאל-כרמיאל,כרמיאל,רכבת ישראל,באר שבע,
37314,באר שבע צפון,קרית מוצקין,באר שבע מרכז-באר שבע --> כרמיאל-כרמיאל,כרמיאל,רכבת ישראל,באר שבע,
37314,באר שבע צפון,אחיהוד,באר שבע מרכז-באר שבע --> כרמיאל-כרמיאל,כרמיאל,רכבת ישראל,באר שבע,
37314,באר שבע צפון,כרמיאל,באר שבע מרכז-באר שבע --> כרמיאל-כרמיאל,כרמיאל,רכבת ישראל,באר שבע,
37316,קרית גת,לוד,באר שבע מרכז-באר שבע --> כרמיאל-כרמיאל,כרמיאל,רכבת ישראל,קרית גת,
37316,קרית גת,תל אביב ההגנה,באר שבע מרכז-באר שבע --> כרמיאל-כרמיאל,כרמיאל,רכבת ישראל,קרית גת,
37316,קרית גת,השלום,באר שבע מרכז-באר שבע --> כרמיאל-כרמיאל,כרמיאל,רכבת ישראל,קרית גת,
37316,קרית גת,תל אביב מרכז,באר שבע מרכז-באר שבע --> כרמיאל-כרמיאל,כרמיאל,רכבת ישראל,קרית גת,
37316,קרית גת,תל אביב האוניברסיטה - אקספו,באר שבע מרכז-באר שבע --> כרמיאל-כרמיאל,כרמיאל,רכבת ישראל,קרית גת,
37316,קרית גת,הרצליה,באר שבע מרכז-באר שבע --> כרמיאל-כרמיאל,כרמיאל,רכבת ישראל,קרית גת,
37316,קרית גת,חדרה מערב,באר שבע מרכז-באר שבע --> כרמיאל-כרמיאל,כרמיאל,רכבת ישראל,קרית גת,
37316,קרית גת,חוף הכרמל,באר שבע מרכז-באר שבע --> כרמיאל-כרמיאל,כרמיאל,רכבת ישראל,קרית גת,
37316,קרית גת,בת גלים,באר שבע מרכז-באר שבע --> כרמיאל-כרמיאל,כרמיאל,רכבת ישראל,קרית גת,
37316,קרית גת,חיפה מרכז,באר שבע מרכז-באר שבע --> כרמיאל-כרמיאל,כרמיאל,רכבת ישראל,קרית גת,
37316,קרית גת,מרכזית המפרץ/קו החוף,באר שבע מרכז-באר שבע --> כרמיאל-כרמיאל,כרמיאל,רכבת ישראל,קרית גת,
37316,קרית גת,קרית מוצקין,באר שבע מרכז-באר שבע --> כרמיאל-כרמיאל,כרמיאל,רכבת ישראל,קרית גת,
37316,קרית גת,אחיהוד,באר שבע מרכז-באר שבע --> כרמיאל-כרמיאל,כרמיאל,רכבת ישראל,קרית גת,
37316,קרית גת,כרמיאל,באר שבע מרכז-באר שבע --> כרמיאל-כרמיאל,כרמיאל,רכבת ישראל,קרית גת,
37338,לוד,תל אביב ההגנה,באר שבע מרכז-באר שבע --> כרמיאל-כרמיאל,כרמיאל,רכבת ישראל,לוד,
37338,לוד,השלום,באר שבע מרכז-באר שבע --> כרמיאל-כרמיאל,כרמיאל,רכבת ישראל,לוד,
37338,לוד,תל אביב מרכז,באר שבע מרכז-באר שבע --> כרמיאל-כרמיאל,כרמיאל,רכבת ישראל,לוד,
37338,לוד,תל אביב האוניברסיטה - אקספו,באר שבע מרכז-באר שבע --> כרמיאל-כרמיאל,כרמיאל,רכבת ישראל,לוד,
37338,לוד,הרצליה,באר שבע מרכז-באר שבע --> כרמיאל-כרמיאל,כרמיאל,רכבת ישראל,לוד,
37338,לוד,חדרה מערב,באר שבע מרכז-באר שבע --> כרמיאל-כרמיאל,כרמיאל,רכבת ישראל,לוד,
37338,לוד,חוף הכרמל,באר שבע מרכז-באר שבע --> כרמיאל-כרמיאל,כרמיאל,רכבת ישראל,לוד,
37338,לוד,בת גלים,באר שבע מרכז-באר שבע --> כרמיאל-כרמיאל,כרמיאל,רכבת ישראל,לוד,
37338,לוד,חיפה מרכז,באר שבע מרכז-באר שבע --> כרמיאל-כרמיאל,כרמיאל,רכבת ישראל,לוד,
37338,לוד,מרכזית המפרץ/קו החוף,באר שבע מרכז-באר שבע --> כרמיאל-כרמיאל,כרמיאל,רכבת ישראל,לוד,
37338,לוד,קרית מוצקין,באר שבע מרכז-באר שבע --> כרמיאל-כרמיאל,כרמיאל,רכבת ישראל,לוד,
37338,לוד,אחיהוד,באר שבע מרכז-באר שבע --> כרמיאל-כרמיאל,כרמיאל,רכבת ישראל,לוד,
37338,לוד,כרמיאל,באר שבע מרכז-באר שבע --> כרמיאל-כרמיאל,כרמיאל,רכבת ישראל,לוד,
37292,תל אביב ההגנה,השלום,באר שבע מרכז-באר שבע --> כרמיאל-כרמיאל,כרמיאל,רכבת ישראל,תל אביב יפו,
37292,תל אביב ההגנה,תל אביב מרכז,באר שבע מרכז-באר שבע --> כרמיאל-כרמיאל,כרמיאל,רכבת ישראל,תל אביב יפו,
37292,תל אביב ההגנה,תל אביב האוניברסיטה - אקספו,באר שבע מרכז-באר שבע --> כרמיאל-כרמיאל,כרמיאל,רכבת ישראל,תל אביב יפו,
37292,תל אביב ההגנה,הרצליה,באר שבע מרכז-באר שבע --> כרמיאל-כרמיאל,כרמיאל,רכבת ישראל,תל אביב יפו,
37292,תל אביב ההגנה,חדרה מערב,באר שבע מרכז-באר שבע --> כרמיאל-כרמיאל,כרמיאל,רכבת ישראל,תל אביב יפו,
37292,תל אביב ההגנה,חוף הכרמל,באר שבע מרכז-באר שבע --> כרמיאל-כרמיאל,כרמיאל,רכבת ישראל,תל אביב יפו,
37292,תל אביב ההגנה,בת גלים,באר שבע מרכז-באר שבע --> כרמיאל-כרמיאל,כרמיאל,רכבת ישראל,תל אביב יפו,
37292,תל אביב ההגנה,חיפה מרכז,באר שבע מרכז-באר שבע --> כרמיאל-כרמיאל,כרמיאל,רכבת ישראל,תל אביב יפו,
37292,תל אביב ההגנה,מרכזית המפרץ/קו החוף,באר שבע מרכז-באר שבע --> כרמיאל-כרמיאל,כרמיאל,רכבת ישראל,תל אביב יפו,
37292,תל אביב ההגנה,קרית מוצקין,באר שבע מרכז-באר שבע --> כרמיאל-כרמיאל,כרמיאל,רכבת ישראל,תל אביב יפו,
37292,תל אביב ההגנה,אחיהוד,באר שבע מרכז-באר שבע --> כרמיאל-כרמיאל,כרמיאל,רכבת ישראל,תל אביב יפו,
37292,תל אביב ההגנה,כרמיאל,באר שבע מרכז-באר שבע --> כרמיאל-כרמיאל,כרמיאל,רכבת ישראל,תל אביב יפו,
37350,השלום,תל אביב מרכז,באר שבע מרכז-באר שבע --> כרמיאל-כרמיאל,כרמיאל,רכבת ישראל,תל אביב יפו,
37350,השלום,תל אביב האוניברסיטה - אקספו,באר שבע מרכז-באר שבע --> כרמיאל-כרמיאל,כרמיאל,רכבת ישראל,תל אביב יפו,
37350,השלום,הרצליה,באר שבע מרכז-באר שבע --> כרמיאל-כרמיאל,כרמיאל,רכבת ישראל,תל אביב יפו,
37350,השלום,חדרה מערב,באר שבע מרכז-באר שבע --> כרמיאל-כרמיאל,כרמיאל,רכבת ישראל,תל אביב יפו,
37350,השלום,חוף הכרמל,באר שבע מרכז-באר שבע --> כרמיאל-כרמיאל,כרמיאל,רכבת ישראל,תל אביב יפו,
37350,השלום,בת גלים,באר שבע מרכז-באר שבע --> כרמיאל-כרמיאל,כרמיאל,רכבת ישראל,תל אביב יפו,
37350,השלום,חיפה מרכז,באר שבע מרכז-באר שבע --> כרמיאל-כרמיאל,כרמיאל,רכבת ישראל,תל אביב יפו,
37350,השלום,מרכזית המפרץ/קו החוף,באר שבע מרכז-באר שבע --> כרמיאל-כרמיאל,כרמיאל,רכבת ישראל,תל אביב יפו,
37350,השלום,קרית מוצקין,באר שבע מרכז-באר שבע --> כרמיאל-כרמיאל,כרמיאל,רכבת ישראל,תל אביב יפו,
37350,השלום,אחיהוד,באר שבע מרכז-באר שבע --> כרמיאל-כרמיאל,כרמיאל,רכבת ישראל,תל אביב יפו,
37350,השלום,כרמיאל,באר שבע מרכז-באר שבע --> כרמיאל-כרמיאל,כרמיאל,רכבת ישראל,תל אביב יפו,
37358,תל אביב מרכז,תל אביב האוניברסיטה - אקספו,באר שבע מרכז-באר שבע --> כרמיאל-כרמיאל,כרמיאל,רכבת ישראל,תל אביב יפו,
37358,תל אביב מרכז,הרצליה,באר שבע מרכז-באר שבע --> כרמיאל-כרמיאל,כרמיאל,רכבת ישראל,תל אביב יפו,
37358,תל אביב מרכז,חדרה מערב,באר שבע מרכז-באר שבע --> כרמיאל-כרמיאל,כרמיאל,רכבת ישראל,תל אביב יפו,
37358,תל אביב מרכז,חוף הכרמל,באר שבע מרכז-באר שבע --> כרמיאל-כרמיאל,כרמיאל,רכבת ישראל,תל אביב יפו,
37358,תל אביב מרכז,בת גלים,באר שבע מרכז-באר שבע --> כרמיאל-כרמיאל,כרמיאל,רכבת ישראל,תל אביב יפו,
37358,תל אביב מרכז,חיפה מרכז,באר שבע מרכז-באר שבע --> כרמיאל-כרמיאל,כרמיאל,רכבת ישראל,תל אביב יפו,
37358,תל אביב מרכז,מרכזית המפרץ/קו החוף,באר שבע מרכז-באר שבע --> כרמיאל-כרמיאל,כרמיאל,רכבת ישראל,תל אביב יפו,
37358,תל אביב מרכז,קרית מוצקין,באר שבע מרכז-באר שבע --> כרמיאל-כרמיאל,כרמיאל,רכבת ישראל,תל אביב יפו,
37358,תל אביב מרכז,אחיהוד,באר שבע מרכז-באר שבע --> כרמיאל-כרמיאל,כרמיאל,רכבת ישראל,תל אביב יפו,
37358,תל אביב מרכז,כרמיאל,באר שבע מרכז-באר שבע --> כרמיאל-כרמיאל,כרמיאל,רכבת ישראל,תל אביב יפו,
37360,תל אביב האוניברסיטה - אקספו,הרצליה,באר שבע מרכז-באר שבע --> כרמיאל-כרמיאל,כרמיאל,רכבת ישראל,תל אביב יפו,
37360,תל אביב האוניברסיטה - אקספו,חדרה מערב,באר שבע מרכז-באר שבע --> כרמיאל-כרמיאל,כרמיאל,רכבת ישראל,תל אביב יפו,
37360,תל אביב האוניברסיטה - אקספו,חוף הכרמל,באר שבע מרכז-באר שבע --> כרמיאל-כרמיאל,כרמיאל,רכבת ישראל,תל אביב יפו,
37360,תל אביב האוניברסיטה - אקספו,בת גלים,באר שבע מרכז-באר שבע --> כרמיאל-כרמיאל,כרמיאל,רכבת ישראל,תל אביב יפו,
37360,תל אביב האוניברסיטה - אקספו,חיפה מרכז,באר שבע מרכז-באר שבע --> כרמיאל-כרמיאל,כרמיאל,רכבת ישראל,תל אביב יפו,
37360,תל אביב האוניברסיטה - אקספו,מרכזית המפרץ/קו החוף,באר שבע מרכז-באר שבע --> כרמיאל-כרמיאל,כרמיאל,רכבת ישראל,תל אביב יפו,
37360,תל אביב האוניברסיטה - אקספו,קרית מוצקין,באר שבע מרכז-באר שבע --> כרמיאל-כרמיאל,כרמיאל,רכבת ישראל,תל אביב יפו,
37360,תל אביב האוניברסיטה - אקספו,אחיהוד,באר שבע מרכז-באר שבע --> כרמיאל-כרמיאל,כרמיאל,רכבת ישראל,תל אביב יפו,
37360,תל אביב האוניברסיטה - אקספו,כרמיאל,באר שבע מרכז-באר שבע --> כרמיאל-כרמיאל,כרמיאל,רכבת ישראל,תל אביב יפו,
37362,הרצליה,חדרה מערב,באר שבע מרכז-באר שבע --> כרמיאל-כרמיאל,כרמיאל,רכבת ישראל,הרצליה,
37362,הרצליה,חוף הכרמל,באר שבע מרכז-באר שבע --> כרמיאל-כרמיאל,כרמיאל,רכבת ישראל,הרצליה,
37362,הרצליה,בת גלים,באר שבע מרכז-באר שבע --> כרמיאל-כרמיאל,כרמיאל,רכבת ישראל,הרצליה,
37362,הרצליה,חיפה מרכז,באר שבע מרכז-באר שבע --> כרמיאל-כרמיאל,כרמיאל,רכבת ישראל,הרצליה,
37362,הרצליה,מרכזית המפרץ/קו החוף,באר שבע מרכז-באר שבע --> כרמיאל-כרמיאל,כרמיאל,רכבת ישראל,הרצליה,
37362,הרצליה,קרית מוצקין,באר שבע מרכז-באר שבע --> כרמיאל-כרמיאל,כרמיאל,רכבת ישראל,הרצליה,
37362,הרצליה,אחיהוד,באר שבע מרכז-באר שבע --> כרמיאל-כרמיאל,כרמיאל,רכבת ישראל,הרצליה,
37362,הרצליה,כרמיאל,באר שבע מרכז-באר שבע --> כרמיאל-כרמיאל,כרמיאל,רכבת ישראל,הרצליה,
37368,חדרה מערב,חוף הכרמל,באר שבע מרכז-באר שבע --> כרמיאל-כרמיאל,כרמיאל,רכבת ישראל,חדרה,
37368,חדרה מערב,בת גלים,באר שבע מרכז-באר שבע --> כרמיאל-כרמיאל,כרמיאל,רכבת ישראל,חדרה,
37368,חדרה מערב,חיפה מרכז,באר שבע מרכז-באר שבע --> כרמיאל-כרמיאל,כרמיאל,רכבת ישראל,חדרה,
37368,חדרה מערב,מרכזית המפרץ/קו החוף,באר שבע מרכז-באר שבע --> כרמיאל-כרמיאל,כרמיאל,רכבת ישראל,חדרה,
37368,חדרה מערב,קרית מוצקין,באר שבע מרכז-באר שבע --> כרמיאל-כרמיאל,כרמיאל,רכבת ישראל,חדרה,
37368,חדרה מערב,אחיהוד,באר שבע מרכז-באר שבע --> כרמיאל-כרמיאל,כרמיאל,רכבת ישראל,חדרה,
37368,חדרה מערב,כרמיאל,באר שבע מרכז-באר שבע --> כרמיאל-כרמיאל,כרמיאל,רכבת ישראל,חדרה,
37376,חוף הכרמל,בת גלים,באר שבע מרכז-באר שבע --> כרמיאל-כרמיאל,כרמיאל,רכבת ישראל,חוף הכרמל,
37376,חוף הכרמל,חיפה מרכז,באר שבע מרכז-באר שבע --> כרמיאל-כרמיאל,כרמיאל,רכבת ישראל,חוף הכרמל,
37376,חוף הכרמל,מרכזית המפרץ/קו החוף,באר שבע מרכז-באר שבע --> כרמיאל-כרמיאל,כרמיאל,רכבת ישראל,חוף הכרמל,
37376,חוף הכרמל,קרית מוצקין,באר שבע מרכז-באר שבע --> כרמיאל-כרמיאל,כרמיאל,רכבת ישראל,חוף הכרמל,
37376,חוף הכרמל,אחיהוד,באר שבע מרכז-באר שבע --> כרמיאל-כרמיאל,כרמיאל,רכבת ישראל,חוף הכרמל,
37376,חוף הכרמל,כרמיאל,באר שבע מרכז-באר שבע --> כרמיאל-כרמיאל,כרמיאל,רכבת ישראל,חוף הכרמל,
37378,בת גלים,חיפה מרכז,באר שבע מרכז-באר שבע --> כרמיאל-כרמיאל,כרמיאל,רכבת ישראל,חיפה,
37378,בת גלים,מרכזית המפרץ/קו החוף,באר שבע מרכז-באר שבע --> כרמיאל-כרמיאל,כרמיאל,רכבת ישראל,חיפה,
37378,בת גלים,קרית מוצקין,באר שבע מרכז-באר שבע --> כרמיאל-כרמיאל,כרמיאל,רכבת ישראל,חיפה,
37378,בת גלים,אחיהוד,באר שבע מרכז-באר שבע --> כרמיאל-כרמיאל,כרמיאל,רכבת ישראל,חיפה,
37378,בת גלים,כרמיאל,באר שבע מרכז-באר שבע --> כרמיאל-כרמיאל,כרמיאל,רכבת ישראל,חיפה,
37380,חיפה מרכז,מרכזית המפרץ/קו החוף,באר שבע מרכז-באר שבע --> כרמיאל-כרמיאל,כרמיאל,רכבת ישראל,חיפה,
37380,חיפה מרכז,קרית מוצקין,באר שבע מרכז-באר שבע --> כרמיאל-כרמיאל,כרמיאל,רכבת ישראל,חיפה,
37380,חיפה מרכז,אחיהוד,באר שבע מרכז-באר שבע --> כרמיאל-כרמיאל,כרמיאל,רכבת ישראל,חיפה,
37380,חיפה מרכז,כרמיאל,באר שבע מרכז-באר שבע --> כרמיאל-כרמיאל,כרמיאל,רכבת ישראל,חיפה,
37388,מרכזית המפרץ/קו החוף,קרית מוצקין,באר שבע מרכז-באר שבע --> כרמיאל-כרמיאל,כרמיאל,רכבת ישראל,חיפה,
37388,מרכזית המפרץ/קו החוף,אחיהוד,באר שבע מרכז-באר שבע --> כרמיאל-כרמיאל,כרמיאל,רכבת ישראל,חיפה,
37388,מרכזית המפרץ/קו החוף,כרמיאל,באר שבע מרכז-באר שבע --> כרמיאל-כרמיאל,כרמיאל,רכבת ישראל,חיפה,
41293,קרית מוצקין,אחיהוד,באר שבע מרכז-באר שבע --> כרמיאל-כרמיאל,כרמיאל,רכבת ישראל,קרית מוצקין,
41293,קרית מוצקין,כרמיאל,באר שבע מרכז-באר שבע --> כרמיאל-כרמיאל,כרמיאל,רכבת ישראל,קרית מוצקין,
41291,אחיהוד,כרמיאל,באר שבע מרכז-באר שבע --> כרמיאל-כרמיאל,כרמיאל,רכבת ישראל,אחיהוד,
37312,באר שבע מרכז,באר שבע צפון,באר שבע מרכז-באר שבע --> חיפה מרכז-חיפה,חיפה מרכז,רכבת ישראל,באר שבע,
37312,באר שבע מרכז,קרית גת,באר שבע מרכז-באר שבע --> חיפה מרכז-חיפה,חיפה מרכז,רכבת ישראל,באר שבע,
37312,באר שבע מרכז,לוד,באר שבע מרכז-באר שבע --> חיפה מרכז-חיפה,חיפה מרכז,רכבת ישראל,באר שבע,
37312,באר שבע מרכז,תל אביב ההגנה,באר שבע מרכז-באר שבע --> חיפה מרכז-חיפה,חיפה מרכז,רכבת ישראל,באר שבע,
37312,באר שבע מרכז,השלום,באר שבע מרכז-באר שבע --> חיפה מרכז-חיפה,חיפה מרכז,רכבת ישראל,באר שבע,
37312,באר שבע מרכז,תל אביב מרכז,באר שבע מרכז-באר שבע --> חיפה מרכז-חיפה,חיפה מרכז,רכבת ישראל,באר שבע,
37312,באר שבע מרכז,תל אביב האוניברסיטה - אקספו,באר שבע מרכז-באר שבע --> חיפה מרכז-חיפה,חיפה מרכז,רכבת ישראל,באר שבע,
37312,באר שבע מרכז,הרצליה,באר שבע מרכז-באר שבע --> חיפה מרכז-חיפה,חיפה מרכז,רכבת ישראל,באר שבע,
37312,באר שבע מרכז,חדרה מערב,באר שבע מרכז-באר שבע --> חיפה מרכז-חיפה,חיפה מרכז,רכבת ישראל,באר שבע,
37312,באר שבע מרכז,חוף הכרמל,באר שבע מרכז-באר שבע --> חיפה מרכז-חיפה,חיפה מרכז,רכבת ישראל,באר שבע,
37312,באר שבע מרכז,בת גלים,באר שבע מרכז-באר שבע --> חיפה מרכז-חיפה,חיפה מרכז,רכבת ישראל,באר שבע,
37312,באר שבע מרכז,חיפה מרכז,באר שבע מרכז-באר שבע --> חיפה מרכז-חיפה,חיפה מרכז,רכבת ישראל,באר שבע,
37314,באר שבע צפון,קרית גת,באר שבע מרכז-באר שבע --> חיפה מרכז-חיפה,חיפה מרכז,רכבת ישראל,באר שבע,
37314,באר שבע צפון,לוד,באר שבע מרכז-באר שבע --> חיפה מרכז-חיפה,חיפה מרכז,רכבת ישראל,באר שבע,
37314,באר שבע צפון,תל אביב ההגנה,באר שבע מרכז-באר שבע --> חיפה מרכז-חיפה,חיפה מרכז,רכבת ישראל,באר שבע,
37314,באר שבע צפון,השלום,באר שבע מרכז-באר שבע --> חיפה מרכז-חיפה,חיפה מרכז,רכבת ישראל,באר שבע,
37314,באר שבע צפון,תל אביב מרכז,באר שבע מרכז-באר שבע --> חיפה מרכז-חיפה,חיפה מרכז,רכבת ישראל,באר שבע,
37314,באר שבע צפון,תל אביב האוניברסיטה - אקספו,באר שבע מרכז-באר שבע --> חיפה מרכז-חיפה,חיפה מרכז,רכבת ישראל,באר שבע,
37314,באר שבע צפון,הרצליה,באר שבע מרכז-באר שבע --> חיפה מרכז-חיפה,חיפה מרכז,רכבת ישראל,באר שבע,
37314,באר שבע צפון,חדרה מערב,באר שבע מרכז-באר שבע --> חיפה מרכז-חיפה,חיפה מרכז,רכבת ישראל,באר שבע,
37314,באר שבע צפון,חוף הכרמל,באר שבע מרכז-באר שבע --> חיפה מרכז-חיפה,חיפה מרכז,רכבת ישראל,באר שבע,
37314,באר שבע צפון,בת גלים,באר שבע מרכז-באר שבע --> חיפה מרכז-חיפה,חיפה מרכז,רכבת ישראל,באר שבע,
37314,באר שבע צפון,חיפה מרכז,באר שבע מרכז-באר שבע --> חיפה מרכז-חיפה,חיפה מרכז,רכבת ישראל,באר שבע,
37316,קרית גת,לוד,באר שבע מרכז-באר שבע --> חיפה מרכז-חיפה,חיפה מרכז,רכבת ישראל,קרית גת,
37316,קרית גת,תל אביב ההגנה,באר שבע מרכז-באר שבע --> חיפה מרכז-חיפה,חיפה מרכז,רכבת ישראל,קרית גת,
37316,קרית גת,השלום,באר שבע מרכז-באר שבע --> חיפה מרכז-חיפה,חיפה מרכז,רכבת ישראל,קרית גת,
37316,קרית גת,תל אביב מרכז,באר שבע מרכז-באר שבע --> חיפה מרכז-חיפה,חיפה מרכז,רכבת ישראל,קרית גת,
37316,קרית גת,תל אביב האוניברסיטה - אקספו,באר שבע מרכז-באר שבע --> חיפה מרכז-חיפה,חיפה מרכז,רכבת ישראל,קרית גת,
37316,קרית גת,הרצליה,באר שבע מרכז-באר שבע --> חיפה מרכז-חיפה,חיפה מרכז,רכבת ישראל,קרית גת,
37316,קרית גת,חדרה מערב,באר שבע מרכז-באר שבע --> חיפה מרכז-חיפה,חיפה מרכז,רכבת ישראל,קרית גת,
37316,קרית גת,חוף הכרמל,באר שבע מרכז-באר שבע --> חיפה מרכז-חיפה,חיפה מרכז,רכבת ישראל,קרית גת,
37316,קרית גת,בת גלים,באר שבע מרכז-באר שבע --> חיפה מרכז-חיפה,חיפה מרכז,רכבת ישראל,קרית גת,
37316,קרית גת,חיפה מרכז,באר שבע מרכז-באר שבע --> חיפה מרכז-חיפה,חיפה מרכז,רכבת ישראל,קרית גת,
37338,לוד,תל אביב ההגנה,באר שבע מרכז-באר שבע --> חיפה מרכז-חיפה,חיפה מרכז,רכבת ישראל,לוד,
37338,לוד,השלום,באר שבע מרכז-באר שבע --> חיפה מרכז-חיפה,חיפה מרכז,רכבת ישראל,לוד,
37338,לוד,תל אביב מרכז,באר שבע מרכז-באר שבע --> חיפה מרכז-חיפה,חיפה מרכז,רכבת ישראל,לוד,
37338,לוד,תל אביב האוניברסיטה - אקספו,באר שבע מרכז-באר שבע --> חיפה מרכז-חיפה,חיפה מרכז,רכבת ישראל,לוד,
37338,לוד,הרצליה,באר שבע מרכז-באר שבע --> חיפה מרכז-חיפה,חיפה מרכז,רכבת ישראל,לוד,
37338,לוד,חדרה מערב,באר שבע מרכז-באר שבע --> חיפה מרכז-חיפה,חיפה מרכז,רכבת ישראל,לוד,
37338,לוד,חוף הכרמל,באר שבע מרכז-באר שבע --> חיפה מרכז-חיפה,חיפה מרכז,רכבת ישראל,לוד,
37338,לוד,בת גלים,באר שבע מרכז-באר שבע --> חיפה מרכז-חיפה,חיפה מרכז,רכבת ישראל,לוד,
37338,לוד,חיפה מרכז,באר שבע מרכז-באר שבע --> חיפה מרכז-חיפה,חיפה מרכז,רכבת ישראל,לוד,
37292,תל אביב ההגנה,השלום,באר שבע מרכז-באר שבע --> חיפה מרכז-חיפה,חיפה מרכז,רכבת ישראל,תל אביב יפו,
37292,תל אביב ההגנה,תל אביב מרכז,באר שבע מרכז-באר שבע --> חיפה מרכז-חיפה,חיפה מרכז,רכבת ישראל,תל אביב יפו,
37292,תל אביב ההגנה,תל אביב האוניברסיטה - אקספו,באר שבע מרכז-באר שבע --> חיפה מרכז-חיפה,חיפה מרכז,רכבת ישראל,תל אביב יפו,
37292,תל אביב ההגנה,הרצליה,באר שבע מרכז-באר שבע --> חיפה מרכז-חיפה,חיפה מרכז,רכבת ישראל,תל אביב יפו,
37292,תל אביב ההגנה,חדרה מערב,באר שבע מרכז-באר שבע --> חיפה מרכז-חיפה,חיפה מרכז,רכבת ישראל,תל אביב יפו,
37292,תל אביב ההגנה,חוף הכרמל,באר שבע מרכז-באר שבע --> חיפה מרכז-חיפה,חיפה מרכז,רכבת ישראל,תל אביב יפו,
37292,תל אביב ההגנה,בת גלים,באר שבע מרכז-באר שבע --> חיפה מרכז-חיפה,חיפה מרכז,רכבת ישראל,תל אביב יפו,
37292,תל אביב ההגנה,חיפה מרכז,באר שבע מרכז-באר שבע --> חיפה מרכז-חיפה,חיפה מרכז,רכבת ישראל,תל אביב יפו,
37350,השלום,תל אביב מרכז,באר שבע מרכז-באר שבע --> חיפה מרכז-חיפה,חיפה מרכז,רכבת ישראל,תל אביב יפו,
37350,השלום,תל אביב האוניברסיטה - אקספו,באר שבע מרכז-באר שבע --> חיפה מרכז-חיפה,חיפה מרכז,רכבת ישראל,תל אביב יפו,
37350,השלום,הרצליה,באר שבע מרכז-באר שבע --> חיפה מרכז-חיפה,חיפה מרכז,רכבת ישראל,תל אביב יפו,
37350,השלום,חדרה מערב,באר שבע מרכז-באר שבע --> חיפה מרכז-חיפה,חיפה מרכז,רכבת ישראל,תל אביב יפו,
37350,השלום,חוף הכרמל,באר שבע מרכז-באר שבע --> חיפה מרכז-חיפה,חיפה מרכז,רכבת ישראל,תל אביב יפו,
37350,השלום,בת גלים,באר שבע מרכז-באר שבע --> חיפה מרכז-חיפה,חיפה מרכז,רכבת ישראל,תל אביב יפו,
37350,השלום,חיפה מרכז,באר שבע מרכז-באר שבע --> חיפה מרכז-חיפה,חיפה מרכז,רכבת ישראל,תל אביב יפו,
37358,תל אביב מרכז,תל אביב האוניברסיטה - אקספו,באר שבע מרכז-באר שבע --> חיפה מרכז-חיפה,חיפה מרכז,רכבת ישראל,תל אביב יפו,
37358,תל אביב מרכז,הרצליה,באר שבע מרכז-באר שבע --> חיפה מרכז-חיפה,חיפה מרכז,רכבת ישראל,תל אביב יפו,
37358,תל אביב מרכז,חדרה מערב,באר שבע מרכז-באר שבע --> חיפה מרכז-חיפה,חיפה מרכז,רכבת ישראל,תל אביב יפו,
37358,תל אביב מרכז,חוף הכרמל,באר שבע מרכז-באר שבע --> חיפה מרכז-חיפה,חיפה מרכז,רכבת ישראל,תל אביב יפו,
37358,תל אביב מרכז,בת גלים,באר שבע מרכז-באר שבע --> חיפה מרכז-חיפה,חיפה מרכז,רכבת ישראל,תל אביב יפו,
37358,תל אביב מרכז,חיפה מרכז,באר שבע מרכז-באר שבע --> חיפה מרכז-חיפה,חיפה מרכז,רכבת ישראל,תל אביב יפו,
37360,תל אביב האוניברסיטה - אקספו,הרצליה,באר שבע מרכז-באר שבע --> חיפה מרכז-חיפה,חיפה מרכז,רכבת ישראל,תל אביב יפו,
37360,תל אביב האוניברסיטה - אקספו,חדרה מערב,באר שבע מרכז-באר שבע --> חיפה מרכז-חיפה,חיפה מרכז,רכבת ישראל,תל אביב יפו,
37360,תל אביב האוניברסיטה - אקספו,חוף הכרמל,באר שבע מרכז-באר שבע --> חיפה מרכז-חיפה,חיפה מרכז,רכבת ישראל,תל אביב יפו,
37360,תל אביב האוניברסיטה - אקספו,בת גלים,באר שבע מרכז-באר שבע --> חיפה מרכז-חיפה,חיפה מרכז,רכבת ישראל,תל אביב יפו,
37360,תל אביב האוניברסיטה - אקספו,חיפה מרכז,באר שבע מרכז-באר שבע --> חיפה מרכז-חיפה,חיפה מרכז,רכבת ישראל,תל אביב יפו,
37362,הרצליה,חדרה מערב,באר שבע מרכז-באר שבע --> חיפה מרכז-חיפה,חיפה מרכז,רכבת ישראל,הרצליה,
37362,הרצליה,חוף הכרמל,באר שבע מרכז-באר שבע --> חיפה מרכז-חיפה,חיפה מרכז,רכבת ישראל,הרצליה,
37362,הרצליה,בת גלים,באר שבע מרכז-באר שבע --> חיפה מרכז-חיפה,חיפה מרכז,רכבת ישראל,הרצליה,
37362,הרצליה,חיפה מרכז,באר שבע מרכז-באר שבע --> חיפה מרכז-חיפה,חיפה מרכז,רכבת ישראל,הרצליה,
37368,חדרה מערב,חוף הכרמל,באר שבע מרכז-באר שבע --> חיפה מרכז-חיפה,חיפה מרכז,רכבת ישראל,חדרה,
37368,חדרה מערב,בת גלים,באר שבע מרכז-באר שבע --> חיפה מרכז-חיפה,חיפה מרכז,רכבת ישראל,חדרה,
37368,חדרה מערב,חיפה מרכז,באר שבע מרכז-באר שבע --> חיפה מרכז-חיפה,חיפה מרכז,רכבת ישראל,חדרה,
37376,חוף הכרמל,בת גלים,באר שבע מרכז-באר שבע --> חיפה מרכז-חיפה,חיפה מרכז,רכבת ישראל,חוף הכרמל,
37376,חוף הכרמל,חיפה מרכז,באר שבע מרכז-באר שבע --> חיפה מרכז-חיפה,חיפה מרכז,רכבת ישראל,חוף הכרמל,
37378,בת גלים,חיפה מרכז,באר שבע מרכז-באר שבע --> חיפה מרכז-חיפה,חיפה מרכז,רכבת ישראל,חיפה,
37332,רחובות,לוד,רחובות-רחובות --> נתניה-נתניה,נתניה,רכבת ישראל,רחובות,
37332,רחובות,לוד גני אביב,רחובות-רחובות --> נתניה-נתניה,נתניה,רכבת ישראל,רחובות,
37332,רחובות,תל אביב ההגנה,רחובות-רחובות --> נתניה-נתניה,נתניה,רכבת ישראל,רחובות,
37332,רחובות,השלום,רחובות-רחובות --> נתניה-נתניה,נתניה,רכבת ישראל,רחובות,
37332,רחובות,תל אביב מרכז,רחובות-רחובות --> נתניה-נתניה,נתניה,רכבת ישראל,רחובות,
37332,רחובות,תל אביב האוניברסיטה - אקספו,רחובות-רחובות --> נתניה-נתניה,נתניה,רכבת ישראל,רחובות,
37332,רחובות,הרצליה,רחובות-רחובות --> נתניה-נתניה,נתניה,רכבת ישראל,רחובות,
37332,רחובות,בית יהושע,רחובות-רחובות --> נתניה-נתניה,נתניה,רכבת ישראל,רחובות,
37332,רחובות,נתניה,רחובות-רחובות --> נתניה-נתניה,נתניה,רכבת ישראל,רחובות,
37338,לוד,לוד גני אביב,רחובות-רחובות --> נתניה-נתניה,נתניה,רכבת ישראל,לוד,
37338,לוד,תל אביב ההגנה,רחובות-רחובות --> נתניה-נתניה,נתניה,רכבת ישראל,לוד,
37338,לוד,השלום,רחובות-רחובות --> נתניה-נתניה,נתניה,רכבת ישראל,לוד,
37338,לוד,תל אביב מרכז,רחובות-רחובות --> נתניה-נתניה,נתניה,רכבת ישראל,לוד,
37338,לוד,תל אביב האוניברסיטה - אקספו,רחובות-רחובות --> נתניה-נתניה,נתניה,רכבת ישראל,לוד,
37338,לוד,הרצליה,רחובות-רחובות --> נתניה-נתניה,נתניה,רכבת ישראל,לוד,
37338,לוד,בית יהושע,רחובות-רחובות --> נתניה-נתניה,נתניה,רכבת ישראל,לוד,
37338,לוד,נתניה,רחובות-רחובות --> נתניה-נתניה,נתניה,רכבת ישראל,לוד,
37334,לוד גני אביב,תל אביב ההגנה,רחובות-רחובות --> נתניה-נתניה,נתניה,רכבת ישראל,לוד,
37334,לוד גני אביב,השלום,רחובות-רחובות --> נתניה-נתניה,נתניה,רכבת ישראל,לוד,
37334,לוד גני אביב,תל אביב מרכז,רחובות-רחובות --> נתניה-נתניה,נתניה,רכבת ישראל,לוד,
37334,לוד גני אביב,תל אביב האוניברסיטה - אקספו,רחובות-רחובות --> נתניה-נתניה,נתניה,רכבת ישראל,לוד,
37334,לוד גני אביב,הרצליה,רחובות-רחובות --> נתניה-נתניה,נתניה,רכבת ישראל,לוד,
37334,לוד גני אביב,בית יהושע,רחובות-רחובות --> נתניה-נתניה,נתניה,רכבת ישראל,לוד,
37334,לוד גני אביב,נתניה,רחובות-רחובות --> נתניה-נתניה,נתניה,רכבת ישראל,לוד,
37292,תל אביב ההגנה,השלום,רחובות-רחובות --> נתניה-נתניה,נתניה,רכבת ישראל,תל אביב יפו,
37292,תל אביב ההגנה,תל אביב מרכז,רחובות-רחובות --> נתניה-נתניה,נתניה,רכבת ישראל,תל אביב יפו,
37292,תל אביב ההגנה,תל אביב האוניברסיטה - אקספו,רחובות-רחובות --> נתניה-נתניה,נתניה,רכבת ישראל,תל אביב יפו,
37292,תל אביב ההגנה,הרצליה,רחובות-רחובות --> נתניה-נתניה,נתניה,רכבת ישראל,תל אביב יפו,
37292,תל אביב ההגנה,בית יהושע,רחובות-רחובות --> נתניה-נתניה,נתניה,רכבת ישראל,תל אביב יפו,
37292,תל אביב ההגנה,נתניה,רחובות-רחובות --> נתניה-נתניה,נתניה,רכבת ישראל,תל אביב יפו,
37350,השלום,תל אביב מרכז,רחובות-רחובות --> נתניה-נתניה,נתניה,רכבת ישראל,תל אביב יפו,
37350,השלום,תל אביב האוניברסיטה - אקספו,רחובות-רחובות --> נתניה-נתניה,נתניה,רכבת ישראל,תל אביב יפו,
37350,השלום,הרצליה,רחובות-רחובות --> נתניה-נתניה,נתניה,רכבת ישראל,תל אביב יפו,
37350,השלום,בית יהושע,רחובות-רחובות --> נתניה-נתניה,נתניה,רכבת ישראל,תל אביב יפו,
37350,השלום,נתניה,רחובות-רחובות --> נתניה-נתניה,נתניה,רכבת ישראל,תל אביב יפו,
37358,תל אביב מרכז,תל אביב האוניברסיטה - אקספו,רחובות-רחובות --> נתניה-נתניה,נתניה,רכבת ישראל,תל אביב יפו,
37358,תל אביב מרכז,הרצליה,רחובות-רחובות --> נתניה-נתניה,נתניה,רכבת ישראל,תל אביב יפו,
37358,תל אביב מרכז,בית יהושע,רחובות-רחובות --> נתניה-נתניה,נתניה,רכבת ישראל,תל אביב יפו,
37358,תל אביב מרכז,נתניה,רחובות-רחובות --> נתניה-נתניה,נתניה,רכבת ישראל,תל אביב יפו,
37360,תל אביב האוניברסיטה - אקספו,הרצליה,רחובות-רחובות --> נתניה-נתניה,נתניה,רכבת ישראל,תל אביב יפו,
37360,תל אביב האוניברסיטה - אקספו,בית יהושע,רחובות-רחובות --> נתניה-נתניה,נתניה,רכבת ישראל,תל אביב יפו,
37360,תל אביב האוניברסיטה - אקספו,נתניה,רחובות-רחובות --> נתניה-נתניה,נתניה,רכבת ישראל,תל אביב יפו,
37362,הרצליה,בית יהושע,רחובות-רחובות --> נתניה-נתניה,נתניה,רכבת ישראל,הרצליה,
37362,הרצליה,נתניה,רחובות-רחובות --> נתניה-נתניה,נתניה,רכבת ישראל,הרצליה,
37364,בית יהושע,נתניה,רחובות-רחובות --> נתניה-נתניה,נתניה,רכבת ישראל,בית יהושע,
37358,תל אביב מרכז,השלום,תל אביב מרכז-תל אביב יפו --> רחובות-רחובות,רחובות,רכבת ישראל,תל אביב יפו,
37358,תל אביב מרכז,תל אביב ההגנה,תל אביב מרכז-תל אביב יפו --> רחובות-רחובות,רחובות,רכבת ישראל,תל אביב יפו,
37358,תל אביב מרכז,לוד גני אביב,תל אביב מרכז-תל אביב יפו --> רחובות-רחובות,רחובות,רכבת ישראל,תל אביב יפו,
37358,תל אביב מרכז,לוד,תל אביב מרכז-תל אביב יפו --> רחובות-רחובות,רחובות,רכבת ישראל,תל אביב יפו,
37358,תל אביב מרכז,רחובות,תל אביב מרכז-תל אביב יפו --> רחובות-רחובות,רחובות,רכבת ישראל,תל אביב יפו,
37350,השלום,תל אביב ההגנה,תל אביב מרכז-תל אביב יפו --> רחובות-רחובות,רחובות,רכבת ישראל,תל אביב יפו,
37350,השלום,לוד גני אביב,תל אביב מרכז-תל אביב יפו --> רחובות-רחובות,רחובות,רכבת ישראל,תל אביב יפו,
37350,השלום,לוד,תל אביב מרכז-תל אביב יפו --> רחובות-רחובות,רחובות,רכבת ישראל,תל אביב יפו,
37350,השלום,רחובות,תל אביב מרכז-תל אביב יפו --> רחובות-רחובות,רחובות,רכבת ישראל,תל אביב יפו,
37292,תל אביב ההגנה,לוד גני אביב,תל אביב מרכז-תל אביב יפו --> רחובות-רחובות,רחובות,רכבת ישראל,תל אביב יפו,
37292,תל אביב ההגנה,לוד,תל אביב מרכז-תל אביב יפו --> רחובות-רחובות,רחובות,רכבת ישראל,תל אביב יפו,
37292,תל אביב ההגנה,רחובות,תל אביב מרכז-תל אביב יפו --> רחובות-רחובות,רחובות,רכבת ישראל,תל אביב יפו,
37334,לוד גני אביב,לוד,תל אביב מרכז-תל אביב יפו --> רחובות-רחובות,רחובות,רכבת ישראל,לוד,
37334,לוד גני אביב,רחובות,תל אביב מרכז-תל אביב יפו --> רחובות-רחובות,רחובות,רכבת ישראל,לוד,
37338,לוד,רחובות,תל אביב מרכז-תל אביב יפו --> רחובות-רחובות,רחובות,רכבת ישראל,לוד,
37372,בנימינה,לוד,בנימינה-בנימינה גבעת עדה --> רחובות-רחובות,רחובות,רכבת ישראל,בנימינה גבעת עדה,
37372,בנימינה,באר יעקב,בנימינה-בנימינה גבעת עדה --> רחובות-רחובות,רחובות,רכבת ישראל,בנימינה גבעת עדה,
37372,בנימינה,רחובות,בנימינה-בנימינה גבעת עדה --> רחובות-רחובות,רחובות,רכבת ישראל,בנימינה גבעת עדה,
37370,קיסריה פרדס חנה,לוד,בנימינה-בנימינה גבעת עדה --> רחובות-רחובות,רחובות,רכבת ישראל,פרדס חנה כרכור,
37370,קיסריה פרדס חנה,באר יעקב,בנימינה-בנימינה גבעת עדה --> רחובות-רחובות,רחובות,רכבת ישראל,פרדס חנה כרכור,
37370,קיסריה פרדס חנה,רחובות,בנימינה-בנימינה גבעת עדה --> רחובות-רחובות,רחובות,רכבת ישראל,פרדס חנה כרכור,
37368,חדרה מערב,לוד,בנימינה-בנימינה גבעת עדה --> רחובות-רחובות,רחובות,רכבת ישראל,חדרה,
37368,חדרה מערב,באר יעקב,בנימינה-בנימינה גבעת עדה --> רחובות-רחובות,רחובות,רכבת ישראל,חדרה,
37368,חדרה מערב,רחובות,בנימינה-בנימינה גבעת עדה --> רחובות-רחובות,רחובות,רכבת ישראל,חדרה,
37366,נתניה,לוד,בנימינה-בנימינה גבעת עדה --> רחובות-רחובות,רחובות,רכבת ישראל,נתניה,
37366,נתניה,באר יעקב,בנימינה-בנימינה גבעת עדה --> רחובות-רחובות,רחובות,רכבת ישראל,נתניה,
37366,נתניה,רחובות,בנימינה-בנימינה גבעת עדה --> רחובות-רחובות,רחובות,רכבת ישראל,נתניה,
40640,נתניה קריית ספיר,לוד,בנימינה-בנימינה גבעת עדה --> רחובות-רחובות,רחובות,רכבת ישראל,נתניה,
40640,נתניה קריית ספיר,באר יעקב,בנימינה-בנימינה גבעת עדה --> רחובות-רחובות,רחובות,רכבת ישראל,נתניה,
40640,נתניה קריית ספיר,רחובות,בנימינה-בנימינה גבעת עדה --> רחובות-רחובות,רחובות,רכבת ישראל,נתניה,
37364,בית יהושע,לוד,בנימינה-בנימינה גבעת עדה --> רחובות-רחובות,רחובות,רכבת ישראל,בית יהושע,
37364,בית יהושע,באר יעקב,בנימינה-בנימינה גבעת עדה --> רחובות-רחובות,רחובות,רכבת ישראל,בית יהושע,
37364,בית יהושע,רחובות,בנימינה-בנימינה גבעת עדה --> רחובות-רחובות,רחובות,רכבת ישראל,בית יהושע,
37362,הרצליה,לוד,בנימינה-בנימינה גבעת עדה --> רחובות-רחובות,רחובות,רכבת ישראל,הרצליה,
37362,הרצליה,באר יעקב,בנימינה-בנימינה גבעת עדה --> רחובות-רחובות,רחובות,רכבת ישראל,הרצליה,
37362,הרצליה,רחובות,בנימינה-בנימינה גבעת עדה --> רחובות-רחובות,רחובות,רכבת ישראל,הרצליה,
37360,תל אביב האוניברסיטה - אקספו,לוד,בנימינה-בנימינה גבעת עדה --> רחובות-רחובות,רחובות,רכבת ישראל,תל אביב יפו,
37360,תל אביב האוניברסיטה - אקספו,באר יעקב,בנימינה-בנימינה גבעת עדה --> רחובות-רחובות,רחובות,רכבת ישראל,תל אביב יפו,
37360,תל אביב האוניברסיטה - אקספו,רחובות,בנימינה-בנימינה גבעת עדה --> רחובות-רחובות,רחובות,רכבת ישראל,תל אביב יפו,
37358,תל אביב מרכז,לוד,בנימינה-בנימינה גבעת עדה --> רחובות-רחובות,רחובות,רכבת ישראל,תל אביב יפו,
37358,תל אביב מרכז,באר יעקב,בנימינה-בנימינה גבעת עדה --> רחובות-רחובות,רחובות,רכבת ישראל,תל אביב יפו,
37358,תל אביב מרכז,רחובות,בנימינה-בנימינה גבעת עדה --> רחובות-רחובות,רחובות,רכבת ישראל,תל אביב יפו,
37350,השלום,לוד,בנימינה-בנימינה גבעת עדה --> רחובות-רחובות,רחובות,רכבת ישראל,תל אביב יפו,
37350,השלום,באר יעקב,בנימינה-בנימינה גבעת עדה --> רחובות-רחובות,רחובות,רכבת ישראל,תל אביב יפו,
37350,השלום,רחובות,בנימינה-בנימינה גבעת עדה --> רחובות-רחובות,רחובות,רכבת ישראל,תל אביב יפו,
37292,תל אביב ההגנה,לוד,בנימינה-בנימינה גבעת עדה --> רחובות-רחובות,רחובות,רכבת ישראל,תל אביב יפו,
37292,תל אביב ההגנה,באר יעקב,בנימינה-בנימינה גבעת עדה --> רחובות-רחובות,רחובות,רכבת ישראל,תל אביב יפו,
37292,תל אביב ההגנה,רחובות,בנימינה-בנימינה גבעת עדה --> רחובות-רחובות,רחובות,רכבת ישראל,תל אביב יפו,
37340,כפר חבד,לוד,בנימינה-בנימינה גבעת עדה --> רחובות-רחובות,רחובות,רכבת ישראל,כפר חב''ד,
37340,כפר חבד,באר יעקב,בנימינה-בנימינה גבעת עדה --> רחובות-רחובות,רחובות,רכבת ישראל,כפר חב''ד,
37340,כפר חבד,רחובות,בנימינה-בנימינה גבעת עדה --> רחובות-רחובות,רחובות,רכבת ישראל,כפר חב''ד,
37338,לוד,באר יעקב,בנימינה-בנימינה גבעת עדה --> רחובות-רחובות,רחובות,רכבת ישראל,לוד,
37338,לוד,רחובות,בנימינה-בנימינה גבעת עדה --> רחובות-רחובות,רחובות,רכבת ישראל,לוד,
37330,באר יעקב,רחובות,בנימינה-בנימינה גבעת עדה --> רחובות-רחובות,רחובות,רכבת ישראל,באר יעקב,
37324,אשקלון,שדרות,אשקלון-אשקלון --> באר שבע מרכז-באר שבע,באר שבע מרכז,רכבת ישראל,אשקלון,
37324,אשקלון,נתיבות,אשקלון-אשקלון --> באר שבע מרכז-באר שבע,באר שבע מרכז,רכבת ישראל,אשקלון,
37324,אשקלון,אופקים,אשקלון-אשקלון --> באר שבע מרכז-באר שבע,באר שבע מרכז,רכבת ישראל,אשקלון,
37324,אשקלון,באר שבע צפון,אשקלון-אשקלון --> באר שבע מרכז-באר שבע,באר שבע מרכז,רכבת ישראל,אשקלון,
37324,אשקלון,באר שבע מרכז,אשקלון-אשקלון --> באר שבע מרכז-באר שבע,באר שבע מרכז,רכבת ישראל,אשקלון,
37290,שדרות,נתיבות,אשקלון-אשקלון --> באר שבע מרכז-באר שבע,באר שבע מרכז,רכבת ישראל,שדרות,
37290,שדרות,אופקים,אשקלון-אשקלון --> באר שבע מרכז-באר שבע,באר שבע מרכז,רכבת ישראל,שדרות,
37290,שדרות,באר שבע צפון,אשקלון-אשקלון --> באר שבע מרכז-באר שבע,באר שבע מרכז,רכבת ישראל,שדרות,
37290,שדרות,באר שבע מרכז,אשקלון-אשקלון --> באר שבע מרכז-באר שבע,באר שבע מרכז,רכבת ישראל,שדרות,
38643,נתיבות,אופקים,אשקלון-אשקלון --> באר שבע מרכז-באר שבע,באר שבע מרכז,רכבת ישראל,נתיבות,
38643,נתיבות,באר שבע צפון,אשקלון-אשקלון --> באר שבע מרכז-באר שבע,באר שבע מרכז,רכבת ישראל,נתיבות,
38643,נתיבות,באר שבע מרכז,אשקלון-אשקלון --> באר שבע מרכז-באר שבע,באר שבע מרכז,רכבת ישראל,נתיבות,
39260,אופקים,באר שבע צפון,אשקלון-אשקלון --> באר שבע מרכז-באר שבע,באר שבע מרכז,רכבת ישראל,אופקים,
39260,אופקים,באר שבע מרכז,אשקלון-אשקלון --> באר שבע מרכז-באר שבע,באר שבע מרכז,רכבת ישראל,אופקים,
37314,באר שבע צפון,באר שבע מרכז,אשקלון-אשקלון --> באר שבע מרכז-באר שבע,באר שבע מרכז,רכבת ישראל,באר שבע,
37312,באר שבע מרכז,באר שבע צפון,באר שבע מרכז-באר שבע --> הרצליה-הרצליה,הרצליה,רכבת ישראל,באר שבע,
37312,באר שבע מרכז,אופקים,באר שבע מרכז-באר שבע --> הרצליה-הרצליה,הרצליה,רכבת ישראל,באר שבע,
37312,באר שבע מרכז,נתיבות,באר שבע מרכז-באר שבע --> הרצליה-הרצליה,הרצליה,רכבת ישראל,באר שבע,
37312,באר שבע מרכז,שדרות,באר שבע מרכז-באר שבע --> הרצליה-הרצליה,הרצליה,רכבת ישראל,באר שבע,
37312,באר שבע מרכז,אשקלון,באר שבע מרכז-באר שבע --> הרצליה-הרצליה,הרצליה,רכבת ישראל,באר שבע,
37312,באר שבע מרכז,אשדוד עד הלום- מטרופול,באר שבע מרכז-באר שבע --> הרצליה-הרצליה,הרצליה,רכבת ישראל,באר שבע,
37312,באר שבע מרכז,יבנה מערב,באר שבע מרכז-באר שבע --> הרצליה-הרצליה,הרצליה,רכבת ישראל,באר שבע,
37312,באר שבע מרכז,רשל''צ משה דיין,באר שבע מרכז-באר שבע --> הרצליה-הרצליה,הרצליה,רכבת ישראל,באר שבע,
37312,באר שבע מרכז,בת ים קוממיות,באר שבע מרכז-באר שבע --> הרצליה-הרצליה,הרצליה,רכבת ישראל,באר שבע,
37312,באר שבע מרכז,בת ים אלי כהן - יוספטל,באר שבע מרכז-באר שבע --> הרצליה-הרצליה,הרצליה,רכבת ישראל,באר שבע,
37312,באר שבע מרכז,חולון וולפסון,באר שבע מרכז-באר שבע --> הרצליה-הרצליה,הרצליה,רכבת ישראל,באר שבע,
37312,באר שבע מרכז,צומת חולון,באר שבע מרכז-באר שבע --> הרצליה-הרצליה,הרצליה,רכבת ישראל,באר שבע,
37312,באר שבע מרכז,תל אביב ההגנה,באר שבע מרכז-באר שבע --> הרצליה-הרצליה,הרצליה,רכבת ישראל,באר שבע,
37312,באר שבע מרכז,השלום,באר שבע מרכז-באר שבע --> הרצליה-הרצליה,הרצליה,רכבת ישראל,באר שבע,
37312,באר שבע מרכז,תל אביב מרכז,באר שבע מרכז-באר שבע --> הרצליה-הרצליה,הרצליה,רכבת ישראל,באר שבע,
37312,באר שבע מרכז,תל אביב האוניברסיטה - אקספו,באר שבע מרכז-באר שבע --> הרצליה-הרצליה,הרצליה,רכבת ישראל,באר שבע,
37312,באר שבע מרכז,בני ברק,באר שבע מרכז-באר שבע --> הרצליה-הרצליה,הרצליה,רכבת ישראל,באר שבע,
37312,באר שבע מרכז,קרית אריה,באר שבע מרכז-באר שבע --> הרצליה-הרצליה,הרצליה,רכבת ישראל,באר שבע,
37312,באר שבע מרכז,סגולה,באר שבע מרכז-באר שבע --> הרצליה-הרצליה,הרצליה,רכבת ישראל,באר שבע,
37312,באר שבע מרכז,ראש העין צפון,באר שבע מרכז-באר שבע --> הרצליה-הרצליה,הרצליה,רכבת ישראל,באר שבע,
37312,באר שבע מרכז,כפר סבא,באר שבע מרכז-באר שבע --> הרצליה-הרצליה,הרצליה,רכבת ישראל,באר שבע,
37312,באר שבע מרכז,הוד השרון,באר שבע מרכז-באר שבע --> הרצליה-הרצליה,הרצליה,רכבת ישראל,באר שבע,
37312,באר שבע מרכז,רעננה דרום,באר שבע מרכז-באר שבע --> הרצליה-הרצליה,הרצליה,רכבת ישראל,באר שבע,
37312,באר שבע מרכז,רעננה מערב,באר שבע מרכז-באר שבע --> הרצליה-הרצליה,הרצליה,רכבת ישראל,באר שבע,
37312,באר שבע מרכז,הרצליה,באר שבע מרכז-באר שבע --> הרצליה-הרצליה,הרצליה,רכבת ישראל,באר שבע,
37314,באר שבע צפון,אופקים,באר שבע מרכז-באר שבע --> הרצליה-הרצליה,הרצליה,רכבת ישראל,באר שבע,
37314,באר שבע צפון,נתיבות,באר שבע מרכז-באר שבע --> הרצליה-הרצליה,הרצליה,רכבת ישראל,באר שבע,
37314,באר שבע צפון,שדרות,באר שבע מרכז-באר שבע --> הרצליה-הרצליה,הרצליה,רכבת ישראל,באר שבע,
37314,באר שבע צפון,אשקלון,באר שבע מרכז-באר שבע --> הרצליה-הרצליה,הרצליה,רכבת ישראל,באר שבע,
37314,באר שבע צפון,אשדוד עד הלום- מטרופול,באר שבע מרכז-באר שבע --> הרצליה-הרצליה,הרצליה,רכבת ישראל,באר שבע,
37314,באר שבע צפון,יבנה מערב,באר שבע מרכז-באר שבע --> הרצליה-הרצליה,הרצליה,רכבת ישראל,באר שבע,
37314,באר שבע צפון,רשל''צ משה דיין,באר שבע מרכז-באר שבע --> הרצליה-הרצליה,הרצליה,רכבת ישראל,באר שבע,
37314,באר שבע צפון,בת ים קוממיות,באר שבע מרכז-באר שבע --> הרצליה-הרצליה,הרצליה,רכבת ישראל,באר שבע,
37314,באר שבע צפון,בת ים אלי כהן - יוספטל,באר שבע מרכז-באר שבע --> הרצליה-הרצליה,הרצליה,רכבת ישראל,באר שבע,
37314,באר שבע צפון,חולון וולפסון,באר שבע מרכז-באר שבע --> הרצליה-הרצליה,הרצליה,רכבת ישראל,באר שבע,
37314,באר שבע צפון,צומת חולון,באר שבע מרכז-באר שבע --> הרצליה-הרצליה,הרצליה,רכבת ישראל,באר שבע,
37314,באר שבע צפון,תל אביב ההגנה,באר שבע מרכז-באר שבע --> הרצליה-הרצליה,הרצליה,רכבת ישראל,באר שבע,
37314,באר שבע צפון,השלום,באר שבע מרכז-באר שבע --> הרצליה-הרצליה,הרצליה,רכבת ישראל,באר שבע,
37314,באר שבע צפון,תל אביב מרכז,באר שבע מרכז-באר שבע --> הרצליה-הרצליה,הרצליה,רכבת ישראל,באר שבע,
37314,באר שבע צפון,תל אביב האוניברסיטה - אקספו,באר שבע מרכז-באר שבע --> הרצליה-הרצליה,הרצליה,רכבת ישראל,באר שבע,
37314,באר שבע צפון,בני ברק,באר שבע מרכז-באר שבע --> הרצליה-הרצליה,הרצליה,רכבת ישראל,באר שבע,
37314,באר שבע צפון,קרית אריה,באר שבע מרכז-באר שבע --> הרצליה-הרצליה,הרצליה,רכבת ישראל,באר שבע,
37314,באר שבע צפון,סגולה,באר שבע מרכז-באר שבע --> הרצליה-הרצליה,הרצליה,רכבת ישראל,באר שבע,
37314,באר שבע צפון,ראש העין צפון,באר שבע מרכז-באר שבע --> הרצליה-הרצליה,הרצליה,רכבת ישראל,באר שבע,
37314,באר שבע צפון,כפר סבא,באר שבע מרכז-באר שבע --> הרצליה-הרצליה,הרצליה,רכבת ישראל,באר שבע,
37314,באר שבע צפון,הוד השרון,באר שבע מרכז-באר שבע --> הרצליה-הרצליה,הרצליה,רכבת ישראל,באר שבע,
37314,באר שבע צפון,רעננה דרום,באר שבע מרכז-באר שבע --> הרצליה-הרצליה,הרצליה,רכבת ישראל,באר שבע,
37314,באר שבע צפון,רעננה מערב,באר שבע מרכז-באר שבע --> הרצליה-הרצליה,הרצליה,רכבת ישראל,באר שבע,
37314,באר שבע צפון,הרצליה,באר שבע מרכז-באר שבע --> הרצליה-הרצליה,הרצליה,רכבת ישראל,באר שבע,
39260,אופקים,נתיבות,באר שבע מרכז-באר שבע --> הרצליה-הרצליה,הרצליה,רכבת ישראל,אופקים,
39260,אופקים,שדרות,באר שבע מרכז-באר שבע --> הרצליה-הרצליה,הרצליה,רכבת ישראל,אופקים,
39260,אופקים,אשקלון,באר שבע מרכז-באר שבע --> הרצליה-הרצליה,הרצליה,רכבת ישראל,אופקים,
39260,אופקים,אשדוד עד הלום- מטרופול,באר שבע מרכז-באר שבע --> הרצליה-הרצליה,הרצליה,רכבת ישראל,אופקים,
39260,אופקים,יבנה מערב,באר שבע מרכז-באר שבע --> הרצליה-הרצליה,הרצליה,רכבת ישראל,אופקים,
39260,אופקים,רשל''צ משה דיין,באר שבע מרכז-באר שבע --> הרצליה-הרצליה,הרצליה,רכבת ישראל,אופקים,
39260,אופקים,בת ים קוממיות,באר שבע מרכז-באר שבע --> הרצליה-הרצליה,הרצליה,רכבת ישראל,אופקים,
39260,אופקים,בת ים אלי כהן - יוספטל,באר שבע מרכז-באר שבע --> הרצליה-הרצליה,הרצליה,רכבת ישראל,אופקים,
39260,אופקים,חולון וולפסון,באר שבע מרכז-באר שבע --> הרצליה-הרצליה,הרצליה,רכבת ישראל,אופקים,
39260,אופקים,צומת חולון,באר שבע מרכז-באר שבע --> הרצליה-הרצליה,הרצליה,רכבת ישראל,אופקים,
39260,אופקים,תל אביב ההגנה,באר שבע מרכז-באר שבע --> הרצליה-הרצליה,הרצליה,רכבת ישראל,אופקים,
39260,אופקים,השלום,באר שבע מרכז-באר שבע --> הרצליה-הרצליה,הרצליה,רכבת ישראל,אופקים,
39260,אופקים,תל אביב מרכז,באר שבע מרכז-באר שבע --> הרצליה-הרצליה,הרצליה,רכבת ישראל,אופקים,
39260,אופקים,תל אביב האוניברסיטה - אקספו,באר שבע מרכז-באר שבע --> הרצליה-הרצליה,הרצליה,רכבת ישראל,אופקים,
39260,אופקים,בני ברק,באר שבע מרכז-באר שבע --> הרצליה-הרצליה,הרצליה,רכבת ישראל,אופקים,
39260,אופקים,קרית אריה,באר שבע מרכז-באר שבע --> הרצליה-הרצליה,הרצליה,רכבת ישראל,אופקים,
39260,אופקים,סגולה,באר שבע מרכז-באר שבע --> הרצליה-הרצליה,הרצליה,רכבת ישראל,אופקים,
39260,אופקים,ראש העין צפון,באר שבע מרכז-באר שבע --> הרצליה-הרצליה,הרצליה,רכבת ישראל,אופקים,
39260,אופקים,כפר סבא,באר שבע מרכז-באר שבע --> הרצליה-הרצליה,הרצליה,רכבת ישראל,אופקים,
39260,אופקים,הוד השרון,באר שבע מרכז-באר שבע --> הרצליה-הרצליה,הרצליה,רכבת ישראל,אופקים,
39260,אופקים,רעננה דרום,באר שבע מרכז-באר שבע --> הרצליה-הרצליה,הרצליה,רכבת ישראל,אופקים,
39260,אופקים,רעננה מערב,באר שבע מרכז-באר שבע --> הרצליה-הרצליה,הרצליה,רכבת ישראל,אופקים,
39260,אופקים,הרצליה,באר שבע מרכז-באר שבע --> הרצליה-הרצליה,הרצליה,רכבת ישראל,אופקים,
38643,נתיבות,שדרות,באר שבע מרכז-באר שבע --> הרצליה-הרצליה,הרצליה,רכבת ישראל,נתיבות,
38643,נתיבות,אשקלון,באר שבע מרכז-באר שבע --> הרצליה-הרצליה,הרצליה,רכבת ישראל,נתיבות,
38643,נתיבות,אשדוד עד הלום- מטרופול,באר שבע מרכז-באר שבע --> הרצליה-הרצליה,הרצליה,רכבת ישראל,נתיבות,
38643,נתיבות,יבנה מערב,באר שבע מרכז-באר שבע --> הרצליה-הרצליה,הרצליה,רכבת ישראל,נתיבות,
38643,נתיבות,רשל''צ משה דיין,באר שבע מרכז-באר שבע --> הרצליה-הרצליה,הרצליה,רכבת ישראל,נתיבות,
38643,נתיבות,בת ים קוממיות,באר שבע מרכז-באר שבע --> הרצליה-הרצליה,הרצליה,רכבת ישראל,נתיבות,
38643,נתיבות,בת ים אלי כהן - יוספטל,באר שבע מרכז-באר שבע --> הרצליה-הרצליה,הרצליה,רכבת ישראל,נתיבות,
38643,נתיבות,חולון וולפסון,באר שבע מרכז-באר שבע --> הרצליה-הרצליה,הרצליה,רכבת ישראל,נתיבות,
38643,נתיבות,צומת חולון,באר שבע מרכז-באר שבע --> הרצליה-הרצליה,הרצליה,רכבת ישראל,נתיבות,
38643,נתיבות,תל אביב ההגנה,באר שבע מרכז-באר שבע --> הרצליה-הרצליה,הרצליה,רכבת ישראל,נתיבות,
38643,נתיבות,השלום,באר שבע מרכז-באר שבע --> הרצליה-הרצליה,הרצליה,רכבת ישראל,נתיבות,
38643,נתיבות,תל אביב מרכז,באר שבע מרכז-באר שבע --> הרצליה-הרצליה,הרצליה,רכבת ישראל,נתיבות,
38643,נתיבות,תל אביב האוניברסיטה - אקספו,באר שבע מרכז-באר שבע --> הרצליה-הרצליה,הרצליה,רכבת ישראל,נתיבות,
38643,נתיבות,בני ברק,באר שבע מרכז-באר שבע --> הרצליה-הרצליה,הרצליה,רכבת ישראל,נתיבות,
38643,נתיבות,קרית אריה,באר שבע מרכז-באר שבע --> הרצליה-הרצליה,הרצליה,רכבת ישראל,נתיבות,
38643,נתיבות,סגולה,באר שבע מרכז-באר שבע --> הרצליה-הרצליה,הרצליה,רכבת ישראל,נתיבות,
38643,נתיבות,ראש העין צפון,באר שבע מרכז-באר שבע --> הרצליה-הרצליה,הרצליה,רכבת ישראל,נתיבות,
38643,נתיבות,כפר סבא,באר שבע מרכז-באר שבע --> הרצליה-הרצליה,הרצליה,רכבת ישראל,נתיבות,
38643,נתיבות,הוד השרון,באר שבע מרכז-באר שבע --> הרצליה-הרצליה,הרצליה,רכבת ישראל,נתיבות,
38643,נתיבות,רעננה דרום,באר שבע מרכז-באר שבע --> הרצליה-הרצליה,הרצליה,רכבת ישראל,נתיבות,
38643,נתיבות,רעננה מערב,באר שבע מרכז-באר שבע --> הרצליה-הרצליה,הרצליה,רכבת ישראל,נתיבות,
38643,נתיבות,הרצליה,באר שבע מרכז-באר שבע --> הרצליה-הרצליה,הרצליה,רכבת ישראל,נתיבות,
37290,שדרות,אשקלון,באר שבע מרכז-באר שבע --> הרצליה-הרצליה,הרצליה,רכבת ישראל,שדרות,
37290,שדרות,אשדוד עד הלום- מטרופול,באר שבע מרכז-באר שבע --> הרצליה-הרצליה,הרצליה,רכבת ישראל,שדרות,
37290,שדרות,יבנה מערב,באר שבע מרכז-באר שבע --> הרצליה-הרצליה,הרצליה,רכבת ישראל,שדרות,
37290,שדרות,רשל''צ משה דיין,באר שבע מרכז-באר שבע --> הרצליה-הרצליה,הרצליה,רכבת ישראל,שדרות,
37290,שדרות,בת ים קוממיות,באר שבע מרכז-באר שבע --> הרצליה-הרצליה,הרצליה,רכבת ישראל,שדרות,
37290,שדרות,בת ים אלי כהן - יוספטל,באר שבע מרכז-באר שבע --> הרצליה-הרצליה,הרצליה,רכבת ישראל,שדרות,
37290,שדרות,חולון וולפסון,באר שבע מרכז-באר שבע --> הרצליה-הרצליה,הרצליה,רכבת ישראל,שדרות,
37290,שדרות,צומת חולון,באר שבע מרכז-באר שבע --> הרצליה-הרצליה,הרצליה,רכבת ישראל,שדרות,
37290,שדרות,תל אביב ההגנה,באר שבע מרכז-באר שבע --> הרצליה-הרצליה,הרצליה,רכבת ישראל,שדרות,
37290,שדרות,השלום,באר שבע מרכז-באר שבע --> הרצליה-הרצליה,הרצליה,רכבת ישראל,שדרות,
37290,שדרות,תל אביב מרכז,באר שבע מרכז-באר שבע --> הרצליה-הרצליה,הרצליה,רכבת ישראל,שדרות,
37290,שדרות,תל אביב האוניברסיטה - אקספו,באר שבע מרכז-באר שבע --> הרצליה-הרצליה,הרצליה,רכבת ישראל,שדרות,
37290,שדרות,בני ברק,באר שבע מרכז-באר שבע --> הרצליה-הרצליה,הרצליה,רכבת ישראל,שדרות,
37290,שדרות,קרית אריה,באר שבע מרכז-באר שבע --> הרצליה-הרצליה,הרצליה,רכבת ישראל,שדרות,
37290,שדרות,סגולה,באר שבע מרכז-באר שבע --> הרצליה-הרצליה,הרצליה,רכבת ישראל,שדרות,
37290,שדרות,ראש העין צפון,באר שבע מרכז-באר שבע --> הרצליה-הרצליה,הרצליה,רכבת ישראל,שדרות,
37290,שדרות,כפר סבא,באר שבע מרכז-באר שבע --> הרצליה-הרצליה,הרצליה,רכבת ישראל,שדרות,
37290,שדרות,הוד השרון,באר שבע מרכז-באר שבע --> הרצליה-הרצליה,הרצליה,רכבת ישראל,שדרות,
37290,שדרות,רעננה דרום,באר שבע מרכז-באר שבע --> הרצליה-הרצליה,הרצליה,רכבת ישראל,שדרות,
37290,שדרות,רעננה מערב,באר שבע מרכז-באר שבע --> הרצליה-הרצליה,הרצליה,רכבת ישראל,שדרות,
37290,שדרות,הרצליה,באר שבע מרכז-באר שבע --> הרצליה-הרצליה,הרצליה,רכבת ישראל,שדרות,
37324,אשקלון,אשדוד עד הלום- מטרופול,באר שבע מרכז-באר שבע --> הרצליה-הרצליה,הרצליה,רכבת ישראל,אשקלון,
37324,אשקלון,יבנה מערב,באר שבע מרכז-באר שבע --> הרצליה-הרצליה,הרצליה,רכבת ישראל,אשקלון,
37324,אשקלון,רשל''צ משה דיין,באר שבע מרכז-באר שבע --> הרצליה-הרצליה,הרצליה,רכבת ישראל,אשקלון,
37324,אשקלון,בת ים קוממיות,באר שבע מרכז-באר שבע --> הרצליה-הרצליה,הרצליה,רכבת ישראל,אשקלון,
37324,אשקלון,בת ים אלי כהן - יוספטל,באר שבע מרכז-באר שבע --> הרצליה-הרצליה,הרצליה,רכבת ישראל,אשקלון,
37324,אשקלון,חולון וולפסון,באר שבע מרכז-באר שבע --> הרצליה-הרצליה,הרצליה,רכבת ישראל,אשקלון,
37324,אשקלון,צומת חולון,באר שבע מרכז-באר שבע --> הרצליה-הרצליה,הרצליה,רכבת ישראל,אשקלון,
37324,אשקלון,תל אביב ההגנה,באר שבע מרכז-באר שבע --> הרצליה-הרצליה,הרצליה,רכבת ישראל,אשקלון,
37324,אשקלון,השלום,באר שבע מרכז-באר שבע --> הרצליה-הרצליה,הרצליה,רכבת ישראל,אשקלון,
37324,אשקלון,תל אביב מרכז,באר שבע מרכז-באר שבע --> הרצליה-הרצליה,הרצליה,רכבת ישראל,אשקלון,
37324,אשקלון,תל אביב האוניברסיטה - אקספו,באר שבע מרכז-באר שבע --> הרצליה-הרצליה,הרצליה,רכבת ישראל,אשקלון,
37324,אשקלון,בני ברק,באר שבע מרכז-באר שבע --> הרצליה-הרצליה,הרצליה,רכבת ישראל,אשקלון,
37324,אשקלון,קרית אריה,באר שבע מרכז-באר שבע --> הרצליה-הרצליה,הרצליה,רכבת ישראל,אשקלון,
37324,אשקלון,סגולה,באר שבע מרכז-באר שבע --> הרצליה-הרצליה,הרצליה,רכבת ישראל,אשקלון,
37324,אשקלון,ראש העין צפון,באר שבע מרכז-באר שבע --> הרצליה-הרצליה,הרצליה,רכבת ישראל,אשקלון,
37324,אשקלון,כפר סבא,באר שבע מרכז-באר שבע --> הרצליה-הרצליה,הרצליה,רכבת ישראל,אשקלון,
37324,אשקלון,הוד השרון,באר שבע מרכז-באר שבע --> הרצליה-הרצליה,הרצליה,רכבת ישראל,אשקלון,
37324,אשקלון,רעננה דרום,באר שבע מרכז-באר שבע --> הרצליה-הרצליה,הרצליה,רכבת ישראל,אשקלון,
37324,אשקלון,רעננה מערב,באר שבע מרכז-באר שבע --> הרצליה-הרצליה,הרצליה,רכבת ישראל,אשקלון,
37324,אשקלון,הרצליה,באר שבע מרכז-באר שבע --> הרצליה-הרצליה,הרצליה,רכבת ישראל,אשקלון,
37326,אשדוד עד הלום- מטרופול,יבנה מערב,באר שבע מרכז-באר שבע --> הרצליה-הרצליה,הרצליה,רכבת ישראל,אשדוד,
37326,אשדוד עד הלום- מטרופול,רשל''צ משה דיין,באר שבע מרכז-באר שבע --> הרצליה-הרצליה,הרצליה,רכבת ישראל,אשדוד,
37326,אשדוד עד הלום- מטרופול,בת ים קוממיות,באר שבע מרכז-באר שבע --> הרצליה-הרצליה,הרצליה,רכבת ישראל,אשדוד,
37326,אשדוד עד הלום- מטרופול,בת ים אלי כהן - יוספטל,באר שבע מרכז-באר שבע --> הרצליה-הרצליה,הרצליה,רכבת ישראל,אשדוד,
37326,אשדוד עד הלום- מטרופול,חולון וולפסון,באר שבע מרכז-באר שבע --> הרצליה-הרצליה,הרצליה,רכבת ישראל,אשדוד,
37326,אשדוד עד הלום- מטרופול,צומת חולון,באר שבע מרכז-באר שבע --> הרצליה-הרצליה,הרצליה,רכבת ישראל,אשדוד,
37326,אשדוד עד הלום- מטרופול,תל אביב ההגנה,באר שבע מרכז-באר שבע --> הרצליה-הרצליה,הרצליה,רכבת ישראל,אשדוד,
37326,אשדוד עד הלום- מטרופול,השלום,באר שבע מרכז-באר שבע --> הרצליה-הרצליה,הרצליה,רכבת ישראל,אשדוד,
37326,אשדוד עד הלום- מטרופול,תל אביב מרכז,באר שבע מרכז-באר שבע --> הרצליה-הרצליה,הרצליה,רכבת ישראל,אשדוד,
37326,אשדוד עד הלום- מטרופול,תל אביב האוניברסיטה - אקספו,באר שבע מרכז-באר שבע --> הרצליה-הרצליה,הרצליה,רכבת ישראל,אשדוד,
37326,אשדוד עד הלום- מטרופול,בני ברק,באר שבע מרכז-באר שבע --> הרצליה-הרצליה,הרצליה,רכבת ישראל,אשדוד,
37326,אשדוד עד הלום- מטרופול,קרית אריה,באר שבע מרכז-באר שבע --> הרצליה-הרצליה,הרצליה,רכבת ישראל,אשדוד,
37326,אשדוד עד הלום- מטרופול,סגולה,באר שבע מרכז-באר שבע --> הרצליה-הרצליה,הרצליה,רכבת ישראל,אשדוד,
37326,אשדוד עד הלום- מטרופול,ראש העין צפון,באר שבע מרכז-באר שבע --> הרצליה-הרצליה,הרצליה,רכבת ישראל,אשדוד,
37326,אשדוד עד הלום- מטרופול,כפר סבא,באר שבע מרכז-באר שבע --> הרצליה-הרצליה,הרצליה,רכבת ישראל,אשדוד,
37326,אשדוד עד הלום- מטרופול,הוד השרון,באר שבע מרכז-באר שבע --> הרצליה-הרצליה,הרצליה,רכבת ישראל,אשדוד,
37326,אשדוד עד הלום- מטרופול,רעננה דרום,באר שבע מרכז-באר שבע --> הרצליה-הרצליה,הרצליה,רכבת ישראל,אשדוד,
37326,אשדוד עד הלום- מטרופול,רעננה מערב,באר שבע מרכז-באר שבע --> הרצליה-הרצליה,הרצליה,רכבת ישראל,אשדוד,
37326,אשדוד עד הלום- מטרופול,הרצליה,באר שבע מרכז-באר שבע --> הרצליה-הרצליה,הרצליה,רכבת ישראל,אשדוד,
37300,יבנה מערב,רשל''צ משה דיין,באר שבע מרכז-באר שבע --> הרצליה-הרצליה,הרצליה,רכבת ישראל,יבנה,
37300,יבנה מערב,בת ים קוממיות,באר שבע מרכז-באר שבע --> הרצליה-הרצליה,הרצליה,רכבת ישראל,יבנה,
37300,יבנה מערב,בת ים אלי כהן - יוספטל,באר שבע מרכז-באר שבע --> הרצליה-הרצליה,הרצליה,רכבת ישראל,יבנה,
37300,יבנה מערב,חולון וולפסון,באר שבע מרכז-באר שבע --> הרצליה-הרצליה,הרצליה,רכבת ישראל,יבנה,
37300,יבנה מערב,צומת חולון,באר שבע מרכז-באר שבע --> הרצליה-הרצליה,הרצליה,רכבת ישראל,יבנה,
37300,יבנה מערב,תל אביב ההגנה,באר שבע מרכז-באר שבע --> הרצליה-הרצליה,הרצליה,רכבת ישראל,יבנה,
37300,יבנה מערב,השלום,באר שבע מרכז-באר שבע --> הרצליה-הרצליה,הרצליה,רכבת ישראל,יבנה,
37300,יבנה מערב,תל אביב מרכז,באר שבע מרכז-באר שבע --> הרצליה-הרצליה,הרצליה,רכבת ישראל,יבנה,
37300,יבנה מערב,תל אביב האוניברסיטה - אקספו,באר שבע מרכז-באר שבע --> הרצליה-הרצליה,הרצליה,רכבת ישראל,יבנה,
37300,יבנה מערב,בני ברק,באר שבע מרכז-באר שבע --> הרצליה-הרצליה,הרצליה,רכבת ישראל,יבנה,
37300,יבנה מערב,קרית אריה,באר שבע מרכז-באר שבע --> הרצליה-הרצליה,הרצליה,רכבת ישראל,יבנה,
37300,יבנה מערב,סגולה,באר שבע מרכז-באר שבע --> הרצליה-הרצליה,הרצליה,רכבת ישראל,יבנה,
37300,יבנה מערב,ראש העין צפון,באר שבע מרכז-באר שבע --> הרצליה-הרצליה,הרצליה,רכבת ישראל,יבנה,
37300,יבנה מערב,כפר סבא,באר שבע מרכז-באר שבע --> הרצליה-הרצליה,הרצליה,רכבת ישראל,יבנה,
37300,יבנה מערב,הוד השרון,באר שבע מרכז-באר שבע --> הרצליה-הרצליה,הרצליה,רכבת ישראל,יבנה,
37300,יבנה מערב,רעננה דרום,באר שבע מרכז-באר שבע --> הרצליה-הרצליה,הרצליה,רכבת ישראל,יבנה,
37300,יבנה מערב,רעננה מערב,באר שבע מרכז-באר שבע --> הרצליה-הרצליה,הרצליה,רכבת ישראל,יבנה,
37300,יבנה מערב,הרצליה,באר שבע מרכז-באר שבע --> הרצליה-הרצליה,הרצליה,רכבת ישראל,יבנה,
37294,רשל''צ משה דיין,בת ים קוממיות,באר שבע מרכז-באר שבע --> הרצליה-הרצליה,הרצליה,רכבת ישראל,ראשון לציון,
37294,רשל''צ משה דיין,בת ים אלי כהן - יוספטל,באר שבע מרכז-באר שבע --> הרצליה-הרצליה,הרצליה,רכבת ישראל,ראשון לציון,
37294,רשל''צ משה דיין,חולון וולפסון,באר שבע מרכז-באר שבע --> הרצליה-הרצליה,הרצליה,רכבת ישראל,ראשון לציון,
37294,רשל''צ משה דיין,צומת חולון,באר שבע מרכז-באר שבע --> הרצליה-הרצליה,הרצליה,רכבת ישראל,ראשון לציון,
37294,רשל''צ משה דיין,תל אביב ההגנה,באר שבע מרכז-באר שבע --> הרצליה-הרצליה,הרצליה,רכבת ישראל,ראשון לציון,
37294,רשל''צ משה דיין,השלום,באר שבע מרכז-באר שבע --> הרצליה-הרצליה,הרצליה,רכבת ישראל,ראשון לציון,
37294,רשל''צ משה דיין,תל אביב מרכז,באר שבע מרכז-באר שבע --> הרצליה-הרצליה,הרצליה,רכבת ישראל,ראשון לציון,
37294,רשל''צ משה דיין,תל אביב האוניברסיטה - אקספו,באר שבע מרכז-באר שבע --> הרצליה-הרצליה,הרצליה,רכבת ישראל,ראשון לציון,
37294,רשל''צ משה דיין,בני ברק,באר שבע מרכז-באר שבע --> הרצליה-הרצליה,הרצליה,רכבת ישראל,ראשון לציון,
37294,רשל''צ משה דיין,קרית אריה,באר שבע מרכז-באר שבע --> הרצליה-הרצליה,הרצליה,רכבת ישראל,ראשון לציון,
37294,רשל''צ משה דיין,סגולה,באר שבע מרכז-באר שבע --> הרצליה-הרצליה,הרצליה,רכבת ישראל,ראשון לציון,
37294,רשל''צ משה דיין,ראש העין צפון,באר שבע מרכז-באר שבע --> הרצליה-הרצליה,הרצליה,רכבת ישראל,ראשון לציון,
37294,רשל''צ משה דיין,כפר סבא,באר שבע מרכז-באר שבע --> הרצליה-הרצליה,הרצליה,רכבת ישראל,ראשון לציון,
37294,רשל''צ משה דיין,הוד השרון,באר שבע מרכז-באר שבע --> הרצליה-הרצליה,הרצליה,רכבת ישראל,ראשון לציון,
37294,רשל''צ משה דיין,רעננה דרום,באר שבע מרכז-באר שבע --> הרצליה-הרצליה,הרצליה,רכבת ישראל,ראשון לציון,
37294,רשל''צ משה דיין,רעננה מערב,באר שבע מרכז-באר שבע --> הרצליה-הרצליה,הרצליה,רכבת ישראל,ראשון לציון,
37294,רשל''צ משה דיין,הרצליה,באר שבע מרכז-באר שבע --> הרצליה-הרצליה,הרצליה,רכבת ישראל,ראשון לציון,
37342,בת ים קוממיות,בת ים אלי כהן - יוספטל,באר שבע מרכז-באר שבע --> הרצליה-הרצליה,הרצליה,רכבת ישראל,חולון,
37342,בת ים קוממיות,חולון וולפסון,באר שבע מרכז-באר שבע --> הרצליה-הרצליה,הרצליה,רכבת ישראל,חולון,
37342,בת ים קוממיות,צומת חולון,באר שבע מרכז-באר שבע --> הרצליה-הרצליה,הרצליה,רכבת ישראל,חולון,
37342,בת ים קוממיות,תל אביב ההגנה,באר שבע מרכז-באר שבע --> הרצליה-הרצליה,הרצליה,רכבת ישראל,חולון,
37342,בת ים קוממיות,השלום,באר שבע מרכז-באר שבע --> הרצליה-הרצליה,הרצליה,רכבת ישראל,חולון,
37342,בת ים קוממיות,תל אביב מרכז,באר שבע מרכז-באר שבע --> הרצליה-הרצליה,הרצליה,רכבת ישראל,חולון,
37342,בת ים קוממיות,תל אביב האוניברסיטה - אקספו,באר שבע מרכז-באר שבע --> הרצליה-הרצליה,הרצליה,רכבת ישראל,חולון,
37342,בת ים קוממיות,בני ברק,באר שבע מרכז-באר שבע --> הרצליה-הרצליה,הרצליה,רכבת ישראל,חולון,
37342,בת ים קוממיות,קרית אריה,באר שבע מרכז-באר שבע --> הרצליה-הרצליה,הרצליה,רכבת ישראל,חולון,
37342,בת ים קוממיות,סגולה,באר שבע מרכז-באר שבע --> הרצליה-הרצליה,הרצליה,רכבת ישראל,חולון,
37342,בת ים קוממיות,ראש העין צפון,באר שבע מרכז-באר שבע --> הרצליה-הרצליה,הרצליה,רכבת ישראל,חולון,
37342,בת ים קוממיות,כפר סבא,באר שבע מרכז-באר שבע --> הרצליה-הרצליה,הרצליה,רכבת ישראל,חולון,
37342,בת ים קוממיות,הוד השרון,באר שבע מרכז-באר שבע --> הרצליה-הרצליה,הרצליה,רכבת ישראל,חולון,
37342,בת ים קוממיות,רעננה דרום,באר שבע מרכז-באר שבע --> הרצליה-הרצליה,הרצליה,רכבת ישראל,חולון,
37342,בת ים קוממיות,רעננה מערב,באר שבע מרכז-באר שבע --> הרצליה-הרצליה,הרצליה,רכבת ישראל,חולון,
37342,בת ים קוממיות,הרצליה,באר שבע מרכז-באר שבע --> הרצליה-הרצליה,הרצליה,רכבת ישראל,חולון,
37344,בת ים אלי כהן - יוספטל,חולון וולפסון,באר שבע מרכז-באר שבע --> הרצליה-הרצליה,הרצליה,רכבת ישראל,בת ים,
37344,בת ים אלי כהן - יוספטל,צומת חולון,באר שבע מרכז-באר שבע --> הרצליה-הרצליה,הרצליה,רכבת ישראל,בת ים,
37344,בת ים אלי כהן - יוספטל,תל אביב ההגנה,באר שבע מרכז-באר שבע --> הרצליה-הרצליה,הרצליה,רכבת ישראל,בת ים,
37344,בת ים אלי כהן - יוספטל,השלום,באר שבע מרכז-באר שבע --> הרצליה-הרצליה,הרצליה,רכבת ישראל,בת ים,
37344,בת ים אלי כהן - יוספטל,תל אביב מרכז,באר שבע מרכז-באר שבע --> הרצליה-הרצליה,הרצליה,רכבת ישראל,בת ים,
37344,בת ים אלי כהן - יוספטל,תל אביב האוניברסיטה - אקספו,באר שבע מרכז-באר שבע --> הרצליה-הרצליה,הרצליה,רכבת ישראל,בת ים,
37344,בת ים אלי כהן - יוספטל,בני ברק,באר שבע מרכז-באר שבע --> הרצליה-הרצליה,הרצליה,רכבת ישראל,בת ים,
37344,בת ים אלי כהן - יוספטל,קרית אריה,באר שבע מרכז-באר שבע --> הרצליה-הרצליה,הרצליה,רכבת ישראל,בת ים,
37344,בת ים אלי כהן - יוספטל,סגולה,באר שבע מרכז-באר שבע --> הרצליה-הרצליה,הרצליה,רכבת ישראל,בת ים,
37344,בת ים אלי כהן - יוספטל,ראש העין צפון,באר שבע מרכז-באר שבע --> הרצליה-הרצליה,הרצליה,רכבת ישראל,בת ים,
37344,בת ים אלי כהן - יוספטל,כפר סבא,באר שבע מרכז-באר שבע --> הרצליה-הרצליה,הרצליה,רכבת ישראל,בת ים,
37344,בת ים אלי כהן - יוספטל,הוד השרון,באר שבע מרכז-באר שבע --> הרצליה-הרצליה,הרצליה,רכבת ישראל,בת ים,
37344,בת ים אלי כהן - יוספטל,רעננה דרום,באר שבע מרכז-באר שבע --> הרצליה-הרצליה,הרצליה,רכבת ישראל,בת ים,
37344,בת ים אלי כהן - יוספטל,רעננה מערב,באר שבע מרכז-באר שבע --> הרצליה-הרצליה,הרצליה,רכבת ישראל,בת ים,
37344,בת ים אלי כהן - יוספטל,הרצליה,באר שבע מרכז-באר שבע --> הרצליה-הרצליה,הרצליה,רכבת ישראל,בת ים,
37346,חולון וולפסון,צומת חולון,באר שבע מרכז-באר שבע --> הרצליה-הרצליה,הרצליה,רכבת ישראל,חולון,
37346,חולון וולפסון,תל אביב ההגנה,באר שבע מרכז-באר שבע --> הרצליה-הרצליה,הרצליה,רכבת ישראל,חולון,
37346,חולון וולפסון,השלום,באר שבע מרכז-באר שבע --> הרצליה-הרצליה,הרצליה,רכבת ישראל,חולון,
37346,חולון וולפסון,תל אביב מרכז,באר שבע מרכז-באר שבע --> הרצליה-הרצליה,הרצליה,רכבת ישראל,חולון,
37346,חולון וולפסון,תל אביב האוניברסיטה - אקספו,באר שבע מרכז-באר שבע --> הרצליה-הרצליה,הרצליה,רכבת ישראל,חולון,
37346,חולון וולפסון,בני ברק,באר שבע מרכז-באר שבע --> הרצליה-הרצליה,הרצליה,רכבת ישראל,חולון,
37346,חולון וולפסון,קרית אריה,באר שבע מרכז-באר שבע --> הרצליה-הרצליה,הרצליה,רכבת ישראל,חולון,
37346,חולון וולפסון,סגולה,באר שבע מרכז-באר שבע --> הרצליה-הרצליה,הרצליה,רכבת ישראל,חולון,
37346,חולון וולפסון,ראש העין צפון,באר שבע מרכז-באר שבע --> הרצליה-הרצליה,הרצליה,רכבת ישראל,חולון,
37346,חולון וולפסון,כפר סבא,באר שבע מרכז-באר שבע --> הרצליה-הרצליה,הרצליה,רכבת ישראל,חולון,
37346,חולון וולפסון,הוד השרון,באר שבע מרכז-באר שבע --> הרצליה-הרצליה,הרצליה,רכבת ישראל,חולון,
37346,חולון וולפסון,רעננה דרום,באר שבע מרכז-באר שבע --> הרצליה-הרצליה,הרצליה,רכבת ישראל,חולון,
37346,חולון וולפסון,רעננה מערב,באר שבע מרכז-באר שבע --> הרצליה-הרצליה,הרצליה,רכבת ישראל,חולון,
37346,חולון וולפסון,הרצליה,באר שבע מרכז-באר שבע --> הרצליה-הרצליה,הרצליה,רכבת ישראל,חולון,
37348,צומת חולון,תל אביב ההגנה,באר שבע מרכז-באר שבע --> הרצליה-הרצליה,הרצליה,רכבת ישראל,תל אביב יפו,
37348,צומת חולון,השלום,באר שבע מרכז-באר שבע --> הרצליה-הרצליה,הרצליה,רכבת ישראל,תל אביב יפו,
37348,צומת חולון,תל אביב מרכז,באר שבע מרכז-באר שבע --> הרצליה-הרצליה,הרצליה,רכבת ישראל,תל אביב יפו,
37348,צומת חולון,תל אביב האוניברסיטה - אקספו,באר שבע מרכז-באר שבע --> הרצליה-הרצליה,הרצליה,רכבת ישראל,תל אביב יפו,
37348,צומת חולון,בני ברק,באר שבע מרכז-באר שבע --> הרצליה-הרצליה,הרצליה,רכבת ישראל,תל אביב יפו,
37348,צומת חולון,קרית אריה,באר שבע מרכז-באר שבע --> הרצליה-הרצליה,הרצליה,רכבת ישראל,תל אביב יפו,
37348,צומת חולון,סגולה,באר שבע מרכז-באר שבע --> הרצליה-הרצליה,הרצליה,רכבת ישראל,תל אביב יפו,
37348,צומת חולון,ראש העין צפון,באר שבע מרכז-באר שבע --> הרצליה-הרצליה,הרצליה,רכבת ישראל,תל אביב יפו,
37348,צומת חולון,כפר סבא,באר שבע מרכז-באר שבע --> הרצליה-הרצליה,הרצליה,רכבת ישראל,תל אביב יפו,
37348,צומת חולון,הוד השרון,באר שבע מרכז-באר שבע --> הרצליה-הרצליה,הרצליה,רכבת ישראל,תל אביב יפו,
37348,צומת חולון,רעננה דרום,באר שבע מרכז-באר שבע --> הרצליה-הרצליה,הרצליה,רכבת ישראל,תל אביב יפו,
37348,צומת חולון,רעננה מערב,באר שבע מרכז-באר שבע --> הרצליה-הרצליה,הרצליה,רכבת ישראל,תל אביב יפו,
37348,צומת חולון,הרצליה,באר שבע מרכז-באר שבע --> הרצליה-הרצליה,הרצליה,רכבת ישראל,תל אביב יפו,
37292,תל אביב ההגנה,השלום,באר שבע מרכז-באר שבע --> הרצליה-הרצליה,הרצליה,רכבת ישראל,תל אביב יפו,
37292,תל אביב ההגנה,תל אביב מרכז,באר שבע מרכז-באר שבע --> הרצליה-הרצליה,הרצליה,רכבת ישראל,תל אביב יפו,
37292,תל אביב ההגנה,תל אביב האוניברסיטה - אקספו,באר שבע מרכז-באר שבע --> הרצליה-הרצליה,הרצליה,רכבת ישראל,תל אביב יפו,
37292,תל אביב ההגנה,בני ברק,באר שבע מרכז-באר שבע --> הרצליה-הרצליה,הרצליה,רכבת ישראל,תל אביב יפו,
37292,תל אביב ההגנה,קרית אריה,באר שבע מרכז-באר שבע --> הרצליה-הרצליה,הרצליה,רכבת ישראל,תל אביב יפו,
37292,תל אביב ההגנה,סגולה,באר שבע מרכז-באר שבע --> הרצליה-הרצליה,הרצליה,רכבת ישראל,תל אביב יפו,
37292,תל אביב ההגנה,ראש העין צפון,באר שבע מרכז-באר שבע --> הרצליה-הרצליה,הרצליה,רכבת ישראל,תל אביב יפו,
37292,תל אביב ההגנה,כפר סבא,באר שבע מרכז-באר שבע --> הרצליה-הרצליה,הרצליה,רכבת ישראל,תל אביב יפו,
37292,תל אביב ההגנה,הוד השרון,באר שבע מרכז-באר שבע --> הרצליה-הרצליה,הרצליה,רכבת ישראל,תל אביב יפו,
37292,תל אביב ההגנה,רעננה דרום,באר שבע מרכז-באר שבע --> הרצליה-הרצליה,הרצליה,רכבת ישראל,תל אביב יפו,
37292,תל אביב ההגנה,רעננה מערב,באר שבע מרכז-באר שבע --> הרצליה-הרצליה,הרצליה,רכבת ישראל,תל אביב יפו,
37292,תל אביב ההגנה,הרצליה,באר שבע מרכז-באר שבע --> הרצליה-הרצליה,הרצליה,רכבת ישראל,תל אביב יפו,
37350,השלום,תל אביב מרכז,באר שבע מרכז-באר שבע --> הרצליה-הרצליה,הרצליה,רכבת ישראל,תל אביב יפו,
37350,השלום,תל אביב האוניברסיטה - אקספו,באר שבע מרכז-באר שבע --> הרצליה-הרצליה,הרצליה,רכבת ישראל,תל אביב יפו,
37350,השלום,בני ברק,באר שבע מרכז-באר שבע --> הרצליה-הרצליה,הרצליה,רכבת ישראל,תל אביב יפו,
37350,השלום,קרית אריה,באר שבע מרכז-באר שבע --> הרצליה-הרצליה,הרצליה,רכבת ישראל,תל אביב יפו,
37350,השלום,סגולה,באר שבע מרכז-באר שבע --> הרצליה-הרצליה,הרצליה,רכבת ישראל,תל אביב יפו,
37350,השלום,ראש העין צפון,באר שבע מרכז-באר שבע --> הרצליה-הרצליה,הרצליה,רכבת ישראל,תל אביב יפו,
37350,השלום,כפר סבא,באר שבע מרכז-באר שבע --> הרצליה-הרצליה,הרצליה,רכבת ישראל,תל אביב יפו,
37350,השלום,הוד השרון,באר שבע מרכז-באר שבע --> הרצליה-הרצליה,הרצליה,רכבת ישראל,תל אביב יפו,
37350,השלום,רעננה דרום,באר שבע מרכז-באר שבע --> הרצליה-הרצליה,הרצליה,רכבת ישראל,תל אביב יפו,
37350,השלום,רעננה מערב,באר שבע מרכז-באר שבע --> הרצליה-הרצליה,הרצליה,רכבת ישראל,תל אביב יפו,
37350,השלום,הרצליה,באר שבע מרכז-באר שבע --> הרצליה-הרצליה,הרצליה,רכבת ישראל,תל אביב יפו,
37358,תל אביב מרכז,תל אביב האוניברסיטה - אקספו,באר שבע מרכז-באר שבע --> הרצליה-הרצליה,הרצליה,רכבת ישראל,תל אביב יפו,
37358,תל אביב מרכז,בני ברק,באר שבע מרכז-באר שבע --> הרצליה-הרצליה,הרצליה,רכבת ישראל,תל אביב יפו,
37358,תל אביב מרכז,קרית אריה,באר שבע מרכז-באר שבע --> הרצליה-הרצליה,הרצליה,רכבת ישראל,תל אביב יפו,
37358,תל אביב מרכז,סגולה,באר שבע מרכז-באר שבע --> הרצליה-הרצליה,הרצליה,רכבת ישראל,תל אביב יפו,
37358,תל אביב מרכז,ראש העין צפון,באר שבע מרכז-באר שבע --> הרצליה-הרצליה,הרצליה,רכבת ישראל,תל אביב יפו,
37358,תל אביב מרכז,כפר סבא,באר שבע מרכז-באר שבע --> הרצליה-הרצליה,הרצליה,רכבת ישראל,תל אביב יפו,
37358,תל אביב מרכז,הוד השרון,באר שבע מרכז-באר שבע --> הרצליה-הרצליה,הרצליה,רכבת ישראל,תל אביב יפו,
37358,תל אביב מרכז,רעננה דרום,באר שבע מרכז-באר שבע --> הרצליה-הרצליה,הרצליה,רכבת ישראל,תל אביב יפו,
37358,תל אביב מרכז,רעננה מערב,באר שבע מרכז-באר שבע --> הרצליה-הרצליה,הרצליה,רכבת ישראל,תל אביב יפו,
37358,תל אביב מרכז,הרצליה,באר שבע מרכז-באר שבע --> הרצליה-הרצליה,הרצליה,רכבת ישראל,תל אביב יפו,
37360,תל אביב האוניברסיטה - אקספו,בני ברק,באר שבע מרכז-באר שבע --> הרצליה-הרצליה,הרצליה,רכבת ישראל,תל אביב יפו,
37360,תל אביב האוניברסיטה - אקספו,קרית אריה,באר שבע מרכז-באר שבע --> הרצליה-הרצליה,הרצליה,רכבת ישראל,תל אביב יפו,
37360,תל אביב האוניברסיטה - אקספו,סגולה,באר שבע מרכז-באר שבע --> הרצליה-הרצליה,הרצליה,רכבת ישראל,תל אביב יפו,
37360,תל אביב האוניברסיטה - אקספו,ראש העין צפון,באר שבע מרכז-באר שבע --> הרצליה-הרצליה,הרצליה,רכבת ישראל,תל אביב יפו,
37360,תל אביב האוניברסיטה - אקספו,כפר סבא,באר שבע מרכז-באר שבע --> הרצליה-הרצליה,הרצליה,רכבת ישראל,תל אביב יפו,
37360,תל אביב האוניברסיטה - אקספו,הוד השרון,באר שבע מרכז-באר שבע --> הרצליה-הרצליה,הרצליה,רכבת ישראל,תל אביב יפו,
37360,תל אביב האוניברסיטה - אקספו,רעננה דרום,באר שבע מרכז-באר שבע --> הרצליה-הרצליה,הרצליה,רכבת ישראל,תל אביב יפו,
37360,תל אביב האוניברסיטה - אקספו,רעננה מערב,באר שבע מרכז-באר שבע --> הרצליה-הרצליה,הרצליה,רכבת ישראל,תל אביב יפו,
37360,תל אביב האוניברסיטה - אקספו,הרצליה,באר שבע מרכז-באר שבע --> הרצליה-הרצליה,הרצליה,רכבת ישראל,תל אביב יפו,
37356,בני ברק,קרית אריה,באר שבע מרכז-באר שבע --> הרצליה-הרצליה,הרצליה,רכבת ישראל,בני ברק,
37356,בני ברק,סגולה,באר שבע מרכז-באר שבע --> הרצליה-הרצליה,הרצליה,רכבת ישראל,בני ברק,
37356,בני ברק,ראש העין צפון,באר שבע מרכז-באר שבע --> הרצליה-הרצליה,הרצליה,רכבת ישראל,בני ברק,
37356,בני ברק,כפר סבא,באר שבע מרכז-באר שבע --> הרצליה-הרצליה,הרצליה,רכבת ישראל,בני ברק,
37356,בני ברק,הוד השרון,באר שבע מרכז-באר שבע --> הרצליה-הרצליה,הרצליה,רכבת ישראל,בני ברק,
37356,בני ברק,רעננה דרום,באר שבע מרכז-באר שבע --> הרצליה-הרצליה,הרצליה,רכבת ישראל,בני ברק,
37356,בני ברק,רעננה מערב,באר שבע מרכז-באר שבע --> הרצליה-הרצליה,הרצליה,רכבת ישראל,בני ברק,
37356,בני ברק,הרצליה,באר שבע מרכז-באר שבע --> הרצליה-הרצליה,הרצליה,רכבת ישראל,בני ברק,
37354,קרית אריה,סגולה,באר שבע מרכז-באר שבע --> הרצליה-הרצליה,הרצליה,רכבת ישראל,פתח תקווה,
37354,קרית אריה,ראש העין צפון,באר שבע מרכז-באר שבע --> הרצליה-הרצליה,הרצליה,רכבת ישראל,פתח תקווה,
37354,קרית אריה,כפר סבא,באר שבע מרכז-באר שבע --> הרצליה-הרצליה,הרצליה,רכבת ישראל,פתח תקווה,
37354,קרית אריה,הוד השרון,באר שבע מרכז-באר שבע --> הרצליה-הרצליה,הרצליה,רכבת ישראל,פתח תקווה,
37354,קרית אריה,רעננה דרום,באר שבע מרכז-באר שבע --> הרצליה-הרצליה,הרצליה,רכבת ישראל,פתח תקווה,
37354,קרית אריה,רעננה מערב,באר שבע מרכז-באר שבע --> הרצליה-הרצליה,הרצליה,רכבת ישראל,פתח תקווה,
37354,קרית אריה,הרצליה,באר שבע מרכז-באר שבע --> הרצליה-הרצליה,הרצליה,רכבת ישראל,פתח תקווה,
37352,סגולה,ראש העין צפון,באר שבע מרכז-באר שבע --> הרצליה-הרצליה,הרצליה,רכבת ישראל,פתח תקווה,
37352,סגולה,כפר סבא,באר שבע מרכז-באר שבע --> הרצליה-הרצליה,הרצליה,רכבת ישראל,פתח תקווה,
37352,סגולה,הוד השרון,באר שבע מרכז-באר שבע --> הרצליה-הרצליה,הרצליה,רכבת ישראל,פתח תקווה,
37352,סגולה,רעננה דרום,באר שבע מרכז-באר שבע --> הרצליה-הרצליה,הרצליה,רכבת ישראל,פתח תקווה,
37352,סגולה,רעננה מערב,באר שבע מרכז-באר שבע --> הרצליה-הרצליה,הרצליה,רכבת ישראל,פתח תקווה,
37352,סגולה,הרצליה,באר שבע מרכז-באר שבע --> הרצליה-הרצליה,הרצליה,רכבת ישראל,פתח תקווה,
37302,ראש העין צפון,כפר סבא,באר שבע מרכז-באר שבע --> הרצליה-הרצליה,הרצליה,רכבת ישראל,ראש העין,
37302,ראש העין צפון,הוד השרון,באר שבע מרכז-באר שבע --> הרצליה-הרצליה,הרצליה,רכבת ישראל,ראש העין,
37302,ראש העין צפון,רעננה דרום,באר שבע מרכז-באר שבע --> הרצליה-הרצליה,הרצליה,רכבת ישראל,ראש העין,
37302,ראש העין צפון,רעננה מערב,באר שבע מרכז-באר שבע --> הרצליה-הרצליה,הרצליה,רכבת ישראל,ראש העין,
37302,ראש העין צפון,הרצליה,באר שבע מרכז-באר שבע --> הרצליה-הרצליה,הרצליה,רכבת ישראל,ראש העין,
37304,כפר סבא,הוד השרון,באר שבע מרכז-באר שבע --> הרצליה-הרצליה,הרצליה,רכבת ישראל,כפר סבא,
37304,כפר סבא,רעננה דרום,באר שבע מרכז-באר שבע --> הרצליה-הרצליה,הרצליה,רכבת ישראל,כפר סבא,
37304,כפר סבא,רעננה מערב,באר שבע מרכז-באר שבע --> הרצליה-הרצליה,הרצליה,רכבת ישראל,כפר סבא,
37304,כפר סבא,הרצליה,באר שבע מרכז-באר שבע --> הרצליה-הרצליה,הרצליה,רכבת ישראל,כפר סבא,
37296,הוד השרון,רעננה דרום,באר שבע מרכז-באר שבע --> הרצליה-הרצליה,הרצליה,רכבת ישראל,הוד השרון,
37296,הוד השרון,רעננה מערב,באר שבע מרכז-באר שבע --> הרצליה-הרצליה,הרצליה,רכבת ישראל,הוד השרון,
37296,הוד השרון,הרצליה,באר שבע מרכז-באר שבע --> הרצליה-הרצליה,הרצליה,רכבת ישראל,הוד השרון,
42416,רעננה דרום,רעננה מערב,באר שבע מרכז-באר שבע --> הרצליה-הרצליה,הרצליה,רכבת ישראל,רעננה,
42416,רעננה דרום,הרצליה,באר שבע מרכז-באר שבע --> הרצליה-הרצליה,הרצליה,רכבת ישראל,רעננה,
42417,רעננה מערב,הרצליה,באר שבע מרכז-באר שבע --> הרצליה-הרצליה,הרצליה,רכבת ישראל,רעננה,
37362,הרצליה,רעננה דרום,הרצליה-הרצליה --> באר שבע מרכז-באר שבע,באר שבע מרכז,רכבת ישראל,הרצליה,
37362,הרצליה,הוד השרון,הרצליה-הרצליה --> באר שבע מרכז-באר שבע,באר שבע מרכז,רכבת ישראל,הרצליה,
37362,הרצליה,כפר סבא,הרצליה-הרצליה --> באר שבע מרכז-באר שבע,באר שבע מרכז,רכבת ישראל,הרצליה,
37362,הרצליה,ראש העין צפון,הרצליה-הרצליה --> באר שבע מרכז-באר שבע,באר שבע מרכז,רכבת ישראל,הרצליה,
37362,הרצליה,סגולה,הרצליה-הרצליה --> באר שבע מרכז-באר שבע,באר שבע מרכז,רכבת ישראל,הרצליה,
37362,הרצליה,קרית אריה,הרצליה-הרצליה --> באר שבע מרכז-באר שבע,באר שבע מרכז,רכבת ישראל,הרצליה,
37362,הרצליה,בני ברק,הרצליה-הרצליה --> באר שבע מרכז-באר שבע,באר שבע מרכז,רכבת ישראל,הרצליה,
37362,הרצליה,תל אביב האוניברסיטה - אקספו,הרצליה-הרצליה --> באר שבע מרכז-באר שבע,באר שבע מרכז,רכבת ישראל,הרצליה,
37362,הרצליה,תל אביב מרכז,הרצליה-הרצליה --> באר שבע מרכז-באר שבע,באר שבע מרכז,רכבת ישראל,הרצליה,
37362,הרצליה,השלום,הרצליה-הרצליה --> באר שבע מרכז-באר שבע,באר שבע מרכז,רכבת ישראל,הרצליה,
37362,הרצליה,תל אביב ההגנה,הרצליה-הרצליה --> באר שבע מרכז-באר שבע,באר שבע מרכז,רכבת ישראל,הרצליה,
37362,הרצליה,צומת חולון,הרצליה-הרצליה --> באר שבע מרכז-באר שבע,באר שבע מרכז,רכבת ישראל,הרצליה,
37362,הרצליה,חולון וולפסון,הרצליה-הרצליה --> באר שבע מרכז-באר שבע,באר שבע מרכז,רכבת ישראל,הרצליה,
37362,הרצליה,בת ים אלי כהן - יוספטל,הרצליה-הרצליה --> באר שבע מרכז-באר שבע,באר שבע מרכז,רכבת ישראל,הרצליה,
37362,הרצליה,בת ים קוממיות,הרצליה-הרצליה --> באר שבע מרכז-באר שבע,באר שבע מרכז,רכבת ישראל,הרצליה,
37362,הרצליה,רשל''צ משה דיין,הרצליה-הרצליה --> באר שבע מרכז-באר שבע,באר שבע מרכז,רכבת ישראל,הרצליה,
37362,הרצליה,יבנה מערב,הרצליה-הרצליה --> באר שבע מרכז-באר שבע,באר שבע מרכז,רכבת ישראל,הרצליה,
37362,הרצליה,אשדוד עד הלום- מטרופול,הרצליה-הרצליה --> באר שבע מרכז-באר שבע,באר שבע מרכז,רכבת ישראל,הרצליה,
37362,הרצליה,אשקלון,הרצליה-הרצליה --> באר שבע מרכז-באר שבע,באר שבע מרכז,רכבת ישראל,הרצליה,
37362,הרצליה,שדרות,הרצליה-הרצליה --> באר שבע מרכז-באר שבע,באר שבע מרכז,רכבת ישראל,הרצליה,
37362,הרצליה,נתיבות,הרצליה-הרצליה --> באר שבע מרכז-באר שבע,באר שבע מרכז,רכבת ישראל,הרצליה,
37362,הרצליה,אופקים,הרצליה-הרצליה --> באר שבע מרכז-באר שבע,באר שבע מרכז,רכבת ישראל,הרצליה,
37362,הרצליה,באר שבע צפון,הרצליה-הרצליה --> באר שבע מרכז-באר שבע,באר שבע מרכז,רכבת ישראל,הרצליה,
37362,הרצליה,באר שבע מרכז,הרצליה-הרצליה --> באר שבע מרכז-באר שבע,באר שבע מרכז,רכבת ישראל,הרצליה,
42417,רעננה מערב,רעננה דרום,הרצליה-הרצליה --> באר שבע מרכז-באר שבע,באר שבע מרכז,רכבת ישראל,רעננה,
42417,רעננה מערב,הוד השרון,הרצליה-הרצליה --> באר שבע מרכז-באר שבע,באר שבע מרכז,רכבת ישראל,רעננה,
42417,רעננה מערב,כפר סבא,הרצליה-הרצליה --> באר שבע מרכז-באר שבע,באר שבע מרכז,רכבת ישראל,רעננה,
42417,רעננה מערב,ראש העין צפון,הרצליה-הרצליה --> באר שבע מרכז-באר שבע,באר שבע מרכז,רכבת ישראל,רעננה,
42417,רעננה מערב,סגולה,הרצליה-הרצליה --> באר שבע מרכז-באר שבע,באר שבע מרכז,רכבת ישראל,רעננה,
42417,רעננה מערב,קרית אריה,הרצליה-הרצליה --> באר שבע מרכז-באר שבע,באר שבע מרכז,רכבת ישראל,רעננה,
42417,רעננה מערב,בני ברק,הרצליה-הרצליה --> באר שבע מרכז-באר שבע,באר שבע מרכז,רכבת ישראל,רעננה,
42417,רעננה מערב,תל אביב האוניברסיטה - אקספו,הרצליה-הרצליה --> באר שבע מרכז-באר שבע,באר שבע מרכז,רכבת ישראל,רעננה,
42417,רעננה מערב,תל אביב מרכז,הרצליה-הרצליה --> באר שבע מרכז-באר שבע,באר שבע מרכז,רכבת ישראל,רעננה,
42417,רעננה מערב,השלום,הרצליה-הרצליה --> באר שבע מרכז-באר שבע,באר שבע מרכז,רכבת ישראל,רעננה,
42417,רעננה מערב,תל אביב ההגנה,הרצליה-הרצליה --> באר שבע מרכז-באר שבע,באר שבע מרכז,רכבת ישראל,רעננה,
42417,רעננה מערב,צומת חולון,הרצליה-הרצליה --> באר שבע מרכז-באר שבע,באר שבע מרכז,רכבת ישראל,רעננה,
42417,רעננה מערב,חולון וולפסון,הרצליה-הרצליה --> באר שבע מרכז-באר שבע,באר שבע מרכז,רכבת ישראל,רעננה,
42417,רעננה מערב,בת ים אלי כהן - יוספטל,הרצליה-הרצליה --> באר שבע מרכז-באר שבע,באר שבע מרכז,רכבת ישראל,רעננה,
42417,רעננה מערב,בת ים קוממיות,הרצליה-הרצליה --> באר שבע מרכז-באר שבע,באר שבע מרכז,רכבת ישראל,רעננה,
42417,רעננה מערב,רשל''צ משה דיין,הרצליה-הרצליה --> באר שבע מרכז-באר שבע,באר שבע מרכז,רכבת ישראל,רעננה,
42417,רעננה מערב,יבנה מערב,הרצליה-הרצליה --> באר שבע מרכז-באר שבע,באר שבע מרכז,רכבת ישראל,רעננה,
42417,רעננה מערב,אשדוד עד הלום- מטרופול,הרצליה-הרצליה --> באר שבע מרכז-באר שבע,באר שבע מרכז,רכבת ישראל,רעננה,
42417,רעננה מערב,אשקלון,הרצליה-הרצליה --> באר שבע מרכז-באר שבע,באר שבע מרכז,רכבת ישראל,רעננה,
42417,רעננה מערב,שדרות,הרצליה-הרצליה --> באר שבע מרכז-באר שבע,באר שבע מרכז,רכבת ישראל,רעננה,
42417,רעננה מערב,נתיבות,הרצליה-הרצליה --> באר שבע מרכז-באר שבע,באר שבע מרכז,רכבת ישראל,רעננה,
42417,רעננה מערב,אופקים,הרצליה-הרצליה --> באר שבע מרכז-באר שבע,באר שבע מרכז,רכבת ישראל,רעננה,
42417,רעננה מערב,באר שבע צפון,הרצליה-הרצליה --> באר שבע מרכז-באר שבע,באר שבע מרכז,רכבת ישראל,רעננה,
42417,רעננה מערב,באר שבע מרכז,הרצליה-הרצליה --> באר שבע מרכז-באר שבע,באר שבע מרכז,רכבת ישראל,רעננה,
42416,רעננה דרום,הוד השרון,הרצליה-הרצליה --> באר שבע מרכז-באר שבע,באר שבע מרכז,רכבת ישראל,רעננה,
42416,רעננה דרום,כפר סבא,הרצליה-הרצליה --> באר שבע מרכז-באר שבע,באר שבע מרכז,רכבת ישראל,רעננה,
42416,רעננה דרום,ראש העין צפון,הרצליה-הרצליה --> באר שבע מרכז-באר שבע,באר שבע מרכז,רכבת ישראל,רעננה,
42416,רעננה דרום,סגולה,הרצליה-הרצליה --> באר שבע מרכז-באר שבע,באר שבע מרכז,רכבת ישראל,רעננה,
42416,רעננה דרום,קרית אריה,הרצליה-הרצליה --> באר שבע מרכז-באר שבע,באר שבע מרכז,רכבת ישראל,רעננה,
42416,רעננה דרום,בני ברק,הרצליה-הרצליה --> באר שבע מרכז-באר שבע,באר שבע מרכז,רכבת ישראל,רעננה,
42416,רעננה דרום,תל אביב האוניברסיטה - אקספו,הרצליה-הרצליה --> באר שבע מרכז-באר שבע,באר שבע מרכז,רכבת ישראל,רעננה,
42416,רעננה דרום,תל אביב מרכז,הרצליה-הרצליה --> באר שבע מרכז-באר שבע,באר שבע מרכז,רכבת ישראל,רעננה,
42416,רעננה דרום,השלום,הרצליה-הרצליה --> באר שבע מרכז-באר שבע,באר שבע מרכז,רכבת ישראל,רעננה,
42416,רעננה דרום,תל אביב ההגנה,הרצליה-הרצליה --> באר שבע מרכז-באר שבע,באר שבע מרכז,רכבת ישראל,רעננה,
42416,רעננה דרום,צומת חולון,הרצליה-הרצליה --> באר שבע מרכז-באר שבע,באר שבע מרכז,רכבת ישראל,רעננה,
42416,רעננה דרום,חולון וולפסון,הרצליה-הרצליה --> באר שבע מרכז-באר שבע,באר שבע מרכז,רכבת ישראל,רעננה,
42416,רעננה דרום,בת ים אלי כהן - יוספטל,הרצליה-הרצליה --> באר שבע מרכז-באר שבע,באר שבע מרכז,רכבת ישראל,רעננה,
42416,רעננה דרום,בת ים קוממיות,הרצליה-הרצליה --> באר שבע מרכז-באר שבע,באר שבע מרכז,רכבת ישראל,רעננה,
42416,רעננה דרום,רשל''צ משה דיין,הרצליה-הרצליה --> באר שבע מרכז-באר שבע,באר שבע מרכז,רכבת ישראל,רעננה,
42416,רעננה דרום,יבנה מערב,הרצליה-הרצליה --> באר שבע מרכז-באר שבע,באר שבע מרכז,רכבת ישראל,רעננה,
42416,רעננה דרום,אשדוד עד הלום- מטרופול,הרצליה-הרצליה --> באר שבע מרכז-באר שבע,באר שבע מרכז,רכבת ישראל,רעננה,
42416,רעננה דרום,אשקלון,הרצליה-הרצליה --> באר שבע מרכז-באר שבע,באר שבע מרכז,רכבת ישראל,רעננה,
42416,רעננה דרום,שדרות,הרצליה-הרצליה --> באר שבע מרכז-באר שבע,באר שבע מרכז,רכבת ישראל,רעננה,
42416,רעננה דרום,נתיבות,הרצליה-הרצליה --> באר שבע מרכז-באר שבע,באר שבע מרכז,רכבת ישראל,רעננה,
42416,רעננה דרום,אופקים,הרצליה-הרצליה --> באר שבע מרכז-באר שבע,באר שבע מרכז,רכבת ישראל,רעננה,
42416,רעננה דרום,באר שבע צפון,הרצליה-הרצליה --> באר שבע מרכז-באר שבע,באר שבע מרכז,רכבת ישראל,רעננה,
42416,רעננה דרום,באר שבע מרכז,הרצליה-הרצליה --> באר שבע מרכז-באר שבע,באר שבע מרכז,רכבת ישראל,רעננה,
37296,הוד השרון,כפר סבא,הרצליה-הרצליה --> באר שבע מרכז-באר שבע,באר שבע מרכז,רכבת ישראל,הוד השרון,
37296,הוד השרון,ראש העין צפון,הרצליה-הרצליה --> באר שבע מרכז-באר שבע,באר שבע מרכז,רכבת ישראל,הוד השרון,
37296,הוד השרון,סגולה,הרצליה-הרצליה --> באר שבע מרכז-באר שבע,באר שבע מרכז,רכבת ישראל,הוד השרון,
37296,הוד השרון,קרית אריה,הרצליה-הרצליה --> באר שבע מרכז-באר שבע,באר שבע מרכז,רכבת ישראל,הוד השרון,
37296,הוד השרון,בני ברק,הרצליה-הרצליה --> באר שבע מרכז-באר שבע,באר שבע מרכז,רכבת ישראל,הוד השרון,
37296,הוד השרון,תל אביב האוניברסיטה - אקספו,הרצליה-הרצליה --> באר שבע מרכז-באר שבע,באר שבע מרכז,רכבת ישראל,הוד השרון,
37296,הוד השרון,תל אביב מרכז,הרצליה-הרצליה --> באר שבע מרכז-באר שבע,באר שבע מרכז,רכבת ישראל,הוד השרון,
37296,הוד השרון,השלום,הרצליה-הרצליה --> באר שבע מרכז-באר שבע,באר שבע מרכז,רכבת ישראל,הוד השרון,
37296,הוד השרון,תל אביב ההגנה,הרצליה-הרצליה --> באר שבע מרכז-באר שבע,באר שבע מרכז,רכבת ישראל,הוד השרון,
37296,הוד השרון,צומת חולון,הרצליה-הרצליה --> באר שבע מרכז-באר שבע,באר שבע מרכז,רכבת ישראל,הוד השרון,
37296,הוד השרון,חולון וולפסון,הרצליה-הרצליה --> באר שבע מרכז-באר שבע,באר שבע מרכז,רכבת ישראל,הוד השרון,
37296,הוד השרון,בת ים אלי כהן - יוספטל,הרצליה-הרצליה --> באר שבע מרכז-באר שבע,באר שבע מרכז,רכבת ישראל,הוד השרון,
37296,הוד השרון,בת ים קוממיות,הרצליה-הרצליה --> באר שבע מרכז-באר שבע,באר שבע מרכז,רכבת ישראל,הוד השרון,
37296,הוד השרון,רשל''צ משה דיין,הרצליה-הרצליה --> באר שבע מרכז-באר שבע,באר שבע מרכז,רכבת ישראל,הוד השרון,
37296,הוד השרון,יבנה מערב,הרצליה-הרצליה --> באר שבע מרכז-באר שבע,באר שבע מרכז,רכבת ישראל,הוד השרון,
37296,הוד השרון,אשדוד עד הלום- מטרופול,הרצליה-הרצליה --> באר שבע מרכז-באר שבע,באר שבע מרכז,רכבת ישראל,הוד השרון,
37296,הוד השרון,אשקלון,הרצליה-הרצליה --> באר שבע מרכז-באר שבע,באר שבע מרכז,רכבת ישראל,הוד השרון,
37296,הוד השרון,שדרות,הרצליה-הרצליה --> באר שבע מרכז-באר שבע,באר שבע מרכז,רכבת ישראל,הוד השרון,
37296,הוד השרון,נתיבות,הרצליה-הרצליה --> באר שבע מרכז-באר שבע,באר שבע מרכז,רכבת ישראל,הוד השרון,
37296,הוד השרון,אופקים,הרצליה-הרצליה --> באר שבע מרכז-באר שבע,באר שבע מרכז,רכבת ישראל,הוד השרון,
37296,הוד השרון,באר שבע צפון,הרצליה-הרצליה --> באר שבע מרכז-באר שבע,באר שבע מרכז,רכבת ישראל,הוד השרון,
37296,הוד השרון,באר שבע מרכז,הרצליה-הרצליה --> באר שבע מרכז-באר שבע,באר שבע מרכז,רכבת ישראל,הוד השרון,
37304,כפר סבא,ראש העין צפון,הרצליה-הרצליה --> באר שבע מרכז-באר שבע,באר שבע מרכז,רכבת ישראל,כפר סבא,
37304,כפר סבא,סגולה,הרצליה-הרצליה --> באר שבע מרכז-באר שבע,באר שבע מרכז,רכבת ישראל,כפר סבא,
37304,כפר סבא,קרית אריה,הרצליה-הרצליה --> באר שבע מרכז-באר שבע,באר שבע מרכז,רכבת ישראל,כפר סבא,
37304,כפר סבא,בני ברק,הרצליה-הרצליה --> באר שבע מרכז-באר שבע,באר שבע מרכז,רכבת ישראל,כפר סבא,
37304,כפר סבא,תל אביב האוניברסיטה - אקספו,הרצליה-הרצליה --> באר שבע מרכז-באר שבע,באר שבע מרכז,רכבת ישראל,כפר סבא,
37304,כפר סבא,תל אביב מרכז,הרצליה-הרצליה --> באר שבע מרכז-באר שבע,באר שבע מרכז,רכבת ישראל,כפר סבא,
37304,כפר סבא,השלום,הרצליה-הרצליה --> באר שבע מרכז-באר שבע,באר שבע מרכז,רכבת ישראל,כפר סבא,
37304,כפר סבא,תל אביב ההגנה,הרצליה-הרצליה --> באר שבע מרכז-באר שבע,באר שבע מרכז,רכבת ישראל,כפר סבא,
37304,כפר סבא,צומת חולון,הרצליה-הרצליה --> באר שבע מרכז-באר שבע,באר שבע מרכז,רכבת ישראל,כפר סבא,
37304,כפר סבא,חולון וולפסון,הרצליה-הרצליה --> באר שבע מרכז-באר שבע,באר שבע מרכז,רכבת ישראל,כפר סבא,
37304,כפר סבא,בת ים אלי כהן - יוספטל,הרצליה-הרצליה --> באר שבע מרכז-באר שבע,באר שבע מרכז,רכבת ישראל,כפר סבא,
37304,כפר סבא,בת ים קוממיות,הרצליה-הרצליה --> באר שבע מרכז-באר שבע,באר שבע מרכז,רכבת ישראל,כפר סבא,
37304,כפר סבא,רשל''צ משה דיין,הרצליה-הרצליה --> באר שבע מרכז-באר שבע,באר שבע מרכז,רכבת ישראל,כפר סבא,
37304,כפר סבא,יבנה מערב,הרצליה-הרצליה --> באר שבע מרכז-באר שבע,באר שבע מרכז,רכבת ישראל,כפר סבא,
37304,כפר סבא,אשדוד עד הלום- מטרופול,הרצליה-הרצליה --> באר שבע מרכז-באר שבע,באר שבע מרכז,רכבת ישראל,כפר סבא,
37304,כפר סבא,אשקלון,הרצליה-הרצליה --> באר שבע מרכז-באר שבע,באר שבע מרכז,רכבת ישראל,כפר סבא,
37304,כפר סבא,שדרות,הרצליה-הרצליה --> באר שבע מרכז-באר שבע,באר שבע מרכז,רכבת ישראל,כפר סבא,
37304,כפר סבא,נתיבות,הרצליה-הרצליה --> באר שבע מרכז-באר שבע,באר שבע מרכז,רכבת ישראל,כפר סבא,
37304,כפר סבא,אופקים,הרצליה-הרצליה --> באר שבע מרכז-באר שבע,באר שבע מרכז,רכבת ישראל,כפר סבא,
37304,כפר סבא,באר שבע צפון,הרצליה-הרצליה --> באר שבע מרכז-באר שבע,באר שבע מרכז,רכבת ישראל,כפר סבא,
37304,כפר סבא,באר שבע מרכז,הרצליה-הרצליה --> באר שבע מרכז-באר שבע,באר שבע מרכז,רכבת ישראל,כפר סבא,
37302,ראש העין צפון,סגולה,הרצליה-הרצליה --> באר שבע מרכז-באר שבע,באר שבע מרכז,רכבת ישראל,ראש העין,
37302,ראש העין צפון,קרית אריה,הרצליה-הרצליה --> באר שבע מרכז-באר שבע,באר שבע מרכז,רכבת ישראל,ראש העין,
37302,ראש העין צפון,בני ברק,הרצליה-הרצליה --> באר שבע מרכז-באר שבע,באר שבע מרכז,רכבת ישראל,ראש העין,
37302,ראש העין צפון,תל אביב האוניברסיטה - אקספו,הרצליה-הרצליה --> באר שבע מרכז-באר שבע,באר שבע מרכז,רכבת ישראל,ראש העין,
37302,ראש העין צפון,תל אביב מרכז,הרצליה-הרצליה --> באר שבע מרכז-באר שבע,באר שבע מרכז,רכבת ישראל,ראש העין,
37302,ראש העין צפון,השלום,הרצליה-הרצליה --> באר שבע מרכז-באר שבע,באר שבע מרכז,רכבת ישראל,ראש העין,
37302,ראש העין צפון,תל אביב ההגנה,הרצליה-הרצליה --> באר שבע מרכז-באר שבע,באר שבע מרכז,רכבת ישראל,ראש העין,
37302,ראש העין צפון,צומת חולון,הרצליה-הרצליה --> באר שבע מרכז-באר שבע,באר שבע מרכז,רכבת ישראל,ראש העין,
37302,ראש העין צפון,חולון וולפסון,הרצליה-הרצליה --> באר שבע מרכז-באר שבע,באר שבע מרכז,רכבת ישראל,ראש העין,
37302,ראש העין צפון,בת ים אלי כהן - יוספטל,הרצליה-הרצליה --> באר שבע מרכז-באר שבע,באר שבע מרכז,רכבת ישראל,ראש העין,
37302,ראש העין צפון,בת ים קוממיות,הרצליה-הרצליה --> באר שבע מרכז-באר שבע,באר שבע מרכז,רכבת ישראל,ראש העין,
37302,ראש העין צפון,רשל''צ משה דיין,הרצליה-הרצליה --> באר שבע מרכז-באר שבע,באר שבע מרכז,רכבת ישראל,ראש העין,
37302,ראש העין צפון,יבנה מערב,הרצליה-הרצליה --> באר שבע מרכז-באר שבע,באר שבע מרכז,רכבת ישראל,ראש העין,
37302,ראש העין צפון,אשדוד עד הלום- מטרופול,הרצליה-הרצליה --> באר שבע מרכז-באר שבע,באר שבע מרכז,רכבת ישראל,ראש העין,
37302,ראש העין צפון,אשקלון,הרצליה-הרצליה --> באר שבע מרכז-באר שבע,באר שבע מרכז,רכבת ישראל,ראש העין,
37302,ראש העין צפון,שדרות,הרצליה-הרצליה --> באר שבע מרכז-באר שבע,באר שבע מרכז,רכבת ישראל,ראש העין,
37302,ראש העין צפון,נתיבות,הרצליה-הרצליה --> באר שבע מרכז-באר שבע,באר שבע מרכז,רכבת ישראל,ראש העין,
37302,ראש העין צפון,אופקים,הרצליה-הרצליה --> באר שבע מרכז-באר שבע,באר שבע מרכז,רכבת ישראל,ראש העין,
37302,ראש העין צפון,באר שבע צפון,הרצליה-הרצליה --> באר שבע מרכז-באר שבע,באר שבע מרכז,רכבת ישראל,ראש העין,
37302,ראש העין צפון,באר שבע מרכז,הרצליה-הרצליה --> באר שבע מרכז-באר שבע,באר שבע מרכז,רכבת ישראל,ראש העין,
37352,סגולה,קרית אריה,הרצליה-הרצליה --> באר שבע מרכז-באר שבע,באר שבע מרכז,רכבת ישראל,פתח תקווה,
37352,סגולה,בני ברק,הרצליה-הרצליה --> באר שבע מרכז-באר שבע,באר שבע מרכז,רכבת ישראל,פתח תקווה,
37352,סגולה,תל אביב האוניברסיטה - אקספו,הרצליה-הרצליה --> באר שבע מרכז-באר שבע,באר שבע מרכז,רכבת ישראל,פתח תקווה,
37352,סגולה,תל אביב מרכז,הרצליה-הרצליה --> באר שבע מרכז-באר שבע,באר שבע מרכז,רכבת ישראל,פתח תקווה,
37352,סגולה,השלום,הרצליה-הרצליה --> באר שבע מרכז-באר שבע,באר שבע מרכז,רכבת ישראל,פתח תקווה,
37352,סגולה,תל אביב ההגנה,הרצליה-הרצליה --> באר שבע מרכז-באר שבע,באר שבע מרכז,רכבת ישראל,פתח תקווה,
37352,סגולה,צומת חולון,הרצליה-הרצליה --> באר שבע מרכז-באר שבע,באר שבע מרכז,רכבת ישראל,פתח תקווה,
37352,סגולה,חולון וולפסון,הרצליה-הרצליה --> באר שבע מרכז-באר שבע,באר שבע מרכז,רכבת ישראל,פתח תקווה,
37352,סגולה,בת ים אלי כהן - יוספטל,הרצליה-הרצליה --> באר שבע מרכז-באר שבע,באר שבע מרכז,רכבת ישראל,פתח תקווה,
37352,סגולה,בת ים קוממיות,הרצליה-הרצליה --> באר שבע מרכז-באר שבע,באר שבע מרכז,רכבת ישראל,פתח תקווה,
37352,סגולה,רשל''צ משה דיין,הרצליה-הרצליה --> באר שבע מרכז-באר שבע,באר שבע מרכז,רכבת ישראל,פתח תקווה,
37352,סגולה,יבנה מערב,הרצליה-הרצליה --> באר שבע מרכז-באר שבע,באר שבע מרכז,רכבת ישראל,פתח תקווה,
37352,סגולה,אשדוד עד הלום- מטרופול,הרצליה-הרצליה --> באר שבע מרכז-באר שבע,באר שבע מרכז,רכבת ישראל,פתח תקווה,
37352,סגולה,אשקלון,הרצליה-הרצליה --> באר שבע מרכז-באר שבע,באר שבע מרכז,רכבת ישראל,פתח תקווה,
37352,סגולה,שדרות,הרצליה-הרצליה --> באר שבע מרכז-באר שבע,באר שבע מרכז,רכבת ישראל,פתח תקווה,
37352,סגולה,נתיבות,הרצליה-הרצליה --> באר שבע מרכז-באר שבע,באר שבע מרכז,רכבת ישראל,פתח תקווה,
37352,סגולה,אופקים,הרצליה-הרצליה --> באר שבע מרכז-באר שבע,באר שבע מרכז,רכבת ישראל,פתח תקווה,
37352,סגולה,באר שבע צפון,הרצליה-הרצליה --> באר שבע מרכז-באר שבע,באר שבע מרכז,רכבת ישראל,פתח תקווה,
37352,סגולה,באר שבע מרכז,הרצליה-הרצליה --> באר שבע מרכז-באר שבע,באר שבע מרכז,רכבת ישראל,פתח תקווה,
37354,קרית אריה,בני ברק,הרצליה-הרצליה --> באר שבע מרכז-באר שבע,באר שבע מרכז,רכבת ישראל,פתח תקווה,
37354,קרית אריה,תל אביב האוניברסיטה - אקספו,הרצליה-הרצליה --> באר שבע מרכז-באר שבע,באר שבע מרכז,רכבת ישראל,פתח תקווה,
37354,קרית אריה,תל אביב מרכז,הרצליה-הרצליה --> באר שבע מרכז-באר שבע,באר שבע מרכז,רכבת ישראל,פתח תקווה,
37354,קרית אריה,השלום,הרצליה-הרצליה --> באר שבע מרכז-באר שבע,באר שבע מרכז,רכבת ישראל,פתח תקווה,
37354,קרית אריה,תל אביב ההגנה,הרצליה-הרצליה --> באר שבע מרכז-באר שבע,באר שבע מרכז,רכבת ישראל,פתח תקווה,
37354,קרית אריה,צומת חולון,הרצליה-הרצליה --> באר שבע מרכז-באר שבע,באר שבע מרכז,רכבת ישראל,פתח תקווה,
37354,קרית אריה,חולון וולפסון,הרצליה-הרצליה --> באר שבע מרכז-באר שבע,באר שבע מרכז,רכבת ישראל,פתח תקווה,
37354,קרית אריה,בת ים אלי כהן - יוספטל,הרצליה-הרצליה --> באר שבע מרכז-באר שבע,באר שבע מרכז,רכבת ישראל,פתח תקווה,
37354,קרית אריה,בת ים קוממיות,הרצליה-הרצליה --> באר שבע מרכז-באר שבע,באר שבע מרכז,רכבת ישראל,פתח תקווה,
37354,קרית אריה,רשל''צ משה דיין,הרצליה-הרצליה --> באר שבע מרכז-באר שבע,באר שבע מרכז,רכבת ישראל,פתח תקווה,
37354,קרית אריה,יבנה מערב,הרצליה-הרצליה --> באר שבע מרכז-באר שבע,באר שבע מרכז,רכבת ישראל,פתח תקווה,
37354,קרית אריה,אשדוד עד הלום- מטרופול,הרצליה-הרצליה --> באר שבע מרכז-באר שבע,באר שבע מרכז,רכבת ישראל,פתח תקווה,
37354,קרית אריה,אשקלון,הרצליה-הרצליה --> באר שבע מרכז-באר שבע,באר שבע מרכז,רכבת ישראל,פתח תקווה,
37354,קרית אריה,שדרות,הרצליה-הרצליה --> באר שבע מרכז-באר שבע,באר שבע מרכז,רכבת ישראל,פתח תקווה,
37354,קרית אריה,נתיבות,הרצליה-הרצליה --> באר שבע מרכז-באר שבע,באר שבע מרכז,רכבת ישראל,פתח תקווה,
37354,קרית אריה,אופקים,הרצליה-הרצליה --> באר שבע מרכז-באר שבע,באר שבע מרכז,רכבת ישראל,פתח תקווה,
37354,קרית אריה,באר שבע צפון,הרצליה-הרצליה --> באר שבע מרכז-באר שבע,באר שבע מרכז,רכבת ישראל,פתח תקווה,
37354,קרית אריה,באר שבע מרכז,הרצליה-הרצליה --> באר שבע מרכז-באר שבע,באר שבע מרכז,רכבת ישראל,פתח תקווה,
37356,בני ברק,תל אביב האוניברסיטה - אקספו,הרצליה-הרצליה --> באר שבע מרכז-באר שבע,באר שבע מרכז,רכבת ישראל,בני ברק,
37356,בני ברק,תל אביב מרכז,הרצליה-הרצליה --> באר שבע מרכז-באר שבע,באר שבע מרכז,רכבת ישראל,בני ברק,
37356,בני ברק,השלום,הרצליה-הרצליה --> באר שבע מרכז-באר שבע,באר שבע מרכז,רכבת ישראל,בני ברק,
37356,בני ברק,תל אביב ההגנה,הרצליה-הרצליה --> באר שבע מרכז-באר שבע,באר שבע מרכז,רכבת ישראל,בני ברק,
37356,בני ברק,צומת חולון,הרצליה-הרצליה --> באר שבע מרכז-באר שבע,באר שבע מרכז,רכבת ישראל,בני ברק,
37356,בני ברק,חולון וולפסון,הרצליה-הרצליה --> באר שבע מרכז-באר שבע,באר שבע מרכז,רכבת ישראל,בני ברק,
37356,בני ברק,בת ים אלי כהן - יוספטל,הרצליה-הרצליה --> באר שבע מרכז-באר שבע,באר שבע מרכז,רכבת ישראל,בני ברק,
37356,בני ברק,בת ים קוממיות,הרצליה-הרצליה --> באר שבע מרכז-באר שבע,באר שבע מרכז,רכבת ישראל,בני ברק,
37356,בני ברק,רשל''צ משה דיין,הרצליה-הרצליה --> באר שבע מרכז-באר שבע,באר שבע מרכז,רכבת ישראל,בני ברק,
37356,בני ברק,יבנה מערב,הרצליה-הרצליה --> באר שבע מרכז-באר שבע,באר שבע מרכז,רכבת ישראל,בני ברק,
37356,בני ברק,אשדוד עד הלום- מטרופול,הרצליה-הרצליה --> באר שבע מרכז-באר שבע,באר שבע מרכז,רכבת ישראל,בני ברק,
37356,בני ברק,אשקלון,הרצליה-הרצליה --> באר שבע מרכז-באר שבע,באר שבע מרכז,רכבת ישראל,בני ברק,
37356,בני ברק,שדרות,הרצליה-הרצליה --> באר שבע מרכז-באר שבע,באר שבע מרכז,רכבת ישראל,בני ברק,
37356,בני ברק,נתיבות,הרצליה-הרצליה --> באר שבע מרכז-באר שבע,באר שבע מרכז,רכבת ישראל,בני ברק,
37356,בני ברק,אופקים,הרצליה-הרצליה --> באר שבע מרכז-באר שבע,באר שבע מרכז,רכבת ישראל,בני ברק,
37356,בני ברק,באר שבע צפון,הרצליה-הרצליה --> באר שבע מרכז-באר שבע,באר שבע מרכז,רכבת ישראל,בני ברק,
37356,בני ברק,באר שבע מרכז,הרצליה-הרצליה --> באר שבע מרכז-באר שבע,באר שבע מרכז,רכבת ישראל,בני ברק,
37360,תל אביב האוניברסיטה - אקספו,תל אביב מרכז,הרצליה-הרצליה --> באר שבע מרכז-באר שבע,באר שבע מרכז,רכבת ישראל,תל אביב יפו,
37360,תל אביב האוניברסיטה - אקספו,השלום,הרצליה-הרצליה --> באר שבע מרכז-באר שבע,באר שבע מרכז,רכבת ישראל,תל אביב יפו,
37360,תל אביב האוניברסיטה - אקספו,תל אביב ההגנה,הרצליה-הרצליה --> באר שבע מרכז-באר שבע,באר שבע מרכז,רכבת ישראל,תל אביב יפו,
37360,תל אביב האוניברסיטה - אקספו,צומת חולון,הרצליה-הרצליה --> באר שבע מרכז-באר שבע,באר שבע מרכז,רכבת ישראל,תל אביב יפו,
37360,תל אביב האוניברסיטה - אקספו,חולון וולפסון,הרצליה-הרצליה --> באר שבע מרכז-באר שבע,באר שבע מרכז,רכבת ישראל,תל אביב יפו,
37360,תל אביב האוניברסיטה - אקספו,בת ים אלי כהן - יוספטל,הרצליה-הרצליה --> באר שבע מרכז-באר שבע,באר שבע מרכז,רכבת ישראל,תל אביב יפו,
37360,תל אביב האוניברסיטה - אקספו,בת ים קוממיות,הרצליה-הרצליה --> באר שבע מרכז-באר שבע,באר שבע מרכז,רכבת ישראל,תל אביב יפו,
37360,תל אביב האוניברסיטה - אקספו,רשל''צ משה דיין,הרצליה-הרצליה --> באר שבע מרכז-באר שבע,באר שבע מרכז,רכבת ישראל,תל אביב יפו,
37360,תל אביב האוניברסיטה - אקספו,יבנה מערב,הרצליה-הרצליה --> באר שבע מרכז-באר שבע,באר שבע מרכז,רכבת ישראל,תל אביב יפו,
37360,תל אביב האוניברסיטה - אקספו,אשדוד עד הלום- מטרופול,הרצליה-הרצליה --> באר שבע מרכז-באר שבע,באר שבע מרכז,רכבת ישראל,תל אביב יפו,
37360,תל אביב האוניברסיטה - אקספו,אשקלון,הרצליה-הרצליה --> באר שבע מרכז-באר שבע,באר שבע מרכז,רכבת ישראל,תל אביב יפו,
37360,תל אביב האוניברסיטה - אקספו,שדרות,הרצליה-הרצליה --> באר שבע מרכז-באר שבע,באר שבע מרכז,רכבת ישראל,תל אביב יפו,
37360,תל אביב האוניברסיטה - אקספו,נתיבות,הרצליה-הרצליה --> באר שבע מרכז-באר שבע,באר שבע מרכז,רכבת ישראל,תל אביב יפו,
37360,תל אביב האוניברסיטה - אקספו,אופקים,הרצליה-הרצליה --> באר שבע מרכז-באר שבע,באר שבע מרכז,רכבת ישראל,תל אביב יפו,
37360,תל אביב האוניברסיטה - אקספו,באר שבע צפון,הרצליה-הרצליה --> באר שבע מרכז-באר שבע,באר שבע מרכז,רכבת ישראל,תל אביב יפו,
37360,תל אביב האוניברסיטה - אקספו,באר שבע מרכז,הרצליה-הרצליה --> באר שבע מרכז-באר שבע,באר שבע מרכז,רכבת ישראל,תל אביב יפו,
37358,תל אביב מרכז,השלום,הרצליה-הרצליה --> באר שבע מרכז-באר שבע,באר שבע מרכז,רכבת ישראל,תל אביב יפו,
37358,תל אביב מרכז,תל אביב ההגנה,הרצליה-הרצליה --> באר שבע מרכז-באר שבע,באר שבע מרכז,רכבת ישראל,תל אביב יפו,
37358,תל אביב מרכז,צומת חולון,הרצליה-הרצליה --> באר שבע מרכז-באר שבע,באר שבע מרכז,רכבת ישראל,תל אביב יפו,
37358,תל אביב מרכז,חולון וולפסון,הרצליה-הרצליה --> באר שבע מרכז-באר שבע,באר שבע מרכז,רכבת ישראל,תל אביב יפו,
37358,תל אביב מרכז,בת ים אלי כהן - יוספטל,הרצליה-הרצליה --> באר שבע מרכז-באר שבע,באר שבע מרכז,רכבת ישראל,תל אביב יפו,
37358,תל אביב מרכז,בת ים קוממיות,הרצליה-הרצליה --> באר שבע מרכז-באר שבע,באר שבע מרכז,רכבת ישראל,תל אביב יפו,
37358,תל אביב מרכז,רשל''צ משה דיין,הרצליה-הרצליה --> באר שבע מרכז-באר שבע,באר שבע מרכז,רכבת ישראל,תל אביב יפו,
37358,תל אביב מרכז,יבנה מערב,הרצליה-הרצליה --> באר שבע מרכז-באר שבע,באר שבע מרכז,רכבת ישראל,תל אביב יפו,
37358,תל אביב מרכז,אשדוד עד הלום- מטרופול,הרצליה-הרצליה --> באר שבע מרכז-באר שבע,באר שבע מרכז,רכבת ישראל,תל אביב יפו,
37358,תל אביב מרכז,אשקלון,הרצליה-הרצליה --> באר שבע מרכז-באר שבע,באר שבע מרכז,רכבת ישראל,תל אביב יפו,
37358,תל אביב מרכז,שדרות,הרצליה-הרצליה --> באר שבע מרכז-באר שבע,באר שבע מרכז,רכבת ישראל,תל אביב יפו,
37358,תל אביב מרכז,נתיבות,הרצליה-הרצליה --> באר שבע מרכז-באר שבע,באר שבע מרכז,רכבת ישראל,תל אביב יפו,
37358,תל אביב מרכז,אופקים,הרצליה-הרצליה --> באר שבע מרכז-באר שבע,באר שבע מרכז,רכבת ישראל,תל אביב יפו,
37358,תל אביב מרכז,באר שבע צפון,הרצליה-הרצליה --> באר שבע מרכז-באר שבע,באר שבע מרכז,רכבת ישראל,תל אביב יפו,
37358,תל אביב מרכז,באר שבע מרכז,הרצליה-הרצליה --> באר שבע מרכז-באר שבע,באר שבע מרכז,רכבת ישראל,תל אביב יפו,
37350,השלום,תל אביב ההגנה,הרצליה-הרצליה --> באר שבע מרכז-באר שבע,באר שבע מרכז,רכבת ישראל,תל אביב יפו,
37350,השלום,צומת חולון,הרצליה-הרצליה --> באר שבע מרכז-באר שבע,באר שבע מרכז,רכבת ישראל,תל אביב יפו,
37350,השלום,חולון וולפסון,הרצליה-הרצליה --> באר שבע מרכז-באר שבע,באר שבע מרכז,רכבת ישראל,תל אביב יפו,
37350,השלום,בת ים אלי כהן - יוספטל,הרצליה-הרצליה --> באר שבע מרכז-באר שבע,באר שבע מרכז,רכבת ישראל,תל אביב יפו,
37350,השלום,בת ים קוממיות,הרצליה-הרצליה --> באר שבע מרכז-באר שבע,באר שבע מרכז,רכבת ישראל,תל אביב יפו,
37350,השלום,רשל''צ משה דיין,הרצליה-הרצליה --> באר שבע מרכז-באר שבע,באר שבע מרכז,רכבת ישראל,תל אביב יפו,
37350,השלום,יבנה מערב,הרצליה-הרצליה --> באר שבע מרכז-באר שבע,באר שבע מרכז,רכבת ישראל,תל אביב יפו,
37350,השלום,אשדוד עד הלום- מטרופול,הרצליה-הרצליה --> באר שבע מרכז-באר שבע,באר שבע מרכז,רכבת ישראל,תל אביב יפו,
37350,השלום,אשקלון,הרצליה-הרצליה --> באר שבע מרכז-באר שבע,באר שבע מרכז,רכבת ישראל,תל אביב יפו,
37350,השלום,שדרות,הרצליה-הרצליה --> באר שבע מרכז-באר שבע,באר שבע מרכז,רכבת ישראל,תל אביב יפו,
37350,השלום,נתיבות,הרצליה-הרצליה --> באר שבע מרכז-באר שבע,באר שבע מרכז,רכבת ישראל,תל אביב יפו,
37350,השלום,אופקים,הרצליה-הרצליה --> באר שבע מרכז-באר שבע,באר שבע מרכז,רכבת ישראל,תל אביב יפו,
37350,השלום,באר שבע צפון,הרצליה-הרצליה --> באר שבע מרכז-באר שבע,באר שבע מרכז,רכבת ישראל,תל אביב יפו,
37350,השלום,באר שבע מרכז,הרצליה-הרצליה --> באר שבע מרכז-באר שבע,באר שבע מרכז,רכבת ישראל,תל אביב יפו,
37292,תל אביב ההגנה,צומת חולון,הרצליה-הרצליה --> באר שבע מרכז-באר שבע,באר שבע מרכז,רכבת ישראל,תל אביב יפו,
37292,תל אביב ההגנה,חולון וולפסון,הרצליה-הרצליה --> באר שבע מרכז-באר שבע,באר שבע מרכז,רכבת ישראל,תל אביב יפו,
37292,תל אביב ההגנה,בת ים אלי כהן - יוספטל,הרצליה-הרצליה --> באר שבע מרכז-באר שבע,באר שבע מרכז,רכבת ישראל,תל אביב יפו,
37292,תל אביב ההגנה,בת ים קוממיות,הרצליה-הרצליה --> באר שבע מרכז-באר שבע,באר שבע מרכז,רכבת ישראל,תל אביב יפו,
37292,תל אביב ההגנה,רשל''צ משה דיין,הרצליה-הרצליה --> באר שבע מרכז-באר שבע,באר שבע מרכז,רכבת ישראל,תל אביב יפו,
37292,תל אביב ההגנה,יבנה מערב,הרצליה-הרצליה --> באר שבע מרכז-באר שבע,באר שבע מרכז,רכבת ישראל,תל אביב יפו,
37292,תל אביב ההגנה,אשדוד עד הלום- מטרופול,הרצליה-הרצליה --> באר שבע מרכז-באר שבע,באר שבע מרכז,רכבת ישראל,תל אביב יפו,
37292,תל אביב ההגנה,אשקלון,הרצליה-הרצליה --> באר שבע מרכז-באר שבע,באר שבע מרכז,רכבת ישראל,תל אביב יפו,
37292,תל אביב ההגנה,שדרות,הרצליה-הרצליה --> באר שבע מרכז-באר שבע,באר שבע מרכז,רכבת ישראל,תל אביב יפו,
37292,תל אביב ההגנה,נתיבות,הרצליה-הרצליה --> באר שבע מרכז-באר שבע,באר שבע מרכז,רכבת ישראל,תל אביב יפו,
37292,תל אביב ההגנה,אופקים,הרצליה-הרצליה --> באר שבע מרכז-באר שבע,באר שבע מרכז,רכבת ישראל,תל אביב יפו,
37292,תל אביב ההגנה,באר שבע צפון,הרצליה-הרצליה --> באר שבע מרכז-באר שבע,באר שבע מרכז,רכבת ישראל,תל אביב יפו,
37292,תל אביב ההגנה,באר שבע מרכז,הרצליה-הרצליה --> באר שבע מרכז-באר שבע,באר שבע מרכז,רכבת ישראל,תל אביב יפו,
37348,צומת חולון,חולון וולפסון,הרצליה-הרצליה --> באר שבע מרכז-באר שבע,באר שבע מרכז,רכבת ישראל,תל אביב יפו,
37348,צומת חולון,בת ים אלי כהן - יוספטל,הרצליה-הרצליה --> באר שבע מרכז-באר שבע,באר שבע מרכז,רכבת ישראל,תל אביב יפו,
37348,צומת חולון,בת ים קוממיות,הרצליה-הרצליה --> באר שבע מרכז-באר שבע,באר שבע מרכז,רכבת ישראל,תל אביב יפו,
37348,צומת חולון,רשל''צ משה דיין,הרצליה-הרצליה --> באר שבע מרכז-באר שבע,באר שבע מרכז,רכבת ישראל,תל אביב יפו,
37348,צומת חולון,יבנה מערב,הרצליה-הרצליה --> באר שבע מרכז-באר שבע,באר שבע מרכז,רכבת ישראל,תל אביב יפו,
37348,צומת חולון,אשדוד עד הלום- מטרופול,הרצליה-הרצליה --> באר שבע מרכז-באר שבע,באר שבע מרכז,רכבת ישראל,תל אביב יפו,
37348,צומת חולון,אשקלון,הרצליה-הרצליה --> באר שבע מרכז-באר שבע,באר שבע מרכז,רכבת ישראל,תל אביב יפו,
37348,צומת חולון,שדרות,הרצליה-הרצליה --> באר שבע מרכז-באר שבע,באר שבע מרכז,רכבת ישראל,תל אביב יפו,
37348,צומת חולון,נתיבות,הרצליה-הרצליה --> באר שבע מרכז-באר שבע,באר שבע מרכז,רכבת ישראל,תל אביב יפו,
37348,צומת חולון,אופקים,הרצליה-הרצליה --> באר שבע מרכז-באר שבע,באר שבע מרכז,רכבת ישראל,תל אביב יפו,
37348,צומת חולון,באר שבע צפון,הרצליה-הרצליה --> באר שבע מרכז-באר שבע,באר שבע מרכז,רכבת ישראל,תל אביב יפו,
37348,צומת חולון,באר שבע מרכז,הרצליה-הרצליה --> באר שבע מרכז-באר שבע,באר שבע מרכז,רכבת ישראל,תל אביב יפו,
37346,חולון וולפסון,בת ים אלי כהן - יוספטל,הרצליה-הרצליה --> באר שבע מרכז-באר שבע,באר שבע מרכז,רכבת ישראל,חולון,
37346,חולון וולפסון,בת ים קוממיות,הרצליה-הרצליה --> באר שבע מרכז-באר שבע,באר שבע מרכז,רכבת ישראל,חולון,
37346,חולון וולפסון,רשל''צ משה דיין,הרצליה-הרצליה --> באר שבע מרכז-באר שבע,באר שבע מרכז,רכבת ישראל,חולון,
37346,חולון וולפסון,יבנה מערב,הרצליה-הרצליה --> באר שבע מרכז-באר שבע,באר שבע מרכז,רכבת ישראל,חולון,
37346,חולון וולפסון,אשדוד עד הלום- מטרופול,הרצליה-הרצליה --> באר שבע מרכז-באר שבע,באר שבע מרכז,רכבת ישראל,חולון,
37346,חולון וולפסון,אשקלון,הרצליה-הרצליה --> באר שבע מרכז-באר שבע,באר שבע מרכז,רכבת ישראל,חולון,
37346,חולון וולפסון,שדרות,הרצליה-הרצליה --> באר שבע מרכז-באר שבע,באר שבע מרכז,רכבת ישראל,חולון,
37346,חולון וולפסון,נתיבות,הרצליה-הרצליה --> באר שבע מרכז-באר שבע,באר שבע מרכז,רכבת ישראל,חולון,
37346,חולון וולפסון,אופקים,הרצליה-הרצליה --> באר שבע מרכז-באר שבע,באר שבע מרכז,רכבת ישראל,חולון,
37346,חולון וולפסון,באר שבע צפון,הרצליה-הרצליה --> באר שבע מרכז-באר שבע,באר שבע מרכז,רכבת ישראל,חולון,
37346,חולון וולפסון,באר שבע מרכז,הרצליה-הרצליה --> באר שבע מרכז-באר שבע,באר שבע מרכז,רכבת ישראל,חולון,
37344,בת ים אלי כהן - יוספטל,בת ים קוממיות,הרצליה-הרצליה --> באר שבע מרכז-באר שבע,באר שבע מרכז,רכבת ישראל,בת ים,
37344,בת ים אלי כהן - יוספטל,רשל''צ משה דיין,הרצליה-הרצליה --> באר שבע מרכז-באר שבע,באר שבע מרכז,רכבת ישראל,בת ים,
37344,בת ים אלי כהן - יוספטל,יבנה מערב,הרצליה-הרצליה --> באר שבע מרכז-באר שבע,באר שבע מרכז,רכבת ישראל,בת ים,
37344,בת ים אלי כהן - יוספטל,אשדוד עד הלום- מטרופול,הרצליה-הרצליה --> באר שבע מרכז-באר שבע,באר שבע מרכז,רכבת ישראל,בת ים,
37344,בת ים אלי כהן - יוספטל,אשקלון,הרצליה-הרצליה --> באר שבע מרכז-באר שבע,באר שבע מרכז,רכבת ישראל,בת ים,
37344,בת ים אלי כהן - יוספטל,שדרות,הרצליה-הרצליה --> באר שבע מרכז-באר שבע,באר שבע מרכז,רכבת ישראל,בת ים,
37344,בת ים אלי כהן - יוספטל,נתיבות,הרצליה-הרצליה --> באר שבע מרכז-באר שבע,באר שבע מרכז,רכבת ישראל,בת ים,
37344,בת ים אלי כהן - יוספטל,אופקים,הרצליה-הרצליה --> באר שבע מרכז-באר שבע,באר שבע מרכז,רכבת ישראל,בת ים,
37344,בת ים אלי כהן - יוספטל,באר שבע צפון,הרצליה-הרצליה --> באר שבע מרכז-באר שבע,באר שבע מרכז,רכבת ישראל,בת ים,
37344,בת ים אלי כהן - יוספטל,באר שבע מרכז,הרצליה-הרצליה --> באר שבע מרכז-באר שבע,באר שבע מרכז,רכבת ישראל,בת ים,
37342,בת ים קוממיות,רשל''צ משה דיין,הרצליה-הרצליה --> באר שבע מרכז-באר שבע,באר שבע מרכז,רכבת ישראל,חולון,
37342,בת ים קוממיות,יבנה מערב,הרצליה-הרצליה --> באר שבע מרכז-באר שבע,באר שבע מרכז,רכבת ישראל,חולון,
37342,בת ים קוממיות,אשדוד עד הלום- מטרופול,הרצליה-הרצליה --> באר שבע מרכז-באר שבע,באר שבע מרכז,רכבת ישראל,חולון,
37342,בת ים קוממיות,אשקלון,הרצליה-הרצליה --> באר שבע מרכז-באר שבע,באר שבע מרכז,רכבת ישראל,חולון,
37342,בת ים קוממיות,שדרות,הרצליה-הרצליה --> באר שבע מרכז-באר שבע,באר שבע מרכז,רכבת ישראל,חולון,
37342,בת ים קוממיות,נתיבות,הרצליה-הרצליה --> באר שבע מרכז-באר שבע,באר שבע מרכז,רכבת ישראל,חולון,
37342,בת ים קוממיות,אופקים,הרצליה-הרצליה --> באר שבע מרכז-באר שבע,באר שבע מרכז,רכבת ישראל,חולון,
37342,בת ים קוממיות,באר שבע צפון,הרצליה-הרצליה --> באר שבע מרכז-באר שבע,באר שבע מרכז,רכבת ישראל,חולון,
37342,בת ים קוממיות,באר שבע מרכז,הרצליה-הרצליה --> באר שבע מרכז-באר שבע,באר שבע מרכז,רכבת ישראל,חולון,
37294,רשל''צ משה דיין,יבנה מערב,הרצליה-הרצליה --> באר שבע מרכז-באר שבע,באר שבע מרכז,רכבת ישראל,ראשון לציון,
37294,רשל''צ משה דיין,אשדוד עד הלום- מטרופול,הרצליה-הרצליה --> באר שבע מרכז-באר שבע,באר שבע מרכז,רכבת ישראל,ראשון לציון,
37294,רשל''צ משה דיין,אשקלון,הרצליה-הרצליה --> באר שבע מרכז-באר שבע,באר שבע מרכז,רכבת ישראל,ראשון לציון,
37294,רשל''צ משה דיין,שדרות,הרצליה-הרצליה --> באר שבע מרכז-באר שבע,באר שבע מרכז,רכבת ישראל,ראשון לציון,
37294,רשל''צ משה דיין,נתיבות,הרצליה-הרצליה --> באר שבע מרכז-באר שבע,באר שבע מרכז,רכבת ישראל,ראשון לציון,
37294,רשל''צ משה דיין,אופקים,הרצליה-הרצליה --> באר שבע מרכז-באר שבע,באר שבע מרכז,רכבת ישראל,ראשון לציון,
37294,רשל''צ משה דיין,באר שבע צפון,הרצליה-הרצליה --> באר שבע מרכז-באר שבע,באר שבע מרכז,רכבת ישראל,ראשון לציון,
37294,רשל''צ משה דיין,באר שבע מרכז,הרצליה-הרצליה --> באר שבע מרכז-באר שבע,באר שבע מרכז,רכבת ישראל,ראשון לציון,
37300,יבנה מערב,אשדוד עד הלום- מטרופול,הרצליה-הרצליה --> באר שבע מרכז-באר שבע,באר שבע מרכז,רכבת ישראל,יבנה,
37300,יבנה מערב,אשקלון,הרצליה-הרצליה --> באר שבע מרכז-באר שבע,באר שבע מרכז,רכבת ישראל,יבנה,
37300,יבנה מערב,שדרות,הרצליה-הרצליה --> באר שבע מרכז-באר שבע,באר שבע מרכז,רכבת ישראל,יבנה,
37300,יבנה מערב,נתיבות,הרצליה-הרצליה --> באר שבע מרכז-באר שבע,באר שבע מרכז,רכבת ישראל,יבנה,
37300,יבנה מערב,אופקים,הרצליה-הרצליה --> באר שבע מרכז-באר שבע,באר שבע מרכז,רכבת ישראל,יבנה,
37300,יבנה מערב,באר שבע צפון,הרצליה-הרצליה --> באר שבע מרכז-באר שבע,באר שבע מרכז,רכבת ישראל,יבנה,
37300,יבנה מערב,באר שבע מרכז,הרצליה-הרצליה --> באר שבע מרכז-באר שבע,באר שבע מרכז,רכבת ישראל,יבנה,
37326,אשדוד עד הלום- מטרופול,אשקלון,הרצליה-הרצליה --> באר שבע מרכז-באר שבע,באר שבע מרכז,רכבת ישראל,אשדוד,
37326,אשדוד עד הלום- מטרופול,שדרות,הרצליה-הרצליה --> באר שבע מרכז-באר שבע,באר שבע מרכז,רכבת ישראל,אשדוד,
37326,אשדוד עד הלום- מטרופול,נתיבות,הרצליה-הרצליה --> באר שבע מרכז-באר שבע,באר שבע מרכז,רכבת ישראל,אשדוד,
37326,אשדוד עד הלום- מטרופול,אופקים,הרצליה-הרצליה --> באר שבע מרכז-באר שבע,באר שבע מרכז,רכבת ישראל,אשדוד,
37326,אשדוד עד הלום- מטרופול,באר שבע צפון,הרצליה-הרצליה --> באר שבע מרכז-באר שבע,באר שבע מרכז,רכבת ישראל,אשדוד,
37326,אשדוד עד הלום- מטרופול,באר שבע מרכז,הרצליה-הרצליה --> באר שבע מרכז-באר שבע,באר שבע מרכז,רכבת ישראל,אשדוד,
37324,אשקלון,שדרות,הרצליה-הרצליה --> באר שבע מרכז-באר שבע,באר שבע מרכז,רכבת ישראל,אשקלון,
37324,אשקלון,נתיבות,הרצליה-הרצליה --> באר שבע מרכז-באר שבע,באר שבע מרכז,רכבת ישראל,אשקלון,
37324,אשקלון,אופקים,הרצליה-הרצליה --> באר שבע מרכז-באר שבע,באר שבע מרכז,רכבת ישראל,אשקלון,
37324,אשקלון,באר שבע צפון,הרצליה-הרצליה --> באר שבע מרכז-באר שבע,באר שבע מרכז,רכבת ישראל,אשקלון,
37324,אשקלון,באר שבע מרכז,הרצליה-הרצליה --> באר שבע מרכז-באר שבע,באר שבע מרכז,רכבת ישראל,אשקלון,
37290,שדרות,נתיבות,הרצליה-הרצליה --> באר שבע מרכז-באר שבע,באר שבע מרכז,רכבת ישראל,שדרות,
37290,שדרות,אופקים,הרצליה-הרצליה --> באר שבע מרכז-באר שבע,באר שבע מרכז,רכבת ישראל,שדרות,
37290,שדרות,באר שבע צפון,הרצליה-הרצליה --> באר שבע מרכז-באר שבע,באר שבע מרכז,רכבת ישראל,שדרות,
37290,שדרות,באר שבע מרכז,הרצליה-הרצליה --> באר שבע מרכז-באר שבע,באר שבע מרכז,רכבת ישראל,שדרות,
38643,נתיבות,אופקים,הרצליה-הרצליה --> באר שבע מרכז-באר שבע,באר שבע מרכז,רכבת ישראל,נתיבות,
38643,נתיבות,באר שבע צפון,הרצליה-הרצליה --> באר שבע מרכז-באר שבע,באר שבע מרכז,רכבת ישראל,נתיבות,
38643,נתיבות,באר שבע מרכז,הרצליה-הרצליה --> באר שבע מרכז-באר שבע,באר שבע מרכז,רכבת ישראל,נתיבות,
39260,אופקים,באר שבע צפון,הרצליה-הרצליה --> באר שבע מרכז-באר שבע,באר שבע מרכז,רכבת ישראל,אופקים,
39260,אופקים,באר שבע מרכז,הרצליה-הרצליה --> באר שבע מרכז-באר שבע,באר שבע מרכז,רכבת ישראל,אופקים,
37314,באר שבע צפון,באר שבע מרכז,הרצליה-הרצליה --> באר שבע מרכז-באר שבע,באר שבע מרכז,רכבת ישראל,באר שבע,
37362,הרצליה,חולון וולפסון,הרצליה-הרצליה --> באר שבע מרכז-באר שבע,באר שבע מרכז,רכבת ישראל,הרצליה,
37362,הרצליה,בת ים אלי כהן - יוספטל,הרצליה-הרצליה --> באר שבע מרכז-באר שבע,באר שבע מרכז,רכבת ישראל,הרצליה,
37362,הרצליה,רשל''צ משה דיין,הרצליה-הרצליה --> באר שבע מרכז-באר שבע,באר שבע מרכז,רכבת ישראל,הרצליה,
37362,הרצליה,יבנה מערב,הרצליה-הרצליה --> באר שבע מרכז-באר שבע,באר שבע מרכז,רכבת ישראל,הרצליה,
37362,הרצליה,אשדוד עד הלום- מטרופול,הרצליה-הרצליה --> באר שבע מרכז-באר שבע,באר שבע מרכז,רכבת ישראל,הרצליה,
37362,הרצליה,אשקלון,הרצליה-הרצליה --> באר שבע מרכז-באר שבע,באר שבע מרכז,רכבת ישראל,הרצליה,
37362,הרצליה,שדרות,הרצליה-הרצליה --> באר שבע מרכז-באר שבע,באר שבע מרכז,רכבת ישראל,הרצליה,
37362,הרצליה,נתיבות,הרצליה-הרצליה --> באר שבע מרכז-באר שבע,באר שבע מרכז,רכבת ישראל,הרצליה,
37362,הרצליה,אופקים,הרצליה-הרצליה --> באר שבע מרכז-באר שבע,באר שבע מרכז,רכבת ישראל,הרצליה,
37362,הרצליה,באר שבע צפון,הרצליה-הרצליה --> באר שבע מרכז-באר שבע,באר שבע מרכז,רכבת ישראל,הרצליה,
37362,הרצליה,באר שבע מרכז,הרצליה-הרצליה --> באר שבע מרכז-באר שבע,באר שבע מרכז,רכבת ישראל,הרצליה,
42417,רעננה מערב,חולון וולפסון,הרצליה-הרצליה --> באר שבע מרכז-באר שבע,באר שבע מרכז,רכבת ישראל,רעננה,
42417,רעננה מערב,בת ים אלי כהן - יוספטל,הרצליה-הרצליה --> באר שבע מרכז-באר שבע,באר שבע מרכז,רכבת ישראל,רעננה,
42417,רעננה מערב,רשל''צ משה דיין,הרצליה-הרצליה --> באר שבע מרכז-באר שבע,באר שבע מרכז,רכבת ישראל,רעננה,
42417,רעננה מערב,יבנה מערב,הרצליה-הרצליה --> באר שבע מרכז-באר שבע,באר שבע מרכז,רכבת ישראל,רעננה,
42417,רעננה מערב,אשדוד עד הלום- מטרופול,הרצליה-הרצליה --> באר שבע מרכז-באר שבע,באר שבע מרכז,רכבת ישראל,רעננה,
42417,רעננה מערב,אשקלון,הרצליה-הרצליה --> באר שבע מרכז-באר שבע,באר שבע מרכז,רכבת ישראל,רעננה,
42417,רעננה מערב,שדרות,הרצליה-הרצליה --> באר שבע מרכז-באר שבע,באר שבע מרכז,רכבת ישראל,רעננה,
42417,רעננה מערב,נתיבות,הרצליה-הרצליה --> באר שבע מרכז-באר שבע,באר שבע מרכז,רכבת ישראל,רעננה,
42417,רעננה מערב,אופקים,הרצליה-הרצליה --> באר שבע מרכז-באר שבע,באר שבע מרכז,רכבת ישראל,רעננה,
42417,רעננה מערב,באר שבע צפון,הרצליה-הרצליה --> באר שבע מרכז-באר שבע,באר שבע מרכז,רכבת ישראל,רעננה,
42417,רעננה מערב,באר שבע מרכז,הרצליה-הרצליה --> באר שבע מרכז-באר שבע,באר שבע מרכז,רכבת ישראל,רעננה,
42416,רעננה דרום,חולון וולפסון,הרצליה-הרצליה --> באר שבע מרכז-באר שבע,באר שבע מרכז,רכבת ישראל,רעננה,
42416,רעננה דרום,בת ים אלי כהן - יוספטל,הרצליה-הרצליה --> באר שבע מרכז-באר שבע,באר שבע מרכז,רכבת ישראל,רעננה,
42416,רעננה דרום,רשל''צ משה דיין,הרצליה-הרצליה --> באר שבע מרכז-באר שבע,באר שבע מרכז,רכבת ישראל,רעננה,
42416,רעננה דרום,יבנה מערב,הרצליה-הרצליה --> באר שבע מרכז-באר שבע,באר שבע מרכז,רכבת ישראל,רעננה,
42416,רעננה דרום,אשדוד עד הלום- מטרופול,הרצליה-הרצליה --> באר שבע מרכז-באר שבע,באר שבע מרכז,רכבת ישראל,רעננה,
42416,רעננה דרום,אשקלון,הרצליה-הרצליה --> באר שבע מרכז-באר שבע,באר שבע מרכז,רכבת ישראל,רעננה,
42416,רעננה דרום,שדרות,הרצליה-הרצליה --> באר שבע מרכז-באר שבע,באר שבע מרכז,רכבת ישראל,רעננה,
42416,רעננה דרום,נתיבות,הרצליה-הרצליה --> באר שבע מרכז-באר שבע,באר שבע מרכז,רכבת ישראל,רעננה,
42416,רעננה דרום,אופקים,הרצליה-הרצליה --> באר שבע מרכז-באר שבע,באר שבע מרכז,רכבת ישראל,רעננה,
42416,רעננה דרום,באר שבע צפון,הרצליה-הרצליה --> באר שבע מרכז-באר שבע,באר שבע מרכז,רכבת ישראל,רעננה,
42416,רעננה דרום,באר שבע מרכז,הרצליה-הרצליה --> באר שבע מרכז-באר שבע,באר שבע מרכז,רכבת ישראל,רעננה,
37296,הוד השרון,חולון וולפסון,הרצליה-הרצליה --> באר שבע מרכז-באר שבע,באר שבע מרכז,רכבת ישראל,הוד השרון,
37296,הוד השרון,בת ים אלי כהן - יוספטל,הרצליה-הרצליה --> באר שבע מרכז-באר שבע,באר שבע מרכז,רכבת ישראל,הוד השרון,
37296,הוד השרון,רשל''צ משה דיין,הרצליה-הרצליה --> באר שבע מרכז-באר שבע,באר שבע מרכז,רכבת ישראל,הוד השרון,
37296,הוד השרון,יבנה מערב,הרצליה-הרצליה --> באר שבע מרכז-באר שבע,באר שבע מרכז,רכבת ישראל,הוד השרון,
37296,הוד השרון,אשדוד עד הלום- מטרופול,הרצליה-הרצליה --> באר שבע מרכז-באר שבע,באר שבע מרכז,רכבת ישראל,הוד השרון,
37296,הוד השרון,אשקלון,הרצליה-הרצליה --> באר שבע מרכז-באר שבע,באר שבע מרכז,רכבת ישראל,הוד השרון,
37296,הוד השרון,שדרות,הרצליה-הרצליה --> באר שבע מרכז-באר שבע,באר שבע מרכז,רכבת ישראל,הוד השרון,
37296,הוד השרון,נתיבות,הרצליה-הרצליה --> באר שבע מרכז-באר שבע,באר שבע מרכז,רכבת ישראל,הוד השרון,
37296,הוד השרון,אופקים,הרצליה-הרצליה --> באר שבע מרכז-באר שבע,באר שבע מרכז,רכבת ישראל,הוד השרון,
37296,הוד השרון,באר שבע צפון,הרצליה-הרצליה --> באר שבע מרכז-באר שבע,באר שבע מרכז,רכבת ישראל,הוד השרון,
37296,הוד השרון,באר שבע מרכז,הרצליה-הרצליה --> באר שבע מרכז-באר שבע,באר שבע מרכז,רכבת ישראל,הוד השרון,
37304,כפר סבא,חולון וולפסון,הרצליה-הרצליה --> באר שבע מרכז-באר שבע,באר שבע מרכז,רכבת ישראל,כפר סבא,
37304,כפר סבא,בת ים אלי כהן - יוספטל,הרצליה-הרצליה --> באר שבע מרכז-באר שבע,באר שבע מרכז,רכבת ישראל,כפר סבא,
37304,כפר סבא,רשל''צ משה דיין,הרצליה-הרצליה --> באר שבע מרכז-באר שבע,באר שבע מרכז,רכבת ישראל,כפר סבא,
37304,כפר סבא,יבנה מערב,הרצליה-הרצליה --> באר שבע מרכז-באר שבע,באר שבע מרכז,רכבת ישראל,כפר סבא,
37304,כפר סבא,אשדוד עד הלום- מטרופול,הרצליה-הרצליה --> באר שבע מרכז-באר שבע,באר שבע מרכז,רכבת ישראל,כפר סבא,
37304,כפר סבא,אשקלון,הרצליה-הרצליה --> באר שבע מרכז-באר שבע,באר שבע מרכז,רכבת ישראל,כפר סבא,
37304,כפר סבא,שדרות,הרצליה-הרצליה --> באר שבע מרכז-באר שבע,באר שבע מרכז,רכבת ישראל,כפר סבא,
37304,כפר סבא,נתיבות,הרצליה-הרצליה --> באר שבע מרכז-באר שבע,באר שבע מרכז,רכבת ישראל,כפר סבא,
37304,כפר סבא,אופקים,הרצליה-הרצליה --> באר שבע מרכז-באר שבע,באר שבע מרכז,רכבת ישראל,כפר סבא,
37304,כפר סבא,באר שבע צפון,הרצליה-הרצליה --> באר שבע מרכז-באר שבע,באר שבע מרכז,רכבת ישראל,כפר סבא,
37304,כפר סבא,באר שבע מרכז,הרצליה-הרצליה --> באר שבע מרכז-באר שבע,באר שבע מרכז,רכבת ישראל,כפר סבא,
37302,ראש העין צפון,חולון וולפסון,הרצליה-הרצליה --> באר שבע מרכז-באר שבע,באר שבע מרכז,רכבת ישראל,ראש העין,
37302,ראש העין צפון,בת ים אלי כהן - יוספטל,הרצליה-הרצליה --> באר שבע מרכז-באר שבע,באר שבע מרכז,רכבת ישראל,ראש העין,
37302,ראש העין צפון,רשל''צ משה דיין,הרצליה-הרצליה --> באר שבע מרכז-באר שבע,באר שבע מרכז,רכבת ישראל,ראש העין,
37302,ראש העין צפון,יבנה מערב,הרצליה-הרצליה --> באר שבע מרכז-באר שבע,באר שבע מרכז,רכבת ישראל,ראש העין,
37302,ראש העין צפון,אשדוד עד הלום- מטרופול,הרצליה-הרצליה --> באר שבע מרכז-באר שבע,באר שבע מרכז,רכבת ישראל,ראש העין,
37302,ראש העין צפון,אשקלון,הרצליה-הרצליה --> באר שבע מרכז-באר שבע,באר שבע מרכז,רכבת ישראל,ראש העין,
37302,ראש העין צפון,שדרות,הרצליה-הרצליה --> באר שבע מרכז-באר שבע,באר שבע מרכז,רכבת ישראל,ראש העין,
37302,ראש העין צפון,נתיבות,הרצליה-הרצליה --> באר שבע מרכז-באר שבע,באר שבע מרכז,רכבת ישראל,ראש העין,
37302,ראש העין צפון,אופקים,הרצליה-הרצליה --> באר שבע מרכז-באר שבע,באר שבע מרכז,רכבת ישראל,ראש העין,
37302,ראש העין צפון,באר שבע צפון,הרצליה-הרצליה --> באר שבע מרכז-באר שבע,באר שבע מרכז,רכבת ישראל,ראש העין,
37302,ראש העין צפון,באר שבע מרכז,הרצליה-הרצליה --> באר שבע מרכז-באר שבע,באר שבע מרכז,רכבת ישראל,ראש העין,
37352,סגולה,חולון וולפסון,הרצליה-הרצליה --> באר שבע מרכז-באר שבע,באר שבע מרכז,רכבת ישראל,פתח תקווה,
37352,סגולה,בת ים אלי כהן - יוספטל,הרצליה-הרצליה --> באר שבע מרכז-באר שבע,באר שבע מרכז,רכבת ישראל,פתח תקווה,
37352,סגולה,רשל''צ משה דיין,הרצליה-הרצליה --> באר שבע מרכז-באר שבע,באר שבע מרכז,רכבת ישראל,פתח תקווה,
37352,סגולה,יבנה מערב,הרצליה-הרצליה --> באר שבע מרכז-באר שבע,באר שבע מרכז,רכבת ישראל,פתח תקווה,
37352,סגולה,אשדוד עד הלום- מטרופול,הרצליה-הרצליה --> באר שבע מרכז-באר שבע,באר שבע מרכז,רכבת ישראל,פתח תקווה,
37352,סגולה,אשקלון,הרצליה-הרצליה --> באר שבע מרכז-באר שבע,באר שבע מרכז,רכבת ישראל,פתח תקווה,
37352,סגולה,שדרות,הרצליה-הרצליה --> באר שבע מרכז-באר שבע,באר שבע מרכז,רכבת ישראל,פתח תקווה,
37352,סגולה,נתיבות,הרצליה-הרצליה --> באר שבע מרכז-באר שבע,באר שבע מרכז,רכבת ישראל,פתח תקווה,
37352,סגולה,אופקים,הרצליה-הרצליה --> באר שבע מרכז-באר שבע,באר שבע מרכז,רכבת ישראל,פתח תקווה,
37352,סגולה,באר שבע צפון,הרצליה-הרצליה --> באר שבע מרכז-באר שבע,באר שבע מרכז,רכבת ישראל,פתח תקווה,
37352,סגולה,באר שבע מרכז,הרצליה-הרצליה --> באר שבע מרכז-באר שבע,באר שבע מרכז,רכבת ישראל,פתח תקווה,
37354,קרית אריה,חולון וולפסון,הרצליה-הרצליה --> באר שבע מרכז-באר שבע,באר שבע מרכז,רכבת ישראל,פתח תקווה,
37354,קרית אריה,בת ים אלי כהן - יוספטל,הרצליה-הרצליה --> באר שבע מרכז-באר שבע,באר שבע מרכז,רכבת ישראל,פתח תקווה,
37354,קרית אריה,רשל''צ משה דיין,הרצליה-הרצליה --> באר שבע מרכז-באר שבע,באר שבע מרכז,רכבת ישראל,פתח תקווה,
37354,קרית אריה,יבנה מערב,הרצליה-הרצליה --> באר שבע מרכז-באר שבע,באר שבע מרכז,רכבת ישראל,פתח תקווה,
37354,קרית אריה,אשדוד עד הלום- מטרופול,הרצליה-הרצליה --> באר שבע מרכז-באר שבע,באר שבע מרכז,רכבת ישראל,פתח תקווה,
37354,קרית אריה,אשקלון,הרצליה-הרצליה --> באר שבע מרכז-באר שבע,באר שבע מרכז,רכבת ישראל,פתח תקווה,
37354,קרית אריה,שדרות,הרצליה-הרצליה --> באר שבע מרכז-באר שבע,באר שבע מרכז,רכבת ישראל,פתח תקווה,
37354,קרית אריה,נתיבות,הרצליה-הרצליה --> באר שבע מרכז-באר שבע,באר שבע מרכז,רכבת ישראל,פתח תקווה,
37354,קרית אריה,אופקים,הרצליה-הרצליה --> באר שבע מרכז-באר שבע,באר שבע מרכז,רכבת ישראל,פתח תקווה,
37354,קרית אריה,באר שבע צפון,הרצליה-הרצליה --> באר שבע מרכז-באר שבע,באר שבע מרכז,רכבת ישראל,פתח תקווה,
37354,קרית אריה,באר שבע מרכז,הרצליה-הרצליה --> באר שבע מרכז-באר שבע,באר שבע מרכז,רכבת ישראל,פתח תקווה,
37356,בני ברק,חולון וולפסון,הרצליה-הרצליה --> באר שבע מרכז-באר שבע,באר שבע מרכז,רכבת ישראל,בני ברק,
37356,בני ברק,בת ים אלי כהן - יוספטל,הרצליה-הרצליה --> באר שבע מרכז-באר שבע,באר שבע מרכז,רכבת ישראל,בני ברק,
37356,בני ברק,רשל''צ משה דיין,הרצליה-הרצליה --> באר שבע מרכז-באר שבע,באר שבע מרכז,רכבת ישראל,בני ברק,
37356,בני ברק,יבנה מערב,הרצליה-הרצליה --> באר שבע מרכז-באר שבע,באר שבע מרכז,רכבת ישראל,בני ברק,
37356,בני ברק,אשדוד עד הלום- מטרופול,הרצליה-הרצליה --> באר שבע מרכז-באר שבע,באר שבע מרכז,רכבת ישראל,בני ברק,
37356,בני ברק,אשקלון,הרצליה-הרצליה --> באר שבע מרכז-באר שבע,באר שבע מרכז,רכבת ישראל,בני ברק,
37356,בני ברק,שדרות,הרצליה-הרצליה --> באר שבע מרכז-באר שבע,באר שבע מרכז,רכבת ישראל,בני ברק,
37356,בני ברק,נתיבות,הרצליה-הרצליה --> באר שבע מרכז-באר שבע,באר שבע מרכז,רכבת ישראל,בני ברק,
37356,בני ברק,אופקים,הרצליה-הרצליה --> באר שבע מרכז-באר שבע,באר שבע מרכז,רכבת ישראל,בני ברק,
37356,בני ברק,באר שבע צפון,הרצליה-הרצליה --> באר שבע מרכז-באר שבע,באר שבע מרכז,רכבת ישראל,בני ברק,
37356,בני ברק,באר שבע מרכז,הרצליה-הרצליה --> באר שבע מרכז-באר שבע,באר שבע מרכז,רכבת ישראל,בני ברק,
37360,תל אביב האוניברסיטה - אקספו,חולון וולפסון,הרצליה-הרצליה --> באר שבע מרכז-באר שבע,באר שבע מרכז,רכבת ישראל,תל אביב יפו,
37360,תל אביב האוניברסיטה - אקספו,בת ים אלי כהן - יוספטל,הרצליה-הרצליה --> באר שבע מרכז-באר שבע,באר שבע מרכז,רכבת ישראל,תל אביב יפו,
37360,תל אביב האוניברסיטה - אקספו,רשל''צ משה דיין,הרצליה-הרצליה --> באר שבע מרכז-באר שבע,באר שבע מרכז,רכבת ישראל,תל אביב יפו,
37360,תל אביב האוניברסיטה - אקספו,יבנה מערב,הרצליה-הרצליה --> באר שבע מרכז-באר שבע,באר שבע מרכז,רכבת ישראל,תל אביב יפו,
37360,תל אביב האוניברסיטה - אקספו,אשדוד עד הלום- מטרופול,הרצליה-הרצליה --> באר שבע מרכז-באר שבע,באר שבע מרכז,רכבת ישראל,תל אביב יפו,
37360,תל אביב האוניברסיטה - אקספו,אשקלון,הרצליה-הרצליה --> באר שבע מרכז-באר שבע,באר שבע מרכז,רכבת ישראל,תל אביב יפו,
37360,תל אביב האוניברסיטה - אקספו,שדרות,הרצליה-הרצליה --> באר שבע מרכז-באר שבע,באר שבע מרכז,רכבת ישראל,תל אביב יפו,
37360,תל אביב האוניברסיטה - אקספו,נתיבות,הרצליה-הרצליה --> באר שבע מרכז-באר שבע,באר שבע מרכז,רכבת ישראל,תל אביב יפו,
37360,תל אביב האוניברסיטה - אקספו,אופקים,הרצליה-הרצליה --> באר שבע מרכז-באר שבע,באר שבע מרכז,רכבת ישראל,תל אביב יפו,
37360,תל אביב האוניברסיטה - אקספו,באר שבע צפון,הרצליה-הרצליה --> באר שבע מרכז-באר שבע,באר שבע מרכז,רכבת ישראל,תל אביב יפו,
37360,תל אביב האוניברסיטה - אקספו,באר שבע מרכז,הרצליה-הרצליה --> באר שבע מרכז-באר שבע,באר שבע מרכז,רכבת ישראל,תל אביב יפו,
37358,תל אביב מרכז,חולון וולפסון,הרצליה-הרצליה --> באר שבע מרכז-באר שבע,באר שבע מרכז,רכבת ישראל,תל אביב יפו,
37358,תל אביב מרכז,בת ים אלי כהן - יוספטל,הרצליה-הרצליה --> באר שבע מרכז-באר שבע,באר שבע מרכז,רכבת ישראל,תל אביב יפו,
37358,תל אביב מרכז,רשל''צ משה דיין,הרצליה-הרצליה --> באר שבע מרכז-באר שבע,באר שבע מרכז,רכבת ישראל,תל אביב יפו,
37358,תל אביב מרכז,יבנה מערב,הרצליה-הרצליה --> באר שבע מרכז-באר שבע,באר שבע מרכז,רכבת ישראל,תל אביב יפו,
37358,תל אביב מרכז,אשדוד עד הלום- מטרופול,הרצליה-הרצליה --> באר שבע מרכז-באר שבע,באר שבע מרכז,רכבת ישראל,תל אביב יפו,
37358,תל אביב מרכז,אשקלון,הרצליה-הרצליה --> באר שבע מרכז-באר שבע,באר שבע מרכז,רכבת ישראל,תל אביב יפו,
37358,תל אביב מרכז,שדרות,הרצליה-הרצליה --> באר שבע מרכז-באר שבע,באר שבע מרכז,רכבת ישראל,תל אביב יפו,
37358,תל אביב מרכז,נתיבות,הרצליה-הרצליה --> באר שבע מרכז-באר שבע,באר שבע מרכז,רכבת ישראל,תל אביב יפו,
37358,תל אביב מרכז,אופקים,הרצליה-הרצליה --> באר שבע מרכז-באר שבע,באר שבע מרכז,רכבת ישראל,תל אביב יפו,
37358,תל אביב מרכז,באר שבע צפון,הרצליה-הרצליה --> באר שבע מרכז-באר שבע,באר שבע מרכז,רכבת ישראל,תל אביב יפו,
37358,תל אביב מרכז,באר שבע מרכז,הרצליה-הרצליה --> באר שבע מרכז-באר שבע,באר שבע מרכז,רכבת ישראל,תל אביב יפו,
37350,השלום,חולון וולפסון,הרצליה-הרצליה --> באר שבע מרכז-באר שבע,באר שבע מרכז,רכבת ישראל,תל אביב יפו,
37350,השלום,בת ים אלי כהן - יוספטל,הרצליה-הרצליה --> באר שבע מרכז-באר שבע,באר שבע מרכז,רכבת ישראל,תל אביב יפו,
37350,השלום,רשל''צ משה דיין,הרצליה-הרצליה --> באר שבע מרכז-באר שבע,באר שבע מרכז,רכבת ישראל,תל אביב יפו,
37350,השלום,יבנה מערב,הרצליה-הרצליה --> באר שבע מרכז-באר שבע,באר שבע מרכז,רכבת ישראל,תל אביב יפו,
37350,השלום,אשדוד עד הלום- מטרופול,הרצליה-הרצליה --> באר שבע מרכז-באר שבע,באר שבע מרכז,רכבת ישראל,תל אביב יפו,
37350,השלום,אשקלון,הרצליה-הרצליה --> באר שבע מרכז-באר שבע,באר שבע מרכז,רכבת ישראל,תל אביב יפו,
37350,השלום,שדרות,הרצליה-הרצליה --> באר שבע מרכז-באר שבע,באר שבע מרכז,רכבת ישראל,תל אביב יפו,
37350,השלום,נתיבות,הרצליה-הרצליה --> באר שבע מרכז-באר שבע,באר שבע מרכז,רכבת ישראל,תל אביב יפו,
37350,השלום,אופקים,הרצליה-הרצליה --> באר שבע מרכז-באר שבע,באר שבע מרכז,רכבת ישראל,תל אביב יפו,
37350,השלום,באר שבע צפון,הרצליה-הרצליה --> באר שבע מרכז-באר שבע,באר שבע מרכז,רכבת ישראל,תל אביב יפו,
37350,השלום,באר שבע מרכז,הרצליה-הרצליה --> באר שבע מרכז-באר שבע,באר שבע מרכז,רכבת ישראל,תל אביב יפו,
37292,תל אביב ההגנה,חולון וולפסון,הרצליה-הרצליה --> באר שבע מרכז-באר שבע,באר שבע מרכז,רכבת ישראל,תל אביב יפו,
37292,תל אביב ההגנה,בת ים אלי כהן - יוספטל,הרצליה-הרצליה --> באר שבע מרכז-באר שבע,באר שבע מרכז,רכבת ישראל,תל אביב יפו,
37292,תל אביב ההגנה,רשל''צ משה דיין,הרצליה-הרצליה --> באר שבע מרכז-באר שבע,באר שבע מרכז,רכבת ישראל,תל אביב יפו,
37292,תל אביב ההגנה,יבנה מערב,הרצליה-הרצליה --> באר שבע מרכז-באר שבע,באר שבע מרכז,רכבת ישראל,תל אביב יפו,
37292,תל אביב ההגנה,אשדוד עד הלום- מטרופול,הרצליה-הרצליה --> באר שבע מרכז-באר שבע,באר שבע מרכז,רכבת ישראל,תל אביב יפו,
37292,תל אביב ההגנה,אשקלון,הרצליה-הרצליה --> באר שבע מרכז-באר שבע,באר שבע מרכז,רכבת ישראל,תל אביב יפו,
37292,תל אביב ההגנה,שדרות,הרצליה-הרצליה --> באר שבע מרכז-באר שבע,באר שבע מרכז,רכבת ישראל,תל אביב יפו,
37292,תל אביב ההגנה,נתיבות,הרצליה-הרצליה --> באר שבע מרכז-באר שבע,באר שבע מרכז,רכבת ישראל,תל אביב יפו,
37292,תל אביב ההגנה,אופקים,הרצליה-הרצליה --> באר שבע מרכז-באר שבע,באר שבע מרכז,רכבת ישראל,תל אביב יפו,
37292,תל אביב ההגנה,באר שבע צפון,הרצליה-הרצליה --> באר שבע מרכז-באר שבע,באר שבע מרכז,רכבת ישראל,תל אביב יפו,
37292,תל אביב ההגנה,באר שבע מרכז,הרצליה-הרצליה --> באר שבע מרכז-באר שבע,באר שבע מרכז,רכבת ישראל,תל אביב יפו,
37346,חולון וולפסון,בת ים אלי כהן - יוספטל,הרצליה-הרצליה --> באר שבע מרכז-באר שבע,באר שבע מרכז,רכבת ישראל,חולון,
37346,חולון וולפסון,רשל''צ משה דיין,הרצליה-הרצליה --> באר שבע מרכז-באר שבע,באר שבע מרכז,רכבת ישראל,חולון,
37346,חולון וולפסון,יבנה מערב,הרצליה-הרצליה --> באר שבע מרכז-באר שבע,באר שבע מרכז,רכבת ישראל,חולון,
37346,חולון וולפסון,אשדוד עד הלום- מטרופול,הרצליה-הרצליה --> באר שבע מרכז-באר שבע,באר שבע מרכז,רכבת ישראל,חולון,
37346,חולון וולפסון,אשקלון,הרצליה-הרצליה --> באר שבע מרכז-באר שבע,באר שבע מרכז,רכבת ישראל,חולון,
37346,חולון וולפסון,שדרות,הרצליה-הרצליה --> באר שבע מרכז-באר שבע,באר שבע מרכז,רכבת ישראל,חולון,
37346,חולון וולפסון,נתיבות,הרצליה-הרצליה --> באר שבע מרכז-באר שבע,באר שבע מרכז,רכבת ישראל,חולון,
37346,חולון וולפסון,אופקים,הרצליה-הרצליה --> באר שבע מרכז-באר שבע,באר שבע מרכז,רכבת ישראל,חולון,
37346,חולון וולפסון,באר שבע צפון,הרצליה-הרצליה --> באר שבע מרכז-באר שבע,באר שבע מרכז,רכבת ישראל,חולון,
37346,חולון וולפסון,באר שבע מרכז,הרצליה-הרצליה --> באר שבע מרכז-באר שבע,באר שבע מרכז,רכבת ישראל,חולון,
37344,בת ים אלי כהן - יוספטל,רשל''צ משה דיין,הרצליה-הרצליה --> באר שבע מרכז-באר שבע,באר שבע מרכז,רכבת ישראל,בת ים,
37344,בת ים אלי כהן - יוספטל,יבנה מערב,הרצליה-הרצליה --> באר שבע מרכז-באר שבע,באר שבע מרכז,רכבת ישראל,בת ים,
37344,בת ים אלי כהן - יוספטל,אשדוד עד הלום- מטרופול,הרצליה-הרצליה --> באר שבע מרכז-באר שבע,באר שבע מרכז,רכבת ישראל,בת ים,
37344,בת ים אלי כהן - יוספטל,אשקלון,הרצליה-הרצליה --> באר שבע מרכז-באר שבע,באר שבע מרכז,רכבת ישראל,בת ים,
37344,בת ים אלי כהן - יוספטל,שדרות,הרצליה-הרצליה --> באר שבע מרכז-באר שבע,באר שבע מרכז,רכבת ישראל,בת ים,
37344,בת ים אלי כהן - יוספטל,נתיבות,הרצליה-הרצליה --> באר שבע מרכז-באר שבע,באר שבע מרכז,רכבת ישראל,בת ים,
37344,בת ים אלי כהן - יוספטל,אופקים,הרצליה-הרצליה --> באר שבע מרכז-באר שבע,באר שבע מרכז,רכבת ישראל,בת ים,
37344,בת ים אלי כהן - יוספטל,באר שבע צפון,הרצליה-הרצליה --> באר שבע מרכז-באר שבע,באר שבע מרכז,רכבת ישראל,בת ים,
37344,בת ים אלי כהן - יוספטל,באר שבע מרכז,הרצליה-הרצליה --> באר שבע מרכז-באר שבע,באר שבע מרכז,רכבת ישראל,בת ים,
37294,רשל''צ משה דיין,יבנה מערב,הרצליה-הרצליה --> באר שבע מרכז-באר שבע,באר שבע מרכז,רכבת ישראל,ראשון לציון,
37294,רשל''צ משה דיין,אשדוד עד הלום- מטרופול,הרצליה-הרצליה --> באר שבע מרכז-באר שבע,באר שבע מרכז,רכבת ישראל,ראשון לציון,
37294,רשל''צ משה דיין,אשקלון,הרצליה-הרצליה --> באר שבע מרכז-באר שבע,באר שבע מרכז,רכבת ישראל,ראשון לציון,
37294,רשל''צ משה דיין,שדרות,הרצליה-הרצליה --> באר שבע מרכז-באר שבע,באר שבע מרכז,רכבת ישראל,ראשון לציון,
37294,רשל''צ משה דיין,נתיבות,הרצליה-הרצליה --> באר שבע מרכז-באר שבע,באר שבע מרכז,רכבת ישראל,ראשון לציון,
37294,רשל''צ משה דיין,אופקים,הרצליה-הרצליה --> באר שבע מרכז-באר שבע,באר שבע מרכז,רכבת ישראל,ראשון לציון,
37294,רשל''צ משה דיין,באר שבע צפון,הרצליה-הרצליה --> באר שבע מרכז-באר שבע,באר שבע מרכז,רכבת ישראל,ראשון לציון,
37294,רשל''צ משה דיין,באר שבע מרכז,הרצליה-הרצליה --> באר שבע מרכז-באר שבע,באר שבע מרכז,רכבת ישראל,ראשון לציון,
37300,יבנה מערב,אשדוד עד הלום- מטרופול,הרצליה-הרצליה --> באר שבע מרכז-באר שבע,באר שבע מרכז,רכבת ישראל,יבנה,
37300,יבנה מערב,אשקלון,הרצליה-הרצליה --> באר שבע מרכז-באר שבע,באר שבע מרכז,רכבת ישראל,יבנה,
37300,יבנה מערב,שדרות,הרצליה-הרצליה --> באר שבע מרכז-באר שבע,באר שבע מרכז,רכבת ישראל,יבנה,
37300,יבנה מערב,נתיבות,הרצליה-הרצליה --> באר שבע מרכז-באר שבע,באר שבע מרכז,רכבת ישראל,יבנה,
37300,יבנה מערב,אופקים,הרצליה-הרצליה --> באר שבע מרכז-באר שבע,באר שבע מרכז,רכבת ישראל,יבנה,
37300,יבנה מערב,באר שבע צפון,הרצליה-הרצליה --> באר שבע מרכז-באר שבע,באר שבע מרכז,רכבת ישראל,יבנה,
37300,יבנה מערב,באר שבע מרכז,הרצליה-הרצליה --> באר שבע מרכז-באר שבע,באר שבע מרכז,רכבת ישראל,יבנה,
37326,אשדוד עד הלום- מטרופול,אשקלון,הרצליה-הרצליה --> באר שבע מרכז-באר שבע,באר שבע מרכז,רכבת ישראל,אשדוד,
37326,אשדוד עד הלום- מטרופול,שדרות,הרצליה-הרצליה --> באר שבע מרכז-באר שבע,באר שבע מרכז,רכבת ישראל,אשדוד,
37326,אשדוד עד הלום- מטרופול,נתיבות,הרצליה-הרצליה --> באר שבע מרכז-באר שבע,באר שבע מרכז,רכבת ישראל,אשדוד,
37326,אשדוד עד הלום- מטרופול,אופקים,הרצליה-הרצליה --> באר שבע מרכז-באר שבע,באר שבע מרכז,רכבת ישראל,אשדוד,
37326,אשדוד עד הלום- מטרופול,באר שבע צפון,הרצליה-הרצליה --> באר שבע מרכז-באר שבע,באר שבע מרכז,רכבת ישראל,אשדוד,
37326,אשדוד עד הלום- מטרופול,באר שבע מרכז,הרצליה-הרצליה --> באר שבע מרכז-באר שבע,באר שבע מרכז,רכבת ישראל,אשדוד,
37324,אשקלון,שדרות,הרצליה-הרצליה --> באר שבע מרכז-באר שבע,באר שבע מרכז,רכבת ישראל,אשקלון,
37324,אשקלון,נתיבות,הרצליה-הרצליה --> באר שבע מרכז-באר שבע,באר שבע מרכז,רכבת ישראל,אשקלון,
37324,אשקלון,אופקים,הרצליה-הרצליה --> באר שבע מרכז-באר שבע,באר שבע מרכז,רכבת ישראל,אשקלון,
37324,אשקלון,באר שבע צפון,הרצליה-הרצליה --> באר שבע מרכז-באר שבע,באר שבע מרכז,רכבת ישראל,אשקלון,
37324,אשקלון,באר שבע מרכז,הרצליה-הרצליה --> באר שבע מרכז-באר שבע,באר שבע מרכז,רכבת ישראל,אשקלון,
37290,שדרות,נתיבות,הרצליה-הרצליה --> באר שבע מרכז-באר שבע,באר שבע מרכז,רכבת ישראל,שדרות,
37290,שדרות,אופקים,הרצליה-הרצליה --> באר שבע מרכז-באר שבע,באר שבע מרכז,רכבת ישראל,שדרות,
37290,שדרות,באר שבע צפון,הרצליה-הרצליה --> באר שבע מרכז-באר שבע,באר שבע מרכז,רכבת ישראל,שדרות,
37290,שדרות,באר שבע מרכז,הרצליה-הרצליה --> באר שבע מרכז-באר שבע,באר שבע מרכז,רכבת ישראל,שדרות,
38643,נתיבות,אופקים,הרצליה-הרצליה --> באר שבע מרכז-באר שבע,באר שבע מרכז,רכבת ישראל,נתיבות,
38643,נתיבות,באר שבע צפון,הרצליה-הרצליה --> באר שבע מרכז-באר שבע,באר שבע מרכז,רכבת ישראל,נתיבות,
38643,נתיבות,באר שבע מרכז,הרצליה-הרצליה --> באר שבע מרכז-באר שבע,באר שבע מרכז,רכבת ישראל,נתיבות,
39260,אופקים,באר שבע צפון,הרצליה-הרצליה --> באר שבע מרכז-באר שבע,באר שבע מרכז,רכבת ישראל,אופקים,
39260,אופקים,באר שבע מרכז,הרצליה-הרצליה --> באר שבע מרכז-באר שבע,באר שבע מרכז,רכבת ישראל,אופקים,
37314,באר שבע צפון,באר שבע מרכז,הרצליה-הרצליה --> באר שבע מרכז-באר שבע,באר שבע מרכז,רכבת ישראל,באר שבע,
37324,אשקלון,אשדוד עד הלום- מטרופול,אשקלון-אשקלון --> בנימינה-בנימינה גבעת עדה,בנימינה,רכבת ישראל,אשקלון,
37324,אשקלון,יבנה מזרח,אשקלון-אשקלון --> בנימינה-בנימינה גבעת עדה,בנימינה,רכבת ישראל,אשקלון,
37324,אשקלון,רחובות,אשקלון-אשקלון --> בנימינה-בנימינה גבעת עדה,בנימינה,רכבת ישראל,אשקלון,
37324,אשקלון,באר יעקב,אשקלון-אשקלון --> בנימינה-בנימינה גבעת עדה,בנימינה,רכבת ישראל,אשקלון,
37324,אשקלון,לוד,אשקלון-אשקלון --> בנימינה-בנימינה גבעת עדה,בנימינה,רכבת ישראל,אשקלון,
37324,אשקלון,כפר חבד,אשקלון-אשקלון --> בנימינה-בנימינה גבעת עדה,בנימינה,רכבת ישראל,אשקלון,
37324,אשקלון,תל אביב ההגנה,אשקלון-אשקלון --> בנימינה-בנימינה גבעת עדה,בנימינה,רכבת ישראל,אשקלון,
37324,אשקלון,השלום,אשקלון-אשקלון --> בנימינה-בנימינה גבעת עדה,בנימינה,רכבת ישראל,אשקלון,
37324,אשקלון,תל אביב מרכז,אשקלון-אשקלון --> בנימינה-בנימינה גבעת עדה,בנימינה,רכבת ישראל,אשקלון,
37324,אשקלון,תל אביב האוניברסיטה - אקספו,אשקלון-אשקלון --> בנימינה-בנימינה גבעת עדה,בנימינה,רכבת ישראל,אשקלון,
37324,אשקלון,הרצליה,אשקלון-אשקלון --> בנימינה-בנימינה גבעת עדה,בנימינה,רכבת ישראל,אשקלון,
37324,אשקלון,בית יהושע,אשקלון-אשקלון --> בנימינה-בנימינה גבעת עדה,בנימינה,רכבת ישראל,אשקלון,
37324,אשקלון,נתניה קריית ספיר,אשקלון-אשקלון --> בנימינה-בנימינה גבעת עדה,בנימינה,רכבת ישראל,אשקלון,
37324,אשקלון,נתניה,אשקלון-אשקלון --> בנימינה-בנימינה גבעת עדה,בנימינה,רכבת ישראל,אשקלון,
37324,אשקלון,חדרה מערב,אשקלון-אשקלון --> בנימינה-בנימינה גבעת עדה,בנימינה,רכבת ישראל,אשקלון,
37324,אשקלון,קיסריה פרדס חנה,אשקלון-אשקלון --> בנימינה-בנימינה גבעת עדה,בנימינה,רכבת ישראל,אשקלון,
37324,אשקלון,בנימינה,אשקלון-אשקלון --> בנימינה-בנימינה גבעת עדה,בנימינה,רכבת ישראל,אשקלון,
37326,אשדוד עד הלום- מטרופול,יבנה מזרח,אשקלון-אשקלון --> בנימינה-בנימינה גבעת עדה,בנימינה,רכבת ישראל,אשדוד,
37326,אשדוד עד הלום- מטרופול,רחובות,אשקלון-אשקלון --> בנימינה-בנימינה גבעת עדה,בנימינה,רכבת ישראל,אשדוד,
37326,אשדוד עד הלום- מטרופול,באר יעקב,אשקלון-אשקלון --> בנימינה-בנימינה גבעת עדה,בנימינה,רכבת ישראל,אשדוד,
37326,אשדוד עד הלום- מטרופול,לוד,אשקלון-אשקלון --> בנימינה-בנימינה גבעת עדה,בנימינה,רכבת ישראל,אשדוד,
37326,אשדוד עד הלום- מטרופול,כפר חבד,אשקלון-אשקלון --> בנימינה-בנימינה גבעת עדה,בנימינה,רכבת ישראל,אשדוד,
37326,אשדוד עד הלום- מטרופול,תל אביב ההגנה,אשקלון-אשקלון --> בנימינה-בנימינה גבעת עדה,בנימינה,רכבת ישראל,אשדוד,
37326,אשדוד עד הלום- מטרופול,השלום,אשקלון-אשקלון --> בנימינה-בנימינה גבעת עדה,בנימינה,רכבת ישראל,אשדוד,
37326,אשדוד עד הלום- מטרופול,תל אביב מרכז,אשקלון-אשקלון --> בנימינה-בנימינה גבעת עדה,בנימינה,רכבת ישראל,אשדוד,
37326,אשדוד עד הלום- מטרופול,תל אביב האוניברסיטה - אקספו,אשקלון-אשקלון --> בנימינה-בנימינה גבעת עדה,בנימינה,רכבת ישראל,אשדוד,
37326,אשדוד עד הלום- מטרופול,הרצליה,אשקלון-אשקלון --> בנימינה-בנימינה גבעת עדה,בנימינה,רכבת ישראל,אשדוד,
37326,אשדוד עד הלום- מטרופול,בית יהושע,אשקלון-אשקלון --> בנימינה-בנימינה גבעת עדה,בנימינה,רכבת ישראל,אשדוד,
37326,אשדוד עד הלום- מטרופול,נתניה קריית ספיר,אשקלון-אשקלון --> בנימינה-בנימינה גבעת עדה,בנימינה,רכבת ישראל,אשדוד,
37326,אשדוד עד הלום- מטרופול,נתניה,אשקלון-אשקלון --> בנימינה-בנימינה גבעת עדה,בנימינה,רכבת ישראל,אשדוד,
37326,אשדוד עד הלום- מטרופול,חדרה מערב,אשקלון-אשקלון --> בנימינה-בנימינה גבעת עדה,בנימינה,רכבת ישראל,אשדוד,
37326,אשדוד עד הלום- מטרופול,קיסריה פרדס חנה,אשקלון-אשקלון --> בנימינה-בנימינה גבעת עדה,בנימינה,רכבת ישראל,אשדוד,
37326,אשדוד עד הלום- מטרופול,בנימינה,אשקלון-אשקלון --> בנימינה-בנימינה גבעת עדה,בנימינה,רכבת ישראל,אשדוד,
37328,יבנה מזרח,רחובות,אשקלון-אשקלון --> בנימינה-בנימינה גבעת עדה,בנימינה,רכבת ישראל,יבנה,
37328,יבנה מזרח,באר יעקב,אשקלון-אשקלון --> בנימינה-בנימינה גבעת עדה,בנימינה,רכבת ישראל,יבנה,
37328,יבנה מזרח,לוד,אשקלון-אשקלון --> בנימינה-בנימינה גבעת עדה,בנימינה,רכבת ישראל,יבנה,
37328,יבנה מזרח,כפר חבד,אשקלון-אשקלון --> בנימינה-בנימינה גבעת עדה,בנימינה,רכבת ישראל,יבנה,
37328,יבנה מזרח,תל אביב ההגנה,אשקלון-אשקלון --> בנימינה-בנימינה גבעת עדה,בנימינה,רכבת ישראל,יבנה,
37328,יבנה מזרח,השלום,אשקלון-אשקלון --> בנימינה-בנימינה גבעת עדה,בנימינה,רכבת ישראל,יבנה,
37328,יבנה מזרח,תל אביב מרכז,אשקלון-אשקלון --> בנימינה-בנימינה גבעת עדה,בנימינה,רכבת ישראל,יבנה,
37328,יבנה מזרח,תל אביב האוניברסיטה - אקספו,אשקלון-אשקלון --> בנימינה-בנימינה גבעת עדה,בנימינה,רכבת ישראל,יבנה,
37328,יבנה מזרח,הרצליה,אשקלון-אשקלון --> בנימינה-בנימינה גבעת עדה,בנימינה,רכבת ישראל,יבנה,
37328,יבנה מזרח,בית יהושע,אשקלון-אשקלון --> בנימינה-בנימינה גבעת עדה,בנימינה,רכבת ישראל,יבנה,
37328,יבנה מזרח,נתניה קריית ספיר,אשקלון-אשקלון --> בנימינה-בנימינה גבעת עדה,בנימינה,רכבת ישראל,יבנה,
37328,יבנה מזרח,נתניה,אשקלון-אשקלון --> בנימינה-בנימינה גבעת עדה,בנימינה,רכבת ישראל,יבנה,
37328,יבנה מזרח,חדרה מערב,אשקלון-אשקלון --> בנימינה-בנימינה גבעת עדה,בנימינה,רכבת ישראל,יבנה,
37328,יבנה מזרח,קיסריה פרדס חנה,אשקלון-אשקלון --> בנימינה-בנימינה גבעת עדה,בנימינה,רכבת ישראל,יבנה,
37328,יבנה מזרח,בנימינה,אשקלון-אשקלון --> בנימינה-בנימינה גבעת עדה,בנימינה,רכבת ישראל,יבנה,
37332,רחובות,באר יעקב,אשקלון-אשקלון --> בנימינה-בנימינה גבעת עדה,בנימינה,רכבת ישראל,רחובות,
37332,רחובות,לוד,אשקלון-אשקלון --> בנימינה-בנימינה גבעת עדה,בנימינה,רכבת ישראל,רחובות,
37332,רחובות,כפר חבד,אשקלון-אשקלון --> בנימינה-בנימינה גבעת עדה,בנימינה,רכבת ישראל,רחובות,
37332,רחובות,תל אביב ההגנה,אשקלון-אשקלון --> בנימינה-בנימינה גבעת עדה,בנימינה,רכבת ישראל,רחובות,
37332,רחובות,השלום,אשקלון-אשקלון --> בנימינה-בנימינה גבעת עדה,בנימינה,רכבת ישראל,רחובות,
37332,רחובות,תל אביב מרכז,אשקלון-אשקלון --> בנימינה-בנימינה גבעת עדה,בנימינה,רכבת ישראל,רחובות,
37332,רחובות,תל אביב האוניברסיטה - אקספו,אשקלון-אשקלון --> בנימינה-בנימינה גבעת עדה,בנימינה,רכבת ישראל,רחובות,
37332,רחובות,הרצליה,אשקלון-אשקלון --> בנימינה-בנימינה גבעת עדה,בנימינה,רכבת ישראל,רחובות,
37332,רחובות,בית יהושע,אשקלון-אשקלון --> בנימינה-בנימינה גבעת עדה,בנימינה,רכבת ישראל,רחובות,
37332,רחובות,נתניה קריית ספיר,אשקלון-אשקלון --> בנימינה-בנימינה גבעת עדה,בנימינה,רכבת ישראל,רחובות,
37332,רחובות,נתניה,אשקלון-אשקלון --> בנימינה-בנימינה גבעת עדה,בנימינה,רכבת ישראל,רחובות,
37332,רחובות,חדרה מערב,אשקלון-אשקלון --> בנימינה-בנימינה גבעת עדה,בנימינה,רכבת ישראל,רחובות,
37332,רחובות,קיסריה פרדס חנה,אשקלון-אשקלון --> בנימינה-בנימינה גבעת עדה,בנימינה,רכבת ישראל,רחובות,
37332,רחובות,בנימינה,אשקלון-אשקלון --> בנימינה-בנימינה גבעת עדה,בנימינה,רכבת ישראל,רחובות,
37330,באר יעקב,לוד,אשקלון-אשקלון --> בנימינה-בנימינה גבעת עדה,בנימינה,רכבת ישראל,באר יעקב,
37330,באר יעקב,כפר חבד,אשקלון-אשקלון --> בנימינה-בנימינה גבעת עדה,בנימינה,רכבת ישראל,באר יעקב,
37330,באר יעקב,תל אביב ההגנה,אשקלון-אשקלון --> בנימינה-בנימינה גבעת עדה,בנימינה,רכבת ישראל,באר יעקב,
37330,באר יעקב,השלום,אשקלון-אשקלון --> בנימינה-בנימינה גבעת עדה,בנימינה,רכבת ישראל,באר יעקב,
37330,באר יעקב,תל אביב מרכז,אשקלון-אשקלון --> בנימינה-בנימינה גבעת עדה,בנימינה,רכבת ישראל,באר יעקב,
37330,באר יעקב,תל אביב האוניברסיטה - אקספו,אשקלון-אשקלון --> בנימינה-בנימינה גבעת עדה,בנימינה,רכבת ישראל,באר יעקב,
37330,באר יעקב,הרצליה,אשקלון-אשקלון --> בנימינה-בנימינה גבעת עדה,בנימינה,רכבת ישראל,באר יעקב,
37330,באר יעקב,בית יהושע,אשקלון-אשקלון --> בנימינה-בנימינה גבעת עדה,בנימינה,רכבת ישראל,באר יעקב,
37330,באר יעקב,נתניה קריית ספיר,אשקלון-אשקלון --> בנימינה-בנימינה גבעת עדה,בנימינה,רכבת ישראל,באר יעקב,
37330,באר יעקב,נתניה,אשקלון-אשקלון --> בנימינה-בנימינה גבעת עדה,בנימינה,רכבת ישראל,באר יעקב,
37330,באר יעקב,חדרה מערב,אשקלון-אשקלון --> בנימינה-בנימינה גבעת עדה,בנימינה,רכבת ישראל,באר יעקב,
37330,באר יעקב,קיסריה פרדס חנה,אשקלון-אשקלון --> בנימינה-בנימינה גבעת עדה,בנימינה,רכבת ישראל,באר יעקב,
37330,באר יעקב,בנימינה,אשקלון-אשקלון --> בנימינה-בנימינה גבעת עדה,בנימינה,רכבת ישראל,באר יעקב,
37338,לוד,כפר חבד,אשקלון-אשקלון --> בנימינה-בנימינה גבעת עדה,בנימינה,רכבת ישראל,לוד,
37338,לוד,תל אביב ההגנה,אשקלון-אשקלון --> בנימינה-בנימינה גבעת עדה,בנימינה,רכבת ישראל,לוד,
37338,לוד,השלום,אשקלון-אשקלון --> בנימינה-בנימינה גבעת עדה,בנימינה,רכבת ישראל,לוד,
37338,לוד,תל אביב מרכז,אשקלון-אשקלון --> בנימינה-בנימינה גבעת עדה,בנימינה,רכבת ישראל,לוד,
37338,לוד,תל אביב האוניברסיטה - אקספו,אשקלון-אשקלון --> בנימינה-בנימינה גבעת עדה,בנימינה,רכבת ישראל,לוד,
37338,לוד,הרצליה,אשקלון-אשקלון --> בנימינה-בנימינה גבעת עדה,בנימינה,רכבת ישראל,לוד,
37338,לוד,בית יהושע,אשקלון-אשקלון --> בנימינה-בנימינה גבעת עדה,בנימינה,רכבת ישראל,לוד,
37338,לוד,נתניה קריית ספיר,אשקלון-אשקלון --> בנימינה-בנימינה גבעת עדה,בנימינה,רכבת ישראל,לוד,
37338,לוד,נתניה,אשקלון-אשקלון --> בנימינה-בנימינה גבעת עדה,בנימינה,רכבת ישראל,לוד,
37338,לוד,חדרה מערב,אשקלון-אשקלון --> בנימינה-בנימינה גבעת עדה,בנימינה,רכבת ישראל,לוד,
37338,לוד,קיסריה פרדס חנה,אשקלון-אשקלון --> בנימינה-בנימינה גבעת עדה,בנימינה,רכבת ישראל,לוד,
37338,לוד,בנימינה,אשקלון-אשקלון --> בנימינה-בנימינה גבעת עדה,בנימינה,רכבת ישראל,לוד,
37340,כפר חבד,תל אביב ההגנה,אשקלון-אשקלון --> בנימינה-בנימינה גבעת עדה,בנימינה,רכבת ישראל,כפר חב''ד,
37340,כפר חבד,השלום,אשקלון-אשקלון --> בנימינה-בנימינה גבעת עדה,בנימינה,רכבת ישראל,כפר חב''ד,
37340,כפר חבד,תל אביב מרכז,אשקלון-אשקלון --> בנימינה-בנימינה גבעת עדה,בנימינה,רכבת ישראל,כפר חב''ד,
37340,כפר חבד,תל אביב האוניברסיטה - אקספו,אשקלון-אשקלון --> בנימינה-בנימינה גבעת עדה,בנימינה,רכבת ישראל,כפר חב''ד,
37340,כפר חבד,הרצליה,אשקלון-אשקלון --> בנימינה-בנימינה גבעת עדה,בנימינה,רכבת ישראל,כפר חב''ד,
37340,כפר חבד,בית יהושע,אשקלון-אשקלון --> בנימינה-בנימינה גבעת עדה,בנימינה,רכבת ישראל,כפר חב''ד,
37340,כפר חבד,נתניה קריית ספיר,אשקלון-אשקלון --> בנימינה-בנימינה גבעת עדה,בנימינה,רכבת ישראל,כפר חב''ד,
37340,כפר חבד,נתניה,אשקלון-אשקלון --> בנימינה-בנימינה גבעת עדה,בנימינה,רכבת ישראל,כפר חב''ד,
37340,כפר חבד,חדרה מערב,אשקלון-אשקלון --> בנימינה-בנימינה גבעת עדה,בנימינה,רכבת ישראל,כפר חב''ד,
37340,כפר חבד,קיסריה פרדס חנה,אשקלון-אשקלון --> בנימינה-בנימינה גבעת עדה,בנימינה,רכבת ישראל,כפר חב''ד,
37340,כפר חבד,בנימינה,אשקלון-אשקלון --> בנימינה-בנימינה גבעת עדה,בנימינה,רכבת ישראל,כפר חב''ד,
37292,תל אביב ההגנה,השלום,אשקלון-אשקלון --> בנימינה-בנימינה גבעת עדה,בנימינה,רכבת ישראל,תל אביב יפו,
37292,תל אביב ההגנה,תל אביב מרכז,אשקלון-אשקלון --> בנימינה-בנימינה גבעת עדה,בנימינה,רכבת ישראל,תל אביב יפו,
37292,תל אביב ההגנה,תל אביב האוניברסיטה - אקספו,אשקלון-אשקלון --> בנימינה-בנימינה גבעת עדה,בנימינה,רכבת ישראל,תל אביב יפו,
37292,תל אביב ההגנה,הרצליה,אשקלון-אשקלון --> בנימינה-בנימינה גבעת עדה,בנימינה,רכבת ישראל,תל אביב יפו,
37292,תל אביב ההגנה,בית יהושע,אשקלון-אשקלון --> בנימינה-בנימינה גבעת עדה,בנימינה,רכבת ישראל,תל אביב יפו,
37292,תל אביב ההגנה,נתניה קריית ספיר,אשקלון-אשקלון --> בנימינה-בנימינה גבעת עדה,בנימינה,רכבת ישראל,תל אביב יפו,
37292,תל אביב ההגנה,נתניה,אשקלון-אשקלון --> בנימינה-בנימינה גבעת עדה,בנימינה,רכבת ישראל,תל אביב יפו,
37292,תל אביב ההגנה,חדרה מערב,אשקלון-אשקלון --> בנימינה-בנימינה גבעת עדה,בנימינה,רכבת ישראל,תל אביב יפו,
37292,תל אביב ההגנה,קיסריה פרדס חנה,אשקלון-אשקלון --> בנימינה-בנימינה גבעת עדה,בנימינה,רכבת ישראל,תל אביב יפו,
37292,תל אביב ההגנה,בנימינה,אשקלון-אשקלון --> בנימינה-בנימינה גבעת עדה,בנימינה,רכבת ישראל,תל אביב יפו,
37350,השלום,תל אביב מרכז,אשקלון-אשקלון --> בנימינה-בנימינה גבעת עדה,בנימינה,רכבת ישראל,תל אביב יפו,
37350,השלום,תל אביב האוניברסיטה - אקספו,אשקלון-אשקלון --> בנימינה-בנימינה גבעת עדה,בנימינה,רכבת ישראל,תל אביב יפו,
37350,השלום,הרצליה,אשקלון-אשקלון --> בנימינה-בנימינה גבעת עדה,בנימינה,רכבת ישראל,תל אביב יפו,
37350,השלום,בית יהושע,אשקלון-אשקלון --> בנימינה-בנימינה גבעת עדה,בנימינה,רכבת ישראל,תל אביב יפו,
37350,השלום,נתניה קריית ספיר,אשקלון-אשקלון --> בנימינה-בנימינה גבעת עדה,בנימינה,רכבת ישראל,תל אביב יפו,
37350,השלום,נתניה,אשקלון-אשקלון --> בנימינה-בנימינה גבעת עדה,בנימינה,רכבת ישראל,תל אביב יפו,
37350,השלום,חדרה מערב,אשקלון-אשקלון --> בנימינה-בנימינה גבעת עדה,בנימינה,רכבת ישראל,תל אביב יפו,
37350,השלום,קיסריה פרדס חנה,אשקלון-אשקלון --> בנימינה-בנימינה גבעת עדה,בנימינה,רכבת ישראל,תל אביב יפו,
37350,השלום,בנימינה,אשקלון-אשקלון --> בנימינה-בנימינה גבעת עדה,בנימינה,רכבת ישראל,תל אביב יפו,
37358,תל אביב מרכז,תל אביב האוניברסיטה - אקספו,אשקלון-אשקלון --> בנימינה-בנימינה גבעת עדה,בנימינה,רכבת ישראל,תל אביב יפו,
37358,תל אביב מרכז,הרצליה,אשקלון-אשקלון --> בנימינה-בנימינה גבעת עדה,בנימינה,רכבת ישראל,תל אביב יפו,
37358,תל אביב מרכז,בית יהושע,אשקלון-אשקלון --> בנימינה-בנימינה גבעת עדה,בנימינה,רכבת ישראל,תל אביב יפו,
37358,תל אביב מרכז,נתניה קריית ספיר,אשקלון-אשקלון --> בנימינה-בנימינה גבעת עדה,בנימינה,רכבת ישראל,תל אביב יפו,
37358,תל אביב מרכז,נתניה,אשקלון-אשקלון --> בנימינה-בנימינה גבעת עדה,בנימינה,רכבת ישראל,תל אביב יפו,
37358,תל אביב מרכז,חדרה מערב,אשקלון-אשקלון --> בנימינה-בנימינה גבעת עדה,בנימינה,רכבת ישראל,תל אביב יפו,
37358,תל אביב מרכז,קיסריה פרדס חנה,אשקלון-אשקלון --> בנימינה-בנימינה גבעת עדה,בנימינה,רכבת ישראל,תל אביב יפו,
37358,תל אביב מרכז,בנימינה,אשקלון-אשקלון --> בנימינה-בנימינה גבעת עדה,בנימינה,רכבת ישראל,תל אביב יפו,
37360,תל אביב האוניברסיטה - אקספו,הרצליה,אשקלון-אשקלון --> בנימינה-בנימינה גבעת עדה,בנימינה,רכבת ישראל,תל אביב יפו,
37360,תל אביב האוניברסיטה - אקספו,בית יהושע,אשקלון-אשקלון --> בנימינה-בנימינה גבעת עדה,בנימינה,רכבת ישראל,תל אביב יפו,
37360,תל אביב האוניברסיטה - אקספו,נתניה קריית ספיר,אשקלון-אשקלון --> בנימינה-בנימינה גבעת עדה,בנימינה,רכבת ישראל,תל אביב יפו,
37360,תל אביב האוניברסיטה - אקספו,נתניה,אשקלון-אשקלון --> בנימינה-בנימינה גבעת עדה,בנימינה,רכבת ישראל,תל אביב יפו,
37360,תל אביב האוניברסיטה - אקספו,חדרה מערב,אשקלון-אשקלון --> בנימינה-בנימינה גבעת עדה,בנימינה,רכבת ישראל,תל אביב יפו,
37360,תל אביב האוניברסיטה - אקספו,קיסריה פרדס חנה,אשקלון-אשקלון --> בנימינה-בנימינה גבעת עדה,בנימינה,רכבת ישראל,תל אביב יפו,
37360,תל אביב האוניברסיטה - אקספו,בנימינה,אשקלון-אשקלון --> בנימינה-בנימינה גבעת עדה,בנימינה,רכבת ישראל,תל אביב יפו,
37362,הרצליה,בית יהושע,אשקלון-אשקלון --> בנימינה-בנימינה גבעת עדה,בנימינה,רכבת ישראל,הרצליה,
37362,הרצליה,נתניה קריית ספיר,אשקלון-אשקלון --> בנימינה-בנימינה גבעת עדה,בנימינה,רכבת ישראל,הרצליה,
37362,הרצליה,נתניה,אשקלון-אשקלון --> בנימינה-בנימינה גבעת עדה,בנימינה,רכבת ישראל,הרצליה,
37362,הרצליה,חדרה מערב,אשקלון-אשקלון --> בנימינה-בנימינה גבעת עדה,בנימינה,רכבת ישראל,הרצליה,
37362,הרצליה,קיסריה פרדס חנה,אשקלון-אשקלון --> בנימינה-בנימינה גבעת עדה,בנימינה,רכבת ישראל,הרצליה,
37362,הרצליה,בנימינה,אשקלון-אשקלון --> בנימינה-בנימינה גבעת עדה,בנימינה,רכבת ישראל,הרצליה,
37364,בית יהושע,נתניה קריית ספיר,אשקלון-אשקלון --> בנימינה-בנימינה גבעת עדה,בנימינה,רכבת ישראל,בית יהושע,
37364,בית יהושע,נתניה,אשקלון-אשקלון --> בנימינה-בנימינה גבעת עדה,בנימינה,רכבת ישראל,בית יהושע,
37364,בית יהושע,חדרה מערב,אשקלון-אשקלון --> בנימינה-בנימינה גבעת עדה,בנימינה,רכבת ישראל,בית יהושע,
37364,בית יהושע,קיסריה פרדס חנה,אשקלון-אשקלון --> בנימינה-בנימינה גבעת עדה,בנימינה,רכבת ישראל,בית יהושע,
37364,בית יהושע,בנימינה,אשקלון-אשקלון --> בנימינה-בנימינה גבעת עדה,בנימינה,רכבת ישראל,בית יהושע,
40640,נתניה קריית ספיר,נתניה,אשקלון-אשקלון --> בנימינה-בנימינה גבעת עדה,בנימינה,רכבת ישראל,נתניה,
40640,נתניה קריית ספיר,חדרה מערב,אשקלון-אשקלון --> בנימינה-בנימינה גבעת עדה,בנימינה,רכבת ישראל,נתניה,
40640,נתניה קריית ספיר,קיסריה פרדס חנה,אשקלון-אשקלון --> בנימינה-בנימינה גבעת עדה,בנימינה,רכבת ישראל,נתניה,
40640,נתניה קריית ספיר,בנימינה,אשקלון-אשקלון --> בנימינה-בנימינה גבעת עדה,בנימינה,רכבת ישראל,נתניה,
37366,נתניה,חדרה מערב,אשקלון-אשקלון --> בנימינה-בנימינה גבעת עדה,בנימינה,רכבת ישראל,נתניה,
37366,נתניה,קיסריה פרדס חנה,אשקלון-אשקלון --> בנימינה-בנימינה גבעת עדה,בנימינה,רכבת ישראל,נתניה,
37366,נתניה,בנימינה,אשקלון-אשקלון --> בנימינה-בנימינה גבעת עדה,בנימינה,רכבת ישראל,נתניה,
37368,חדרה מערב,קיסריה פרדס חנה,אשקלון-אשקלון --> בנימינה-בנימינה גבעת עדה,בנימינה,רכבת ישראל,חדרה,
37368,חדרה מערב,בנימינה,אשקלון-אשקלון --> בנימינה-בנימינה גבעת עדה,בנימינה,רכבת ישראל,חדרה,
37370,קיסריה פרדס חנה,בנימינה,אשקלון-אשקלון --> בנימינה-בנימינה גבעת עדה,בנימינה,רכבת ישראל,פרדס חנה כרכור,
37372,בנימינה,קיסריה פרדס חנה,בנימינה-בנימינה גבעת עדה --> אשקלון-אשקלון,אשקלון,רכבת ישראל,בנימינה גבעת עדה,
37372,בנימינה,חדרה מערב,בנימינה-בנימינה גבעת עדה --> אשקלון-אשקלון,אשקלון,רכבת ישראל,בנימינה גבעת עדה,
37372,בנימינה,נתניה,בנימינה-בנימינה גבעת עדה --> אשקלון-אשקלון,אשקלון,רכבת ישראל,בנימינה גבעת עדה,
37372,בנימינה,נתניה קריית ספיר,בנימינה-בנימינה גבעת עדה --> אשקלון-אשקלון,אשקלון,רכבת ישראל,בנימינה גבעת עדה,
37372,בנימינה,בית יהושע,בנימינה-בנימינה גבעת עדה --> אשקלון-אשקלון,אשקלון,רכבת ישראל,בנימינה גבעת עדה,
37372,בנימינה,הרצליה,בנימינה-בנימינה גבעת עדה --> אשקלון-אשקלון,אשקלון,רכבת ישראל,בנימינה גבעת עדה,
37372,בנימינה,תל אביב האוניברסיטה - אקספו,בנימינה-בנימינה גבעת עדה --> אשקלון-אשקלון,אשקלון,רכבת ישראל,בנימינה גבעת עדה,
37372,בנימינה,תל אביב מרכז,בנימינה-בנימינה גבעת עדה --> אשקלון-אשקלון,אשקלון,רכבת ישראל,בנימינה גבעת עדה,
37372,בנימינה,השלום,בנימינה-בנימינה גבעת עדה --> אשקלון-אשקלון,אשקלון,רכבת ישראל,בנימינה גבעת עדה,
37372,בנימינה,תל אביב ההגנה,בנימינה-בנימינה גבעת עדה --> אשקלון-אשקלון,אשקלון,רכבת ישראל,בנימינה גבעת עדה,
37372,בנימינה,כפר חבד,בנימינה-בנימינה גבעת עדה --> אשקלון-אשקלון,אשקלון,רכבת ישראל,בנימינה גבעת עדה,
37372,בנימינה,לוד,בנימינה-בנימינה גבעת עדה --> אשקלון-אשקלון,אשקלון,רכבת ישראל,בנימינה גבעת עדה,
37372,בנימינה,באר יעקב,בנימינה-בנימינה גבעת עדה --> אשקלון-אשקלון,אשקלון,רכבת ישראל,בנימינה גבעת עדה,
37372,בנימינה,רחובות,בנימינה-בנימינה גבעת עדה --> אשקלון-אשקלון,אשקלון,רכבת ישראל,בנימינה גבעת עדה,
37372,בנימינה,יבנה מזרח,בנימינה-בנימינה גבעת עדה --> אשקלון-אשקלון,אשקלון,רכבת ישראל,בנימינה גבעת עדה,
37372,בנימינה,אשדוד עד הלום- מטרופול,בנימינה-בנימינה גבעת עדה --> אשקלון-אשקלון,אשקלון,רכבת ישראל,בנימינה גבעת עדה,
37372,בנימינה,אשקלון,בנימינה-בנימינה גבעת עדה --> אשקלון-אשקלון,אשקלון,רכבת ישראל,בנימינה גבעת עדה,
37370,קיסריה פרדס חנה,חדרה מערב,בנימינה-בנימינה גבעת עדה --> אשקלון-אשקלון,אשקלון,רכבת ישראל,פרדס חנה כרכור,
37370,קיסריה פרדס חנה,נתניה,בנימינה-בנימינה גבעת עדה --> אשקלון-אשקלון,אשקלון,רכבת ישראל,פרדס חנה כרכור,
37370,קיסריה פרדס חנה,נתניה קריית ספיר,בנימינה-בנימינה גבעת עדה --> אשקלון-אשקלון,אשקלון,רכבת ישראל,פרדס חנה כרכור,
37370,קיסריה פרדס חנה,בית יהושע,בנימינה-בנימינה גבעת עדה --> אשקלון-אשקלון,אשקלון,רכבת ישראל,פרדס חנה כרכור,
37370,קיסריה פרדס חנה,הרצליה,בנימינה-בנימינה גבעת עדה --> אשקלון-אשקלון,אשקלון,רכבת ישראל,פרדס חנה כרכור,
37370,קיסריה פרדס חנה,תל אביב האוניברסיטה - אקספו,בנימינה-בנימינה גבעת עדה --> אשקלון-אשקלון,אשקלון,רכבת ישראל,פרדס חנה כרכור,
37370,קיסריה פרדס חנה,תל אביב מרכז,בנימינה-בנימינה גבעת עדה --> אשקלון-אשקלון,אשקלון,רכבת ישראל,פרדס חנה כרכור,
37370,קיסריה פרדס חנה,השלום,בנימינה-בנימינה גבעת עדה --> אשקלון-אשקלון,אשקלון,רכבת ישראל,פרדס חנה כרכור,
37370,קיסריה פרדס חנה,תל אביב ההגנה,בנימינה-בנימינה גבעת עדה --> אשקלון-אשקלון,אשקלון,רכבת ישראל,פרדס חנה כרכור,
37370,קיסריה פרדס חנה,כפר חבד,בנימינה-בנימינה גבעת עדה --> אשקלון-אשקלון,אשקלון,רכבת ישראל,פרדס חנה כרכור,
37370,קיסריה פרדס חנה,לוד,בנימינה-בנימינה גבעת עדה --> אשקלון-אשקלון,אשקלון,רכבת ישראל,פרדס חנה כרכור,
37370,קיסריה פרדס חנה,באר יעקב,בנימינה-בנימינה גבעת עדה --> אשקלון-אשקלון,אשקלון,רכבת ישראל,פרדס חנה כרכור,
37370,קיסריה פרדס חנה,רחובות,בנימינה-בנימינה גבעת עדה --> אשקלון-אשקלון,אשקלון,רכבת ישראל,פרדס חנה כרכור,
37370,קיסריה פרדס חנה,יבנה מזרח,בנימינה-בנימינה גבעת עדה --> אשקלון-אשקלון,אשקלון,רכבת ישראל,פרדס חנה כרכור,
37370,קיסריה פרדס חנה,אשדוד עד הלום- מטרופול,בנימינה-בנימינה גבעת עדה --> אשקלון-אשקלון,אשקלון,רכבת ישראל,פרדס חנה כרכור,
37370,קיסריה פרדס חנה,אשקלון,בנימינה-בנימינה גבעת עדה --> אשקלון-אשקלון,אשקלון,רכבת ישראל,פרדס חנה כרכור,
37368,חדרה מערב,נתניה,בנימינה-בנימינה גבעת עדה --> אשקלון-אשקלון,אשקלון,רכבת ישראל,חדרה,
37368,חדרה מערב,נתניה קריית ספיר,בנימינה-בנימינה גבעת עדה --> אשקלון-אשקלון,אשקלון,רכבת ישראל,חדרה,
37368,חדרה מערב,בית יהושע,בנימינה-בנימינה גבעת עדה --> אשקלון-אשקלון,אשקלון,רכבת ישראל,חדרה,
37368,חדרה מערב,הרצליה,בנימינה-בנימינה גבעת עדה --> אשקלון-אשקלון,אשקלון,רכבת ישראל,חדרה,
37368,חדרה מערב,תל אביב האוניברסיטה - אקספו,בנימינה-בנימינה גבעת עדה --> אשקלון-אשקלון,אשקלון,רכבת ישראל,חדרה,
37368,חדרה מערב,תל אביב מרכז,בנימינה-בנימינה גבעת עדה --> אשקלון-אשקלון,אשקלון,רכבת ישראל,חדרה,
37368,חדרה מערב,השלום,בנימינה-בנימינה גבעת עדה --> אשקלון-אשקלון,אשקלון,רכבת ישראל,חדרה,
37368,חדרה מערב,תל אביב ההגנה,בנימינה-בנימינה גבעת עדה --> אשקלון-אשקלון,אשקלון,רכבת ישראל,חדרה,
37368,חדרה מערב,כפר חבד,בנימינה-בנימינה גבעת עדה --> אשקלון-אשקלון,אשקלון,רכבת ישראל,חדרה,
37368,חדרה מערב,לוד,בנימינה-בנימינה גבעת עדה --> אשקלון-אשקלון,אשקלון,רכבת ישראל,חדרה,
37368,חדרה מערב,באר יעקב,בנימינה-בנימינה גבעת עדה --> אשקלון-אשקלון,אשקלון,רכבת ישראל,חדרה,
37368,חדרה מערב,רחובות,בנימינה-בנימינה גבעת עדה --> אשקלון-אשקלון,אשקלון,רכבת ישראל,חדרה,
37368,חדרה מערב,יבנה מזרח,בנימינה-בנימינה גבעת עדה --> אשקלון-אשקלון,אשקלון,רכבת ישראל,חדרה,
37368,חדרה מערב,אשדוד עד הלום- מטרופול,בנימינה-בנימינה גבעת עדה --> אשקלון-אשקלון,אשקלון,רכבת ישראל,חדרה,
37368,חדרה מערב,אשקלון,בנימינה-בנימינה גבעת עדה --> אשקלון-אשקלון,אשקלון,רכבת ישראל,חדרה,
37366,נתניה,נתניה קריית ספיר,בנימינה-בנימינה גבעת עדה --> אשקלון-אשקלון,אשקלון,רכבת ישראל,נתניה,
37366,נתניה,בית יהושע,בנימינה-בנימינה גבעת עדה --> אשקלון-אשקלון,אשקלון,רכבת ישראל,נתניה,
37366,נתניה,הרצליה,בנימינה-בנימינה גבעת עדה --> אשקלון-אשקלון,אשקלון,רכבת ישראל,נתניה,
37366,נתניה,תל אביב האוניברסיטה - אקספו,בנימינה-בנימינה גבעת עדה --> אשקלון-אשקלון,אשקלון,רכבת ישראל,נתניה,
37366,נתניה,תל אביב מרכז,בנימינה-בנימינה גבעת עדה --> אשקלון-אשקלון,אשקלון,רכבת ישראל,נתניה,
37366,נתניה,השלום,בנימינה-בנימינה גבעת עדה --> אשקלון-אשקלון,אשקלון,רכבת ישראל,נתניה,
37366,נתניה,תל אביב ההגנה,בנימינה-בנימינה גבעת עדה --> אשקלון-אשקלון,אשקלון,רכבת ישראל,נתניה,
37366,נתניה,כפר חבד,בנימינה-בנימינה גבעת עדה --> אשקלון-אשקלון,אשקלון,רכבת ישראל,נתניה,
37366,נתניה,לוד,בנימינה-בנימינה גבעת עדה --> אשקלון-אשקלון,אשקלון,רכבת ישראל,נתניה,
37366,נתניה,באר יעקב,בנימינה-בנימינה גבעת עדה --> אשקלון-אשקלון,אשקלון,רכבת ישראל,נתניה,
37366,נתניה,רחובות,בנימינה-בנימינה גבעת עדה --> אשקלון-אשקלון,אשקלון,רכבת ישראל,נתניה,
37366,נתניה,יבנה מזרח,בנימינה-בנימינה גבעת עדה --> אשקלון-אשקלון,אשקלון,רכבת ישראל,נתניה,
37366,נתניה,אשדוד עד הלום- מטרופול,בנימינה-בנימינה גבעת עדה --> אשקלון-אשקלון,אשקלון,רכבת ישראל,נתניה,
37366,נתניה,אשקלון,בנימינה-בנימינה גבעת עדה --> אשקלון-אשקלון,אשקלון,רכבת ישראל,נתניה,
40640,נתניה קריית ספיר,בית יהושע,בנימינה-בנימינה גבעת עדה --> אשקלון-אשקלון,אשקלון,רכבת ישראל,נתניה,
40640,נתניה קריית ספיר,הרצליה,בנימינה-בנימינה גבעת עדה --> אשקלון-אשקלון,אשקלון,רכבת ישראל,נתניה,
40640,נתניה קריית ספיר,תל אביב האוניברסיטה - אקספו,בנימינה-בנימינה גבעת עדה --> אשקלון-אשקלון,אשקלון,רכבת ישראל,נתניה,
40640,נתניה קריית ספיר,תל אביב מרכז,בנימינה-בנימינה גבעת עדה --> אשקלון-אשקלון,אשקלון,רכבת ישראל,נתניה,
40640,נתניה קריית ספיר,השלום,בנימינה-בנימינה גבעת עדה --> אשקלון-אשקלון,אשקלון,רכבת ישראל,נתניה,
40640,נתניה קריית ספיר,תל אביב ההגנה,בנימינה-בנימינה גבעת עדה --> אשקלון-אשקלון,אשקלון,רכבת ישראל,נתניה,
40640,נתניה קריית ספיר,כפר חבד,בנימינה-בנימינה גבעת עדה --> אשקלון-אשקלון,אשקלון,רכבת ישראל,נתניה,
40640,נתניה קריית ספיר,לוד,בנימינה-בנימינה גבעת עדה --> אשקלון-אשקלון,אשקלון,רכבת ישראל,נתניה,
40640,נתניה קריית ספיר,באר יעקב,בנימינה-בנימינה גבעת עדה --> אשקלון-אשקלון,אשקלון,רכבת ישראל,נתניה,
40640,נתניה קריית ספיר,רחובות,בנימינה-בנימינה גבעת עדה --> אשקלון-אשקלון,אשקלון,רכבת ישראל,נתניה,
40640,נתניה קריית ספיר,יבנה מזרח,בנימינה-בנימינה גבעת עדה --> אשקלון-אשקלון,אשקלון,רכבת ישראל,נתניה,
40640,נתניה קריית ספיר,אשדוד עד הלום- מטרופול,בנימינה-בנימינה גבעת עדה --> אשקלון-אשקלון,אשקלון,רכבת ישראל,נתניה,
40640,נתניה קריית ספיר,אשקלון,בנימינה-בנימינה גבעת עדה --> אשקלון-אשקלון,אשקלון,רכבת ישראל,נתניה,
37364,בית יהושע,הרצליה,בנימינה-בנימינה גבעת עדה --> אשקלון-אשקלון,אשקלון,רכבת ישראל,בית יהושע,
37364,בית יהושע,תל אביב האוניברסיטה - אקספו,בנימינה-בנימינה גבעת עדה --> אשקלון-אשקלון,אשקלון,רכבת ישראל,בית יהושע,
37364,בית יהושע,תל אביב מרכז,בנימינה-בנימינה גבעת עדה --> אשקלון-אשקלון,אשקלון,רכבת ישראל,בית יהושע,
37364,בית יהושע,השלום,בנימינה-בנימינה גבעת עדה --> אשקלון-אשקלון,אשקלון,רכבת ישראל,בית יהושע,
37364,בית יהושע,תל אביב ההגנה,בנימינה-בנימינה גבעת עדה --> אשקלון-אשקלון,אשקלון,רכבת ישראל,בית יהושע,
37364,בית יהושע,כפר חבד,בנימינה-בנימינה גבעת עדה --> אשקלון-אשקלון,אשקלון,רכבת ישראל,בית יהושע,
37364,בית יהושע,לוד,בנימינה-בנימינה גבעת עדה --> אשקלון-אשקלון,אשקלון,רכבת ישראל,בית יהושע,
37364,בית יהושע,באר יעקב,בנימינה-בנימינה גבעת עדה --> אשקלון-אשקלון,אשקלון,רכבת ישראל,בית יהושע,
37364,בית יהושע,רחובות,בנימינה-בנימינה גבעת עדה --> אשקלון-אשקלון,אשקלון,רכבת ישראל,בית יהושע,
37364,בית יהושע,יבנה מזרח,בנימינה-בנימינה גבעת עדה --> אשקלון-אשקלון,אשקלון,רכבת ישראל,בית יהושע,
37364,בית יהושע,אשדוד עד הלום- מטרופול,בנימינה-בנימינה גבעת עדה --> אשקלון-אשקלון,אשקלון,רכבת ישראל,בית יהושע,
37364,בית יהושע,אשקלון,בנימינה-בנימינה גבעת עדה --> אשקלון-אשקלון,אשקלון,רכבת ישראל,בית יהושע,
37362,הרצליה,תל אביב האוניברסיטה - אקספו,בנימינה-בנימינה גבעת עדה --> אשקלון-אשקלון,אשקלון,רכבת ישראל,הרצליה,
37362,הרצליה,תל אביב מרכז,בנימינה-בנימינה גבעת עדה --> אשקלון-אשקלון,אשקלון,רכבת ישראל,הרצליה,
37362,הרצליה,השלום,בנימינה-בנימינה גבעת עדה --> אשקלון-אשקלון,אשקלון,רכבת ישראל,הרצליה,
37362,הרצליה,תל אביב ההגנה,בנימינה-בנימינה גבעת עדה --> אשקלון-אשקלון,אשקלון,רכבת ישראל,הרצליה,
37362,הרצליה,כפר חבד,בנימינה-בנימינה גבעת עדה --> אשקלון-אשקלון,אשקלון,רכבת ישראל,הרצליה,
37362,הרצליה,לוד,בנימינה-בנימינה גבעת עדה --> אשקלון-אשקלון,אשקלון,רכבת ישראל,הרצליה,
37362,הרצליה,באר יעקב,בנימינה-בנימינה גבעת עדה --> אשקלון-אשקלון,אשקלון,רכבת ישראל,הרצליה,
37362,הרצליה,רחובות,בנימינה-בנימינה גבעת עדה --> אשקלון-אשקלון,אשקלון,רכבת ישראל,הרצליה,
37362,הרצליה,יבנה מזרח,בנימינה-בנימינה גבעת עדה --> אשקלון-אשקלון,אשקלון,רכבת ישראל,הרצליה,
37362,הרצליה,אשדוד עד הלום- מטרופול,בנימינה-בנימינה גבעת עדה --> אשקלון-אשקלון,אשקלון,רכבת ישראל,הרצליה,
37362,הרצליה,אשקלון,בנימינה-בנימינה גבעת עדה --> אשקלון-אשקלון,אשקלון,רכבת ישראל,הרצליה,
37360,תל אביב האוניברסיטה - אקספו,תל אביב מרכז,בנימינה-בנימינה גבעת עדה --> אשקלון-אשקלון,אשקלון,רכבת ישראל,תל אביב יפו,
37360,תל אביב האוניברסיטה - אקספו,השלום,בנימינה-בנימינה גבעת עדה --> אשקלון-אשקלון,אשקלון,רכבת ישראל,תל אביב יפו,
37360,תל אביב האוניברסיטה - אקספו,תל אביב ההגנה,בנימינה-בנימינה גבעת עדה --> אשקלון-אשקלון,אשקלון,רכבת ישראל,תל אביב יפו,
37360,תל אביב האוניברסיטה - אקספו,כפר חבד,בנימינה-בנימינה גבעת עדה --> אשקלון-אשקלון,אשקלון,רכבת ישראל,תל אביב יפו,
37360,תל אביב האוניברסיטה - אקספו,לוד,בנימינה-בנימינה גבעת עדה --> אשקלון-אשקלון,אשקלון,רכבת ישראל,תל אביב יפו,
37360,תל אביב האוניברסיטה - אקספו,באר יעקב,בנימינה-בנימינה גבעת עדה --> אשקלון-אשקלון,אשקלון,רכבת ישראל,תל אביב יפו,
37360,תל אביב האוניברסיטה - אקספו,רחובות,בנימינה-בנימינה גבעת עדה --> אשקלון-אשקלון,אשקלון,רכבת ישראל,תל אביב יפו,
37360,תל אביב האוניברסיטה - אקספו,יבנה מזרח,בנימינה-בנימינה גבעת עדה --> אשקלון-אשקלון,אשקלון,רכבת ישראל,תל אביב יפו,
37360,תל אביב האוניברסיטה - אקספו,אשדוד עד הלום- מטרופול,בנימינה-בנימינה גבעת עדה --> אשקלון-אשקלון,אשקלון,רכבת ישראל,תל אביב יפו,
37360,תל אביב האוניברסיטה - אקספו,אשקלון,בנימינה-בנימינה גבעת עדה --> אשקלון-אשקלון,אשקלון,רכבת ישראל,תל אביב יפו,
37358,תל אביב מרכז,השלום,בנימינה-בנימינה גבעת עדה --> אשקלון-אשקלון,אשקלון,רכבת ישראל,תל אביב יפו,
37358,תל אביב מרכז,תל אביב ההגנה,בנימינה-בנימינה גבעת עדה --> אשקלון-אשקלון,אשקלון,רכבת ישראל,תל אביב יפו,
37358,תל אביב מרכז,כפר חבד,בנימינה-בנימינה גבעת עדה --> אשקלון-אשקלון,אשקלון,רכבת ישראל,תל אביב יפו,
37358,תל אביב מרכז,לוד,בנימינה-בנימינה גבעת עדה --> אשקלון-אשקלון,אשקלון,רכבת ישראל,תל אביב יפו,
37358,תל אביב מרכז,באר יעקב,בנימינה-בנימינה גבעת עדה --> אשקלון-אשקלון,אשקלון,רכבת ישראל,תל אביב יפו,
37358,תל אביב מרכז,רחובות,בנימינה-בנימינה גבעת עדה --> אשקלון-אשקלון,אשקלון,רכבת ישראל,תל אביב יפו,
37358,תל אביב מרכז,יבנה מזרח,בנימינה-בנימינה גבעת עדה --> אשקלון-אשקלון,אשקלון,רכבת ישראל,תל אביב יפו,
37358,תל אביב מרכז,אשדוד עד הלום- מטרופול,בנימינה-בנימינה גבעת עדה --> אשקלון-אשקלון,אשקלון,רכבת ישראל,תל אביב יפו,
37358,תל אביב מרכז,אשקלון,בנימינה-בנימינה גבעת עדה --> אשקלון-אשקלון,אשקלון,רכבת ישראל,תל אביב יפו,
37350,השלום,תל אביב ההגנה,בנימינה-בנימינה גבעת עדה --> אשקלון-אשקלון,אשקלון,רכבת ישראל,תל אביב יפו,
37350,השלום,כפר חבד,בנימינה-בנימינה גבעת עדה --> אשקלון-אשקלון,אשקלון,רכבת ישראל,תל אביב יפו,
37350,השלום,לוד,בנימינה-בנימינה גבעת עדה --> אשקלון-אשקלון,אשקלון,רכבת ישראל,תל אביב יפו,
37350,השלום,באר יעקב,בנימינה-בנימינה גבעת עדה --> אשקלון-אשקלון,אשקלון,רכבת ישראל,תל אביב יפו,
37350,השלום,רחובות,בנימינה-בנימינה גבעת עדה --> אשקלון-אשקלון,אשקלון,רכבת ישראל,תל אביב יפו,
37350,השלום,יבנה מזרח,בנימינה-בנימינה גבעת עדה --> אשקלון-אשקלון,אשקלון,רכבת ישראל,תל אביב יפו,
37350,השלום,אשדוד עד הלום- מטרופול,בנימינה-בנימינה גבעת עדה --> אשקלון-אשקלון,אשקלון,רכבת ישראל,תל אביב יפו,
37350,השלום,אשקלון,בנימינה-בנימינה גבעת עדה --> אשקלון-אשקלון,אשקלון,רכבת ישראל,תל אביב יפו,
37292,תל אביב ההגנה,כפר חבד,בנימינה-בנימינה גבעת עדה --> אשקלון-אשקלון,אשקלון,רכבת ישראל,תל אביב יפו,
37292,תל אביב ההגנה,לוד,בנימינה-בנימינה גבעת עדה --> אשקלון-אשקלון,אשקלון,רכבת ישראל,תל אביב יפו,
37292,תל אביב ההגנה,באר יעקב,בנימינה-בנימינה גבעת עדה --> אשקלון-אשקלון,אשקלון,רכבת ישראל,תל אביב יפו,
37292,תל אביב ההגנה,רחובות,בנימינה-בנימינה גבעת עדה --> אשקלון-אשקלון,אשקלון,רכבת ישראל,תל אביב יפו,
37292,תל אביב ההגנה,יבנה מזרח,בנימינה-בנימינה גבעת עדה --> אשקלון-אשקלון,אשקלון,רכבת ישראל,תל אביב יפו,
37292,תל אביב ההגנה,אשדוד עד הלום- מטרופול,בנימינה-בנימינה גבעת עדה --> אשקלון-אשקלון,אשקלון,רכבת ישראל,תל אביב יפו,
37292,תל אביב ההגנה,אשקלון,בנימינה-בנימינה גבעת עדה --> אשקלון-אשקלון,אשקלון,רכבת ישראל,תל אביב יפו,
37340,כפר חבד,לוד,בנימינה-בנימינה גבעת עדה --> אשקלון-אשקלון,אשקלון,רכבת ישראל,כפר חב''ד,
37340,כפר חבד,באר יעקב,בנימינה-בנימינה גבעת עדה --> אשקלון-אשקלון,אשקלון,רכבת ישראל,כפר חב''ד,
37340,כפר חבד,רחובות,בנימינה-בנימינה גבעת עדה --> אשקלון-אשקלון,אשקלון,רכבת ישראל,כפר חב''ד,
37340,כפר חבד,יבנה מזרח,בנימינה-בנימינה גבעת עדה --> אשקלון-אשקלון,אשקלון,רכבת ישראל,כפר חב''ד,
37340,כפר חבד,אשדוד עד הלום- מטרופול,בנימינה-בנימינה גבעת עדה --> אשקלון-אשקלון,אשקלון,רכבת ישראל,כפר חב''ד,
37340,כפר חבד,אשקלון,בנימינה-בנימינה גבעת עדה --> אשקלון-אשקלון,אשקלון,רכבת ישראל,כפר חב''ד,
37338,לוד,באר יעקב,בנימינה-בנימינה גבעת עדה --> אשקלון-אשקלון,אשקלון,רכבת ישראל,לוד,
37338,לוד,רחובות,בנימינה-בנימינה גבעת עדה --> אשקלון-אשקלון,אשקלון,רכבת ישראל,לוד,
37338,לוד,יבנה מזרח,בנימינה-בנימינה גבעת עדה --> אשקלון-אשקלון,אשקלון,רכבת ישראל,לוד,
37338,לוד,אשדוד עד הלום- מטרופול,בנימינה-בנימינה גבעת עדה --> אשקלון-אשקלון,אשקלון,רכבת ישראל,לוד,
37338,לוד,אשקלון,בנימינה-בנימינה גבעת עדה --> אשקלון-אשקלון,אשקלון,רכבת ישראל,לוד,
37330,באר יעקב,רחובות,בנימינה-בנימינה גבעת עדה --> אשקלון-אשקלון,אשקלון,רכבת ישראל,באר יעקב,
37330,באר יעקב,יבנה מזרח,בנימינה-בנימינה גבעת עדה --> אשקלון-אשקלון,אשקלון,רכבת ישראל,באר יעקב,
37330,באר יעקב,אשדוד עד הלום- מטרופול,בנימינה-בנימינה גבעת עדה --> אשקלון-אשקלון,אשקלון,רכבת ישראל,באר יעקב,
37330,באר יעקב,אשקלון,בנימינה-בנימינה גבעת עדה --> אשקלון-אשקלון,אשקלון,רכבת ישראל,באר יעקב,
37332,רחובות,יבנה מזרח,בנימינה-בנימינה גבעת עדה --> אשקלון-אשקלון,אשקלון,רכבת ישראל,רחובות,
37332,רחובות,אשדוד עד הלום- מטרופול,בנימינה-בנימינה גבעת עדה --> אשקלון-אשקלון,אשקלון,רכבת ישראל,רחובות,
37332,רחובות,אשקלון,בנימינה-בנימינה גבעת עדה --> אשקלון-אשקלון,אשקלון,רכבת ישראל,רחובות,
37328,יבנה מזרח,אשדוד עד הלום- מטרופול,בנימינה-בנימינה גבעת עדה --> אשקלון-אשקלון,אשקלון,רכבת ישראל,יבנה,
37328,יבנה מזרח,אשקלון,בנימינה-בנימינה גבעת עדה --> אשקלון-אשקלון,אשקלון,רכבת ישראל,יבנה,
37326,אשדוד עד הלום- מטרופול,אשקלון,בנימינה-בנימינה גבעת עדה --> אשקלון-אשקלון,אשקלון,רכבת ישראל,אשדוד,
37362,הרצליה,רשל''צ משה דיין,הרצליה-הרצליה --> באר שבע מרכז-באר שבע,באר שבע מרכז,רכבת ישראל,הרצליה,
37362,הרצליה,יבנה מערב,הרצליה-הרצליה --> באר שבע מרכז-באר שבע,באר שבע מרכז,רכבת ישראל,הרצליה,
37362,הרצליה,אשדוד עד הלום- מטרופול,הרצליה-הרצליה --> באר שבע מרכז-באר שבע,באר שבע מרכז,רכבת ישראל,הרצליה,
37362,הרצליה,אשקלון,הרצליה-הרצליה --> באר שבע מרכז-באר שבע,באר שבע מרכז,רכבת ישראל,הרצליה,
37362,הרצליה,שדרות,הרצליה-הרצליה --> באר שבע מרכז-באר שבע,באר שבע מרכז,רכבת ישראל,הרצליה,
37362,הרצליה,נתיבות,הרצליה-הרצליה --> באר שבע מרכז-באר שבע,באר שבע מרכז,רכבת ישראל,הרצליה,
37362,הרצליה,אופקים,הרצליה-הרצליה --> באר שבע מרכז-באר שבע,באר שבע מרכז,רכבת ישראל,הרצליה,
37362,הרצליה,באר שבע צפון,הרצליה-הרצליה --> באר שבע מרכז-באר שבע,באר שבע מרכז,רכבת ישראל,הרצליה,
37362,הרצליה,באר שבע מרכז,הרצליה-הרצליה --> באר שבע מרכז-באר שבע,באר שבע מרכז,רכבת ישראל,הרצליה,
42417,רעננה מערב,רשל''צ משה דיין,הרצליה-הרצליה --> באר שבע מרכז-באר שבע,באר שבע מרכז,רכבת ישראל,רעננה,
42417,רעננה מערב,יבנה מערב,הרצליה-הרצליה --> באר שבע מרכז-באר שבע,באר שבע מרכז,רכבת ישראל,רעננה,
42417,רעננה מערב,אשדוד עד הלום- מטרופול,הרצליה-הרצליה --> באר שבע מרכז-באר שבע,באר שבע מרכז,רכבת ישראל,רעננה,
42417,רעננה מערב,אשקלון,הרצליה-הרצליה --> באר שבע מרכז-באר שבע,באר שבע מרכז,רכבת ישראל,רעננה,
42417,רעננה מערב,שדרות,הרצליה-הרצליה --> באר שבע מרכז-באר שבע,באר שבע מרכז,רכבת ישראל,רעננה,
42417,רעננה מערב,נתיבות,הרצליה-הרצליה --> באר שבע מרכז-באר שבע,באר שבע מרכז,רכבת ישראל,רעננה,
42417,רעננה מערב,אופקים,הרצליה-הרצליה --> באר שבע מרכז-באר שבע,באר שבע מרכז,רכבת ישראל,רעננה,
42417,רעננה מערב,באר שבע צפון,הרצליה-הרצליה --> באר שבע מרכז-באר שבע,באר שבע מרכז,רכבת ישראל,רעננה,
42417,רעננה מערב,באר שבע מרכז,הרצליה-הרצליה --> באר שבע מרכז-באר שבע,באר שבע מרכז,רכבת ישראל,רעננה,
42416,רעננה דרום,רשל''צ משה דיין,הרצליה-הרצליה --> באר שבע מרכז-באר שבע,באר שבע מרכז,רכבת ישראל,רעננה,
42416,רעננה דרום,יבנה מערב,הרצליה-הרצליה --> באר שבע מרכז-באר שבע,באר שבע מרכז,רכבת ישראל,רעננה,
42416,רעננה דרום,אשדוד עד הלום- מטרופול,הרצליה-הרצליה --> באר שבע מרכז-באר שבע,באר שבע מרכז,רכבת ישראל,רעננה,
42416,רעננה דרום,אשקלון,הרצליה-הרצליה --> באר שבע מרכז-באר שבע,באר שבע מרכז,רכבת ישראל,רעננה,
42416,רעננה דרום,שדרות,הרצליה-הרצליה --> באר שבע מרכז-באר שבע,באר שבע מרכז,רכבת ישראל,רעננה,
42416,רעננה דרום,נתיבות,הרצליה-הרצליה --> באר שבע מרכז-באר שבע,באר שבע מרכז,רכבת ישראל,רעננה,
42416,רעננה דרום,אופקים,הרצליה-הרצליה --> באר שבע מרכז-באר שבע,באר שבע מרכז,רכבת ישראל,רעננה,
42416,רעננה דרום,באר שבע צפון,הרצליה-הרצליה --> באר שבע מרכז-באר שבע,באר שבע מרכז,רכבת ישראל,רעננה,
42416,רעננה דרום,באר שבע מרכז,הרצליה-הרצליה --> באר שבע מרכז-באר שבע,באר שבע מרכז,רכבת ישראל,רעננה,
37296,הוד השרון,רשל''צ משה דיין,הרצליה-הרצליה --> באר שבע מרכז-באר שבע,באר שבע מרכז,רכבת ישראל,הוד השרון,
37296,הוד השרון,יבנה מערב,הרצליה-הרצליה --> באר שבע מרכז-באר שבע,באר שבע מרכז,רכבת ישראל,הוד השרון,
37296,הוד השרון,אשדוד עד הלום- מטרופול,הרצליה-הרצליה --> באר שבע מרכז-באר שבע,באר שבע מרכז,רכבת ישראל,הוד השרון,
37296,הוד השרון,אשקלון,הרצליה-הרצליה --> באר שבע מרכז-באר שבע,באר שבע מרכז,רכבת ישראל,הוד השרון,
37296,הוד השרון,שדרות,הרצליה-הרצליה --> באר שבע מרכז-באר שבע,באר שבע מרכז,רכבת ישראל,הוד השרון,
37296,הוד השרון,נתיבות,הרצליה-הרצליה --> באר שבע מרכז-באר שבע,באר שבע מרכז,רכבת ישראל,הוד השרון,
37296,הוד השרון,אופקים,הרצליה-הרצליה --> באר שבע מרכז-באר שבע,באר שבע מרכז,רכבת ישראל,הוד השרון,
37296,הוד השרון,באר שבע צפון,הרצליה-הרצליה --> באר שבע מרכז-באר שבע,באר שבע מרכז,רכבת ישראל,הוד השרון,
37296,הוד השרון,באר שבע מרכז,הרצליה-הרצליה --> באר שבע מרכז-באר שבע,באר שבע מרכז,רכבת ישראל,הוד השרון,
37304,כפר סבא,רשל''צ משה דיין,הרצליה-הרצליה --> באר שבע מרכז-באר שבע,באר שבע מרכז,רכבת ישראל,כפר סבא,
37304,כפר סבא,יבנה מערב,הרצליה-הרצליה --> באר שבע מרכז-באר שבע,באר שבע מרכז,רכבת ישראל,כפר סבא,
37304,כפר סבא,אשדוד עד הלום- מטרופול,הרצליה-הרצליה --> באר שבע מרכז-באר שבע,באר שבע מרכז,רכבת ישראל,כפר סבא,
37304,כפר סבא,אשקלון,הרצליה-הרצליה --> באר שבע מרכז-באר שבע,באר שבע מרכז,רכבת ישראל,כפר סבא,
37304,כפר סבא,שדרות,הרצליה-הרצליה --> באר שבע מרכז-באר שבע,באר שבע מרכז,רכבת ישראל,כפר סבא,
37304,כפר סבא,נתיבות,הרצליה-הרצליה --> באר שבע מרכז-באר שבע,באר שבע מרכז,רכבת ישראל,כפר סבא,
37304,כפר סבא,אופקים,הרצליה-הרצליה --> באר שבע מרכז-באר שבע,באר שבע מרכז,רכבת ישראל,כפר סבא,
37304,כפר סבא,באר שבע צפון,הרצליה-הרצליה --> באר שבע מרכז-באר שבע,באר שבע מרכז,רכבת ישראל,כפר סבא,
37304,כפר סבא,באר שבע מרכז,הרצליה-הרצליה --> באר שבע מרכז-באר שבע,באר שבע מרכז,רכבת ישראל,כפר סבא,
37302,ראש העין צפון,רשל''צ משה דיין,הרצליה-הרצליה --> באר שבע מרכז-באר שבע,באר שבע מרכז,רכבת ישראל,ראש העין,
37302,ראש העין צפון,יבנה מערב,הרצליה-הרצליה --> באר שבע מרכז-באר שבע,באר שבע מרכז,רכבת ישראל,ראש העין,
37302,ראש העין צפון,אשדוד עד הלום- מטרופול,הרצליה-הרצליה --> באר שבע מרכז-באר שבע,באר שבע מרכז,רכבת ישראל,ראש העין,
37302,ראש העין צפון,אשקלון,הרצליה-הרצליה --> באר שבע מרכז-באר שבע,באר שבע מרכז,רכבת ישראל,ראש העין,
37302,ראש העין צפון,שדרות,הרצליה-הרצליה --> באר שבע מרכז-באר שבע,באר שבע מרכז,רכבת ישראל,ראש העין,
37302,ראש העין צפון,נתיבות,הרצליה-הרצליה --> באר שבע מרכז-באר שבע,באר שבע מרכז,רכבת ישראל,ראש העין,
37302,ראש העין צפון,אופקים,הרצליה-הרצליה --> באר שבע מרכז-באר שבע,באר שבע מרכז,רכבת ישראל,ראש העין,
37302,ראש העין צפון,באר שבע צפון,הרצליה-הרצליה --> באר שבע מרכז-באר שבע,באר שבע מרכז,רכבת ישראל,ראש העין,
37302,ראש העין צפון,באר שבע מרכז,הרצליה-הרצליה --> באר שבע מרכז-באר שבע,באר שבע מרכז,רכבת ישראל,ראש העין,
37352,סגולה,רשל''צ משה דיין,הרצליה-הרצליה --> באר שבע מרכז-באר שבע,באר שבע מרכז,רכבת ישראל,פתח תקווה,
37352,סגולה,יבנה מערב,הרצליה-הרצליה --> באר שבע מרכז-באר שבע,באר שבע מרכז,רכבת ישראל,פתח תקווה,
37352,סגולה,אשדוד עד הלום- מטרופול,הרצליה-הרצליה --> באר שבע מרכז-באר שבע,באר שבע מרכז,רכבת ישראל,פתח תקווה,
37352,סגולה,אשקלון,הרצליה-הרצליה --> באר שבע מרכז-באר שבע,באר שבע מרכז,רכבת ישראל,פתח תקווה,
37352,סגולה,שדרות,הרצליה-הרצליה --> באר שבע מרכז-באר שבע,באר שבע מרכז,רכבת ישראל,פתח תקווה,
37352,סגולה,נתיבות,הרצליה-הרצליה --> באר שבע מרכז-באר שבע,באר שבע מרכז,רכבת ישראל,פתח תקווה,
37352,סגולה,אופקים,הרצליה-הרצליה --> באר שבע מרכז-באר שבע,באר שבע מרכז,רכבת ישראל,פתח תקווה,
37352,סגולה,באר שבע צפון,הרצליה-הרצליה --> באר שבע מרכז-באר שבע,באר שבע מרכז,רכבת ישראל,פתח תקווה,
37352,סגולה,באר שבע מרכז,הרצליה-הרצליה --> באר שבע מרכז-באר שבע,באר שבע מרכז,רכבת ישראל,פתח תקווה,
37354,קרית אריה,רשל''צ משה דיין,הרצליה-הרצליה --> באר שבע מרכז-באר שבע,באר שבע מרכז,רכבת ישראל,פתח תקווה,
37354,קרית אריה,יבנה מערב,הרצליה-הרצליה --> באר שבע מרכז-באר שבע,באר שבע מרכז,רכבת ישראל,פתח תקווה,
37354,קרית אריה,אשדוד עד הלום- מטרופול,הרצליה-הרצליה --> באר שבע מרכז-באר שבע,באר שבע מרכז,רכבת ישראל,פתח תקווה,
37354,קרית אריה,אשקלון,הרצליה-הרצליה --> באר שבע מרכז-באר שבע,באר שבע מרכז,רכבת ישראל,פתח תקווה,
37354,קרית אריה,שדרות,הרצליה-הרצליה --> באר שבע מרכז-באר שבע,באר שבע מרכז,רכבת ישראל,פתח תקווה,
37354,קרית אריה,נתיבות,הרצליה-הרצליה --> באר שבע מרכז-באר שבע,באר שבע מרכז,רכבת ישראל,פתח תקווה,
37354,קרית אריה,אופקים,הרצליה-הרצליה --> באר שבע מרכז-באר שבע,באר שבע מרכז,רכבת ישראל,פתח תקווה,
37354,קרית אריה,באר שבע צפון,הרצליה-הרצליה --> באר שבע מרכז-באר שבע,באר שבע מרכז,רכבת ישראל,פתח תקווה,
37354,קרית אריה,באר שבע מרכז,הרצליה-הרצליה --> באר שבע מרכז-באר שבע,באר שבע מרכז,רכבת ישראל,פתח תקווה,
37356,בני ברק,רשל''צ משה דיין,הרצליה-הרצליה --> באר שבע מרכז-באר שבע,באר שבע מרכז,רכבת ישראל,בני ברק,
37356,בני ברק,יבנה מערב,הרצליה-הרצליה --> באר שבע מרכז-באר שבע,באר שבע מרכז,רכבת ישראל,בני ברק,
37356,בני ברק,אשדוד עד הלום- מטרופול,הרצליה-הרצליה --> באר שבע מרכז-באר שבע,באר שבע מרכז,רכבת ישראל,בני ברק,
37356,בני ברק,אשקלון,הרצליה-הרצליה --> באר שבע מרכז-באר שבע,באר שבע מרכז,רכבת ישראל,בני ברק,
37356,בני ברק,שדרות,הרצליה-הרצליה --> באר שבע מרכז-באר שבע,באר שבע מרכז,רכבת ישראל,בני ברק,
37356,בני ברק,נתיבות,הרצליה-הרצליה --> באר שבע מרכז-באר שבע,באר שבע מרכז,רכבת ישראל,בני ברק,
37356,בני ברק,אופקים,הרצליה-הרצליה --> באר שבע מרכז-באר שבע,באר שבע מרכז,רכבת ישראל,בני ברק,
37356,בני ברק,באר שבע צפון,הרצליה-הרצליה --> באר שבע מרכז-באר שבע,באר שבע מרכז,רכבת ישראל,בני ברק,
37356,בני ברק,באר שבע מרכז,הרצליה-הרצליה --> באר שבע מרכז-באר שבע,באר שבע מרכז,רכבת ישראל,בני ברק,
37360,תל אביב האוניברסיטה - אקספו,רשל''צ משה דיין,הרצליה-הרצליה --> באר שבע מרכז-באר שבע,באר שבע מרכז,רכבת ישראל,תל אביב יפו,
37360,תל אביב האוניברסיטה - אקספו,יבנה מערב,הרצליה-הרצליה --> באר שבע מרכז-באר שבע,באר שבע מרכז,רכבת ישראל,תל אביב יפו,
37360,תל אביב האוניברסיטה - אקספו,אשדוד עד הלום- מטרופול,הרצליה-הרצליה --> באר שבע מרכז-באר שבע,באר שבע מרכז,רכבת ישראל,תל אביב יפו,
37360,תל אביב האוניברסיטה - אקספו,אשקלון,הרצליה-הרצליה --> באר שבע מרכז-באר שבע,באר שבע מרכז,רכבת ישראל,תל אביב יפו,
37360,תל אביב האוניברסיטה - אקספו,שדרות,הרצליה-הרצליה --> באר שבע מרכז-באר שבע,באר שבע מרכז,רכבת ישראל,תל אביב יפו,
37360,תל אביב האוניברסיטה - אקספו,נתיבות,הרצליה-הרצליה --> באר שבע מרכז-באר שבע,באר שבע מרכז,רכבת ישראל,תל אביב יפו,
37360,תל אביב האוניברסיטה - אקספו,אופקים,הרצליה-הרצליה --> באר שבע מרכז-באר שבע,באר שבע מרכז,רכבת ישראל,תל אביב יפו,
37360,תל אביב האוניברסיטה - אקספו,באר שבע צפון,הרצליה-הרצליה --> באר שבע מרכז-באר שבע,באר שבע מרכז,רכבת ישראל,תל אביב יפו,
37360,תל אביב האוניברסיטה - אקספו,באר שבע מרכז,הרצליה-הרצליה --> באר שבע מרכז-באר שבע,באר שבע מרכז,רכבת ישראל,תל אביב יפו,
37358,תל אביב מרכז,רשל''צ משה דיין,הרצליה-הרצליה --> באר שבע מרכז-באר שבע,באר שבע מרכז,רכבת ישראל,תל אביב יפו,
37358,תל אביב מרכז,יבנה מערב,הרצליה-הרצליה --> באר שבע מרכז-באר שבע,באר שבע מרכז,רכבת ישראל,תל אביב יפו,
37358,תל אביב מרכז,אשדוד עד הלום- מטרופול,הרצליה-הרצליה --> באר שבע מרכז-באר שבע,באר שבע מרכז,רכבת ישראל,תל אביב יפו,
37358,תל אביב מרכז,אשקלון,הרצליה-הרצליה --> באר שבע מרכז-באר שבע,באר שבע מרכז,רכבת ישראל,תל אביב יפו,
37358,תל אביב מרכז,שדרות,הרצליה-הרצליה --> באר שבע מרכז-באר שבע,באר שבע מרכז,רכבת ישראל,תל אביב יפו,
37358,תל אביב מרכז,נתיבות,הרצליה-הרצליה --> באר שבע מרכז-באר שבע,באר שבע מרכז,רכבת ישראל,תל אביב יפו,
37358,תל אביב מרכז,אופקים,הרצליה-הרצליה --> באר שבע מרכז-באר שבע,באר שבע מרכז,רכבת ישראל,תל אביב יפו,
37358,תל אביב מרכז,באר שבע צפון,הרצליה-הרצליה --> באר שבע מרכז-באר שבע,באר שבע מרכז,רכבת ישראל,תל אביב יפו,
37358,תל אביב מרכז,באר שבע מרכז,הרצליה-הרצליה --> באר שבע מרכז-באר שבע,באר שבע מרכז,רכבת ישראל,תל אביב יפו,
37350,השלום,רשל''צ משה דיין,הרצליה-הרצליה --> באר שבע מרכז-באר שבע,באר שבע מרכז,רכבת ישראל,תל אביב יפו,
37350,השלום,יבנה מערב,הרצליה-הרצליה --> באר שבע מרכז-באר שבע,באר שבע מרכז,רכבת ישראל,תל אביב יפו,
37350,השלום,אשדוד עד הלום- מטרופול,הרצליה-הרצליה --> באר שבע מרכז-באר שבע,באר שבע מרכז,רכבת ישראל,תל אביב יפו,
37350,השלום,אשקלון,הרצליה-הרצליה --> באר שבע מרכז-באר שבע,באר שבע מרכז,רכבת ישראל,תל אביב יפו,
37350,השלום,שדרות,הרצליה-הרצליה --> באר שבע מרכז-באר שבע,באר שבע מרכז,רכבת ישראל,תל אביב יפו,
37350,השלום,נתיבות,הרצליה-הרצליה --> באר שבע מרכז-באר שבע,באר שבע מרכז,רכבת ישראל,תל אביב יפו,
37350,השלום,אופקים,הרצליה-הרצליה --> באר שבע מרכז-באר שבע,באר שבע מרכז,רכבת ישראל,תל אביב יפו,
37350,השלום,באר שבע צפון,הרצליה-הרצליה --> באר שבע מרכז-באר שבע,באר שבע מרכז,רכבת ישראל,תל אביב יפו,
37350,השלום,באר שבע מרכז,הרצליה-הרצליה --> באר שבע מרכז-באר שבע,באר שבע מרכז,רכבת ישראל,תל אביב יפו,
37292,תל אביב ההגנה,רשל''צ משה דיין,הרצליה-הרצליה --> באר שבע מרכז-באר שבע,באר שבע מרכז,רכבת ישראל,תל אביב יפו,
37292,תל אביב ההגנה,יבנה מערב,הרצליה-הרצליה --> באר שבע מרכז-באר שבע,באר שבע מרכז,רכבת ישראל,תל אביב יפו,
37292,תל אביב ההגנה,אשדוד עד הלום- מטרופול,הרצליה-הרצליה --> באר שבע מרכז-באר שבע,באר שבע מרכז,רכבת ישראל,תל אביב יפו,
37292,תל אביב ההגנה,אשקלון,הרצליה-הרצליה --> באר שבע מרכז-באר שבע,באר שבע מרכז,רכבת ישראל,תל אביב יפו,
37292,תל אביב ההגנה,שדרות,הרצליה-הרצליה --> באר שבע מרכז-באר שבע,באר שבע מרכז,רכבת ישראל,תל אביב יפו,
37292,תל אביב ההגנה,נתיבות,הרצליה-הרצליה --> באר שבע מרכז-באר שבע,באר שבע מרכז,רכבת ישראל,תל אביב יפו,
37292,תל אביב ההגנה,אופקים,הרצליה-הרצליה --> באר שבע מרכז-באר שבע,באר שבע מרכז,רכבת ישראל,תל אביב יפו,
37292,תל אביב ההגנה,באר שבע צפון,הרצליה-הרצליה --> באר שבע מרכז-באר שבע,באר שבע מרכז,רכבת ישראל,תל אביב יפו,
37292,תל אביב ההגנה,באר שבע מרכז,הרצליה-הרצליה --> באר שבע מרכז-באר שבע,באר שבע מרכז,רכבת ישראל,תל אביב יפו,
37294,רשל''צ משה דיין,יבנה מערב,הרצליה-הרצליה --> באר שבע מרכז-באר שבע,באר שבע מרכז,רכבת ישראל,ראשון לציון,
37294,רשל''צ משה דיין,אשדוד עד הלום- מטרופול,הרצליה-הרצליה --> באר שבע מרכז-באר שבע,באר שבע מרכז,רכבת ישראל,ראשון לציון,
37294,רשל''צ משה דיין,אשקלון,הרצליה-הרצליה --> באר שבע מרכז-באר שבע,באר שבע מרכז,רכבת ישראל,ראשון לציון,
37294,רשל''צ משה דיין,שדרות,הרצליה-הרצליה --> באר שבע מרכז-באר שבע,באר שבע מרכז,רכבת ישראל,ראשון לציון,
37294,רשל''צ משה דיין,נתיבות,הרצליה-הרצליה --> באר שבע מרכז-באר שבע,באר שבע מרכז,רכבת ישראל,ראשון לציון,
37294,רשל''צ משה דיין,אופקים,הרצליה-הרצליה --> באר שבע מרכז-באר שבע,באר שבע מרכז,רכבת ישראל,ראשון לציון,
37294,רשל''צ משה דיין,באר שבע צפון,הרצליה-הרצליה --> באר שבע מרכז-באר שבע,באר שבע מרכז,רכבת ישראל,ראשון לציון,
37294,רשל''צ משה דיין,באר שבע מרכז,הרצליה-הרצליה --> באר שבע מרכז-באר שבע,באר שבע מרכז,רכבת ישראל,ראשון לציון,
37300,יבנה מערב,אשדוד עד הלום- מטרופול,הרצליה-הרצליה --> באר שבע מרכז-באר שבע,באר שבע מרכז,רכבת ישראל,יבנה,
37300,יבנה מערב,אשקלון,הרצליה-הרצליה --> באר שבע מרכז-באר שבע,באר שבע מרכז,רכבת ישראל,יבנה,
37300,יבנה מערב,שדרות,הרצליה-הרצליה --> באר שבע מרכז-באר שבע,באר שבע מרכז,רכבת ישראל,יבנה,
37300,יבנה מערב,נתיבות,הרצליה-הרצליה --> באר שבע מרכז-באר שבע,באר שבע מרכז,רכבת ישראל,יבנה,
37300,יבנה מערב,אופקים,הרצליה-הרצליה --> באר שבע מרכז-באר שבע,באר שבע מרכז,רכבת ישראל,יבנה,
37300,יבנה מערב,באר שבע צפון,הרצליה-הרצליה --> באר שבע מרכז-באר שבע,באר שבע מרכז,רכבת ישראל,יבנה,
37300,יבנה מערב,באר שבע מרכז,הרצליה-הרצליה --> באר שבע מרכז-באר שבע,באר שבע מרכז,רכבת ישראל,יבנה,
37326,אשדוד עד הלום- מטרופול,אשקלון,הרצליה-הרצליה --> באר שבע מרכז-באר שבע,באר שבע מרכז,רכבת ישראל,אשדוד,
37326,אשדוד עד הלום- מטרופול,שדרות,הרצליה-הרצליה --> באר שבע מרכז-באר שבע,באר שבע מרכז,רכבת ישראל,אשדוד,
37326,אשדוד עד הלום- מטרופול,נתיבות,הרצליה-הרצליה --> באר שבע מרכז-באר שבע,באר שבע מרכז,רכבת ישראל,אשדוד,
37326,אשדוד עד הלום- מטרופול,אופקים,הרצליה-הרצליה --> באר שבע מרכז-באר שבע,באר שבע מרכז,רכבת ישראל,אשדוד,
37326,אשדוד עד הלום- מטרופול,באר שבע צפון,הרצליה-הרצליה --> באר שבע מרכז-באר שבע,באר שבע מרכז,רכבת ישראל,אשדוד,
37326,אשדוד עד הלום- מטרופול,באר שבע מרכז,הרצליה-הרצליה --> באר שבע מרכז-באר שבע,באר שבע מרכז,רכבת ישראל,אשדוד,
37324,אשקלון,שדרות,הרצליה-הרצליה --> באר שבע מרכז-באר שבע,באר שבע מרכז,רכבת ישראל,אשקלון,
37324,אשקלון,נתיבות,הרצליה-הרצליה --> באר שבע מרכז-באר שבע,באר שבע מרכז,רכבת ישראל,אשקלון,
37324,אשקלון,אופקים,הרצליה-הרצליה --> באר שבע מרכז-באר שבע,באר שבע מרכז,רכבת ישראל,אשקלון,
37324,אשקלון,באר שבע צפון,הרצליה-הרצליה --> באר שבע מרכז-באר שבע,באר שבע מרכז,רכבת ישראל,אשקלון,
37324,אשקלון,באר שבע מרכז,הרצליה-הרצליה --> באר שבע מרכז-באר שבע,באר שבע מרכז,רכבת ישראל,אשקלון,
37290,שדרות,נתיבות,הרצליה-הרצליה --> באר שבע מרכז-באר שבע,באר שבע מרכז,רכבת ישראל,שדרות,
37290,שדרות,אופקים,הרצליה-הרצליה --> באר שבע מרכז-באר שבע,באר שבע מרכז,רכבת ישראל,שדרות,
37290,שדרות,באר שבע צפון,הרצליה-הרצליה --> באר שבע מרכז-באר שבע,באר שבע מרכז,רכבת ישראל,שדרות,
37290,שדרות,באר שבע מרכז,הרצליה-הרצליה --> באר שבע מרכז-באר שבע,באר שבע מרכז,רכבת ישראל,שדרות,
38643,נתיבות,אופקים,הרצליה-הרצליה --> באר שבע מרכז-באר שבע,באר שבע מרכז,רכבת ישראל,נתיבות,
38643,נתיבות,באר שבע צפון,הרצליה-הרצליה --> באר שבע מרכז-באר שבע,באר שבע מרכז,רכבת ישראל,נתיבות,
38643,נתיבות,באר שבע מרכז,הרצליה-הרצליה --> באר שבע מרכז-באר שבע,באר שבע מרכז,רכבת ישראל,נתיבות,
39260,אופקים,באר שבע צפון,הרצליה-הרצליה --> באר שבע מרכז-באר שבע,באר שבע מרכז,רכבת ישראל,אופקים,
39260,אופקים,באר שבע מרכז,הרצליה-הרצליה --> באר שבע מרכז-באר שבע,באר שבע מרכז,רכבת ישראל,אופקים,
37314,באר שבע צפון,באר שבע מרכז,הרצליה-הרצליה --> באר שבע מרכז-באר שבע,באר שבע מרכז,רכבת ישראל,באר שבע,
37312,באר שבע מרכז,אופקים,באר שבע מרכז-באר שבע --> תל אביב מרכז-תל אביב יפו,תל אביב מרכז,רכבת ישראל,באר שבע,
37312,באר שבע מרכז,נתיבות,באר שבע מרכז-באר שבע --> תל אביב מרכז-תל אביב יפו,תל אביב מרכז,רכבת ישראל,באר שבע,
37312,באר שבע מרכז,שדרות,באר שבע מרכז-באר שבע --> תל אביב מרכז-תל אביב יפו,תל אביב מרכז,רכבת ישראל,באר שבע,
37312,באר שבע מרכז,אשקלון,באר שבע מרכז-באר שבע --> תל אביב מרכז-תל אביב יפו,תל אביב מרכז,רכבת ישראל,באר שבע,
37312,באר שבע מרכז,אשדוד עד הלום- מטרופול,באר שבע מרכז-באר שבע --> תל אביב מרכז-תל אביב יפו,תל אביב מרכז,רכבת ישראל,באר שבע,
37312,באר שבע מרכז,יבנה מערב,באר שבע מרכז-באר שבע --> תל אביב מרכז-תל אביב יפו,תל אביב מרכז,רכבת ישראל,באר שבע,
37312,באר שבע מרכז,רשל''צ משה דיין,באר שבע מרכז-באר שבע --> תל אביב מרכז-תל אביב יפו,תל אביב מרכז,רכבת ישראל,באר שבע,
37312,באר שבע מרכז,בת ים קוממיות,באר שבע מרכז-באר שבע --> תל אביב מרכז-תל אביב יפו,תל אביב מרכז,רכבת ישראל,באר שבע,
37312,באר שבע מרכז,בת ים אלי כהן - יוספטל,באר שבע מרכז-באר שבע --> תל אביב מרכז-תל אביב יפו,תל אביב מרכז,רכבת ישראל,באר שבע,
37312,באר שבע מרכז,חולון וולפסון,באר שבע מרכז-באר שבע --> תל אביב מרכז-תל אביב יפו,תל אביב מרכז,רכבת ישראל,באר שבע,
37312,באר שבע מרכז,צומת חולון,באר שבע מרכז-באר שבע --> תל אביב מרכז-תל אביב יפו,תל אביב מרכז,רכבת ישראל,באר שבע,
37312,באר שבע מרכז,תל אביב ההגנה,באר שבע מרכז-באר שבע --> תל אביב מרכז-תל אביב יפו,תל אביב מרכז,רכבת ישראל,באר שבע,
37312,באר שבע מרכז,השלום,באר שבע מרכז-באר שבע --> תל אביב מרכז-תל אביב יפו,תל אביב מרכז,רכבת ישראל,באר שבע,
37312,באר שבע מרכז,תל אביב מרכז,באר שבע מרכז-באר שבע --> תל אביב מרכז-תל אביב יפו,תל אביב מרכז,רכבת ישראל,באר שבע,
37314,באר שבע צפון,אופקים,באר שבע מרכז-באר שבע --> תל אביב מרכז-תל אביב יפו,תל אביב מרכז,רכבת ישראל,באר שבע,
37314,באר שבע צפון,נתיבות,באר שבע מרכז-באר שבע --> תל אביב מרכז-תל אביב יפו,תל אביב מרכז,רכבת ישראל,באר שבע,
37314,באר שבע צפון,שדרות,באר שבע מרכז-באר שבע --> תל אביב מרכז-תל אביב יפו,תל אביב מרכז,רכבת ישראל,באר שבע,
37314,באר שבע צפון,אשקלון,באר שבע מרכז-באר שבע --> תל אביב מרכז-תל אביב יפו,תל אביב מרכז,רכבת ישראל,באר שבע,
37314,באר שבע צפון,אשדוד עד הלום- מטרופול,באר שבע מרכז-באר שבע --> תל אביב מרכז-תל אביב יפו,תל אביב מרכז,רכבת ישראל,באר שבע,
37314,באר שבע צפון,יבנה מערב,באר שבע מרכז-באר שבע --> תל אביב מרכז-תל אביב יפו,תל אביב מרכז,רכבת ישראל,באר שבע,
37314,באר שבע צפון,רשל''צ משה דיין,באר שבע מרכז-באר שבע --> תל אביב מרכז-תל אביב יפו,תל אביב מרכז,רכבת ישראל,באר שבע,
37314,באר שבע צפון,בת ים קוממיות,באר שבע מרכז-באר שבע --> תל אביב מרכז-תל אביב יפו,תל אביב מרכז,רכבת ישראל,באר שבע,
37314,באר שבע צפון,בת ים אלי כהן - יוספטל,באר שבע מרכז-באר שבע --> תל אביב מרכז-תל אביב יפו,תל אביב מרכז,רכבת ישראל,באר שבע,
37314,באר שבע צפון,חולון וולפסון,באר שבע מרכז-באר שבע --> תל אביב מרכז-תל אביב יפו,תל אביב מרכז,רכבת ישראל,באר שבע,
37314,באר שבע צפון,צומת חולון,באר שבע מרכז-באר שבע --> תל אביב מרכז-תל אביב יפו,תל אביב מרכז,רכבת ישראל,באר שבע,
37314,באר שבע צפון,תל אביב ההגנה,באר שבע מרכז-באר שבע --> תל אביב מרכז-תל אביב יפו,תל אביב מרכז,רכבת ישראל,באר שבע,
37314,באר שבע צפון,השלום,באר שבע מרכז-באר שבע --> תל אביב מרכז-תל אביב יפו,תל אביב מרכז,רכבת ישראל,באר שבע,
37314,באר שבע צפון,תל אביב מרכז,באר שבע מרכז-באר שבע --> תל אביב מרכז-תל אביב יפו,תל אביב מרכז,רכבת ישראל,באר שבע,
39260,אופקים,נתיבות,באר שבע מרכז-באר שבע --> תל אביב מרכז-תל אביב יפו,תל אביב מרכז,רכבת ישראל,אופקים,
39260,אופקים,שדרות,באר שבע מרכז-באר שבע --> תל אביב מרכז-תל אביב יפו,תל אביב מרכז,רכבת ישראל,אופקים,
39260,אופקים,אשקלון,באר שבע מרכז-באר שבע --> תל אביב מרכז-תל אביב יפו,תל אביב מרכז,רכבת ישראל,אופקים,
39260,אופקים,אשדוד עד הלום- מטרופול,באר שבע מרכז-באר שבע --> תל אביב מרכז-תל אביב יפו,תל אביב מרכז,רכבת ישראל,אופקים,
39260,אופקים,יבנה מערב,באר שבע מרכז-באר שבע --> תל אביב מרכז-תל אביב יפו,תל אביב מרכז,רכבת ישראל,אופקים,
39260,אופקים,רשל''צ משה דיין,באר שבע מרכז-באר שבע --> תל אביב מרכז-תל אביב יפו,תל אביב מרכז,רכבת ישראל,אופקים,
39260,אופקים,בת ים קוממיות,באר שבע מרכז-באר שבע --> תל אביב מרכז-תל אביב יפו,תל אביב מרכז,רכבת ישראל,אופקים,
39260,אופקים,בת ים אלי כהן - יוספטל,באר שבע מרכז-באר שבע --> תל אביב מרכז-תל אביב יפו,תל אביב מרכז,רכבת ישראל,אופקים,
39260,אופקים,חולון וולפסון,באר שבע מרכז-באר שבע --> תל אביב מרכז-תל אביב יפו,תל אביב מרכז,רכבת ישראל,אופקים,
39260,אופקים,צומת חולון,באר שבע מרכז-באר שבע --> תל אביב מרכז-תל אביב יפו,תל אביב מרכז,רכבת ישראל,אופקים,
39260,אופקים,תל אביב ההגנה,באר שבע מרכז-באר שבע --> תל אביב מרכז-תל אביב יפו,תל אביב מרכז,רכבת ישראל,אופקים,
39260,אופקים,השלום,באר שבע מרכז-באר שבע --> תל אביב מרכז-תל אביב יפו,תל אביב מרכז,רכבת ישראל,אופקים,
39260,אופקים,תל אביב מרכז,באר שבע מרכז-באר שבע --> תל אביב מרכז-תל אביב יפו,תל אביב מרכז,רכבת ישראל,אופקים,
38643,נתיבות,שדרות,באר שבע מרכז-באר שבע --> תל אביב מרכז-תל אביב יפו,תל אביב מרכז,רכבת ישראל,נתיבות,
38643,נתיבות,אשקלון,באר שבע מרכז-באר שבע --> תל אביב מרכז-תל אביב יפו,תל אביב מרכז,רכבת ישראל,נתיבות,
38643,נתיבות,אשדוד עד הלום- מטרופול,באר שבע מרכז-באר שבע --> תל אביב מרכז-תל אביב יפו,תל אביב מרכז,רכבת ישראל,נתיבות,
38643,נתיבות,יבנה מערב,באר שבע מרכז-באר שבע --> תל אביב מרכז-תל אביב יפו,תל אביב מרכז,רכבת ישראל,נתיבות,
38643,נתיבות,רשל''צ משה דיין,באר שבע מרכז-באר שבע --> תל אביב מרכז-תל אביב יפו,תל אביב מרכז,רכבת ישראל,נתיבות,
38643,נתיבות,בת ים קוממיות,באר שבע מרכז-באר שבע --> תל אביב מרכז-תל אביב יפו,תל אביב מרכז,רכבת ישראל,נתיבות,
38643,נתיבות,בת ים אלי כהן - יוספטל,באר שבע מרכז-באר שבע --> תל אביב מרכז-תל אביב יפו,תל אביב מרכז,רכבת ישראל,נתיבות,
38643,נתיבות,חולון וולפסון,באר שבע מרכז-באר שבע --> תל אביב מרכז-תל אביב יפו,תל אביב מרכז,רכבת ישראל,נתיבות,
38643,נתיבות,צומת חולון,באר שבע מרכז-באר שבע --> תל אביב מרכז-תל אביב יפו,תל אביב מרכז,רכבת ישראל,נתיבות,
38643,נתיבות,תל אביב ההגנה,באר שבע מרכז-באר שבע --> תל אביב מרכז-תל אביב יפו,תל אביב מרכז,רכבת ישראל,נתיבות,
38643,נתיבות,השלום,באר שבע מרכז-באר שבע --> תל אביב מרכז-תל אביב יפו,תל אביב מרכז,רכבת ישראל,נתיבות,
38643,נתיבות,תל אביב מרכז,באר שבע מרכז-באר שבע --> תל אביב מרכז-תל אביב יפו,תל אביב מרכז,רכבת ישראל,נתיבות,
37290,שדרות,אשקלון,באר שבע מרכז-באר שבע --> תל אביב מרכז-תל אביב יפו,תל אביב מרכז,רכבת ישראל,שדרות,
37290,שדרות,אשדוד עד הלום- מטרופול,באר שבע מרכז-באר שבע --> תל אביב מרכז-תל אביב יפו,תל אביב מרכז,רכבת ישראל,שדרות,
37290,שדרות,יבנה מערב,באר שבע מרכז-באר שבע --> תל אביב מרכז-תל אביב יפו,תל אביב מרכז,רכבת ישראל,שדרות,
37290,שדרות,רשל''צ משה דיין,באר שבע מרכז-באר שבע --> תל אביב מרכז-תל אביב יפו,תל אביב מרכז,רכבת ישראל,שדרות,
37290,שדרות,בת ים קוממיות,באר שבע מרכז-באר שבע --> תל אביב מרכז-תל אביב יפו,תל אביב מרכז,רכבת ישראל,שדרות,
37290,שדרות,בת ים אלי כהן - יוספטל,באר שבע מרכז-באר שבע --> תל אביב מרכז-תל אביב יפו,תל אביב מרכז,רכבת ישראל,שדרות,
37290,שדרות,חולון וולפסון,באר שבע מרכז-באר שבע --> תל אביב מרכז-תל אביב יפו,תל אביב מרכז,רכבת ישראל,שדרות,
37290,שדרות,צומת חולון,באר שבע מרכז-באר שבע --> תל אביב מרכז-תל אביב יפו,תל אביב מרכז,רכבת ישראל,שדרות,
37290,שדרות,תל אביב ההגנה,באר שבע מרכז-באר שבע --> תל אביב מרכז-תל אביב יפו,תל אביב מרכז,רכבת ישראל,שדרות,
37290,שדרות,השלום,באר שבע מרכז-באר שבע --> תל אביב מרכז-תל אביב יפו,תל אביב מרכז,רכבת ישראל,שדרות,
37290,שדרות,תל אביב מרכז,באר שבע מרכז-באר שבע --> תל אביב מרכז-תל אביב יפו,תל אביב מרכז,רכבת ישראל,שדרות,
37324,אשקלון,אשדוד עד הלום- מטרופול,באר שבע מרכז-באר שבע --> תל אביב מרכז-תל אביב יפו,תל אביב מרכז,רכבת ישראל,אשקלון,
37324,אשקלון,יבנה מערב,באר שבע מרכז-באר שבע --> תל אביב מרכז-תל אביב יפו,תל אביב מרכז,רכבת ישראל,אשקלון,
37324,אשקלון,רשל''צ משה דיין,באר שבע מרכז-באר שבע --> תל אביב מרכז-תל אביב יפו,תל אביב מרכז,רכבת ישראל,אשקלון,
37324,אשקלון,בת ים קוממיות,באר שבע מרכז-באר שבע --> תל אביב מרכז-תל אביב יפו,תל אביב מרכז,רכבת ישראל,אשקלון,
37324,אשקלון,בת ים אלי כהן - יוספטל,באר שבע מרכז-באר שבע --> תל אביב מרכז-תל אביב יפו,תל אביב מרכז,רכבת ישראל,אשקלון,
37324,אשקלון,חולון וולפסון,באר שבע מרכז-באר שבע --> תל אביב מרכז-תל אביב יפו,תל אביב מרכז,רכבת ישראל,אשקלון,
37324,אשקלון,צומת חולון,באר שבע מרכז-באר שבע --> תל אביב מרכז-תל אביב יפו,תל אביב מרכז,רכבת ישראל,אשקלון,
37324,אשקלון,תל אביב ההגנה,באר שבע מרכז-באר שבע --> תל אביב מרכז-תל אביב יפו,תל אביב מרכז,רכבת ישראל,אשקלון,
37324,אשקלון,השלום,באר שבע מרכז-באר שבע --> תל אביב מרכז-תל אביב יפו,תל אביב מרכז,רכבת ישראל,אשקלון,
37324,אשקלון,תל אביב מרכז,באר שבע מרכז-באר שבע --> תל אביב מרכז-תל אביב יפו,תל אביב מרכז,רכבת ישראל,אשקלון,
37326,אשדוד עד הלום- מטרופול,יבנה מערב,באר שבע מרכז-באר שבע --> תל אביב מרכז-תל אביב יפו,תל אביב מרכז,רכבת ישראל,אשדוד,
37326,אשדוד עד הלום- מטרופול,רשל''צ משה דיין,באר שבע מרכז-באר שבע --> תל אביב מרכז-תל אביב יפו,תל אביב מרכז,רכבת ישראל,אשדוד,
37326,אשדוד עד הלום- מטרופול,בת ים קוממיות,באר שבע מרכז-באר שבע --> תל אביב מרכז-תל אביב יפו,תל אביב מרכז,רכבת ישראל,אשדוד,
37326,אשדוד עד הלום- מטרופול,בת ים אלי כהן - יוספטל,באר שבע מרכז-באר שבע --> תל אביב מרכז-תל אביב יפו,תל אביב מרכז,רכבת ישראל,אשדוד,
37326,אשדוד עד הלום- מטרופול,חולון וולפסון,באר שבע מרכז-באר שבע --> תל אביב מרכז-תל אביב יפו,תל אביב מרכז,רכבת ישראל,אשדוד,
37326,אשדוד עד הלום- מטרופול,צומת חולון,באר שבע מרכז-באר שבע --> תל אביב מרכז-תל אביב יפו,תל אביב מרכז,רכבת ישראל,אשדוד,
37326,אשדוד עד הלום- מטרופול,תל אביב ההגנה,באר שבע מרכז-באר שבע --> תל אביב מרכז-תל אביב יפו,תל אביב מרכז,רכבת ישראל,אשדוד,
37326,אשדוד עד הלום- מטרופול,השלום,באר שבע מרכז-באר שבע --> תל אביב מרכז-תל אביב יפו,תל אביב מרכז,רכבת ישראל,אשדוד,
37326,אשדוד עד הלום- מטרופול,תל אביב מרכז,באר שבע מרכז-באר שבע --> תל אביב מרכז-תל אביב יפו,תל אביב מרכז,רכבת ישראל,אשדוד,
37300,יבנה מערב,רשל''צ משה דיין,באר שבע מרכז-באר שבע --> תל אביב מרכז-תל אביב יפו,תל אביב מרכז,רכבת ישראל,יבנה,
37300,יבנה מערב,בת ים קוממיות,באר שבע מרכז-באר שבע --> תל אביב מרכז-תל אביב יפו,תל אביב מרכז,רכבת ישראל,יבנה,
37300,יבנה מערב,בת ים אלי כהן - יוספטל,באר שבע מרכז-באר שבע --> תל אביב מרכז-תל אביב יפו,תל אביב מרכז,רכבת ישראל,יבנה,
37300,יבנה מערב,חולון וולפסון,באר שבע מרכז-באר שבע --> תל אביב מרכז-תל אביב יפו,תל אביב מרכז,רכבת ישראל,יבנה,
37300,יבנה מערב,צומת חולון,באר שבע מרכז-באר שבע --> תל אביב מרכז-תל אביב יפו,תל אביב מרכז,רכבת ישראל,יבנה,
37300,יבנה מערב,תל אביב ההגנה,באר שבע מרכז-באר שבע --> תל אביב מרכז-תל אביב יפו,תל אביב מרכז,רכבת ישראל,יבנה,
37300,יבנה מערב,השלום,באר שבע מרכז-באר שבע --> תל אביב מרכז-תל אביב יפו,תל אביב מרכז,רכבת ישראל,יבנה,
37300,יבנה מערב,תל אביב מרכז,באר שבע מרכז-באר שבע --> תל אביב מרכז-תל אביב יפו,תל אביב מרכז,רכבת ישראל,יבנה,
37294,רשל''צ משה דיין,בת ים קוממיות,באר שבע מרכז-באר שבע --> תל אביב מרכז-תל אביב יפו,תל אביב מרכז,רכבת ישראל,ראשון לציון,
37294,רשל''צ משה דיין,בת ים אלי כהן - יוספטל,באר שבע מרכז-באר שבע --> תל אביב מרכז-תל אביב יפו,תל אביב מרכז,רכבת ישראל,ראשון לציון,
37294,רשל''צ משה דיין,חולון וולפסון,באר שבע מרכז-באר שבע --> תל אביב מרכז-תל אביב יפו,תל אביב מרכז,רכבת ישראל,ראשון לציון,
37294,רשל''צ משה דיין,צומת חולון,באר שבע מרכז-באר שבע --> תל אביב מרכז-תל אביב יפו,תל אביב מרכז,רכבת ישראל,ראשון לציון,
37294,רשל''צ משה דיין,תל אביב ההגנה,באר שבע מרכז-באר שבע --> תל אביב מרכז-תל אביב יפו,תל אביב מרכז,רכבת ישראל,ראשון לציון,
37294,רשל''צ משה דיין,השלום,באר שבע מרכז-באר שבע --> תל אביב מרכז-תל אביב יפו,תל אביב מרכז,רכבת ישראל,ראשון לציון,
37294,רשל''צ משה דיין,תל אביב מרכז,באר שבע מרכז-באר שבע --> תל אביב מרכז-תל אביב יפו,תל אביב מרכז,רכבת ישראל,ראשון לציון,
37342,בת ים קוממיות,בת ים אלי כהן - יוספטל,באר שבע מרכז-באר שבע --> תל אביב מרכז-תל אביב יפו,תל אביב מרכז,רכבת ישראל,חולון,
37342,בת ים קוממיות,חולון וולפסון,באר שבע מרכז-באר שבע --> תל אביב מרכז-תל אביב יפו,תל אביב מרכז,רכבת ישראל,חולון,
37342,בת ים קוממיות,צומת חולון,באר שבע מרכז-באר שבע --> תל אביב מרכז-תל אביב יפו,תל אביב מרכז,רכבת ישראל,חולון,
37342,בת ים קוממיות,תל אביב ההגנה,באר שבע מרכז-באר שבע --> תל אביב מרכז-תל אביב יפו,תל אביב מרכז,רכבת ישראל,חולון,
37342,בת ים קוממיות,השלום,באר שבע מרכז-באר שבע --> תל אביב מרכז-תל אביב יפו,תל אביב מרכז,רכבת ישראל,חולון,
37342,בת ים קוממיות,תל אביב מרכז,באר שבע מרכז-באר שבע --> תל אביב מרכז-תל אביב יפו,תל אביב מרכז,רכבת ישראל,חולון,
37344,בת ים אלי כהן - יוספטל,חולון וולפסון,באר שבע מרכז-באר שבע --> תל אביב מרכז-תל אביב יפו,תל אביב מרכז,רכבת ישראל,בת ים,
37344,בת ים אלי כהן - יוספטל,צומת חולון,באר שבע מרכז-באר שבע --> תל אביב מרכז-תל אביב יפו,תל אביב מרכז,רכבת ישראל,בת ים,
37344,בת ים אלי כהן - יוספטל,תל אביב ההגנה,באר שבע מרכז-באר שבע --> תל אביב מרכז-תל אביב יפו,תל אביב מרכז,רכבת ישראל,בת ים,
37344,בת ים אלי כהן - יוספטל,השלום,באר שבע מרכז-באר שבע --> תל אביב מרכז-תל אביב יפו,תל אביב מרכז,רכבת ישראל,בת ים,
37344,בת ים אלי כהן - יוספטל,תל אביב מרכז,באר שבע מרכז-באר שבע --> תל אביב מרכז-תל אביב יפו,תל אביב מרכז,רכבת ישראל,בת ים,
37346,חולון וולפסון,צומת חולון,באר שבע מרכז-באר שבע --> תל אביב מרכז-תל אביב יפו,תל אביב מרכז,רכבת ישראל,חולון,
37346,חולון וולפסון,תל אביב ההגנה,באר שבע מרכז-באר שבע --> תל אביב מרכז-תל אביב יפו,תל אביב מרכז,רכבת ישראל,חולון,
37346,חולון וולפסון,השלום,באר שבע מרכז-באר שבע --> תל אביב מרכז-תל אביב יפו,תל אביב מרכז,רכבת ישראל,חולון,
37346,חולון וולפסון,תל אביב מרכז,באר שבע מרכז-באר שבע --> תל אביב מרכז-תל אביב יפו,תל אביב מרכז,רכבת ישראל,חולון,
37348,צומת חולון,תל אביב ההגנה,באר שבע מרכז-באר שבע --> תל אביב מרכז-תל אביב יפו,תל אביב מרכז,רכבת ישראל,תל אביב יפו,
37348,צומת חולון,השלום,באר שבע מרכז-באר שבע --> תל אביב מרכז-תל אביב יפו,תל אביב מרכז,רכבת ישראל,תל אביב יפו,
37348,צומת חולון,תל אביב מרכז,באר שבע מרכז-באר שבע --> תל אביב מרכז-תל אביב יפו,תל אביב מרכז,רכבת ישראל,תל אביב יפו,
37292,תל אביב ההגנה,השלום,באר שבע מרכז-באר שבע --> תל אביב מרכז-תל אביב יפו,תל אביב מרכז,רכבת ישראל,תל אביב יפו,
37292,תל אביב ההגנה,תל אביב מרכז,באר שבע מרכז-באר שבע --> תל אביב מרכז-תל אביב יפו,תל אביב מרכז,רכבת ישראל,תל אביב יפו,
37350,השלום,תל אביב מרכז,באר שבע מרכז-באר שבע --> תל אביב מרכז-תל אביב יפו,תל אביב מרכז,רכבת ישראל,תל אביב יפו,
37312,באר שבע מרכז,תל אביב ההגנה,באר שבע מרכז-באר שבע --> הרצליה-הרצליה,הרצליה,רכבת ישראל,באר שבע,
37312,באר שבע מרכז,השלום,באר שבע מרכז-באר שבע --> הרצליה-הרצליה,הרצליה,רכבת ישראל,באר שבע,
37312,באר שבע מרכז,תל אביב מרכז,באר שבע מרכז-באר שבע --> הרצליה-הרצליה,הרצליה,רכבת ישראל,באר שבע,
37312,באר שבע מרכז,תל אביב האוניברסיטה - אקספו,באר שבע מרכז-באר שבע --> הרצליה-הרצליה,הרצליה,רכבת ישראל,באר שבע,
37312,באר שבע מרכז,בני ברק,באר שבע מרכז-באר שבע --> הרצליה-הרצליה,הרצליה,רכבת ישראל,באר שבע,
37312,באר שבע מרכז,קרית אריה,באר שבע מרכז-באר שבע --> הרצליה-הרצליה,הרצליה,רכבת ישראל,באר שבע,
37312,באר שבע מרכז,סגולה,באר שבע מרכז-באר שבע --> הרצליה-הרצליה,הרצליה,רכבת ישראל,באר שבע,
37312,באר שבע מרכז,ראש העין צפון,באר שבע מרכז-באר שבע --> הרצליה-הרצליה,הרצליה,רכבת ישראל,באר שבע,
37312,באר שבע מרכז,כפר סבא,באר שבע מרכז-באר שבע --> הרצליה-הרצליה,הרצליה,רכבת ישראל,באר שבע,
37312,באר שבע מרכז,הוד השרון,באר שבע מרכז-באר שבע --> הרצליה-הרצליה,הרצליה,רכבת ישראל,באר שבע,
37312,באר שבע מרכז,רעננה דרום,באר שבע מרכז-באר שבע --> הרצליה-הרצליה,הרצליה,רכבת ישראל,באר שבע,
37312,באר שבע מרכז,רעננה מערב,באר שבע מרכז-באר שבע --> הרצליה-הרצליה,הרצליה,רכבת ישראל,באר שבע,
37312,באר שבע מרכז,הרצליה,באר שבע מרכז-באר שבע --> הרצליה-הרצליה,הרצליה,רכבת ישראל,באר שבע,
37314,באר שבע צפון,תל אביב ההגנה,באר שבע מרכז-באר שבע --> הרצליה-הרצליה,הרצליה,רכבת ישראל,באר שבע,
37314,באר שבע צפון,השלום,באר שבע מרכז-באר שבע --> הרצליה-הרצליה,הרצליה,רכבת ישראל,באר שבע,
37314,באר שבע צפון,תל אביב מרכז,באר שבע מרכז-באר שבע --> הרצליה-הרצליה,הרצליה,רכבת ישראל,באר שבע,
37314,באר שבע צפון,תל אביב האוניברסיטה - אקספו,באר שבע מרכז-באר שבע --> הרצליה-הרצליה,הרצליה,רכבת ישראל,באר שבע,
37314,באר שבע צפון,בני ברק,באר שבע מרכז-באר שבע --> הרצליה-הרצליה,הרצליה,רכבת ישראל,באר שבע,
37314,באר שבע צפון,קרית אריה,באר שבע מרכז-באר שבע --> הרצליה-הרצליה,הרצליה,רכבת ישראל,באר שבע,
37314,באר שבע צפון,סגולה,באר שבע מרכז-באר שבע --> הרצליה-הרצליה,הרצליה,רכבת ישראל,באר שבע,
37314,באר שבע צפון,ראש העין צפון,באר שבע מרכז-באר שבע --> הרצליה-הרצליה,הרצליה,רכבת ישראל,באר שבע,
37314,באר שבע צפון,כפר סבא,באר שבע מרכז-באר שבע --> הרצליה-הרצליה,הרצליה,רכבת ישראל,באר שבע,
37314,באר שבע צפון,הוד השרון,באר שבע מרכז-באר שבע --> הרצליה-הרצליה,הרצליה,רכבת ישראל,באר שבע,
37314,באר שבע צפון,רעננה דרום,באר שבע מרכז-באר שבע --> הרצליה-הרצליה,הרצליה,רכבת ישראל,באר שבע,
37314,באר שבע צפון,רעננה מערב,באר שבע מרכז-באר שבע --> הרצליה-הרצליה,הרצליה,רכבת ישראל,באר שבע,
37314,באר שבע צפון,הרצליה,באר שבע מרכז-באר שבע --> הרצליה-הרצליה,הרצליה,רכבת ישראל,באר שבע,
39260,אופקים,תל אביב ההגנה,באר שבע מרכז-באר שבע --> הרצליה-הרצליה,הרצליה,רכבת ישראל,אופקים,
39260,אופקים,השלום,באר שבע מרכז-באר שבע --> הרצליה-הרצליה,הרצליה,רכבת ישראל,אופקים,
39260,אופקים,תל אביב מרכז,באר שבע מרכז-באר שבע --> הרצליה-הרצליה,הרצליה,רכבת ישראל,אופקים,
39260,אופקים,תל אביב האוניברסיטה - אקספו,באר שבע מרכז-באר שבע --> הרצליה-הרצליה,הרצליה,רכבת ישראל,אופקים,
39260,אופקים,בני ברק,באר שבע מרכז-באר שבע --> הרצליה-הרצליה,הרצליה,רכבת ישראל,אופקים,
39260,אופקים,קרית אריה,באר שבע מרכז-באר שבע --> הרצליה-הרצליה,הרצליה,רכבת ישראל,אופקים,
39260,אופקים,סגולה,באר שבע מרכז-באר שבע --> הרצליה-הרצליה,הרצליה,רכבת ישראל,אופקים,
39260,אופקים,ראש העין צפון,באר שבע מרכז-באר שבע --> הרצליה-הרצליה,הרצליה,רכבת ישראל,אופקים,
39260,אופקים,כפר סבא,באר שבע מרכז-באר שבע --> הרצליה-הרצליה,הרצליה,רכבת ישראל,אופקים,
39260,אופקים,הוד השרון,באר שבע מרכז-באר שבע --> הרצליה-הרצליה,הרצליה,רכבת ישראל,אופקים,
39260,אופקים,רעננה דרום,באר שבע מרכז-באר שבע --> הרצליה-הרצליה,הרצליה,רכבת ישראל,אופקים,
39260,אופקים,רעננה מערב,באר שבע מרכז-באר שבע --> הרצליה-הרצליה,הרצליה,רכבת ישראל,אופקים,
39260,אופקים,הרצליה,באר שבע מרכז-באר שבע --> הרצליה-הרצליה,הרצליה,רכבת ישראל,אופקים,
38643,נתיבות,תל אביב ההגנה,באר שבע מרכז-באר שבע --> הרצליה-הרצליה,הרצליה,רכבת ישראל,נתיבות,
38643,נתיבות,השלום,באר שבע מרכז-באר שבע --> הרצליה-הרצליה,הרצליה,רכבת ישראל,נתיבות,
38643,נתיבות,תל אביב מרכז,באר שבע מרכז-באר שבע --> הרצליה-הרצליה,הרצליה,רכבת ישראל,נתיבות,
38643,נתיבות,תל אביב האוניברסיטה - אקספו,באר שבע מרכז-באר שבע --> הרצליה-הרצליה,הרצליה,רכבת ישראל,נתיבות,
38643,נתיבות,בני ברק,באר שבע מרכז-באר שבע --> הרצליה-הרצליה,הרצליה,רכבת ישראל,נתיבות,
38643,נתיבות,קרית אריה,באר שבע מרכז-באר שבע --> הרצליה-הרצליה,הרצליה,רכבת ישראל,נתיבות,
38643,נתיבות,סגולה,באר שבע מרכז-באר שבע --> הרצליה-הרצליה,הרצליה,רכבת ישראל,נתיבות,
38643,נתיבות,ראש העין צפון,באר שבע מרכז-באר שבע --> הרצליה-הרצליה,הרצליה,רכבת ישראל,נתיבות,
38643,נתיבות,כפר סבא,באר שבע מרכז-באר שבע --> הרצליה-הרצליה,הרצליה,רכבת ישראל,נתיבות,
38643,נתיבות,הוד השרון,באר שבע מרכז-באר שבע --> הרצליה-הרצליה,הרצליה,רכבת ישראל,נתיבות,
38643,נתיבות,רעננה דרום,באר שבע מרכז-באר שבע --> הרצליה-הרצליה,הרצליה,רכבת ישראל,נתיבות,
38643,נתיבות,רעננה מערב,באר שבע מרכז-באר שבע --> הרצליה-הרצליה,הרצליה,רכבת ישראל,נתיבות,
38643,נתיבות,הרצליה,באר שבע מרכז-באר שבע --> הרצליה-הרצליה,הרצליה,רכבת ישראל,נתיבות,
37290,שדרות,תל אביב ההגנה,באר שבע מרכז-באר שבע --> הרצליה-הרצליה,הרצליה,רכבת ישראל,שדרות,
37290,שדרות,השלום,באר שבע מרכז-באר שבע --> הרצליה-הרצליה,הרצליה,רכבת ישראל,שדרות,
37290,שדרות,תל אביב מרכז,באר שבע מרכז-באר שבע --> הרצליה-הרצליה,הרצליה,רכבת ישראל,שדרות,
37290,שדרות,תל אביב האוניברסיטה - אקספו,באר שבע מרכז-באר שבע --> הרצליה-הרצליה,הרצליה,רכבת ישראל,שדרות,
37290,שדרות,בני ברק,באר שבע מרכז-באר שבע --> הרצליה-הרצליה,הרצליה,רכבת ישראל,שדרות,
37290,שדרות,קרית אריה,באר שבע מרכז-באר שבע --> הרצליה-הרצליה,הרצליה,רכבת ישראל,שדרות,
37290,שדרות,סגולה,באר שבע מרכז-באר שבע --> הרצליה-הרצליה,הרצליה,רכבת ישראל,שדרות,
37290,שדרות,ראש העין צפון,באר שבע מרכז-באר שבע --> הרצליה-הרצליה,הרצליה,רכבת ישראל,שדרות,
37290,שדרות,כפר סבא,באר שבע מרכז-באר שבע --> הרצליה-הרצליה,הרצליה,רכבת ישראל,שדרות,
37290,שדרות,הוד השרון,באר שבע מרכז-באר שבע --> הרצליה-הרצליה,הרצליה,רכבת ישראל,שדרות,
37290,שדרות,רעננה דרום,באר שבע מרכז-באר שבע --> הרצליה-הרצליה,הרצליה,רכבת ישראל,שדרות,
37290,שדרות,רעננה מערב,באר שבע מרכז-באר שבע --> הרצליה-הרצליה,הרצליה,רכבת ישראל,שדרות,
37290,שדרות,הרצליה,באר שבע מרכז-באר שבע --> הרצליה-הרצליה,הרצליה,רכבת ישראל,שדרות,
37324,אשקלון,תל אביב ההגנה,באר שבע מרכז-באר שבע --> הרצליה-הרצליה,הרצליה,רכבת ישראל,אשקלון,
37324,אשקלון,השלום,באר שבע מרכז-באר שבע --> הרצליה-הרצליה,הרצליה,רכבת ישראל,אשקלון,
37324,אשקלון,תל אביב מרכז,באר שבע מרכז-באר שבע --> הרצליה-הרצליה,הרצליה,רכבת ישראל,אשקלון,
37324,אשקלון,תל אביב האוניברסיטה - אקספו,באר שבע מרכז-באר שבע --> הרצליה-הרצליה,הרצליה,רכבת ישראל,אשקלון,
37324,אשקלון,בני ברק,באר שבע מרכז-באר שבע --> הרצליה-הרצליה,הרצליה,רכבת ישראל,אשקלון,
37324,אשקלון,קרית אריה,באר שבע מרכז-באר שבע --> הרצליה-הרצליה,הרצליה,רכבת ישראל,אשקלון,
37324,אשקלון,סגולה,באר שבע מרכז-באר שבע --> הרצליה-הרצליה,הרצליה,רכבת ישראל,אשקלון,
37324,אשקלון,ראש העין צפון,באר שבע מרכז-באר שבע --> הרצליה-הרצליה,הרצליה,רכבת ישראל,אשקלון,
37324,אשקלון,כפר סבא,באר שבע מרכז-באר שבע --> הרצליה-הרצליה,הרצליה,רכבת ישראל,אשקלון,
37324,אשקלון,הוד השרון,באר שבע מרכז-באר שבע --> הרצליה-הרצליה,הרצליה,רכבת ישראל,אשקלון,
37324,אשקלון,רעננה דרום,באר שבע מרכז-באר שבע --> הרצליה-הרצליה,הרצליה,רכבת ישראל,אשקלון,
37324,אשקלון,רעננה מערב,באר שבע מרכז-באר שבע --> הרצליה-הרצליה,הרצליה,רכבת ישראל,אשקלון,
37324,אשקלון,הרצליה,באר שבע מרכז-באר שבע --> הרצליה-הרצליה,הרצליה,רכבת ישראל,אשקלון,
37326,אשדוד עד הלום- מטרופול,תל אביב ההגנה,באר שבע מרכז-באר שבע --> הרצליה-הרצליה,הרצליה,רכבת ישראל,אשדוד,
37326,אשדוד עד הלום- מטרופול,השלום,באר שבע מרכז-באר שבע --> הרצליה-הרצליה,הרצליה,רכבת ישראל,אשדוד,
37326,אשדוד עד הלום- מטרופול,תל אביב מרכז,באר שבע מרכז-באר שבע --> הרצליה-הרצליה,הרצליה,רכבת ישראל,אשדוד,
37326,אשדוד עד הלום- מטרופול,תל אביב האוניברסיטה - אקספו,באר שבע מרכז-באר שבע --> הרצליה-הרצליה,הרצליה,רכבת ישראל,אשדוד,
37326,אשדוד עד הלום- מטרופול,בני ברק,באר שבע מרכז-באר שבע --> הרצליה-הרצליה,הרצליה,רכבת ישראל,אשדוד,
37326,אשדוד עד הלום- מטרופול,קרית אריה,באר שבע מרכז-באר שבע --> הרצליה-הרצליה,הרצליה,רכבת ישראל,אשדוד,
37326,אשדוד עד הלום- מטרופול,סגולה,באר שבע מרכז-באר שבע --> הרצליה-הרצליה,הרצליה,רכבת ישראל,אשדוד,
37326,אשדוד עד הלום- מטרופול,ראש העין צפון,באר שבע מרכז-באר שבע --> הרצליה-הרצליה,הרצליה,רכבת ישראל,אשדוד,
37326,אשדוד עד הלום- מטרופול,כפר סבא,באר שבע מרכז-באר שבע --> הרצליה-הרצליה,הרצליה,רכבת ישראל,אשדוד,
37326,אשדוד עד הלום- מטרופול,הוד השרון,באר שבע מרכז-באר שבע --> הרצליה-הרצליה,הרצליה,רכבת ישראל,אשדוד,
37326,אשדוד עד הלום- מטרופול,רעננה דרום,באר שבע מרכז-באר שבע --> הרצליה-הרצליה,הרצליה,רכבת ישראל,אשדוד,
37326,אשדוד עד הלום- מטרופול,רעננה מערב,באר שבע מרכז-באר שבע --> הרצליה-הרצליה,הרצליה,רכבת ישראל,אשדוד,
37326,אשדוד עד הלום- מטרופול,הרצליה,באר שבע מרכז-באר שבע --> הרצליה-הרצליה,הרצליה,רכבת ישראל,אשדוד,
37300,יבנה מערב,תל אביב ההגנה,באר שבע מרכז-באר שבע --> הרצליה-הרצליה,הרצליה,רכבת ישראל,יבנה,
37300,יבנה מערב,השלום,באר שבע מרכז-באר שבע --> הרצליה-הרצליה,הרצליה,רכבת ישראל,יבנה,
37300,יבנה מערב,תל אביב מרכז,באר שבע מרכז-באר שבע --> הרצליה-הרצליה,הרצליה,רכבת ישראל,יבנה,
37300,יבנה מערב,תל אביב האוניברסיטה - אקספו,באר שבע מרכז-באר שבע --> הרצליה-הרצליה,הרצליה,רכבת ישראל,יבנה,
37300,יבנה מערב,בני ברק,באר שבע מרכז-באר שבע --> הרצליה-הרצליה,הרצליה,רכבת ישראל,יבנה,
37300,יבנה מערב,קרית אריה,באר שבע מרכז-באר שבע --> הרצליה-הרצליה,הרצליה,רכבת ישראל,יבנה,
37300,יבנה מערב,סגולה,באר שבע מרכז-באר שבע --> הרצליה-הרצליה,הרצליה,רכבת ישראל,יבנה,
37300,יבנה מערב,ראש העין צפון,באר שבע מרכז-באר שבע --> הרצליה-הרצליה,הרצליה,רכבת ישראל,יבנה,
37300,יבנה מערב,כפר סבא,באר שבע מרכז-באר שבע --> הרצליה-הרצליה,הרצליה,רכבת ישראל,יבנה,
37300,יבנה מערב,הוד השרון,באר שבע מרכז-באר שבע --> הרצליה-הרצליה,הרצליה,רכבת ישראל,יבנה,
37300,יבנה מערב,רעננה דרום,באר שבע מרכז-באר שבע --> הרצליה-הרצליה,הרצליה,רכבת ישראל,יבנה,
37300,יבנה מערב,רעננה מערב,באר שבע מרכז-באר שבע --> הרצליה-הרצליה,הרצליה,רכבת ישראל,יבנה,
37300,יבנה מערב,הרצליה,באר שבע מרכז-באר שבע --> הרצליה-הרצליה,הרצליה,רכבת ישראל,יבנה,
37294,רשל''צ משה דיין,תל אביב ההגנה,באר שבע מרכז-באר שבע --> הרצליה-הרצליה,הרצליה,רכבת ישראל,ראשון לציון,
37294,רשל''צ משה דיין,השלום,באר שבע מרכז-באר שבע --> הרצליה-הרצליה,הרצליה,רכבת ישראל,ראשון לציון,
37294,רשל''צ משה דיין,תל אביב מרכז,באר שבע מרכז-באר שבע --> הרצליה-הרצליה,הרצליה,רכבת ישראל,ראשון לציון,
37294,רשל''צ משה דיין,תל אביב האוניברסיטה - אקספו,באר שבע מרכז-באר שבע --> הרצליה-הרצליה,הרצליה,רכבת ישראל,ראשון לציון,
37294,רשל''צ משה דיין,בני ברק,באר שבע מרכז-באר שבע --> הרצליה-הרצליה,הרצליה,רכבת ישראל,ראשון לציון,
37294,רשל''צ משה דיין,קרית אריה,באר שבע מרכז-באר שבע --> הרצליה-הרצליה,הרצליה,רכבת ישראל,ראשון לציון,
37294,רשל''צ משה דיין,סגולה,באר שבע מרכז-באר שבע --> הרצליה-הרצליה,הרצליה,רכבת ישראל,ראשון לציון,
37294,רשל''צ משה דיין,ראש העין צפון,באר שבע מרכז-באר שבע --> הרצליה-הרצליה,הרצליה,רכבת ישראל,ראשון לציון,
37294,רשל''צ משה דיין,כפר סבא,באר שבע מרכז-באר שבע --> הרצליה-הרצליה,הרצליה,רכבת ישראל,ראשון לציון,
37294,רשל''צ משה דיין,הוד השרון,באר שבע מרכז-באר שבע --> הרצליה-הרצליה,הרצליה,רכבת ישראל,ראשון לציון,
37294,רשל''צ משה דיין,רעננה דרום,באר שבע מרכז-באר שבע --> הרצליה-הרצליה,הרצליה,רכבת ישראל,ראשון לציון,
37294,רשל''צ משה דיין,רעננה מערב,באר שבע מרכז-באר שבע --> הרצליה-הרצליה,הרצליה,רכבת ישראל,ראשון לציון,
37294,רשל''צ משה דיין,הרצליה,באר שבע מרכז-באר שבע --> הרצליה-הרצליה,הרצליה,רכבת ישראל,ראשון לציון,
37292,תל אביב ההגנה,השלום,באר שבע מרכז-באר שבע --> הרצליה-הרצליה,הרצליה,רכבת ישראל,תל אביב יפו,
37292,תל אביב ההגנה,תל אביב מרכז,באר שבע מרכז-באר שבע --> הרצליה-הרצליה,הרצליה,רכבת ישראל,תל אביב יפו,
37292,תל אביב ההגנה,תל אביב האוניברסיטה - אקספו,באר שבע מרכז-באר שבע --> הרצליה-הרצליה,הרצליה,רכבת ישראל,תל אביב יפו,
37292,תל אביב ההגנה,בני ברק,באר שבע מרכז-באר שבע --> הרצליה-הרצליה,הרצליה,רכבת ישראל,תל אביב יפו,
37292,תל אביב ההגנה,קרית אריה,באר שבע מרכז-באר שבע --> הרצליה-הרצליה,הרצליה,רכבת ישראל,תל אביב יפו,
37292,תל אביב ההגנה,סגולה,באר שבע מרכז-באר שבע --> הרצליה-הרצליה,הרצליה,רכבת ישראל,תל אביב יפו,
37292,תל אביב ההגנה,ראש העין צפון,באר שבע מרכז-באר שבע --> הרצליה-הרצליה,הרצליה,רכבת ישראל,תל אביב יפו,
37292,תל אביב ההגנה,כפר סבא,באר שבע מרכז-באר שבע --> הרצליה-הרצליה,הרצליה,רכבת ישראל,תל אביב יפו,
37292,תל אביב ההגנה,הוד השרון,באר שבע מרכז-באר שבע --> הרצליה-הרצליה,הרצליה,רכבת ישראל,תל אביב יפו,
37292,תל אביב ההגנה,רעננה דרום,באר שבע מרכז-באר שבע --> הרצליה-הרצליה,הרצליה,רכבת ישראל,תל אביב יפו,
37292,תל אביב ההגנה,רעננה מערב,באר שבע מרכז-באר שבע --> הרצליה-הרצליה,הרצליה,רכבת ישראל,תל אביב יפו,
37292,תל אביב ההגנה,הרצליה,באר שבע מרכז-באר שבע --> הרצליה-הרצליה,הרצליה,רכבת ישראל,תל אביב יפו,
37350,השלום,תל אביב מרכז,באר שבע מרכז-באר שבע --> הרצליה-הרצליה,הרצליה,רכבת ישראל,תל אביב יפו,
37350,השלום,תל אביב האוניברסיטה - אקספו,באר שבע מרכז-באר שבע --> הרצליה-הרצליה,הרצליה,רכבת ישראל,תל אביב יפו,
37350,השלום,בני ברק,באר שבע מרכז-באר שבע --> הרצליה-הרצליה,הרצליה,רכבת ישראל,תל אביב יפו,
37350,השלום,קרית אריה,באר שבע מרכז-באר שבע --> הרצליה-הרצליה,הרצליה,רכבת ישראל,תל אביב יפו,
37350,השלום,סגולה,באר שבע מרכז-באר שבע --> הרצליה-הרצליה,הרצליה,רכבת ישראל,תל אביב יפו,
37350,השלום,ראש העין צפון,באר שבע מרכז-באר שבע --> הרצליה-הרצליה,הרצליה,רכבת ישראל,תל אביב יפו,
37350,השלום,כפר סבא,באר שבע מרכז-באר שבע --> הרצליה-הרצליה,הרצליה,רכבת ישראל,תל אביב יפו,
37350,השלום,הוד השרון,באר שבע מרכז-באר שבע --> הרצליה-הרצליה,הרצליה,רכבת ישראל,תל אביב יפו,
37350,השלום,רעננה דרום,באר שבע מרכז-באר שבע --> הרצליה-הרצליה,הרצליה,רכבת ישראל,תל אביב יפו,
37350,השלום,רעננה מערב,באר שבע מרכז-באר שבע --> הרצליה-הרצליה,הרצליה,רכבת ישראל,תל אביב יפו,
37350,השלום,הרצליה,באר שבע מרכז-באר שבע --> הרצליה-הרצליה,הרצליה,רכבת ישראל,תל אביב יפו,
37358,תל אביב מרכז,תל אביב האוניברסיטה - אקספו,באר שבע מרכז-באר שבע --> הרצליה-הרצליה,הרצליה,רכבת ישראל,תל אביב יפו,
37358,תל אביב מרכז,בני ברק,באר שבע מרכז-באר שבע --> הרצליה-הרצליה,הרצליה,רכבת ישראל,תל אביב יפו,
37358,תל אביב מרכז,קרית אריה,באר שבע מרכז-באר שבע --> הרצליה-הרצליה,הרצליה,רכבת ישראל,תל אביב יפו,
37358,תל אביב מרכז,סגולה,באר שבע מרכז-באר שבע --> הרצליה-הרצליה,הרצליה,רכבת ישראל,תל אביב יפו,
37358,תל אביב מרכז,ראש העין צפון,באר שבע מרכז-באר שבע --> הרצליה-הרצליה,הרצליה,רכבת ישראל,תל אביב יפו,
37358,תל אביב מרכז,כפר סבא,באר שבע מרכז-באר שבע --> הרצליה-הרצליה,הרצליה,רכבת ישראל,תל אביב יפו,
37358,תל אביב מרכז,הוד השרון,באר שבע מרכז-באר שבע --> הרצליה-הרצליה,הרצליה,רכבת ישראל,תל אביב יפו,
37358,תל אביב מרכז,רעננה דרום,באר שבע מרכז-באר שבע --> הרצליה-הרצליה,הרצליה,רכבת ישראל,תל אביב יפו,
37358,תל אביב מרכז,רעננה מערב,באר שבע מרכז-באר שבע --> הרצליה-הרצליה,הרצליה,רכבת ישראל,תל אביב יפו,
37358,תל אביב מרכז,הרצליה,באר שבע מרכז-באר שבע --> הרצליה-הרצליה,הרצליה,רכבת ישראל,תל אביב יפו,
37360,תל אביב האוניברסיטה - אקספו,בני ברק,באר שבע מרכז-באר שבע --> הרצליה-הרצליה,הרצליה,רכבת ישראל,תל אביב יפו,
37360,תל אביב האוניברסיטה - אקספו,קרית אריה,באר שבע מרכז-באר שבע --> הרצליה-הרצליה,הרצליה,רכבת ישראל,תל אביב יפו,
37360,תל אביב האוניברסיטה - אקספו,סגולה,באר שבע מרכז-באר שבע --> הרצליה-הרצליה,הרצליה,רכבת ישראל,תל אביב יפו,
37360,תל אביב האוניברסיטה - אקספו,ראש העין צפון,באר שבע מרכז-באר שבע --> הרצליה-הרצליה,הרצליה,רכבת ישראל,תל אביב יפו,
37360,תל אביב האוניברסיטה - אקספו,כפר סבא,באר שבע מרכז-באר שבע --> הרצליה-הרצליה,הרצליה,רכבת ישראל,תל אביב יפו,
37360,תל אביב האוניברסיטה - אקספו,הוד השרון,באר שבע מרכז-באר שבע --> הרצליה-הרצליה,הרצליה,רכבת ישראל,תל אביב יפו,
37360,תל אביב האוניברסיטה - אקספו,רעננה דרום,באר שבע מרכז-באר שבע --> הרצליה-הרצליה,הרצליה,רכבת ישראל,תל אביב יפו,
37360,תל אביב האוניברסיטה - אקספו,רעננה מערב,באר שבע מרכז-באר שבע --> הרצליה-הרצליה,הרצליה,רכבת ישראל,תל אביב יפו,
37360,תל אביב האוניברסיטה - אקספו,הרצליה,באר שבע מרכז-באר שבע --> הרצליה-הרצליה,הרצליה,רכבת ישראל,תל אביב יפו,
37356,בני ברק,קרית אריה,באר שבע מרכז-באר שבע --> הרצליה-הרצליה,הרצליה,רכבת ישראל,בני ברק,
37356,בני ברק,סגולה,באר שבע מרכז-באר שבע --> הרצליה-הרצליה,הרצליה,רכבת ישראל,בני ברק,
37356,בני ברק,ראש העין צפון,באר שבע מרכז-באר שבע --> הרצליה-הרצליה,הרצליה,רכבת ישראל,בני ברק,
37356,בני ברק,כפר סבא,באר שבע מרכז-באר שבע --> הרצליה-הרצליה,הרצליה,רכבת ישראל,בני ברק,
37356,בני ברק,הוד השרון,באר שבע מרכז-באר שבע --> הרצליה-הרצליה,הרצליה,רכבת ישראל,בני ברק,
37356,בני ברק,רעננה דרום,באר שבע מרכז-באר שבע --> הרצליה-הרצליה,הרצליה,רכבת ישראל,בני ברק,
37356,בני ברק,רעננה מערב,באר שבע מרכז-באר שבע --> הרצליה-הרצליה,הרצליה,רכבת ישראל,בני ברק,
37356,בני ברק,הרצליה,באר שבע מרכז-באר שבע --> הרצליה-הרצליה,הרצליה,רכבת ישראל,בני ברק,
37354,קרית אריה,סגולה,באר שבע מרכז-באר שבע --> הרצליה-הרצליה,הרצליה,רכבת ישראל,פתח תקווה,
37354,קרית אריה,ראש העין צפון,באר שבע מרכז-באר שבע --> הרצליה-הרצליה,הרצליה,רכבת ישראל,פתח תקווה,
37354,קרית אריה,כפר סבא,באר שבע מרכז-באר שבע --> הרצליה-הרצליה,הרצליה,רכבת ישראל,פתח תקווה,
37354,קרית אריה,הוד השרון,באר שבע מרכז-באר שבע --> הרצליה-הרצליה,הרצליה,רכבת ישראל,פתח תקווה,
37354,קרית אריה,רעננה דרום,באר שבע מרכז-באר שבע --> הרצליה-הרצליה,הרצליה,רכבת ישראל,פתח תקווה,
37354,קרית אריה,רעננה מערב,באר שבע מרכז-באר שבע --> הרצליה-הרצליה,הרצליה,רכבת ישראל,פתח תקווה,
37354,קרית אריה,הרצליה,באר שבע מרכז-באר שבע --> הרצליה-הרצליה,הרצליה,רכבת ישראל,פתח תקווה,
37352,סגולה,ראש העין צפון,באר שבע מרכז-באר שבע --> הרצליה-הרצליה,הרצליה,רכבת ישראל,פתח תקווה,
37352,סגולה,כפר סבא,באר שבע מרכז-באר שבע --> הרצליה-הרצליה,הרצליה,רכבת ישראל,פתח תקווה,
37352,סגולה,הוד השרון,באר שבע מרכז-באר שבע --> הרצליה-הרצליה,הרצליה,רכבת ישראל,פתח תקווה,
37352,סגולה,רעננה דרום,באר שבע מרכז-באר שבע --> הרצליה-הרצליה,הרצליה,רכבת ישראל,פתח תקווה,
37352,סגולה,רעננה מערב,באר שבע מרכז-באר שבע --> הרצליה-הרצליה,הרצליה,רכבת ישראל,פתח תקווה,
37352,סגולה,הרצליה,באר שבע מרכז-באר שבע --> הרצליה-הרצליה,הרצליה,רכבת ישראל,פתח תקווה,
37302,ראש העין צפון,כפר סבא,באר שבע מרכז-באר שבע --> הרצליה-הרצליה,הרצליה,רכבת ישראל,ראש העין,
37302,ראש העין צפון,הוד השרון,באר שבע מרכז-באר שבע --> הרצליה-הרצליה,הרצליה,רכבת ישראל,ראש העין,
37302,ראש העין צפון,רעננה דרום,באר שבע מרכז-באר שבע --> הרצליה-הרצליה,הרצליה,רכבת ישראל,ראש העין,
37302,ראש העין צפון,רעננה מערב,באר שבע מרכז-באר שבע --> הרצליה-הרצליה,הרצליה,רכבת ישראל,ראש העין,
37302,ראש העין צפון,הרצליה,באר שבע מרכז-באר שבע --> הרצליה-הרצליה,הרצליה,רכבת ישראל,ראש העין,
37304,כפר סבא,הוד השרון,באר שבע מרכז-באר שבע --> הרצליה-הרצליה,הרצליה,רכבת ישראל,כפר סבא,
37304,כפר סבא,רעננה דרום,באר שבע מרכז-באר שבע --> הרצליה-הרצליה,הרצליה,רכבת ישראל,כפר סבא,
37304,כפר סבא,רעננה מערב,באר שבע מרכז-באר שבע --> הרצליה-הרצליה,הרצליה,רכבת ישראל,כפר סבא,
37304,כפר סבא,הרצליה,באר שבע מרכז-באר שבע --> הרצליה-הרצליה,הרצליה,רכבת ישראל,כפר סבא,
37296,הוד השרון,רעננה דרום,באר שבע מרכז-באר שבע --> הרצליה-הרצליה,הרצליה,רכבת ישראל,הוד השרון,
37296,הוד השרון,רעננה מערב,באר שבע מרכז-באר שבע --> הרצליה-הרצליה,הרצליה,רכבת ישראל,הוד השרון,
37296,הוד השרון,הרצליה,באר שבע מרכז-באר שבע --> הרצליה-הרצליה,הרצליה,רכבת ישראל,הוד השרון,
42416,רעננה דרום,רעננה מערב,באר שבע מרכז-באר שבע --> הרצליה-הרצליה,הרצליה,רכבת ישראל,רעננה,
42416,רעננה דרום,הרצליה,באר שבע מרכז-באר שבע --> הרצליה-הרצליה,הרצליה,רכבת ישראל,רעננה,
42417,רעננה מערב,הרצליה,באר שבע מרכז-באר שבע --> הרצליה-הרצליה,הרצליה,רכבת ישראל,רעננה,
37362,הרצליה,רעננה מערב,הרצליה-הרצליה --> אשקלון-אשקלון,אשקלון,רכבת ישראל,הרצליה,
37362,הרצליה,רעננה דרום,הרצליה-הרצליה --> אשקלון-אשקלון,אשקלון,רכבת ישראל,הרצליה,
37362,הרצליה,הוד השרון,הרצליה-הרצליה --> אשקלון-אשקלון,אשקלון,רכבת ישראל,הרצליה,
37362,הרצליה,כפר סבא,הרצליה-הרצליה --> אשקלון-אשקלון,אשקלון,רכבת ישראל,הרצליה,
37362,הרצליה,ראש העין צפון,הרצליה-הרצליה --> אשקלון-אשקלון,אשקלון,רכבת ישראל,הרצליה,
37362,הרצליה,סגולה,הרצליה-הרצליה --> אשקלון-אשקלון,אשקלון,רכבת ישראל,הרצליה,
37362,הרצליה,קרית אריה,הרצליה-הרצליה --> אשקלון-אשקלון,אשקלון,רכבת ישראל,הרצליה,
37362,הרצליה,בני ברק,הרצליה-הרצליה --> אשקלון-אשקלון,אשקלון,רכבת ישראל,הרצליה,
37362,הרצליה,תל אביב האוניברסיטה - אקספו,הרצליה-הרצליה --> אשקלון-אשקלון,אשקלון,רכבת ישראל,הרצליה,
37362,הרצליה,תל אביב מרכז,הרצליה-הרצליה --> אשקלון-אשקלון,אשקלון,רכבת ישראל,הרצליה,
37362,הרצליה,השלום,הרצליה-הרצליה --> אשקלון-אשקלון,אשקלון,רכבת ישראל,הרצליה,
37362,הרצליה,תל אביב ההגנה,הרצליה-הרצליה --> אשקלון-אשקלון,אשקלון,רכבת ישראל,הרצליה,
37362,הרצליה,צומת חולון,הרצליה-הרצליה --> אשקלון-אשקלון,אשקלון,רכבת ישראל,הרצליה,
37362,הרצליה,חולון וולפסון,הרצליה-הרצליה --> אשקלון-אשקלון,אשקלון,רכבת ישראל,הרצליה,
37362,הרצליה,בת ים אלי כהן - יוספטל,הרצליה-הרצליה --> אשקלון-אשקלון,אשקלון,רכבת ישראל,הרצליה,
37362,הרצליה,בת ים קוממיות,הרצליה-הרצליה --> אשקלון-אשקלון,אשקלון,רכבת ישראל,הרצליה,
37362,הרצליה,רשל''צ משה דיין,הרצליה-הרצליה --> אשקלון-אשקלון,אשקלון,רכבת ישראל,הרצליה,
37362,הרצליה,יבנה מערב,הרצליה-הרצליה --> אשקלון-אשקלון,אשקלון,רכבת ישראל,הרצליה,
37362,הרצליה,אשדוד עד הלום- מטרופול,הרצליה-הרצליה --> אשקלון-אשקלון,אשקלון,רכבת ישראל,הרצליה,
37362,הרצליה,אשקלון,הרצליה-הרצליה --> אשקלון-אשקלון,אשקלון,רכבת ישראל,הרצליה,
42417,רעננה מערב,רעננה דרום,הרצליה-הרצליה --> אשקלון-אשקלון,אשקלון,רכבת ישראל,רעננה,
42417,רעננה מערב,הוד השרון,הרצליה-הרצליה --> אשקלון-אשקלון,אשקלון,רכבת ישראל,רעננה,
42417,רעננה מערב,כפר סבא,הרצליה-הרצליה --> אשקלון-אשקלון,אשקלון,רכבת ישראל,רעננה,
42417,רעננה מערב,ראש העין צפון,הרצליה-הרצליה --> אשקלון-אשקלון,אשקלון,רכבת ישראל,רעננה,
42417,רעננה מערב,סגולה,הרצליה-הרצליה --> אשקלון-אשקלון,אשקלון,רכבת ישראל,רעננה,
42417,רעננה מערב,קרית אריה,הרצליה-הרצליה --> אשקלון-אשקלון,אשקלון,רכבת ישראל,רעננה,
42417,רעננה מערב,בני ברק,הרצליה-הרצליה --> אשקלון-אשקלון,אשקלון,רכבת ישראל,רעננה,
42417,רעננה מערב,תל אביב האוניברסיטה - אקספו,הרצליה-הרצליה --> אשקלון-אשקלון,אשקלון,רכבת ישראל,רעננה,
42417,רעננה מערב,תל אביב מרכז,הרצליה-הרצליה --> אשקלון-אשקלון,אשקלון,רכבת ישראל,רעננה,
42417,רעננה מערב,השלום,הרצליה-הרצליה --> אשקלון-אשקלון,אשקלון,רכבת ישראל,רעננה,
42417,רעננה מערב,תל אביב ההגנה,הרצליה-הרצליה --> אשקלון-אשקלון,אשקלון,רכבת ישראל,רעננה,
42417,רעננה מערב,צומת חולון,הרצליה-הרצליה --> אשקלון-אשקלון,אשקלון,רכבת ישראל,רעננה,
42417,רעננה מערב,חולון וולפסון,הרצליה-הרצליה --> אשקלון-אשקלון,אשקלון,רכבת ישראל,רעננה,
42417,רעננה מערב,בת ים אלי כהן - יוספטל,הרצליה-הרצליה --> אשקלון-אשקלון,אשקלון,רכבת ישראל,רעננה,
42417,רעננה מערב,בת ים קוממיות,הרצליה-הרצליה --> אשקלון-אשקלון,אשקלון,רכבת ישראל,רעננה,
42417,רעננה מערב,רשל''צ משה דיין,הרצליה-הרצליה --> אשקלון-אשקלון,אשקלון,רכבת ישראל,רעננה,
42417,רעננה מערב,יבנה מערב,הרצליה-הרצליה --> אשקלון-אשקלון,אשקלון,רכבת ישראל,רעננה,
42417,רעננה מערב,אשדוד עד הלום- מטרופול,הרצליה-הרצליה --> אשקלון-אשקלון,אשקלון,רכבת ישראל,רעננה,
42417,רעננה מערב,אשקלון,הרצליה-הרצליה --> אשקלון-אשקלון,אשקלון,רכבת ישראל,רעננה,
42416,רעננה דרום,הוד השרון,הרצליה-הרצליה --> אשקלון-אשקלון,אשקלון,רכבת ישראל,רעננה,
42416,רעננה דרום,כפר סבא,הרצליה-הרצליה --> אשקלון-אשקלון,אשקלון,רכבת ישראל,רעננה,
42416,רעננה דרום,ראש העין צפון,הרצליה-הרצליה --> אשקלון-אשקלון,אשקלון,רכבת ישראל,רעננה,
42416,רעננה דרום,סגולה,הרצליה-הרצליה --> אשקלון-אשקלון,אשקלון,רכבת ישראל,רעננה,
42416,רעננה דרום,קרית אריה,הרצליה-הרצליה --> אשקלון-אשקלון,אשקלון,רכבת ישראל,רעננה,
42416,רעננה דרום,בני ברק,הרצליה-הרצליה --> אשקלון-אשקלון,אשקלון,רכבת ישראל,רעננה,
42416,רעננה דרום,תל אביב האוניברסיטה - אקספו,הרצליה-הרצליה --> אשקלון-אשקלון,אשקלון,רכבת ישראל,רעננה,
42416,רעננה דרום,תל אביב מרכז,הרצליה-הרצליה --> אשקלון-אשקלון,אשקלון,רכבת ישראל,רעננה,
42416,רעננה דרום,השלום,הרצליה-הרצליה --> אשקלון-אשקלון,אשקלון,רכבת ישראל,רעננה,
42416,רעננה דרום,תל אביב ההגנה,הרצליה-הרצליה --> אשקלון-אשקלון,אשקלון,רכבת ישראל,רעננה,
42416,רעננה דרום,צומת חולון,הרצליה-הרצליה --> אשקלון-אשקלון,אשקלון,רכבת ישראל,רעננה,
42416,רעננה דרום,חולון וולפסון,הרצליה-הרצליה --> אשקלון-אשקלון,אשקלון,רכבת ישראל,רעננה,
42416,רעננה דרום,בת ים אלי כהן - יוספטל,הרצליה-הרצליה --> אשקלון-אשקלון,אשקלון,רכבת ישראל,רעננה,
42416,רעננה דרום,בת ים קוממיות,הרצליה-הרצליה --> אשקלון-אשקלון,אשקלון,רכבת ישראל,רעננה,
42416,רעננה דרום,רשל''צ משה דיין,הרצליה-הרצליה --> אשקלון-אשקלון,אשקלון,רכבת ישראל,רעננה,
42416,רעננה דרום,יבנה מערב,הרצליה-הרצליה --> אשקלון-אשקלון,אשקלון,רכבת ישראל,רעננה,
42416,רעננה דרום,אשדוד עד הלום- מטרופול,הרצליה-הרצליה --> אשקלון-אשקלון,אשקלון,רכבת ישראל,רעננה,
42416,רעננה דרום,אשקלון,הרצליה-הרצליה --> אשקלון-אשקלון,אשקלון,רכבת ישראל,רעננה,
37296,הוד השרון,כפר סבא,הרצליה-הרצליה --> אשקלון-אשקלון,אשקלון,רכבת ישראל,הוד השרון,
37296,הוד השרון,ראש העין צפון,הרצליה-הרצליה --> אשקלון-אשקלון,אשקלון,רכבת ישראל,הוד השרון,
37296,הוד השרון,סגולה,הרצליה-הרצליה --> אשקלון-אשקלון,אשקלון,רכבת ישראל,הוד השרון,
37296,הוד השרון,קרית אריה,הרצליה-הרצליה --> אשקלון-אשקלון,אשקלון,רכבת ישראל,הוד השרון,
37296,הוד השרון,בני ברק,הרצליה-הרצליה --> אשקלון-אשקלון,אשקלון,רכבת ישראל,הוד השרון,
37296,הוד השרון,תל אביב האוניברסיטה - אקספו,הרצליה-הרצליה --> אשקלון-אשקלון,אשקלון,רכבת ישראל,הוד השרון,
37296,הוד השרון,תל אביב מרכז,הרצליה-הרצליה --> אשקלון-אשקלון,אשקלון,רכבת ישראל,הוד השרון,
37296,הוד השרון,השלום,הרצליה-הרצליה --> אשקלון-אשקלון,אשקלון,רכבת ישראל,הוד השרון,
37296,הוד השרון,תל אביב ההגנה,הרצליה-הרצליה --> אשקלון-אשקלון,אשקלון,רכבת ישראל,הוד השרון,
37296,הוד השרון,צומת חולון,הרצליה-הרצליה --> אשקלון-אשקלון,אשקלון,רכבת ישראל,הוד השרון,
37296,הוד השרון,חולון וולפסון,הרצליה-הרצליה --> אשקלון-אשקלון,אשקלון,רכבת ישראל,הוד השרון,
37296,הוד השרון,בת ים אלי כהן - יוספטל,הרצליה-הרצליה --> אשקלון-אשקלון,אשקלון,רכבת ישראל,הוד השרון,
37296,הוד השרון,בת ים קוממיות,הרצליה-הרצליה --> אשקלון-אשקלון,אשקלון,רכבת ישראל,הוד השרון,
37296,הוד השרון,רשל''צ משה דיין,הרצליה-הרצליה --> אשקלון-אשקלון,אשקלון,רכבת ישראל,הוד השרון,
37296,הוד השרון,יבנה מערב,הרצליה-הרצליה --> אשקלון-אשקלון,אשקלון,רכבת ישראל,הוד השרון,
37296,הוד השרון,אשדוד עד הלום- מטרופול,הרצליה-הרצליה --> אשקלון-אשקלון,אשקלון,רכבת ישראל,הוד השרון,
37296,הוד השרון,אשקלון,הרצליה-הרצליה --> אשקלון-אשקלון,אשקלון,רכבת ישראל,הוד השרון,
37304,כפר סבא,ראש העין צפון,הרצליה-הרצליה --> אשקלון-אשקלון,אשקלון,רכבת ישראל,כפר סבא,
37304,כפר סבא,סגולה,הרצליה-הרצליה --> אשקלון-אשקלון,אשקלון,רכבת ישראל,כפר סבא,
37304,כפר סבא,קרית אריה,הרצליה-הרצליה --> אשקלון-אשקלון,אשקלון,רכבת ישראל,כפר סבא,
37304,כפר סבא,בני ברק,הרצליה-הרצליה --> אשקלון-אשקלון,אשקלון,רכבת ישראל,כפר סבא,
37304,כפר סבא,תל אביב האוניברסיטה - אקספו,הרצליה-הרצליה --> אשקלון-אשקלון,אשקלון,רכבת ישראל,כפר סבא,
37304,כפר סבא,תל אביב מרכז,הרצליה-הרצליה --> אשקלון-אשקלון,אשקלון,רכבת ישראל,כפר סבא,
37304,כפר סבא,השלום,הרצליה-הרצליה --> אשקלון-אשקלון,אשקלון,רכבת ישראל,כפר סבא,
37304,כפר סבא,תל אביב ההגנה,הרצליה-הרצליה --> אשקלון-אשקלון,אשקלון,רכבת ישראל,כפר סבא,
37304,כפר סבא,צומת חולון,הרצליה-הרצליה --> אשקלון-אשקלון,אשקלון,רכבת ישראל,כפר סבא,
37304,כפר סבא,חולון וולפסון,הרצליה-הרצליה --> אשקלון-אשקלון,אשקלון,רכבת ישראל,כפר סבא,
37304,כפר סבא,בת ים אלי כהן - יוספטל,הרצליה-הרצליה --> אשקלון-אשקלון,אשקלון,רכבת ישראל,כפר סבא,
37304,כפר סבא,בת ים קוממיות,הרצליה-הרצליה --> אשקלון-אשקלון,אשקלון,רכבת ישראל,כפר סבא,
37304,כפר סבא,רשל''צ משה דיין,הרצליה-הרצליה --> אשקלון-אשקלון,אשקלון,רכבת ישראל,כפר סבא,
37304,כפר סבא,יבנה מערב,הרצליה-הרצליה --> אשקלון-אשקלון,אשקלון,רכבת ישראל,כפר סבא,
37304,כפר סבא,אשדוד עד הלום- מטרופול,הרצליה-הרצליה --> אשקלון-אשקלון,אשקלון,רכבת ישראל,כפר סבא,
37304,כפר סבא,אשקלון,הרצליה-הרצליה --> אשקלון-אשקלון,אשקלון,רכבת ישראל,כפר סבא,
37302,ראש העין צפון,סגולה,הרצליה-הרצליה --> אשקלון-אשקלון,אשקלון,רכבת ישראל,ראש העין,
37302,ראש העין צפון,קרית אריה,הרצליה-הרצליה --> אשקלון-אשקלון,אשקלון,רכבת ישראל,ראש העין,
37302,ראש העין צפון,בני ברק,הרצליה-הרצליה --> אשקלון-אשקלון,אשקלון,רכבת ישראל,ראש העין,
37302,ראש העין צפון,תל אביב האוניברסיטה - אקספו,הרצליה-הרצליה --> אשקלון-אשקלון,אשקלון,רכבת ישראל,ראש העין,
37302,ראש העין צפון,תל אביב מרכז,הרצליה-הרצליה --> אשקלון-אשקלון,אשקלון,רכבת ישראל,ראש העין,
37302,ראש העין צפון,השלום,הרצליה-הרצליה --> אשקלון-אשקלון,אשקלון,רכבת ישראל,ראש העין,
37302,ראש העין צפון,תל אביב ההגנה,הרצליה-הרצליה --> אשקלון-אשקלון,אשקלון,רכבת ישראל,ראש העין,
37302,ראש העין צפון,צומת חולון,הרצליה-הרצליה --> אשקלון-אשקלון,אשקלון,רכבת ישראל,ראש העין,
37302,ראש העין צפון,חולון וולפסון,הרצליה-הרצליה --> אשקלון-אשקלון,אשקלון,רכבת ישראל,ראש העין,
37302,ראש העין צפון,בת ים אלי כהן - יוספטל,הרצליה-הרצליה --> אשקלון-אשקלון,אשקלון,רכבת ישראל,ראש העין,
37302,ראש העין צפון,בת ים קוממיות,הרצליה-הרצליה --> אשקלון-אשקלון,אשקלון,רכבת ישראל,ראש העין,
37302,ראש העין צפון,רשל''צ משה דיין,הרצליה-הרצליה --> אשקלון-אשקלון,אשקלון,רכבת ישראל,ראש העין,
37302,ראש העין צפון,יבנה מערב,הרצליה-הרצליה --> אשקלון-אשקלון,אשקלון,רכבת ישראל,ראש העין,
37302,ראש העין צפון,אשדוד עד הלום- מטרופול,הרצליה-הרצליה --> אשקלון-אשקלון,אשקלון,רכבת ישראל,ראש העין,
37302,ראש העין צפון,אשקלון,הרצליה-הרצליה --> אשקלון-אשקלון,אשקלון,רכבת ישראל,ראש העין,
37352,סגולה,קרית אריה,הרצליה-הרצליה --> אשקלון-אשקלון,אשקלון,רכבת ישראל,פתח תקווה,
37352,סגולה,בני ברק,הרצליה-הרצליה --> אשקלון-אשקלון,אשקלון,רכבת ישראל,פתח תקווה,
37352,סגולה,תל אביב האוניברסיטה - אקספו,הרצליה-הרצליה --> אשקלון-אשקלון,אשקלון,רכבת ישראל,פתח תקווה,
37352,סגולה,תל אביב מרכז,הרצליה-הרצליה --> אשקלון-אשקלון,אשקלון,רכבת ישראל,פתח תקווה,
37352,סגולה,השלום,הרצליה-הרצליה --> אשקלון-אשקלון,אשקלון,רכבת ישראל,פתח תקווה,
37352,סגולה,תל אביב ההגנה,הרצליה-הרצליה --> אשקלון-אשקלון,אשקלון,רכבת ישראל,פתח תקווה,
37352,סגולה,צומת חולון,הרצליה-הרצליה --> אשקלון-אשקלון,אשקלון,רכבת ישראל,פתח תקווה,
37352,סגולה,חולון וולפסון,הרצליה-הרצליה --> אשקלון-אשקלון,אשקלון,רכבת ישראל,פתח תקווה,
37352,סגולה,בת ים אלי כהן - יוספטל,הרצליה-הרצליה --> אשקלון-אשקלון,אשקלון,רכבת ישראל,פתח תקווה,
37352,סגולה,בת ים קוממיות,הרצליה-הרצליה --> אשקלון-אשקלון,אשקלון,רכבת ישראל,פתח תקווה,
37352,סגולה,רשל''צ משה דיין,הרצליה-הרצליה --> אשקלון-אשקלון,אשקלון,רכבת ישראל,פתח תקווה,
37352,סגולה,יבנה מערב,הרצליה-הרצליה --> אשקלון-אשקלון,אשקלון,רכבת ישראל,פתח תקווה,
37352,סגולה,אשדוד עד הלום- מטרופול,הרצליה-הרצליה --> אשקלון-אשקלון,אשקלון,רכבת ישראל,פתח תקווה,
37352,סגולה,אשקלון,הרצליה-הרצליה --> אשקלון-אשקלון,אשקלון,רכבת ישראל,פתח תקווה,
37354,קרית אריה,בני ברק,הרצליה-הרצליה --> אשקלון-אשקלון,אשקלון,רכבת ישראל,פתח תקווה,
37354,קרית אריה,תל אביב האוניברסיטה - אקספו,הרצליה-הרצליה --> אשקלון-אשקלון,אשקלון,רכבת ישראל,פתח תקווה,
37354,קרית אריה,תל אביב מרכז,הרצליה-הרצליה --> אשקלון-אשקלון,אשקלון,רכבת ישראל,פתח תקווה,
37354,קרית אריה,השלום,הרצליה-הרצליה --> אשקלון-אשקלון,אשקלון,רכבת ישראל,פתח תקווה,
37354,קרית אריה,תל אביב ההגנה,הרצליה-הרצליה --> אשקלון-אשקלון,אשקלון,רכבת ישראל,פתח תקווה,
37354,קרית אריה,צומת חולון,הרצליה-הרצליה --> אשקלון-אשקלון,אשקלון,רכבת ישראל,פתח תקווה,
37354,קרית אריה,חולון וולפסון,הרצליה-הרצליה --> אשקלון-אשקלון,אשקלון,רכבת ישראל,פתח תקווה,
37354,קרית אריה,בת ים אלי כהן - יוספטל,הרצליה-הרצליה --> אשקלון-אשקלון,אשקלון,רכבת ישראל,פתח תקווה,
37354,קרית אריה,בת ים קוממיות,הרצליה-הרצליה --> אשקלון-אשקלון,אשקלון,רכבת ישראל,פתח תקווה,
37354,קרית אריה,רשל''צ משה דיין,הרצליה-הרצליה --> אשקלון-אשקלון,אשקלון,רכבת ישראל,פתח תקווה,
37354,קרית אריה,יבנה מערב,הרצליה-הרצליה --> אשקלון-אשקלון,אשקלון,רכבת ישראל,פתח תקווה,
37354,קרית אריה,אשדוד עד הלום- מטרופול,הרצליה-הרצליה --> אשקלון-אשקלון,אשקלון,רכבת ישראל,פתח תקווה,
37354,קרית אריה,אשקלון,הרצליה-הרצליה --> אשקלון-אשקלון,אשקלון,רכבת ישראל,פתח תקווה,
37356,בני ברק,תל אביב האוניברסיטה - אקספו,הרצליה-הרצליה --> אשקלון-אשקלון,אשקלון,רכבת ישראל,בני ברק,
37356,בני ברק,תל אביב מרכז,הרצליה-הרצליה --> אשקלון-אשקלון,אשקלון,רכבת ישראל,בני ברק,
37356,בני ברק,השלום,הרצליה-הרצליה --> אשקלון-אשקלון,אשקלון,רכבת ישראל,בני ברק,
37356,בני ברק,תל אביב ההגנה,הרצליה-הרצליה --> אשקלון-אשקלון,אשקלון,רכבת ישראל,בני ברק,
37356,בני ברק,צומת חולון,הרצליה-הרצליה --> אשקלון-אשקלון,אשקלון,רכבת ישראל,בני ברק,
37356,בני ברק,חולון וולפסון,הרצליה-הרצליה --> אשקלון-אשקלון,אשקלון,רכבת ישראל,בני ברק,
37356,בני ברק,בת ים אלי כהן - יוספטל,הרצליה-הרצליה --> אשקלון-אשקלון,אשקלון,רכבת ישראל,בני ברק,
37356,בני ברק,בת ים קוממיות,הרצליה-הרצליה --> אשקלון-אשקלון,אשקלון,רכבת ישראל,בני ברק,
37356,בני ברק,רשל''צ משה דיין,הרצליה-הרצליה --> אשקלון-אשקלון,אשקלון,רכבת ישראל,בני ברק,
37356,בני ברק,יבנה מערב,הרצליה-הרצליה --> אשקלון-אשקלון,אשקלון,רכבת ישראל,בני ברק,
37356,בני ברק,אשדוד עד הלום- מטרופול,הרצליה-הרצליה --> אשקלון-אשקלון,אשקלון,רכבת ישראל,בני ברק,
37356,בני ברק,אשקלון,הרצליה-הרצליה --> אשקלון-אשקלון,אשקלון,רכבת ישראל,בני ברק,
37360,תל אביב האוניברסיטה - אקספו,תל אביב מרכז,הרצליה-הרצליה --> אשקלון-אשקלון,אשקלון,רכבת ישראל,תל אביב יפו,
37360,תל אביב האוניברסיטה - אקספו,השלום,הרצליה-הרצליה --> אשקלון-אשקלון,אשקלון,רכבת ישראל,תל אביב יפו,
37360,תל אביב האוניברסיטה - אקספו,תל אביב ההגנה,הרצליה-הרצליה --> אשקלון-אשקלון,אשקלון,רכבת ישראל,תל אביב יפו,
37360,תל אביב האוניברסיטה - אקספו,צומת חולון,הרצליה-הרצליה --> אשקלון-אשקלון,אשקלון,רכבת ישראל,תל אביב יפו,
37360,תל אביב האוניברסיטה - אקספו,חולון וולפסון,הרצליה-הרצליה --> אשקלון-אשקלון,אשקלון,רכבת ישראל,תל אביב יפו,
37360,תל אביב האוניברסיטה - אקספו,בת ים אלי כהן - יוספטל,הרצליה-הרצליה --> אשקלון-אשקלון,אשקלון,רכבת ישראל,תל אביב יפו,
37360,תל אביב האוניברסיטה - אקספו,בת ים קוממיות,הרצליה-הרצליה --> אשקלון-אשקלון,אשקלון,רכבת ישראל,תל אביב יפו,
37360,תל אביב האוניברסיטה - אקספו,רשל''צ משה דיין,הרצליה-הרצליה --> אשקלון-אשקלון,אשקלון,רכבת ישראל,תל אביב יפו,
37360,תל אביב האוניברסיטה - אקספו,יבנה מערב,הרצליה-הרצליה --> אשקלון-אשקלון,אשקלון,רכבת ישראל,תל אביב יפו,
37360,תל אביב האוניברסיטה - אקספו,אשדוד עד הלום- מטרופול,הרצליה-הרצליה --> אשקלון-אשקלון,אשקלון,רכבת ישראל,תל אביב יפו,
37360,תל אביב האוניברסיטה - אקספו,אשקלון,הרצליה-הרצליה --> אשקלון-אשקלון,אשקלון,רכבת ישראל,תל אביב יפו,
37358,תל אביב מרכז,השלום,הרצליה-הרצליה --> אשקלון-אשקלון,אשקלון,רכבת ישראל,תל אביב יפו,
37358,תל אביב מרכז,תל אביב ההגנה,הרצליה-הרצליה --> אשקלון-אשקלון,אשקלון,רכבת ישראל,תל אביב יפו,
37358,תל אביב מרכז,צומת חולון,הרצליה-הרצליה --> אשקלון-אשקלון,אשקלון,רכבת ישראל,תל אביב יפו,
37358,תל אביב מרכז,חולון וולפסון,הרצליה-הרצליה --> אשקלון-אשקלון,אשקלון,רכבת ישראל,תל אביב יפו,
37358,תל אביב מרכז,בת ים אלי כהן - יוספטל,הרצליה-הרצליה --> אשקלון-אשקלון,אשקלון,רכבת ישראל,תל אביב יפו,
37358,תל אביב מרכז,בת ים קוממיות,הרצליה-הרצליה --> אשקלון-אשקלון,אשקלון,רכבת ישראל,תל אביב יפו,
37358,תל אביב מרכז,רשל''צ משה דיין,הרצליה-הרצליה --> אשקלון-אשקלון,אשקלון,רכבת ישראל,תל אביב יפו,
37358,תל אביב מרכז,יבנה מערב,הרצליה-הרצליה --> אשקלון-אשקלון,אשקלון,רכבת ישראל,תל אביב יפו,
37358,תל אביב מרכז,אשדוד עד הלום- מטרופול,הרצליה-הרצליה --> אשקלון-אשקלון,אשקלון,רכבת ישראל,תל אביב יפו,
37358,תל אביב מרכז,אשקלון,הרצליה-הרצליה --> אשקלון-אשקלון,אשקלון,רכבת ישראל,תל אביב יפו,
37350,השלום,תל אביב ההגנה,הרצליה-הרצליה --> אשקלון-אשקלון,אשקלון,רכבת ישראל,תל אביב יפו,
37350,השלום,צומת חולון,הרצליה-הרצליה --> אשקלון-אשקלון,אשקלון,רכבת ישראל,תל אביב יפו,
37350,השלום,חולון וולפסון,הרצליה-הרצליה --> אשקלון-אשקלון,אשקלון,רכבת ישראל,תל אביב יפו,
37350,השלום,בת ים אלי כהן - יוספטל,הרצליה-הרצליה --> אשקלון-אשקלון,אשקלון,רכבת ישראל,תל אביב יפו,
37350,השלום,בת ים קוממיות,הרצליה-הרצליה --> אשקלון-אשקלון,אשקלון,רכבת ישראל,תל אביב יפו,
37350,השלום,רשל''צ משה דיין,הרצליה-הרצליה --> אשקלון-אשקלון,אשקלון,רכבת ישראל,תל אביב יפו,
37350,השלום,יבנה מערב,הרצליה-הרצליה --> אשקלון-אשקלון,אשקלון,רכבת ישראל,תל אביב יפו,
37350,השלום,אשדוד עד הלום- מטרופול,הרצליה-הרצליה --> אשקלון-אשקלון,אשקלון,רכבת ישראל,תל אביב יפו,
37350,השלום,אשקלון,הרצליה-הרצליה --> אשקלון-אשקלון,אשקלון,רכבת ישראל,תל אביב יפו,
37292,תל אביב ההגנה,צומת חולון,הרצליה-הרצליה --> אשקלון-אשקלון,אשקלון,רכבת ישראל,תל אביב יפו,
37292,תל אביב ההגנה,חולון וולפסון,הרצליה-הרצליה --> אשקלון-אשקלון,אשקלון,רכבת ישראל,תל אביב יפו,
37292,תל אביב ההגנה,בת ים אלי כהן - יוספטל,הרצליה-הרצליה --> אשקלון-אשקלון,אשקלון,רכבת ישראל,תל אביב יפו,
37292,תל אביב ההגנה,בת ים קוממיות,הרצליה-הרצליה --> אשקלון-אשקלון,אשקלון,רכבת ישראל,תל אביב יפו,
37292,תל אביב ההגנה,רשל''צ משה דיין,הרצליה-הרצליה --> אשקלון-אשקלון,אשקלון,רכבת ישראל,תל אביב יפו,
37292,תל אביב ההגנה,יבנה מערב,הרצליה-הרצליה --> אשקלון-אשקלון,אשקלון,רכבת ישראל,תל אביב יפו,
37292,תל אביב ההגנה,אשדוד עד הלום- מטרופול,הרצליה-הרצליה --> אשקלון-אשקלון,אשקלון,רכבת ישראל,תל אביב יפו,
37292,תל אביב ההגנה,אשקלון,הרצליה-הרצליה --> אשקלון-אשקלון,אשקלון,רכבת ישראל,תל אביב יפו,
37348,צומת חולון,חולון וולפסון,הרצליה-הרצליה --> אשקלון-אשקלון,אשקלון,רכבת ישראל,תל אביב יפו,
37348,צומת חולון,בת ים אלי כהן - יוספטל,הרצליה-הרצליה --> אשקלון-אשקלון,אשקלון,רכבת ישראל,תל אביב יפו,
37348,צומת חולון,בת ים קוממיות,הרצליה-הרצליה --> אשקלון-אשקלון,אשקלון,רכבת ישראל,תל אביב יפו,
37348,צומת חולון,רשל''צ משה דיין,הרצליה-הרצליה --> אשקלון-אשקלון,אשקלון,רכבת ישראל,תל אביב יפו,
37348,צומת חולון,יבנה מערב,הרצליה-הרצליה --> אשקלון-אשקלון,אשקלון,רכבת ישראל,תל אביב יפו,
37348,צומת חולון,אשדוד עד הלום- מטרופול,הרצליה-הרצליה --> אשקלון-אשקלון,אשקלון,רכבת ישראל,תל אביב יפו,
37348,צומת חולון,אשקלון,הרצליה-הרצליה --> אשקלון-אשקלון,אשקלון,רכבת ישראל,תל אביב יפו,
37346,חולון וולפסון,בת ים אלי כהן - יוספטל,הרצליה-הרצליה --> אשקלון-אשקלון,אשקלון,רכבת ישראל,חולון,
37346,חולון וולפסון,בת ים קוממיות,הרצליה-הרצליה --> אשקלון-אשקלון,אשקלון,רכבת ישראל,חולון,
37346,חולון וולפסון,רשל''צ משה דיין,הרצליה-הרצליה --> אשקלון-אשקלון,אשקלון,רכבת ישראל,חולון,
37346,חולון וולפסון,יבנה מערב,הרצליה-הרצליה --> אשקלון-אשקלון,אשקלון,רכבת ישראל,חולון,
37346,חולון וולפסון,אשדוד עד הלום- מטרופול,הרצליה-הרצליה --> אשקלון-אשקלון,אשקלון,רכבת ישראל,חולון,
37346,חולון וולפסון,אשקלון,הרצליה-הרצליה --> אשקלון-אשקלון,אשקלון,רכבת ישראל,חולון,
37344,בת ים אלי כהן - יוספטל,בת ים קוממיות,הרצליה-הרצליה --> אשקלון-אשקלון,אשקלון,רכבת ישראל,בת ים,
37344,בת ים אלי כהן - יוספטל,רשל''צ משה דיין,הרצליה-הרצליה --> אשקלון-אשקלון,אשקלון,רכבת ישראל,בת ים,
37344,בת ים אלי כהן - יוספטל,יבנה מערב,הרצליה-הרצליה --> אשקלון-אשקלון,אשקלון,רכבת ישראל,בת ים,
37344,בת ים אלי כהן - יוספטל,אשדוד עד הלום- מטרופול,הרצליה-הרצליה --> אשקלון-אשקלון,אשקלון,רכבת ישראל,בת ים,
37344,בת ים אלי כהן - יוספטל,אשקלון,הרצליה-הרצליה --> אשקלון-אשקלון,אשקלון,רכבת ישראל,בת ים,
37342,בת ים קוממיות,רשל''צ משה דיין,הרצליה-הרצליה --> אשקלון-אשקלון,אשקלון,רכבת ישראל,חולון,
37342,בת ים קוממיות,יבנה מערב,הרצליה-הרצליה --> אשקלון-אשקלון,אשקלון,רכבת ישראל,חולון,
37342,בת ים קוממיות,אשדוד עד הלום- מטרופול,הרצליה-הרצליה --> אשקלון-אשקלון,אשקלון,רכבת ישראל,חולון,
37342,בת ים קוממיות,אשקלון,הרצליה-הרצליה --> אשקלון-אשקלון,אשקלון,רכבת ישראל,חולון,
37294,רשל''צ משה דיין,יבנה מערב,הרצליה-הרצליה --> אשקלון-אשקלון,אשקלון,רכבת ישראל,ראשון לציון,
37294,רשל''צ משה דיין,אשדוד עד הלום- מטרופול,הרצליה-הרצליה --> אשקלון-אשקלון,אשקלון,רכבת ישראל,ראשון לציון,
37294,רשל''צ משה דיין,אשקלון,הרצליה-הרצליה --> אשקלון-אשקלון,אשקלון,רכבת ישראל,ראשון לציון,
37300,יבנה מערב,אשדוד עד הלום- מטרופול,הרצליה-הרצליה --> אשקלון-אשקלון,אשקלון,רכבת ישראל,יבנה,
37300,יבנה מערב,אשקלון,הרצליה-הרצליה --> אשקלון-אשקלון,אשקלון,רכבת ישראל,יבנה,
37326,אשדוד עד הלום- מטרופול,אשקלון,הרצליה-הרצליה --> אשקלון-אשקלון,אשקלון,רכבת ישראל,אשדוד,
37312,באר שבע מרכז,בת ים אלי כהן - יוספטל,באר שבע מרכז-באר שבע --> הרצליה-הרצליה,הרצליה,רכבת ישראל,באר שבע,
37312,באר שבע מרכז,חולון וולפסון,באר שבע מרכז-באר שבע --> הרצליה-הרצליה,הרצליה,רכבת ישראל,באר שבע,
37312,באר שבע מרכז,תל אביב ההגנה,באר שבע מרכז-באר שבע --> הרצליה-הרצליה,הרצליה,רכבת ישראל,באר שבע,
37312,באר שבע מרכז,השלום,באר שבע מרכז-באר שבע --> הרצליה-הרצליה,הרצליה,רכבת ישראל,באר שבע,
37312,באר שבע מרכז,תל אביב מרכז,באר שבע מרכז-באר שבע --> הרצליה-הרצליה,הרצליה,רכבת ישראל,באר שבע,
37312,באר שבע מרכז,תל אביב האוניברסיטה - אקספו,באר שבע מרכז-באר שבע --> הרצליה-הרצליה,הרצליה,רכבת ישראל,באר שבע,
37312,באר שבע מרכז,בני ברק,באר שבע מרכז-באר שבע --> הרצליה-הרצליה,הרצליה,רכבת ישראל,באר שבע,
37312,באר שבע מרכז,קרית אריה,באר שבע מרכז-באר שבע --> הרצליה-הרצליה,הרצליה,רכבת ישראל,באר שבע,
37312,באר שבע מרכז,סגולה,באר שבע מרכז-באר שבע --> הרצליה-הרצליה,הרצליה,רכבת ישראל,באר שבע,
37312,באר שבע מרכז,ראש העין צפון,באר שבע מרכז-באר שבע --> הרצליה-הרצליה,הרצליה,רכבת ישראל,באר שבע,
37312,באר שבע מרכז,כפר סבא,באר שבע מרכז-באר שבע --> הרצליה-הרצליה,הרצליה,רכבת ישראל,באר שבע,
37312,באר שבע מרכז,הוד השרון,באר שבע מרכז-באר שבע --> הרצליה-הרצליה,הרצליה,רכבת ישראל,באר שבע,
37312,באר שבע מרכז,רעננה דרום,באר שבע מרכז-באר שבע --> הרצליה-הרצליה,הרצליה,רכבת ישראל,באר שבע,
37312,באר שבע מרכז,רעננה מערב,באר שבע מרכז-באר שבע --> הרצליה-הרצליה,הרצליה,רכבת ישראל,באר שבע,
37312,באר שבע מרכז,הרצליה,באר שבע מרכז-באר שבע --> הרצליה-הרצליה,הרצליה,רכבת ישראל,באר שבע,
37314,באר שבע צפון,בת ים אלי כהן - יוספטל,באר שבע מרכז-באר שבע --> הרצליה-הרצליה,הרצליה,רכבת ישראל,באר שבע,
37314,באר שבע צפון,חולון וולפסון,באר שבע מרכז-באר שבע --> הרצליה-הרצליה,הרצליה,רכבת ישראל,באר שבע,
37314,באר שבע צפון,תל אביב ההגנה,באר שבע מרכז-באר שבע --> הרצליה-הרצליה,הרצליה,רכבת ישראל,באר שבע,
37314,באר שבע צפון,השלום,באר שבע מרכז-באר שבע --> הרצליה-הרצליה,הרצליה,רכבת ישראל,באר שבע,
37314,באר שבע צפון,תל אביב מרכז,באר שבע מרכז-באר שבע --> הרצליה-הרצליה,הרצליה,רכבת ישראל,באר שבע,
37314,באר שבע צפון,תל אביב האוניברסיטה - אקספו,באר שבע מרכז-באר שבע --> הרצליה-הרצליה,הרצליה,רכבת ישראל,באר שבע,
37314,באר שבע צפון,בני ברק,באר שבע מרכז-באר שבע --> הרצליה-הרצליה,הרצליה,רכבת ישראל,באר שבע,
37314,באר שבע צפון,קרית אריה,באר שבע מרכז-באר שבע --> הרצליה-הרצליה,הרצליה,רכבת ישראל,באר שבע,
37314,באר שבע צפון,סגולה,באר שבע מרכז-באר שבע --> הרצליה-הרצליה,הרצליה,רכבת ישראל,באר שבע,
37314,באר שבע צפון,ראש העין צפון,באר שבע מרכז-באר שבע --> הרצליה-הרצליה,הרצליה,רכבת ישראל,באר שבע,
37314,באר שבע צפון,כפר סבא,באר שבע מרכז-באר שבע --> הרצליה-הרצליה,הרצליה,רכבת ישראל,באר שבע,
37314,באר שבע צפון,הוד השרון,באר שבע מרכז-באר שבע --> הרצליה-הרצליה,הרצליה,רכבת ישראל,באר שבע,
37314,באר שבע צפון,רעננה דרום,באר שבע מרכז-באר שבע --> הרצליה-הרצליה,הרצליה,רכבת ישראל,באר שבע,
37314,באר שבע צפון,רעננה מערב,באר שבע מרכז-באר שבע --> הרצליה-הרצליה,הרצליה,רכבת ישראל,באר שבע,
37314,באר שבע צפון,הרצליה,באר שבע מרכז-באר שבע --> הרצליה-הרצליה,הרצליה,רכבת ישראל,באר שבע,
39260,אופקים,בת ים אלי כהן - יוספטל,באר שבע מרכז-באר שבע --> הרצליה-הרצליה,הרצליה,רכבת ישראל,אופקים,
39260,אופקים,חולון וולפסון,באר שבע מרכז-באר שבע --> הרצליה-הרצליה,הרצליה,רכבת ישראל,אופקים,
39260,אופקים,תל אביב ההגנה,באר שבע מרכז-באר שבע --> הרצליה-הרצליה,הרצליה,רכבת ישראל,אופקים,
39260,אופקים,השלום,באר שבע מרכז-באר שבע --> הרצליה-הרצליה,הרצליה,רכבת ישראל,אופקים,
39260,אופקים,תל אביב מרכז,באר שבע מרכז-באר שבע --> הרצליה-הרצליה,הרצליה,רכבת ישראל,אופקים,
39260,אופקים,תל אביב האוניברסיטה - אקספו,באר שבע מרכז-באר שבע --> הרצליה-הרצליה,הרצליה,רכבת ישראל,אופקים,
39260,אופקים,בני ברק,באר שבע מרכז-באר שבע --> הרצליה-הרצליה,הרצליה,רכבת ישראל,אופקים,
39260,אופקים,קרית אריה,באר שבע מרכז-באר שבע --> הרצליה-הרצליה,הרצליה,רכבת ישראל,אופקים,
39260,אופקים,סגולה,באר שבע מרכז-באר שבע --> הרצליה-הרצליה,הרצליה,רכבת ישראל,אופקים,
39260,אופקים,ראש העין צפון,באר שבע מרכז-באר שבע --> הרצליה-הרצליה,הרצליה,רכבת ישראל,אופקים,
39260,אופקים,כפר סבא,באר שבע מרכז-באר שבע --> הרצליה-הרצליה,הרצליה,רכבת ישראל,אופקים,
39260,אופקים,הוד השרון,באר שבע מרכז-באר שבע --> הרצליה-הרצליה,הרצליה,רכבת ישראל,אופקים,
39260,אופקים,רעננה דרום,באר שבע מרכז-באר שבע --> הרצליה-הרצליה,הרצליה,רכבת ישראל,אופקים,
39260,אופקים,רעננה מערב,באר שבע מרכז-באר שבע --> הרצליה-הרצליה,הרצליה,רכבת ישראל,אופקים,
39260,אופקים,הרצליה,באר שבע מרכז-באר שבע --> הרצליה-הרצליה,הרצליה,רכבת ישראל,אופקים,
38643,נתיבות,בת ים אלי כהן - יוספטל,באר שבע מרכז-באר שבע --> הרצליה-הרצליה,הרצליה,רכבת ישראל,נתיבות,
38643,נתיבות,חולון וולפסון,באר שבע מרכז-באר שבע --> הרצליה-הרצליה,הרצליה,רכבת ישראל,נתיבות,
38643,נתיבות,תל אביב ההגנה,באר שבע מרכז-באר שבע --> הרצליה-הרצליה,הרצליה,רכבת ישראל,נתיבות,
38643,נתיבות,השלום,באר שבע מרכז-באר שבע --> הרצליה-הרצליה,הרצליה,רכבת ישראל,נתיבות,
38643,נתיבות,תל אביב מרכז,באר שבע מרכז-באר שבע --> הרצליה-הרצליה,הרצליה,רכבת ישראל,נתיבות,
38643,נתיבות,תל אביב האוניברסיטה - אקספו,באר שבע מרכז-באר שבע --> הרצליה-הרצליה,הרצליה,רכבת ישראל,נתיבות,
38643,נתיבות,בני ברק,באר שבע מרכז-באר שבע --> הרצליה-הרצליה,הרצליה,רכבת ישראל,נתיבות,
38643,נתיבות,קרית אריה,באר שבע מרכז-באר שבע --> הרצליה-הרצליה,הרצליה,רכבת ישראל,נתיבות,
38643,נתיבות,סגולה,באר שבע מרכז-באר שבע --> הרצליה-הרצליה,הרצליה,רכבת ישראל,נתיבות,
38643,נתיבות,ראש העין צפון,באר שבע מרכז-באר שבע --> הרצליה-הרצליה,הרצליה,רכבת ישראל,נתיבות,
38643,נתיבות,כפר סבא,באר שבע מרכז-באר שבע --> הרצליה-הרצליה,הרצליה,רכבת ישראל,נתיבות,
38643,נתיבות,הוד השרון,באר שבע מרכז-באר שבע --> הרצליה-הרצליה,הרצליה,רכבת ישראל,נתיבות,
38643,נתיבות,רעננה דרום,באר שבע מרכז-באר שבע --> הרצליה-הרצליה,הרצליה,רכבת ישראל,נתיבות,
38643,נתיבות,רעננה מערב,באר שבע מרכז-באר שבע --> הרצליה-הרצליה,הרצליה,רכבת ישראל,נתיבות,
38643,נתיבות,הרצליה,באר שבע מרכז-באר שבע --> הרצליה-הרצליה,הרצליה,רכבת ישראל,נתיבות,
37290,שדרות,בת ים אלי כהן - יוספטל,באר שבע מרכז-באר שבע --> הרצליה-הרצליה,הרצליה,רכבת ישראל,שדרות,
37290,שדרות,חולון וולפסון,באר שבע מרכז-באר שבע --> הרצליה-הרצליה,הרצליה,רכבת ישראל,שדרות,
37290,שדרות,תל אביב ההגנה,באר שבע מרכז-באר שבע --> הרצליה-הרצליה,הרצליה,רכבת ישראל,שדרות,
37290,שדרות,השלום,באר שבע מרכז-באר שבע --> הרצליה-הרצליה,הרצליה,רכבת ישראל,שדרות,
37290,שדרות,תל אביב מרכז,באר שבע מרכז-באר שבע --> הרצליה-הרצליה,הרצליה,רכבת ישראל,שדרות,
37290,שדרות,תל אביב האוניברסיטה - אקספו,באר שבע מרכז-באר שבע --> הרצליה-הרצליה,הרצליה,רכבת ישראל,שדרות,
37290,שדרות,בני ברק,באר שבע מרכז-באר שבע --> הרצליה-הרצליה,הרצליה,רכבת ישראל,שדרות,
37290,שדרות,קרית אריה,באר שבע מרכז-באר שבע --> הרצליה-הרצליה,הרצליה,רכבת ישראל,שדרות,
37290,שדרות,סגולה,באר שבע מרכז-באר שבע --> הרצליה-הרצליה,הרצליה,רכבת ישראל,שדרות,
37290,שדרות,ראש העין צפון,באר שבע מרכז-באר שבע --> הרצליה-הרצליה,הרצליה,רכבת ישראל,שדרות,
37290,שדרות,כפר סבא,באר שבע מרכז-באר שבע --> הרצליה-הרצליה,הרצליה,רכבת ישראל,שדרות,
37290,שדרות,הוד השרון,באר שבע מרכז-באר שבע --> הרצליה-הרצליה,הרצליה,רכבת ישראל,שדרות,
37290,שדרות,רעננה דרום,באר שבע מרכז-באר שבע --> הרצליה-הרצליה,הרצליה,רכבת ישראל,שדרות,
37290,שדרות,רעננה מערב,באר שבע מרכז-באר שבע --> הרצליה-הרצליה,הרצליה,רכבת ישראל,שדרות,
37290,שדרות,הרצליה,באר שבע מרכז-באר שבע --> הרצליה-הרצליה,הרצליה,רכבת ישראל,שדרות,
37324,אשקלון,בת ים אלי כהן - יוספטל,באר שבע מרכז-באר שבע --> הרצליה-הרצליה,הרצליה,רכבת ישראל,אשקלון,
37324,אשקלון,חולון וולפסון,באר שבע מרכז-באר שבע --> הרצליה-הרצליה,הרצליה,רכבת ישראל,אשקלון,
37324,אשקלון,תל אביב ההגנה,באר שבע מרכז-באר שבע --> הרצליה-הרצליה,הרצליה,רכבת ישראל,אשקלון,
37324,אשקלון,השלום,באר שבע מרכז-באר שבע --> הרצליה-הרצליה,הרצליה,רכבת ישראל,אשקלון,
37324,אשקלון,תל אביב מרכז,באר שבע מרכז-באר שבע --> הרצליה-הרצליה,הרצליה,רכבת ישראל,אשקלון,
37324,אשקלון,תל אביב האוניברסיטה - אקספו,באר שבע מרכז-באר שבע --> הרצליה-הרצליה,הרצליה,רכבת ישראל,אשקלון,
37324,אשקלון,בני ברק,באר שבע מרכז-באר שבע --> הרצליה-הרצליה,הרצליה,רכבת ישראל,אשקלון,
37324,אשקלון,קרית אריה,באר שבע מרכז-באר שבע --> הרצליה-הרצליה,הרצליה,רכבת ישראל,אשקלון,
37324,אשקלון,סגולה,באר שבע מרכז-באר שבע --> הרצליה-הרצליה,הרצליה,רכבת ישראל,אשקלון,
37324,אשקלון,ראש העין צפון,באר שבע מרכז-באר שבע --> הרצליה-הרצליה,הרצליה,רכבת ישראל,אשקלון,
37324,אשקלון,כפר סבא,באר שבע מרכז-באר שבע --> הרצליה-הרצליה,הרצליה,רכבת ישראל,אשקלון,
37324,אשקלון,הוד השרון,באר שבע מרכז-באר שבע --> הרצליה-הרצליה,הרצליה,רכבת ישראל,אשקלון,
37324,אשקלון,רעננה דרום,באר שבע מרכז-באר שבע --> הרצליה-הרצליה,הרצליה,רכבת ישראל,אשקלון,
37324,אשקלון,רעננה מערב,באר שבע מרכז-באר שבע --> הרצליה-הרצליה,הרצליה,רכבת ישראל,אשקלון,
37324,אשקלון,הרצליה,באר שבע מרכז-באר שבע --> הרצליה-הרצליה,הרצליה,רכבת ישראל,אשקלון,
37326,אשדוד עד הלום- מטרופול,בת ים אלי כהן - יוספטל,באר שבע מרכז-באר שבע --> הרצליה-הרצליה,הרצליה,רכבת ישראל,אשדוד,
37326,אשדוד עד הלום- מטרופול,חולון וולפסון,באר שבע מרכז-באר שבע --> הרצליה-הרצליה,הרצליה,רכבת ישראל,אשדוד,
37326,אשדוד עד הלום- מטרופול,תל אביב ההגנה,באר שבע מרכז-באר שבע --> הרצליה-הרצליה,הרצליה,רכבת ישראל,אשדוד,
37326,אשדוד עד הלום- מטרופול,השלום,באר שבע מרכז-באר שבע --> הרצליה-הרצליה,הרצליה,רכבת ישראל,אשדוד,
37326,אשדוד עד הלום- מטרופול,תל אביב מרכז,באר שבע מרכז-באר שבע --> הרצליה-הרצליה,הרצליה,רכבת ישראל,אשדוד,
37326,אשדוד עד הלום- מטרופול,תל אביב האוניברסיטה - אקספו,באר שבע מרכז-באר שבע --> הרצליה-הרצליה,הרצליה,רכבת ישראל,אשדוד,
37326,אשדוד עד הלום- מטרופול,בני ברק,באר שבע מרכז-באר שבע --> הרצליה-הרצליה,הרצליה,רכבת ישראל,אשדוד,
37326,אשדוד עד הלום- מטרופול,קרית אריה,באר שבע מרכז-באר שבע --> הרצליה-הרצליה,הרצליה,רכבת ישראל,אשדוד,
37326,אשדוד עד הלום- מטרופול,סגולה,באר שבע מרכז-באר שבע --> הרצליה-הרצליה,הרצליה,רכבת ישראל,אשדוד,
37326,אשדוד עד הלום- מטרופול,ראש העין צפון,באר שבע מרכז-באר שבע --> הרצליה-הרצליה,הרצליה,רכבת ישראל,אשדוד,
37326,אשדוד עד הלום- מטרופול,כפר סבא,באר שבע מרכז-באר שבע --> הרצליה-הרצליה,הרצליה,רכבת ישראל,אשדוד,
37326,אשדוד עד הלום- מטרופול,הוד השרון,באר שבע מרכז-באר שבע --> הרצליה-הרצליה,הרצליה,רכבת ישראל,אשדוד,
37326,אשדוד עד הלום- מטרופול,רעננה דרום,באר שבע מרכז-באר שבע --> הרצליה-הרצליה,הרצליה,רכבת ישראל,אשדוד,
37326,אשדוד עד הלום- מטרופול,רעננה מערב,באר שבע מרכז-באר שבע --> הרצליה-הרצליה,הרצליה,רכבת ישראל,אשדוד,
37326,אשדוד עד הלום- מטרופול,הרצליה,באר שבע מרכז-באר שבע --> הרצליה-הרצליה,הרצליה,רכבת ישראל,אשדוד,
37300,יבנה מערב,בת ים אלי כהן - יוספטל,באר שבע מרכז-באר שבע --> הרצליה-הרצליה,הרצליה,רכבת ישראל,יבנה,
37300,יבנה מערב,חולון וולפסון,באר שבע מרכז-באר שבע --> הרצליה-הרצליה,הרצליה,רכבת ישראל,יבנה,
37300,יבנה מערב,תל אביב ההגנה,באר שבע מרכז-באר שבע --> הרצליה-הרצליה,הרצליה,רכבת ישראל,יבנה,
37300,יבנה מערב,השלום,באר שבע מרכז-באר שבע --> הרצליה-הרצליה,הרצליה,רכבת ישראל,יבנה,
37300,יבנה מערב,תל אביב מרכז,באר שבע מרכז-באר שבע --> הרצליה-הרצליה,הרצליה,רכבת ישראל,יבנה,
37300,יבנה מערב,תל אביב האוניברסיטה - אקספו,באר שבע מרכז-באר שבע --> הרצליה-הרצליה,הרצליה,רכבת ישראל,יבנה,
37300,יבנה מערב,בני ברק,באר שבע מרכז-באר שבע --> הרצליה-הרצליה,הרצליה,רכבת ישראל,יבנה,
37300,יבנה מערב,קרית אריה,באר שבע מרכז-באר שבע --> הרצליה-הרצליה,הרצליה,רכבת ישראל,יבנה,
37300,יבנה מערב,סגולה,באר שבע מרכז-באר שבע --> הרצליה-הרצליה,הרצליה,רכבת ישראל,יבנה,
37300,יבנה מערב,ראש העין צפון,באר שבע מרכז-באר שבע --> הרצליה-הרצליה,הרצליה,רכבת ישראל,יבנה,
37300,יבנה מערב,כפר סבא,באר שבע מרכז-באר שבע --> הרצליה-הרצליה,הרצליה,רכבת ישראל,יבנה,
37300,יבנה מערב,הוד השרון,באר שבע מרכז-באר שבע --> הרצליה-הרצליה,הרצליה,רכבת ישראל,יבנה,
37300,יבנה מערב,רעננה דרום,באר שבע מרכז-באר שבע --> הרצליה-הרצליה,הרצליה,רכבת ישראל,יבנה,
37300,יבנה מערב,רעננה מערב,באר שבע מרכז-באר שבע --> הרצליה-הרצליה,הרצליה,רכבת ישראל,יבנה,
37300,יבנה מערב,הרצליה,באר שבע מרכז-באר שבע --> הרצליה-הרצליה,הרצליה,רכבת ישראל,יבנה,
37294,רשל''צ משה דיין,בת ים אלי כהן - יוספטל,באר שבע מרכז-באר שבע --> הרצליה-הרצליה,הרצליה,רכבת ישראל,ראשון לציון,
37294,רשל''צ משה דיין,חולון וולפסון,באר שבע מרכז-באר שבע --> הרצליה-הרצליה,הרצליה,רכבת ישראל,ראשון לציון,
37294,רשל''צ משה דיין,תל אביב ההגנה,באר שבע מרכז-באר שבע --> הרצליה-הרצליה,הרצליה,רכבת ישראל,ראשון לציון,
37294,רשל''צ משה דיין,השלום,באר שבע מרכז-באר שבע --> הרצליה-הרצליה,הרצליה,רכבת ישראל,ראשון לציון,
37294,רשל''צ משה דיין,תל אביב מרכז,באר שבע מרכז-באר שבע --> הרצליה-הרצליה,הרצליה,רכבת ישראל,ראשון לציון,
37294,רשל''צ משה דיין,תל אביב האוניברסיטה - אקספו,באר שבע מרכז-באר שבע --> הרצליה-הרצליה,הרצליה,רכבת ישראל,ראשון לציון,
37294,רשל''צ משה דיין,בני ברק,באר שבע מרכז-באר שבע --> הרצליה-הרצליה,הרצליה,רכבת ישראל,ראשון לציון,
37294,רשל''צ משה דיין,קרית אריה,באר שבע מרכז-באר שבע --> הרצליה-הרצליה,הרצליה,רכבת ישראל,ראשון לציון,
37294,רשל''צ משה דיין,סגולה,באר שבע מרכז-באר שבע --> הרצליה-הרצליה,הרצליה,רכבת ישראל,ראשון לציון,
37294,רשל''צ משה דיין,ראש העין צפון,באר שבע מרכז-באר שבע --> הרצליה-הרצליה,הרצליה,רכבת ישראל,ראשון לציון,
37294,רשל''צ משה דיין,כפר סבא,באר שבע מרכז-באר שבע --> הרצליה-הרצליה,הרצליה,רכבת ישראל,ראשון לציון,
37294,רשל''צ משה דיין,הוד השרון,באר שבע מרכז-באר שבע --> הרצליה-הרצליה,הרצליה,רכבת ישראל,ראשון לציון,
37294,רשל''צ משה דיין,רעננה דרום,באר שבע מרכז-באר שבע --> הרצליה-הרצליה,הרצליה,רכבת ישראל,ראשון לציון,
37294,רשל''צ משה דיין,רעננה מערב,באר שבע מרכז-באר שבע --> הרצליה-הרצליה,הרצליה,רכבת ישראל,ראשון לציון,
37294,רשל''צ משה דיין,הרצליה,באר שבע מרכז-באר שבע --> הרצליה-הרצליה,הרצליה,רכבת ישראל,ראשון לציון,
37344,בת ים אלי כהן - יוספטל,חולון וולפסון,באר שבע מרכז-באר שבע --> הרצליה-הרצליה,הרצליה,רכבת ישראל,בת ים,
37344,בת ים אלי כהן - יוספטל,תל אביב ההגנה,באר שבע מרכז-באר שבע --> הרצליה-הרצליה,הרצליה,רכבת ישראל,בת ים,
37344,בת ים אלי כהן - יוספטל,השלום,באר שבע מרכז-באר שבע --> הרצליה-הרצליה,הרצליה,רכבת ישראל,בת ים,
37344,בת ים אלי כהן - יוספטל,תל אביב מרכז,באר שבע מרכז-באר שבע --> הרצליה-הרצליה,הרצליה,רכבת ישראל,בת ים,
37344,בת ים אלי כהן - יוספטל,תל אביב האוניברסיטה - אקספו,באר שבע מרכז-באר שבע --> הרצליה-הרצליה,הרצליה,רכבת ישראל,בת ים,
37344,בת ים אלי כהן - יוספטל,בני ברק,באר שבע מרכז-באר שבע --> הרצליה-הרצליה,הרצליה,רכבת ישראל,בת ים,
37344,בת ים אלי כהן - יוספטל,קרית אריה,באר שבע מרכז-באר שבע --> הרצליה-הרצליה,הרצליה,רכבת ישראל,בת ים,
37344,בת ים אלי כהן - יוספטל,סגולה,באר שבע מרכז-באר שבע --> הרצליה-הרצליה,הרצליה,רכבת ישראל,בת ים,
37344,בת ים אלי כהן - יוספטל,ראש העין צפון,באר שבע מרכז-באר שבע --> הרצליה-הרצליה,הרצליה,רכבת ישראל,בת ים,
37344,בת ים אלי כהן - יוספטל,כפר סבא,באר שבע מרכז-באר שבע --> הרצליה-הרצליה,הרצליה,רכבת ישראל,בת ים,
37344,בת ים אלי כהן - יוספטל,הוד השרון,באר שבע מרכז-באר שבע --> הרצליה-הרצליה,הרצליה,רכבת ישראל,בת ים,
37344,בת ים אלי כהן - יוספטל,רעננה דרום,באר שבע מרכז-באר שבע --> הרצליה-הרצליה,הרצליה,רכבת ישראל,בת ים,
37344,בת ים אלי כהן - יוספטל,רעננה מערב,באר שבע מרכז-באר שבע --> הרצליה-הרצליה,הרצליה,רכבת ישראל,בת ים,
37344,בת ים אלי כהן - יוספטל,הרצליה,באר שבע מרכז-באר שבע --> הרצליה-הרצליה,הרצליה,רכבת ישראל,בת ים,
37346,חולון וולפסון,תל אביב ההגנה,באר שבע מרכז-באר שבע --> הרצליה-הרצליה,הרצליה,רכבת ישראל,חולון,
37346,חולון וולפסון,השלום,באר שבע מרכז-באר שבע --> הרצליה-הרצליה,הרצליה,רכבת ישראל,חולון,
37346,חולון וולפסון,תל אביב מרכז,באר שבע מרכז-באר שבע --> הרצליה-הרצליה,הרצליה,רכבת ישראל,חולון,
37346,חולון וולפסון,תל אביב האוניברסיטה - אקספו,באר שבע מרכז-באר שבע --> הרצליה-הרצליה,הרצליה,רכבת ישראל,חולון,
37346,חולון וולפסון,בני ברק,באר שבע מרכז-באר שבע --> הרצליה-הרצליה,הרצליה,רכבת ישראל,חולון,
37346,חולון וולפסון,קרית אריה,באר שבע מרכז-באר שבע --> הרצליה-הרצליה,הרצליה,רכבת ישראל,חולון,
37346,חולון וולפסון,סגולה,באר שבע מרכז-באר שבע --> הרצליה-הרצליה,הרצליה,רכבת ישראל,חולון,
37346,חולון וולפסון,ראש העין צפון,באר שבע מרכז-באר שבע --> הרצליה-הרצליה,הרצליה,רכבת ישראל,חולון,
37346,חולון וולפסון,כפר סבא,באר שבע מרכז-באר שבע --> הרצליה-הרצליה,הרצליה,רכבת ישראל,חולון,
37346,חולון וולפסון,הוד השרון,באר שבע מרכז-באר שבע --> הרצליה-הרצליה,הרצליה,רכבת ישראל,חולון,
37346,חולון וולפסון,רעננה דרום,באר שבע מרכז-באר שבע --> הרצליה-הרצליה,הרצליה,רכבת ישראל,חולון,
37346,חולון וולפסון,רעננה מערב,באר שבע מרכז-באר שבע --> הרצליה-הרצליה,הרצליה,רכבת ישראל,חולון,
37346,חולון וולפסון,הרצליה,באר שבע מרכז-באר שבע --> הרצליה-הרצליה,הרצליה,רכבת ישראל,חולון,
37292,תל אביב ההגנה,השלום,באר שבע מרכז-באר שבע --> הרצליה-הרצליה,הרצליה,רכבת ישראל,תל אביב יפו,
37292,תל אביב ההגנה,תל אביב מרכז,באר שבע מרכז-באר שבע --> הרצליה-הרצליה,הרצליה,רכבת ישראל,תל אביב יפו,
37292,תל אביב ההגנה,תל אביב האוניברסיטה - אקספו,באר שבע מרכז-באר שבע --> הרצליה-הרצליה,הרצליה,רכבת ישראל,תל אביב יפו,
37292,תל אביב ההגנה,בני ברק,באר שבע מרכז-באר שבע --> הרצליה-הרצליה,הרצליה,רכבת ישראל,תל אביב יפו,
37292,תל אביב ההגנה,קרית אריה,באר שבע מרכז-באר שבע --> הרצליה-הרצליה,הרצליה,רכבת ישראל,תל אביב יפו,
37292,תל אביב ההגנה,סגולה,באר שבע מרכז-באר שבע --> הרצליה-הרצליה,הרצליה,רכבת ישראל,תל אביב יפו,
37292,תל אביב ההגנה,ראש העין צפון,באר שבע מרכז-באר שבע --> הרצליה-הרצליה,הרצליה,רכבת ישראל,תל אביב יפו,
37292,תל אביב ההגנה,כפר סבא,באר שבע מרכז-באר שבע --> הרצליה-הרצליה,הרצליה,רכבת ישראל,תל אביב יפו,
37292,תל אביב ההגנה,הוד השרון,באר שבע מרכז-באר שבע --> הרצליה-הרצליה,הרצליה,רכבת ישראל,תל אביב יפו,
37292,תל אביב ההגנה,רעננה דרום,באר שבע מרכז-באר שבע --> הרצליה-הרצליה,הרצליה,רכבת ישראל,תל אביב יפו,
37292,תל אביב ההגנה,רעננה מערב,באר שבע מרכז-באר שבע --> הרצליה-הרצליה,הרצליה,רכבת ישראל,תל אביב יפו,
37292,תל אביב ההגנה,הרצליה,באר שבע מרכז-באר שבע --> הרצליה-הרצליה,הרצליה,רכבת ישראל,תל אביב יפו,
37350,השלום,תל אביב מרכז,באר שבע מרכז-באר שבע --> הרצליה-הרצליה,הרצליה,רכבת ישראל,תל אביב יפו,
37350,השלום,תל אביב האוניברסיטה - אקספו,באר שבע מרכז-באר שבע --> הרצליה-הרצליה,הרצליה,רכבת ישראל,תל אביב יפו,
37350,השלום,בני ברק,באר שבע מרכז-באר שבע --> הרצליה-הרצליה,הרצליה,רכבת ישראל,תל אביב יפו,
37350,השלום,קרית אריה,באר שבע מרכז-באר שבע --> הרצליה-הרצליה,הרצליה,רכבת ישראל,תל אביב יפו,
37350,השלום,סגולה,באר שבע מרכז-באר שבע --> הרצליה-הרצליה,הרצליה,רכבת ישראל,תל אביב יפו,
37350,השלום,ראש העין צפון,באר שבע מרכז-באר שבע --> הרצליה-הרצליה,הרצליה,רכבת ישראל,תל אביב יפו,
37350,השלום,כפר סבא,באר שבע מרכז-באר שבע --> הרצליה-הרצליה,הרצליה,רכבת ישראל,תל אביב יפו,
37350,השלום,הוד השרון,באר שבע מרכז-באר שבע --> הרצליה-הרצליה,הרצליה,רכבת ישראל,תל אביב יפו,
37350,השלום,רעננה דרום,באר שבע מרכז-באר שבע --> הרצליה-הרצליה,הרצליה,רכבת ישראל,תל אביב יפו,
37350,השלום,רעננה מערב,באר שבע מרכז-באר שבע --> הרצליה-הרצליה,הרצליה,רכבת ישראל,תל אביב יפו,
37350,השלום,הרצליה,באר שבע מרכז-באר שבע --> הרצליה-הרצליה,הרצליה,רכבת ישראל,תל אביב יפו,
37358,תל אביב מרכז,תל אביב האוניברסיטה - אקספו,באר שבע מרכז-באר שבע --> הרצליה-הרצליה,הרצליה,רכבת ישראל,תל אביב יפו,
37358,תל אביב מרכז,בני ברק,באר שבע מרכז-באר שבע --> הרצליה-הרצליה,הרצליה,רכבת ישראל,תל אביב יפו,
37358,תל אביב מרכז,קרית אריה,באר שבע מרכז-באר שבע --> הרצליה-הרצליה,הרצליה,רכבת ישראל,תל אביב יפו,
37358,תל אביב מרכז,סגולה,באר שבע מרכז-באר שבע --> הרצליה-הרצליה,הרצליה,רכבת ישראל,תל אביב יפו,
37358,תל אביב מרכז,ראש העין צפון,באר שבע מרכז-באר שבע --> הרצליה-הרצליה,הרצליה,רכבת ישראל,תל אביב יפו,
37358,תל אביב מרכז,כפר סבא,באר שבע מרכז-באר שבע --> הרצליה-הרצליה,הרצליה,רכבת ישראל,תל אביב יפו,
37358,תל אביב מרכז,הוד השרון,באר שבע מרכז-באר שבע --> הרצליה-הרצליה,הרצליה,רכבת ישראל,תל אביב יפו,
37358,תל אביב מרכז,רעננה דרום,באר שבע מרכז-באר שבע --> הרצליה-הרצליה,הרצליה,רכבת ישראל,תל אביב יפו,
37358,תל אביב מרכז,רעננה מערב,באר שבע מרכז-באר שבע --> הרצליה-הרצליה,הרצליה,רכבת ישראל,תל אביב יפו,
37358,תל אביב מרכז,הרצליה,באר שבע מרכז-באר שבע --> הרצליה-הרצליה,הרצליה,רכבת ישראל,תל אביב יפו,
37360,תל אביב האוניברסיטה - אקספו,בני ברק,באר שבע מרכז-באר שבע --> הרצליה-הרצליה,הרצליה,רכבת ישראל,תל אביב יפו,
37360,תל אביב האוניברסיטה - אקספו,קרית אריה,באר שבע מרכז-באר שבע --> הרצליה-הרצליה,הרצליה,רכבת ישראל,תל אביב יפו,
37360,תל אביב האוניברסיטה - אקספו,סגולה,באר שבע מרכז-באר שבע --> הרצליה-הרצליה,הרצליה,רכבת ישראל,תל אביב יפו,
37360,תל אביב האוניברסיטה - אקספו,ראש העין צפון,באר שבע מרכז-באר שבע --> הרצליה-הרצליה,הרצליה,רכבת ישראל,תל אביב יפו,
37360,תל אביב האוניברסיטה - אקספו,כפר סבא,באר שבע מרכז-באר שבע --> הרצליה-הרצליה,הרצליה,רכבת ישראל,תל אביב יפו,
37360,תל אביב האוניברסיטה - אקספו,הוד השרון,באר שבע מרכז-באר שבע --> הרצליה-הרצליה,הרצליה,רכבת ישראל,תל אביב יפו,
37360,תל אביב האוניברסיטה - אקספו,רעננה דרום,באר שבע מרכז-באר שבע --> הרצליה-הרצליה,הרצליה,רכבת ישראל,תל אביב יפו,
37360,תל אביב האוניברסיטה - אקספו,רעננה מערב,באר שבע מרכז-באר שבע --> הרצליה-הרצליה,הרצליה,רכבת ישראל,תל אביב יפו,
37360,תל אביב האוניברסיטה - אקספו,הרצליה,באר שבע מרכז-באר שבע --> הרצליה-הרצליה,הרצליה,רכבת ישראל,תל אביב יפו,
37356,בני ברק,קרית אריה,באר שבע מרכז-באר שבע --> הרצליה-הרצליה,הרצליה,רכבת ישראל,בני ברק,
37356,בני ברק,סגולה,באר שבע מרכז-באר שבע --> הרצליה-הרצליה,הרצליה,רכבת ישראל,בני ברק,
37356,בני ברק,ראש העין צפון,באר שבע מרכז-באר שבע --> הרצליה-הרצליה,הרצליה,רכבת ישראל,בני ברק,
37356,בני ברק,כפר סבא,באר שבע מרכז-באר שבע --> הרצליה-הרצליה,הרצליה,רכבת ישראל,בני ברק,
37356,בני ברק,הוד השרון,באר שבע מרכז-באר שבע --> הרצליה-הרצליה,הרצליה,רכבת ישראל,בני ברק,
37356,בני ברק,רעננה דרום,באר שבע מרכז-באר שבע --> הרצליה-הרצליה,הרצליה,רכבת ישראל,בני ברק,
37356,בני ברק,רעננה מערב,באר שבע מרכז-באר שבע --> הרצליה-הרצליה,הרצליה,רכבת ישראל,בני ברק,
37356,בני ברק,הרצליה,באר שבע מרכז-באר שבע --> הרצליה-הרצליה,הרצליה,רכבת ישראל,בני ברק,
37354,קרית אריה,סגולה,באר שבע מרכז-באר שבע --> הרצליה-הרצליה,הרצליה,רכבת ישראל,פתח תקווה,
37354,קרית אריה,ראש העין צפון,באר שבע מרכז-באר שבע --> הרצליה-הרצליה,הרצליה,רכבת ישראל,פתח תקווה,
37354,קרית אריה,כפר סבא,באר שבע מרכז-באר שבע --> הרצליה-הרצליה,הרצליה,רכבת ישראל,פתח תקווה,
37354,קרית אריה,הוד השרון,באר שבע מרכז-באר שבע --> הרצליה-הרצליה,הרצליה,רכבת ישראל,פתח תקווה,
37354,קרית אריה,רעננה דרום,באר שבע מרכז-באר שבע --> הרצליה-הרצליה,הרצליה,רכבת ישראל,פתח תקווה,
37354,קרית אריה,רעננה מערב,באר שבע מרכז-באר שבע --> הרצליה-הרצליה,הרצליה,רכבת ישראל,פתח תקווה,
37354,קרית אריה,הרצליה,באר שבע מרכז-באר שבע --> הרצליה-הרצליה,הרצליה,רכבת ישראל,פתח תקווה,
37352,סגולה,ראש העין צפון,באר שבע מרכז-באר שבע --> הרצליה-הרצליה,הרצליה,רכבת ישראל,פתח תקווה,
37352,סגולה,כפר סבא,באר שבע מרכז-באר שבע --> הרצליה-הרצליה,הרצליה,רכבת ישראל,פתח תקווה,
37352,סגולה,הוד השרון,באר שבע מרכז-באר שבע --> הרצליה-הרצליה,הרצליה,רכבת ישראל,פתח תקווה,
37352,סגולה,רעננה דרום,באר שבע מרכז-באר שבע --> הרצליה-הרצליה,הרצליה,רכבת ישראל,פתח תקווה,
37352,סגולה,רעננה מערב,באר שבע מרכז-באר שבע --> הרצליה-הרצליה,הרצליה,רכבת ישראל,פתח תקווה,
37352,סגולה,הרצליה,באר שבע מרכז-באר שבע --> הרצליה-הרצליה,הרצליה,רכבת ישראל,פתח תקווה,
37302,ראש העין צפון,כפר סבא,באר שבע מרכז-באר שבע --> הרצליה-הרצליה,הרצליה,רכבת ישראל,ראש העין,
37302,ראש העין צפון,הוד השרון,באר שבע מרכז-באר שבע --> הרצליה-הרצליה,הרצליה,רכבת ישראל,ראש העין,
37302,ראש העין צפון,רעננה דרום,באר שבע מרכז-באר שבע --> הרצליה-הרצליה,הרצליה,רכבת ישראל,ראש העין,
37302,ראש העין צפון,רעננה מערב,באר שבע מרכז-באר שבע --> הרצליה-הרצליה,הרצליה,רכבת ישראל,ראש העין,
37302,ראש העין צפון,הרצליה,באר שבע מרכז-באר שבע --> הרצליה-הרצליה,הרצליה,רכבת ישראל,ראש העין,
37304,כפר סבא,הוד השרון,באר שבע מרכז-באר שבע --> הרצליה-הרצליה,הרצליה,רכבת ישראל,כפר סבא,
37304,כפר סבא,רעננה דרום,באר שבע מרכז-באר שבע --> הרצליה-הרצליה,הרצליה,רכבת ישראל,כפר סבא,
37304,כפר סבא,רעננה מערב,באר שבע מרכז-באר שבע --> הרצליה-הרצליה,הרצליה,רכבת ישראל,כפר סבא,
37304,כפר סבא,הרצליה,באר שבע מרכז-באר שבע --> הרצליה-הרצליה,הרצליה,רכבת ישראל,כפר סבא,
37296,הוד השרון,רעננה דרום,באר שבע מרכז-באר שבע --> הרצליה-הרצליה,הרצליה,רכבת ישראל,הוד השרון,
37296,הוד השרון,רעננה מערב,באר שבע מרכז-באר שבע --> הרצליה-הרצליה,הרצליה,רכבת ישראל,הוד השרון,
37296,הוד השרון,הרצליה,באר שבע מרכז-באר שבע --> הרצליה-הרצליה,הרצליה,רכבת ישראל,הוד השרון,
42416,רעננה דרום,רעננה מערב,באר שבע מרכז-באר שבע --> הרצליה-הרצליה,הרצליה,רכבת ישראל,רעננה,
42416,רעננה דרום,הרצליה,באר שבע מרכז-באר שבע --> הרצליה-הרצליה,הרצליה,רכבת ישראל,רעננה,
42417,רעננה מערב,הרצליה,באר שבע מרכז-באר שבע --> הרצליה-הרצליה,הרצליה,רכבת ישראל,רעננה,
37372,בנימינה,לוד גני אביב,בנימינה-בנימינה גבעת עדה --> אשקלון-אשקלון,אשקלון,רכבת ישראל,בנימינה גבעת עדה,
37372,בנימינה,לוד,בנימינה-בנימינה גבעת עדה --> אשקלון-אשקלון,אשקלון,רכבת ישראל,בנימינה גבעת עדה,
37372,בנימינה,באר יעקב,בנימינה-בנימינה גבעת עדה --> אשקלון-אשקלון,אשקלון,רכבת ישראל,בנימינה גבעת עדה,
37372,בנימינה,רחובות,בנימינה-בנימינה גבעת עדה --> אשקלון-אשקלון,אשקלון,רכבת ישראל,בנימינה גבעת עדה,
37372,בנימינה,יבנה מזרח,בנימינה-בנימינה גבעת עדה --> אשקלון-אשקלון,אשקלון,רכבת ישראל,בנימינה גבעת עדה,
37372,בנימינה,אשדוד עד הלום- מטרופול,בנימינה-בנימינה גבעת עדה --> אשקלון-אשקלון,אשקלון,רכבת ישראל,בנימינה גבעת עדה,
37372,בנימינה,אשקלון,בנימינה-בנימינה גבעת עדה --> אשקלון-אשקלון,אשקלון,רכבת ישראל,בנימינה גבעת עדה,
37370,קיסריה פרדס חנה,לוד גני אביב,בנימינה-בנימינה גבעת עדה --> אשקלון-אשקלון,אשקלון,רכבת ישראל,פרדס חנה כרכור,
37370,קיסריה פרדס חנה,לוד,בנימינה-בנימינה גבעת עדה --> אשקלון-אשקלון,אשקלון,רכבת ישראל,פרדס חנה כרכור,
37370,קיסריה פרדס חנה,באר יעקב,בנימינה-בנימינה גבעת עדה --> אשקלון-אשקלון,אשקלון,רכבת ישראל,פרדס חנה כרכור,
37370,קיסריה פרדס חנה,רחובות,בנימינה-בנימינה גבעת עדה --> אשקלון-אשקלון,אשקלון,רכבת ישראל,פרדס חנה כרכור,
37370,קיסריה פרדס חנה,יבנה מזרח,בנימינה-בנימינה גבעת עדה --> אשקלון-אשקלון,אשקלון,רכבת ישראל,פרדס חנה כרכור,
37370,קיסריה פרדס חנה,אשדוד עד הלום- מטרופול,בנימינה-בנימינה גבעת עדה --> אשקלון-אשקלון,אשקלון,רכבת ישראל,פרדס חנה כרכור,
37370,קיסריה פרדס חנה,אשקלון,בנימינה-בנימינה גבעת עדה --> אשקלון-אשקלון,אשקלון,רכבת ישראל,פרדס חנה כרכור,
37368,חדרה מערב,לוד גני אביב,בנימינה-בנימינה גבעת עדה --> אשקלון-אשקלון,אשקלון,רכבת ישראל,חדרה,
37368,חדרה מערב,לוד,בנימינה-בנימינה גבעת עדה --> אשקלון-אשקלון,אשקלון,רכבת ישראל,חדרה,
37368,חדרה מערב,באר יעקב,בנימינה-בנימינה גבעת עדה --> אשקלון-אשקלון,אשקלון,רכבת ישראל,חדרה,
37368,חדרה מערב,רחובות,בנימינה-בנימינה גבעת עדה --> אשקלון-אשקלון,אשקלון,רכבת ישראל,חדרה,
37368,חדרה מערב,יבנה מזרח,בנימינה-בנימינה גבעת עדה --> אשקלון-אשקלון,אשקלון,רכבת ישראל,חדרה,
37368,חדרה מערב,אשדוד עד הלום- מטרופול,בנימינה-בנימינה גבעת עדה --> אשקלון-אשקלון,אשקלון,רכבת ישראל,חדרה,
37368,חדרה מערב,אשקלון,בנימינה-בנימינה גבעת עדה --> אשקלון-אשקלון,אשקלון,רכבת ישראל,חדרה,
37366,נתניה,לוד גני אביב,בנימינה-בנימינה גבעת עדה --> אשקלון-אשקלון,אשקלון,רכבת ישראל,נתניה,
37366,נתניה,לוד,בנימינה-בנימינה גבעת עדה --> אשקלון-אשקלון,אשקלון,רכבת ישראל,נתניה,
37366,נתניה,באר יעקב,בנימינה-בנימינה גבעת עדה --> אשקלון-אשקלון,אשקלון,רכבת ישראל,נתניה,
37366,נתניה,רחובות,בנימינה-בנימינה גבעת עדה --> אשקלון-אשקלון,אשקלון,רכבת ישראל,נתניה,
37366,נתניה,יבנה מזרח,בנימינה-בנימינה גבעת עדה --> אשקלון-אשקלון,אשקלון,רכבת ישראל,נתניה,
37366,נתניה,אשדוד עד הלום- מטרופול,בנימינה-בנימינה גבעת עדה --> אשקלון-אשקלון,אשקלון,רכבת ישראל,נתניה,
37366,נתניה,אשקלון,בנימינה-בנימינה גבעת עדה --> אשקלון-אשקלון,אשקלון,רכבת ישראל,נתניה,
40640,נתניה קריית ספיר,לוד גני אביב,בנימינה-בנימינה גבעת עדה --> אשקלון-אשקלון,אשקלון,רכבת ישראל,נתניה,
40640,נתניה קריית ספיר,לוד,בנימינה-בנימינה גבעת עדה --> אשקלון-אשקלון,אשקלון,רכבת ישראל,נתניה,
40640,נתניה קריית ספיר,באר יעקב,בנימינה-בנימינה גבעת עדה --> אשקלון-אשקלון,אשקלון,רכבת ישראל,נתניה,
40640,נתניה קריית ספיר,רחובות,בנימינה-בנימינה גבעת עדה --> אשקלון-אשקלון,אשקלון,רכבת ישראל,נתניה,
40640,נתניה קריית ספיר,יבנה מזרח,בנימינה-בנימינה גבעת עדה --> אשקלון-אשקלון,אשקלון,רכבת ישראל,נתניה,
40640,נתניה קריית ספיר,אשדוד עד הלום- מטרופול,בנימינה-בנימינה גבעת עדה --> אשקלון-אשקלון,אשקלון,רכבת ישראל,נתניה,
40640,נתניה קריית ספיר,אשקלון,בנימינה-בנימינה גבעת עדה --> אשקלון-אשקלון,אשקלון,רכבת ישראל,נתניה,
37364,בית יהושע,לוד גני אביב,בנימינה-בנימינה גבעת עדה --> אשקלון-אשקלון,אשקלון,רכבת ישראל,בית יהושע,
37364,בית יהושע,לוד,בנימינה-בנימינה גבעת עדה --> אשקלון-אשקלון,אשקלון,רכבת ישראל,בית יהושע,
37364,בית יהושע,באר יעקב,בנימינה-בנימינה גבעת עדה --> אשקלון-אשקלון,אשקלון,רכבת ישראל,בית יהושע,
37364,בית יהושע,רחובות,בנימינה-בנימינה גבעת עדה --> אשקלון-אשקלון,אשקלון,רכבת ישראל,בית יהושע,
37364,בית יהושע,יבנה מזרח,בנימינה-בנימינה גבעת עדה --> אשקלון-אשקלון,אשקלון,רכבת ישראל,בית יהושע,
37364,בית יהושע,אשדוד עד הלום- מטרופול,בנימינה-בנימינה גבעת עדה --> אשקלון-אשקלון,אשקלון,רכבת ישראל,בית יהושע,
37364,בית יהושע,אשקלון,בנימינה-בנימינה גבעת עדה --> אשקלון-אשקלון,אשקלון,רכבת ישראל,בית יהושע,
37362,הרצליה,לוד גני אביב,בנימינה-בנימינה גבעת עדה --> אשקלון-אשקלון,אשקלון,רכבת ישראל,הרצליה,
37362,הרצליה,לוד,בנימינה-בנימינה גבעת עדה --> אשקלון-אשקלון,אשקלון,רכבת ישראל,הרצליה,
37362,הרצליה,באר יעקב,בנימינה-בנימינה גבעת עדה --> אשקלון-אשקלון,אשקלון,רכבת ישראל,הרצליה,
37362,הרצליה,רחובות,בנימינה-בנימינה גבעת עדה --> אשקלון-אשקלון,אשקלון,רכבת ישראל,הרצליה,
37362,הרצליה,יבנה מזרח,בנימינה-בנימינה גבעת עדה --> אשקלון-אשקלון,אשקלון,רכבת ישראל,הרצליה,
37362,הרצליה,אשדוד עד הלום- מטרופול,בנימינה-בנימינה גבעת עדה --> אשקלון-אשקלון,אשקלון,רכבת ישראל,הרצליה,
37362,הרצליה,אשקלון,בנימינה-בנימינה גבעת עדה --> אשקלון-אשקלון,אשקלון,רכבת ישראל,הרצליה,
37360,תל אביב האוניברסיטה - אקספו,לוד גני אביב,בנימינה-בנימינה גבעת עדה --> אשקלון-אשקלון,אשקלון,רכבת ישראל,תל אביב יפו,
37360,תל אביב האוניברסיטה - אקספו,לוד,בנימינה-בנימינה גבעת עדה --> אשקלון-אשקלון,אשקלון,רכבת ישראל,תל אביב יפו,
37360,תל אביב האוניברסיטה - אקספו,באר יעקב,בנימינה-בנימינה גבעת עדה --> אשקלון-אשקלון,אשקלון,רכבת ישראל,תל אביב יפו,
37360,תל אביב האוניברסיטה - אקספו,רחובות,בנימינה-בנימינה גבעת עדה --> אשקלון-אשקלון,אשקלון,רכבת ישראל,תל אביב יפו,
37360,תל אביב האוניברסיטה - אקספו,יבנה מזרח,בנימינה-בנימינה גבעת עדה --> אשקלון-אשקלון,אשקלון,רכבת ישראל,תל אביב יפו,
37360,תל אביב האוניברסיטה - אקספו,אשדוד עד הלום- מטרופול,בנימינה-בנימינה גבעת עדה --> אשקלון-אשקלון,אשקלון,רכבת ישראל,תל אביב יפו,
37360,תל אביב האוניברסיטה - אקספו,אשקלון,בנימינה-בנימינה גבעת עדה --> אשקלון-אשקלון,אשקלון,רכבת ישראל,תל אביב יפו,
37358,תל אביב מרכז,לוד גני אביב,בנימינה-בנימינה גבעת עדה --> אשקלון-אשקלון,אשקלון,רכבת ישראל,תל אביב יפו,
37358,תל אביב מרכז,לוד,בנימינה-בנימינה גבעת עדה --> אשקלון-אשקלון,אשקלון,רכבת ישראל,תל אביב יפו,
37358,תל אביב מרכז,באר יעקב,בנימינה-בנימינה גבעת עדה --> אשקלון-אשקלון,אשקלון,רכבת ישראל,תל אביב יפו,
37358,תל אביב מרכז,רחובות,בנימינה-בנימינה גבעת עדה --> אשקלון-אשקלון,אשקלון,רכבת ישראל,תל אביב יפו,
37358,תל אביב מרכז,יבנה מזרח,בנימינה-בנימינה גבעת עדה --> אשקלון-אשקלון,אשקלון,רכבת ישראל,תל אביב יפו,
37358,תל אביב מרכז,אשדוד עד הלום- מטרופול,בנימינה-בנימינה גבעת עדה --> אשקלון-אשקלון,אשקלון,רכבת ישראל,תל אביב יפו,
37358,תל אביב מרכז,אשקלון,בנימינה-בנימינה גבעת עדה --> אשקלון-אשקלון,אשקלון,רכבת ישראל,תל אביב יפו,
37350,השלום,לוד גני אביב,בנימינה-בנימינה גבעת עדה --> אשקלון-אשקלון,אשקלון,רכבת ישראל,תל אביב יפו,
37350,השלום,לוד,בנימינה-בנימינה גבעת עדה --> אשקלון-אשקלון,אשקלון,רכבת ישראל,תל אביב יפו,
37350,השלום,באר יעקב,בנימינה-בנימינה גבעת עדה --> אשקלון-אשקלון,אשקלון,רכבת ישראל,תל אביב יפו,
37350,השלום,רחובות,בנימינה-בנימינה גבעת עדה --> אשקלון-אשקלון,אשקלון,רכבת ישראל,תל אביב יפו,
37350,השלום,יבנה מזרח,בנימינה-בנימינה גבעת עדה --> אשקלון-אשקלון,אשקלון,רכבת ישראל,תל אביב יפו,
37350,השלום,אשדוד עד הלום- מטרופול,בנימינה-בנימינה גבעת עדה --> אשקלון-אשקלון,אשקלון,רכבת ישראל,תל אביב יפו,
37350,השלום,אשקלון,בנימינה-בנימינה גבעת עדה --> אשקלון-אשקלון,אשקלון,רכבת ישראל,תל אביב יפו,
37292,תל אביב ההגנה,לוד גני אביב,בנימינה-בנימינה גבעת עדה --> אשקלון-אשקלון,אשקלון,רכבת ישראל,תל אביב יפו,
37292,תל אביב ההגנה,לוד,בנימינה-בנימינה גבעת עדה --> אשקלון-אשקלון,אשקלון,רכבת ישראל,תל אביב יפו,
37292,תל אביב ההגנה,באר יעקב,בנימינה-בנימינה גבעת עדה --> אשקלון-אשקלון,אשקלון,רכבת ישראל,תל אביב יפו,
37292,תל אביב ההגנה,רחובות,בנימינה-בנימינה גבעת עדה --> אשקלון-אשקלון,אשקלון,רכבת ישראל,תל אביב יפו,
37292,תל אביב ההגנה,יבנה מזרח,בנימינה-בנימינה גבעת עדה --> אשקלון-אשקלון,אשקלון,רכבת ישראל,תל אביב יפו,
37292,תל אביב ההגנה,אשדוד עד הלום- מטרופול,בנימינה-בנימינה גבעת עדה --> אשקלון-אשקלון,אשקלון,רכבת ישראל,תל אביב יפו,
37292,תל אביב ההגנה,אשקלון,בנימינה-בנימינה גבעת עדה --> אשקלון-אשקלון,אשקלון,רכבת ישראל,תל אביב יפו,
37340,כפר חבד,לוד גני אביב,בנימינה-בנימינה גבעת עדה --> אשקלון-אשקלון,אשקלון,רכבת ישראל,כפר חב''ד,
37340,כפר חבד,לוד,בנימינה-בנימינה גבעת עדה --> אשקלון-אשקלון,אשקלון,רכבת ישראל,כפר חב''ד,
37340,כפר חבד,באר יעקב,בנימינה-בנימינה גבעת עדה --> אשקלון-אשקלון,אשקלון,רכבת ישראל,כפר חב''ד,
37340,כפר חבד,רחובות,בנימינה-בנימינה גבעת עדה --> אשקלון-אשקלון,אשקלון,רכבת ישראל,כפר חב''ד,
37340,כפר חבד,יבנה מזרח,בנימינה-בנימינה גבעת עדה --> אשקלון-אשקלון,אשקלון,רכבת ישראל,כפר חב''ד,
37340,כפר חבד,אשדוד עד הלום- מטרופול,בנימינה-בנימינה גבעת עדה --> אשקלון-אשקלון,אשקלון,רכבת ישראל,כפר חב''ד,
37340,כפר חבד,אשקלון,בנימינה-בנימינה גבעת עדה --> אשקלון-אשקלון,אשקלון,רכבת ישראל,כפר חב''ד,
37334,לוד גני אביב,לוד,בנימינה-בנימינה גבעת עדה --> אשקלון-אשקלון,אשקלון,רכבת ישראל,לוד,
37334,לוד גני אביב,באר יעקב,בנימינה-בנימינה גבעת עדה --> אשקלון-אשקלון,אשקלון,רכבת ישראל,לוד,
37334,לוד גני אביב,רחובות,בנימינה-בנימינה גבעת עדה --> אשקלון-אשקלון,אשקלון,רכבת ישראל,לוד,
37334,לוד גני אביב,יבנה מזרח,בנימינה-בנימינה גבעת עדה --> אשקלון-אשקלון,אשקלון,רכבת ישראל,לוד,
37334,לוד גני אביב,אשדוד עד הלום- מטרופול,בנימינה-בנימינה גבעת עדה --> אשקלון-אשקלון,אשקלון,רכבת ישראל,לוד,
37334,לוד גני אביב,אשקלון,בנימינה-בנימינה גבעת עדה --> אשקלון-אשקלון,אשקלון,רכבת ישראל,לוד,
37338,לוד,באר יעקב,בנימינה-בנימינה גבעת עדה --> אשקלון-אשקלון,אשקלון,רכבת ישראל,לוד,
37338,לוד,רחובות,בנימינה-בנימינה גבעת עדה --> אשקלון-אשקלון,אשקלון,רכבת ישראל,לוד,
37338,לוד,יבנה מזרח,בנימינה-בנימינה גבעת עדה --> אשקלון-אשקלון,אשקלון,רכבת ישראל,לוד,
37338,לוד,אשדוד עד הלום- מטרופול,בנימינה-בנימינה גבעת עדה --> אשקלון-אשקלון,אשקלון,רכבת ישראל,לוד,
37338,לוד,אשקלון,בנימינה-בנימינה גבעת עדה --> אשקלון-אשקלון,אשקלון,רכבת ישראל,לוד,
37330,באר יעקב,רחובות,בנימינה-בנימינה גבעת עדה --> אשקלון-אשקלון,אשקלון,רכבת ישראל,באר יעקב,
37330,באר יעקב,יבנה מזרח,בנימינה-בנימינה גבעת עדה --> אשקלון-אשקלון,אשקלון,רכבת ישראל,באר יעקב,
37330,באר יעקב,אשדוד עד הלום- מטרופול,בנימינה-בנימינה גבעת עדה --> אשקלון-אשקלון,אשקלון,רכבת ישראל,באר יעקב,
37330,באר יעקב,אשקלון,בנימינה-בנימינה גבעת עדה --> אשקלון-אשקלון,אשקלון,רכבת ישראל,באר יעקב,
37332,רחובות,יבנה מזרח,בנימינה-בנימינה גבעת עדה --> אשקלון-אשקלון,אשקלון,רכבת ישראל,רחובות,
37332,רחובות,אשדוד עד הלום- מטרופול,בנימינה-בנימינה גבעת עדה --> אשקלון-אשקלון,אשקלון,רכבת ישראל,רחובות,
37332,רחובות,אשקלון,בנימינה-בנימינה גבעת עדה --> אשקלון-אשקלון,אשקלון,רכבת ישראל,רחובות,
37328,יבנה מזרח,אשדוד עד הלום- מטרופול,בנימינה-בנימינה גבעת עדה --> אשקלון-אשקלון,אשקלון,רכבת ישראל,יבנה,
37328,יבנה מזרח,אשקלון,בנימינה-בנימינה גבעת עדה --> אשקלון-אשקלון,אשקלון,רכבת ישראל,יבנה,
37326,אשדוד עד הלום- מטרופול,אשקלון,בנימינה-בנימינה גבעת עדה --> אשקלון-אשקלון,אשקלון,רכבת ישראל,אשדוד,
37324,אשקלון,אשדוד עד הלום- מטרופול,אשקלון-אשקלון --> תל אביב מרכז-תל אביב יפו,תל אביב מרכז,רכבת ישראל,אשקלון,
37324,אשקלון,יבנה מזרח,אשקלון-אשקלון --> תל אביב מרכז-תל אביב יפו,תל אביב מרכז,רכבת ישראל,אשקלון,
37324,אשקלון,רחובות,אשקלון-אשקלון --> תל אביב מרכז-תל אביב יפו,תל אביב מרכז,רכבת ישראל,אשקלון,
37324,אשקלון,באר יעקב,אשקלון-אשקלון --> תל אביב מרכז-תל אביב יפו,תל אביב מרכז,רכבת ישראל,אשקלון,
37324,אשקלון,לוד,אשקלון-אשקלון --> תל אביב מרכז-תל אביב יפו,תל אביב מרכז,רכבת ישראל,אשקלון,
37324,אשקלון,לוד גני אביב,אשקלון-אשקלון --> תל אביב מרכז-תל אביב יפו,תל אביב מרכז,רכבת ישראל,אשקלון,
37324,אשקלון,כפר חבד,אשקלון-אשקלון --> תל אביב מרכז-תל אביב יפו,תל אביב מרכז,רכבת ישראל,אשקלון,
37324,אשקלון,תל אביב ההגנה,אשקלון-אשקלון --> תל אביב מרכז-תל אביב יפו,תל אביב מרכז,רכבת ישראל,אשקלון,
37324,אשקלון,השלום,אשקלון-אשקלון --> תל אביב מרכז-תל אביב יפו,תל אביב מרכז,רכבת ישראל,אשקלון,
37324,אשקלון,תל אביב מרכז,אשקלון-אשקלון --> תל אביב מרכז-תל אביב יפו,תל אביב מרכז,רכבת ישראל,אשקלון,
37326,אשדוד עד הלום- מטרופול,יבנה מזרח,אשקלון-אשקלון --> תל אביב מרכז-תל אביב יפו,תל אביב מרכז,רכבת ישראל,אשדוד,
37326,אשדוד עד הלום- מטרופול,רחובות,אשקלון-אשקלון --> תל אביב מרכז-תל אביב יפו,תל אביב מרכז,רכבת ישראל,אשדוד,
37326,אשדוד עד הלום- מטרופול,באר יעקב,אשקלון-אשקלון --> תל אביב מרכז-תל אביב יפו,תל אביב מרכז,רכבת ישראל,אשדוד,
37326,אשדוד עד הלום- מטרופול,לוד,אשקלון-אשקלון --> תל אביב מרכז-תל אביב יפו,תל אביב מרכז,רכבת ישראל,אשדוד,
37326,אשדוד עד הלום- מטרופול,לוד גני אביב,אשקלון-אשקלון --> תל אביב מרכז-תל אביב יפו,תל אביב מרכז,רכבת ישראל,אשדוד,
37326,אשדוד עד הלום- מטרופול,כפר חבד,אשקלון-אשקלון --> תל אביב מרכז-תל אביב יפו,תל אביב מרכז,רכבת ישראל,אשדוד,
37326,אשדוד עד הלום- מטרופול,תל אביב ההגנה,אשקלון-אשקלון --> תל אביב מרכז-תל אביב יפו,תל אביב מרכז,רכבת ישראל,אשדוד,
37326,אשדוד עד הלום- מטרופול,השלום,אשקלון-אשקלון --> תל אביב מרכז-תל אביב יפו,תל אביב מרכז,רכבת ישראל,אשדוד,
37326,אשדוד עד הלום- מטרופול,תל אביב מרכז,אשקלון-אשקלון --> תל אביב מרכז-תל אביב יפו,תל אביב מרכז,רכבת ישראל,אשדוד,
37328,יבנה מזרח,רחובות,אשקלון-אשקלון --> תל אביב מרכז-תל אביב יפו,תל אביב מרכז,רכבת ישראל,יבנה,
37328,יבנה מזרח,באר יעקב,אשקלון-אשקלון --> תל אביב מרכז-תל אביב יפו,תל אביב מרכז,רכבת ישראל,יבנה,
37328,יבנה מזרח,לוד,אשקלון-אשקלון --> תל אביב מרכז-תל אביב יפו,תל אביב מרכז,רכבת ישראל,יבנה,
37328,יבנה מזרח,לוד גני אביב,אשקלון-אשקלון --> תל אביב מרכז-תל אביב יפו,תל אביב מרכז,רכבת ישראל,יבנה,
37328,יבנה מזרח,כפר חבד,אשקלון-אשקלון --> תל אביב מרכז-תל אביב יפו,תל אביב מרכז,רכבת ישראל,יבנה,
37328,יבנה מזרח,תל אביב ההגנה,אשקלון-אשקלון --> תל אביב מרכז-תל אביב יפו,תל אביב מרכז,רכבת ישראל,יבנה,
37328,יבנה מזרח,השלום,אשקלון-אשקלון --> תל אביב מרכז-תל אביב יפו,תל אביב מרכז,רכבת ישראל,יבנה,
37328,יבנה מזרח,תל אביב מרכז,אשקלון-אשקלון --> תל אביב מרכז-תל אביב יפו,תל אביב מרכז,רכבת ישראל,יבנה,
37332,רחובות,באר יעקב,אשקלון-אשקלון --> תל אביב מרכז-תל אביב יפו,תל אביב מרכז,רכבת ישראל,רחובות,
37332,רחובות,לוד,אשקלון-אשקלון --> תל אביב מרכז-תל אביב יפו,תל אביב מרכז,רכבת ישראל,רחובות,
37332,רחובות,לוד גני אביב,אשקלון-אשקלון --> תל אביב מרכז-תל אביב יפו,תל אביב מרכז,רכבת ישראל,רחובות,
37332,רחובות,כפר חבד,אשקלון-אשקלון --> תל אביב מרכז-תל אביב יפו,תל אביב מרכז,רכבת ישראל,רחובות,
37332,רחובות,תל אביב ההגנה,אשקלון-אשקלון --> תל אביב מרכז-תל אביב יפו,תל אביב מרכז,רכבת ישראל,רחובות,
37332,רחובות,השלום,אשקלון-אשקלון --> תל אביב מרכז-תל אביב יפו,תל אביב מרכז,רכבת ישראל,רחובות,
37332,רחובות,תל אביב מרכז,אשקלון-אשקלון --> תל אביב מרכז-תל אביב יפו,תל אביב מרכז,רכבת ישראל,רחובות,
37330,באר יעקב,לוד,אשקלון-אשקלון --> תל אביב מרכז-תל אביב יפו,תל אביב מרכז,רכבת ישראל,באר יעקב,
37330,באר יעקב,לוד גני אביב,אשקלון-אשקלון --> תל אביב מרכז-תל אביב יפו,תל אביב מרכז,רכבת ישראל,באר יעקב,
37330,באר יעקב,כפר חבד,אשקלון-אשקלון --> תל אביב מרכז-תל אביב יפו,תל אביב מרכז,רכבת ישראל,באר יעקב,
37330,באר יעקב,תל אביב ההגנה,אשקלון-אשקלון --> תל אביב מרכז-תל אביב יפו,תל אביב מרכז,רכבת ישראל,באר יעקב,
37330,באר יעקב,השלום,אשקלון-אשקלון --> תל אביב מרכז-תל אביב יפו,תל אביב מרכז,רכבת ישראל,באר יעקב,
37330,באר יעקב,תל אביב מרכז,אשקלון-אשקלון --> תל אביב מרכז-תל אביב יפו,תל אביב מרכז,רכבת ישראל,באר יעקב,
37338,לוד,לוד גני אביב,אשקלון-אשקלון --> תל אביב מרכז-תל אביב יפו,תל אביב מרכז,רכבת ישראל,לוד,
37338,לוד,כפר חבד,אשקלון-אשקלון --> תל אביב מרכז-תל אביב יפו,תל אביב מרכז,רכבת ישראל,לוד,
37338,לוד,תל אביב ההגנה,אשקלון-אשקלון --> תל אביב מרכז-תל אביב יפו,תל אביב מרכז,רכבת ישראל,לוד,
37338,לוד,השלום,אשקלון-אשקלון --> תל אביב מרכז-תל אביב יפו,תל אביב מרכז,רכבת ישראל,לוד,
37338,לוד,תל אביב מרכז,אשקלון-אשקלון --> תל אביב מרכז-תל אביב יפו,תל אביב מרכז,רכבת ישראל,לוד,
37334,לוד גני אביב,כפר חבד,אשקלון-אשקלון --> תל אביב מרכז-תל אביב יפו,תל אביב מרכז,רכבת ישראל,לוד,
37334,לוד גני אביב,תל אביב ההגנה,אשקלון-אשקלון --> תל אביב מרכז-תל אביב יפו,תל אביב מרכז,רכבת ישראל,לוד,
37334,לוד גני אביב,השלום,אשקלון-אשקלון --> תל אביב מרכז-תל אביב יפו,תל אביב מרכז,רכבת ישראל,לוד,
37334,לוד גני אביב,תל אביב מרכז,אשקלון-אשקלון --> תל אביב מרכז-תל אביב יפו,תל אביב מרכז,רכבת ישראל,לוד,
37340,כפר חבד,תל אביב ההגנה,אשקלון-אשקלון --> תל אביב מרכז-תל אביב יפו,תל אביב מרכז,רכבת ישראל,כפר חב''ד,
37340,כפר חבד,השלום,אשקלון-אשקלון --> תל אביב מרכז-תל אביב יפו,תל אביב מרכז,רכבת ישראל,כפר חב''ד,
37340,כפר חבד,תל אביב מרכז,אשקלון-אשקלון --> תל אביב מרכז-תל אביב יפו,תל אביב מרכז,רכבת ישראל,כפר חב''ד,
37292,תל אביב ההגנה,השלום,אשקלון-אשקלון --> תל אביב מרכז-תל אביב יפו,תל אביב מרכז,רכבת ישראל,תל אביב יפו,
37292,תל אביב ההגנה,תל אביב מרכז,אשקלון-אשקלון --> תל אביב מרכז-תל אביב יפו,תל אביב מרכז,רכבת ישראל,תל אביב יפו,
37350,השלום,תל אביב מרכז,אשקלון-אשקלון --> תל אביב מרכז-תל אביב יפו,תל אביב מרכז,רכבת ישראל,תל אביב יפו,
37292,תל אביב ההגנה,השלום,תל אביב ההגנה-תל אביב יפו --> הרצליה-הרצליה,הרצליה,רכבת ישראל,תל אביב יפו,
37292,תל אביב ההגנה,תל אביב מרכז,תל אביב ההגנה-תל אביב יפו --> הרצליה-הרצליה,הרצליה,רכבת ישראל,תל אביב יפו,
37292,תל אביב ההגנה,תל אביב האוניברסיטה - אקספו,תל אביב ההגנה-תל אביב יפו --> הרצליה-הרצליה,הרצליה,רכבת ישראל,תל אביב יפו,
37292,תל אביב ההגנה,בני ברק,תל אביב ההגנה-תל אביב יפו --> הרצליה-הרצליה,הרצליה,רכבת ישראל,תל אביב יפו,
37292,תל אביב ההגנה,קרית אריה,תל אביב ההגנה-תל אביב יפו --> הרצליה-הרצליה,הרצליה,רכבת ישראל,תל אביב יפו,
37292,תל אביב ההגנה,סגולה,תל אביב ההגנה-תל אביב יפו --> הרצליה-הרצליה,הרצליה,רכבת ישראל,תל אביב יפו,
37292,תל אביב ההגנה,ראש העין צפון,תל אביב ההגנה-תל אביב יפו --> הרצליה-הרצליה,הרצליה,רכבת ישראל,תל אביב יפו,
37292,תל אביב ההגנה,כפר סבא,תל אביב ההגנה-תל אביב יפו --> הרצליה-הרצליה,הרצליה,רכבת ישראל,תל אביב יפו,
37292,תל אביב ההגנה,הוד השרון,תל אביב ההגנה-תל אביב יפו --> הרצליה-הרצליה,הרצליה,רכבת ישראל,תל אביב יפו,
37292,תל אביב ההגנה,רעננה דרום,תל אביב ההגנה-תל אביב יפו --> הרצליה-הרצליה,הרצליה,רכבת ישראל,תל אביב יפו,
37292,תל אביב ההגנה,רעננה מערב,תל אביב ההגנה-תל אביב יפו --> הרצליה-הרצליה,הרצליה,רכבת ישראל,תל אביב יפו,
37292,תל אביב ההגנה,הרצליה,תל אביב ההגנה-תל אביב יפו --> הרצליה-הרצליה,הרצליה,רכבת ישראל,תל אביב יפו,
37350,השלום,תל אביב מרכז,תל אביב ההגנה-תל אביב יפו --> הרצליה-הרצליה,הרצליה,רכבת ישראל,תל אביב יפו,
37350,השלום,תל אביב האוניברסיטה - אקספו,תל אביב ההגנה-תל אביב יפו --> הרצליה-הרצליה,הרצליה,רכבת ישראל,תל אביב יפו,
37350,השלום,בני ברק,תל אביב ההגנה-תל אביב יפו --> הרצליה-הרצליה,הרצליה,רכבת ישראל,תל אביב יפו,
37350,השלום,קרית אריה,תל אביב ההגנה-תל אביב יפו --> הרצליה-הרצליה,הרצליה,רכבת ישראל,תל אביב יפו,
37350,השלום,סגולה,תל אביב ההגנה-תל אביב יפו --> הרצליה-הרצליה,הרצליה,רכבת ישראל,תל אביב יפו,
37350,השלום,ראש העין צפון,תל אביב ההגנה-תל אביב יפו --> הרצליה-הרצליה,הרצליה,רכבת ישראל,תל אביב יפו,
37350,השלום,כפר סבא,תל אביב ההגנה-תל אביב יפו --> הרצליה-הרצליה,הרצליה,רכבת ישראל,תל אביב יפו,
37350,השלום,הוד השרון,תל אביב ההגנה-תל אביב יפו --> הרצליה-הרצליה,הרצליה,רכבת ישראל,תל אביב יפו,
37350,השלום,רעננה דרום,תל אביב ההגנה-תל אביב יפו --> הרצליה-הרצליה,הרצליה,רכבת ישראל,תל אביב יפו,
37350,השלום,רעננה מערב,תל אביב ההגנה-תל אביב יפו --> הרצליה-הרצליה,הרצליה,רכבת ישראל,תל אביב יפו,
37350,השלום,הרצליה,תל אביב ההגנה-תל אביב יפו --> הרצליה-הרצליה,הרצליה,רכבת ישראל,תל אביב יפו,
37358,תל אביב מרכז,תל אביב האוניברסיטה - אקספו,תל אביב ההגנה-תל אביב יפו --> הרצליה-הרצליה,הרצליה,רכבת ישראל,תל אביב יפו,
37358,תל אביב מרכז,בני ברק,תל אביב ההגנה-תל אביב יפו --> הרצליה-הרצליה,הרצליה,רכבת ישראל,תל אביב יפו,
37358,תל אביב מרכז,קרית אריה,תל אביב ההגנה-תל אביב יפו --> הרצליה-הרצליה,הרצליה,רכבת ישראל,תל אביב יפו,
37358,תל אביב מרכז,סגולה,תל אביב ההגנה-תל אביב יפו --> הרצליה-הרצליה,הרצליה,רכבת ישראל,תל אביב יפו,
37358,תל אביב מרכז,ראש העין צפון,תל אביב ההגנה-תל אביב יפו --> הרצליה-הרצליה,הרצליה,רכבת ישראל,תל אביב יפו,
37358,תל אביב מרכז,כפר סבא,תל אביב ההגנה-תל אביב יפו --> הרצליה-הרצליה,הרצליה,רכבת ישראל,תל אביב יפו,
37358,תל אביב מרכז,הוד השרון,תל אביב ההגנה-תל אביב יפו --> הרצליה-הרצליה,הרצליה,רכבת ישראל,תל אביב יפו,
37358,תל אביב מרכז,רעננה דרום,תל אביב ההגנה-תל אביב יפו --> הרצליה-הרצליה,הרצליה,רכבת ישראל,תל אביב יפו,
37358,תל אביב מרכז,רעננה מערב,תל אביב ההגנה-תל אביב יפו --> הרצליה-הרצליה,הרצליה,רכבת ישראל,תל אביב יפו,
37358,תל אביב מרכז,הרצליה,תל אביב ההגנה-תל אביב יפו --> הרצליה-הרצליה,הרצליה,רכבת ישראל,תל אביב יפו,
37360,תל אביב האוניברסיטה - אקספו,בני ברק,תל אביב ההגנה-תל אביב יפו --> הרצליה-הרצליה,הרצליה,רכבת ישראל,תל אביב יפו,
37360,תל אביב האוניברסיטה - אקספו,קרית אריה,תל אביב ההגנה-תל אביב יפו --> הרצליה-הרצליה,הרצליה,רכבת ישראל,תל אביב יפו,
37360,תל אביב האוניברסיטה - אקספו,סגולה,תל אביב ההגנה-תל אביב יפו --> הרצליה-הרצליה,הרצליה,רכבת ישראל,תל אביב יפו,
37360,תל אביב האוניברסיטה - אקספו,ראש העין צפון,תל אביב ההגנה-תל אביב יפו --> הרצליה-הרצליה,הרצליה,רכבת ישראל,תל אביב יפו,
37360,תל אביב האוניברסיטה - אקספו,כפר סבא,תל אביב ההגנה-תל אביב יפו --> הרצליה-הרצליה,הרצליה,רכבת ישראל,תל אביב יפו,
37360,תל אביב האוניברסיטה - אקספו,הוד השרון,תל אביב ההגנה-תל אביב יפו --> הרצליה-הרצליה,הרצליה,רכבת ישראל,תל אביב יפו,
37360,תל אביב האוניברסיטה - אקספו,רעננה דרום,תל אביב ההגנה-תל אביב יפו --> הרצליה-הרצליה,הרצליה,רכבת ישראל,תל אביב יפו,
37360,תל אביב האוניברסיטה - אקספו,רעננה מערב,תל אביב ההגנה-תל אביב יפו --> הרצליה-הרצליה,הרצליה,רכבת ישראל,תל אביב יפו,
37360,תל אביב האוניברסיטה - אקספו,הרצליה,תל אביב ההגנה-תל אביב יפו --> הרצליה-הרצליה,הרצליה,רכבת ישראל,תל אביב יפו,
37356,בני ברק,קרית אריה,תל אביב ההגנה-תל אביב יפו --> הרצליה-הרצליה,הרצליה,רכבת ישראל,בני ברק,
37356,בני ברק,סגולה,תל אביב ההגנה-תל אביב יפו --> הרצליה-הרצליה,הרצליה,רכבת ישראל,בני ברק,
37356,בני ברק,ראש העין צפון,תל אביב ההגנה-תל אביב יפו --> הרצליה-הרצליה,הרצליה,רכבת ישראל,בני ברק,
37356,בני ברק,כפר סבא,תל אביב ההגנה-תל אביב יפו --> הרצליה-הרצליה,הרצליה,רכבת ישראל,בני ברק,
37356,בני ברק,הוד השרון,תל אביב ההגנה-תל אביב יפו --> הרצליה-הרצליה,הרצליה,רכבת ישראל,בני ברק,
37356,בני ברק,רעננה דרום,תל אביב ההגנה-תל אביב יפו --> הרצליה-הרצליה,הרצליה,רכבת ישראל,בני ברק,
37356,בני ברק,רעננה מערב,תל אביב ההגנה-תל אביב יפו --> הרצליה-הרצליה,הרצליה,רכבת ישראל,בני ברק,
37356,בני ברק,הרצליה,תל אביב ההגנה-תל אביב יפו --> הרצליה-הרצליה,הרצליה,רכבת ישראל,בני ברק,
37354,קרית אריה,סגולה,תל אביב ההגנה-תל אביב יפו --> הרצליה-הרצליה,הרצליה,רכבת ישראל,פתח תקווה,
37354,קרית אריה,ראש העין צפון,תל אביב ההגנה-תל אביב יפו --> הרצליה-הרצליה,הרצליה,רכבת ישראל,פתח תקווה,
37354,קרית אריה,כפר סבא,תל אביב ההגנה-תל אביב יפו --> הרצליה-הרצליה,הרצליה,רכבת ישראל,פתח תקווה,
37354,קרית אריה,הוד השרון,תל אביב ההגנה-תל אביב יפו --> הרצליה-הרצליה,הרצליה,רכבת ישראל,פתח תקווה,
37354,קרית אריה,רעננה דרום,תל אביב ההגנה-תל אביב יפו --> הרצליה-הרצליה,הרצליה,רכבת ישראל,פתח תקווה,
37354,קרית אריה,רעננה מערב,תל אביב ההגנה-תל אביב יפו --> הרצליה-הרצליה,הרצליה,רכבת ישראל,פתח תקווה,
37354,קרית אריה,הרצליה,תל אביב ההגנה-תל אביב יפו --> הרצליה-הרצליה,הרצליה,רכבת ישראל,פתח תקווה,
37352,סגולה,ראש העין צפון,תל אביב ההגנה-תל אביב יפו --> הרצליה-הרצליה,הרצליה,רכבת ישראל,פתח תקווה,
37352,סגולה,כפר סבא,תל אביב ההגנה-תל אביב יפו --> הרצליה-הרצליה,הרצליה,רכבת ישראל,פתח תקווה,
37352,סגולה,הוד השרון,תל אביב ההגנה-תל אביב יפו --> הרצליה-הרצליה,הרצליה,רכבת ישראל,פתח תקווה,
37352,סגולה,רעננה דרום,תל אביב ההגנה-תל אביב יפו --> הרצליה-הרצליה,הרצליה,רכבת ישראל,פתח תקווה,
37352,סגולה,רעננה מערב,תל אביב ההגנה-תל אביב יפו --> הרצליה-הרצליה,הרצליה,רכבת ישראל,פתח תקווה,
37352,סגולה,הרצליה,תל אביב ההגנה-תל אביב יפו --> הרצליה-הרצליה,הרצליה,רכבת ישראל,פתח תקווה,
37302,ראש העין צפון,כפר סבא,תל אביב ההגנה-תל אביב יפו --> הרצליה-הרצליה,הרצליה,רכבת ישראל,ראש העין,
37302,ראש העין צפון,הוד השרון,תל אביב ההגנה-תל אביב יפו --> הרצליה-הרצליה,הרצליה,רכבת ישראל,ראש העין,
37302,ראש העין צפון,רעננה דרום,תל אביב ההגנה-תל אביב יפו --> הרצליה-הרצליה,הרצליה,רכבת ישראל,ראש העין,
37302,ראש העין צפון,רעננה מערב,תל אביב ההגנה-תל אביב יפו --> הרצליה-הרצליה,הרצליה,רכבת ישראל,ראש העין,
37302,ראש העין צפון,הרצליה,תל אביב ההגנה-תל אביב יפו --> הרצליה-הרצליה,הרצליה,רכבת ישראל,ראש העין,
37304,כפר סבא,הוד השרון,תל אביב ההגנה-תל אביב יפו --> הרצליה-הרצליה,הרצליה,רכבת ישראל,כפר סבא,
37304,כפר סבא,רעננה דרום,תל אביב ההגנה-תל אביב יפו --> הרצליה-הרצליה,הרצליה,רכבת ישראל,כפר סבא,
37304,כפר סבא,רעננה מערב,תל אביב ההגנה-תל אביב יפו --> הרצליה-הרצליה,הרצליה,רכבת ישראל,כפר סבא,
37304,כפר סבא,הרצליה,תל אביב ההגנה-תל אביב יפו --> הרצליה-הרצליה,הרצליה,רכבת ישראל,כפר סבא,
37296,הוד השרון,רעננה דרום,תל אביב ההגנה-תל אביב יפו --> הרצליה-הרצליה,הרצליה,רכבת ישראל,הוד השרון,
37296,הוד השרון,רעננה מערב,תל אביב ההגנה-תל אביב יפו --> הרצליה-הרצליה,הרצליה,רכבת ישראל,הוד השרון,
37296,הוד השרון,הרצליה,תל אביב ההגנה-תל אביב יפו --> הרצליה-הרצליה,הרצליה,רכבת ישראל,הוד השרון,
42416,רעננה דרום,רעננה מערב,תל אביב ההגנה-תל אביב יפו --> הרצליה-הרצליה,הרצליה,רכבת ישראל,רעננה,
42416,רעננה דרום,הרצליה,תל אביב ההגנה-תל אביב יפו --> הרצליה-הרצליה,הרצליה,רכבת ישראל,רעננה,
42417,רעננה מערב,הרצליה,תל אביב ההגנה-תל אביב יפו --> הרצליה-הרצליה,הרצליה,רכבת ישראל,רעננה,
37324,אשקלון,אשדוד עד הלום- מטרופול,אשקלון-אשקלון --> הרצליה-הרצליה,הרצליה,רכבת ישראל,אשקלון,
37324,אשקלון,יבנה מערב,אשקלון-אשקלון --> הרצליה-הרצליה,הרצליה,רכבת ישראל,אשקלון,
37324,אשקלון,רשל''צ משה דיין,אשקלון-אשקלון --> הרצליה-הרצליה,הרצליה,רכבת ישראל,אשקלון,
37324,אשקלון,בת ים קוממיות,אשקלון-אשקלון --> הרצליה-הרצליה,הרצליה,רכבת ישראל,אשקלון,
37324,אשקלון,בת ים אלי כהן - יוספטל,אשקלון-אשקלון --> הרצליה-הרצליה,הרצליה,רכבת ישראל,אשקלון,
37324,אשקלון,חולון וולפסון,אשקלון-אשקלון --> הרצליה-הרצליה,הרצליה,רכבת ישראל,אשקלון,
37324,אשקלון,צומת חולון,אשקלון-אשקלון --> הרצליה-הרצליה,הרצליה,רכבת ישראל,אשקלון,
37324,אשקלון,תל אביב ההגנה,אשקלון-אשקלון --> הרצליה-הרצליה,הרצליה,רכבת ישראל,אשקלון,
37324,אשקלון,השלום,אשקלון-אשקלון --> הרצליה-הרצליה,הרצליה,רכבת ישראל,אשקלון,
37324,אשקלון,תל אביב מרכז,אשקלון-אשקלון --> הרצליה-הרצליה,הרצליה,רכבת ישראל,אשקלון,
37324,אשקלון,תל אביב האוניברסיטה - אקספו,אשקלון-אשקלון --> הרצליה-הרצליה,הרצליה,רכבת ישראל,אשקלון,
37324,אשקלון,בני ברק,אשקלון-אשקלון --> הרצליה-הרצליה,הרצליה,רכבת ישראל,אשקלון,
37324,אשקלון,קרית אריה,אשקלון-אשקלון --> הרצליה-הרצליה,הרצליה,רכבת ישראל,אשקלון,
37324,אשקלון,סגולה,אשקלון-אשקלון --> הרצליה-הרצליה,הרצליה,רכבת ישראל,אשקלון,
37324,אשקלון,ראש העין צפון,אשקלון-אשקלון --> הרצליה-הרצליה,הרצליה,רכבת ישראל,אשקלון,
37324,אשקלון,כפר סבא,אשקלון-אשקלון --> הרצליה-הרצליה,הרצליה,רכבת ישראל,אשקלון,
37324,אשקלון,הוד השרון,אשקלון-אשקלון --> הרצליה-הרצליה,הרצליה,רכבת ישראל,אשקלון,
37324,אשקלון,רעננה דרום,אשקלון-אשקלון --> הרצליה-הרצליה,הרצליה,רכבת ישראל,אשקלון,
37324,אשקלון,רעננה מערב,אשקלון-אשקלון --> הרצליה-הרצליה,הרצליה,רכבת ישראל,אשקלון,
37324,אשקלון,הרצליה,אשקלון-אשקלון --> הרצליה-הרצליה,הרצליה,רכבת ישראל,אשקלון,
37326,אשדוד עד הלום- מטרופול,יבנה מערב,אשקלון-אשקלון --> הרצליה-הרצליה,הרצליה,רכבת ישראל,אשדוד,
37326,אשדוד עד הלום- מטרופול,רשל''צ משה דיין,אשקלון-אשקלון --> הרצליה-הרצליה,הרצליה,רכבת ישראל,אשדוד,
37326,אשדוד עד הלום- מטרופול,בת ים קוממיות,אשקלון-אשקלון --> הרצליה-הרצליה,הרצליה,רכבת ישראל,אשדוד,
37326,אשדוד עד הלום- מטרופול,בת ים אלי כהן - יוספטל,אשקלון-אשקלון --> הרצליה-הרצליה,הרצליה,רכבת ישראל,אשדוד,
37326,אשדוד עד הלום- מטרופול,חולון וולפסון,אשקלון-אשקלון --> הרצליה-הרצליה,הרצליה,רכבת ישראל,אשדוד,
37326,אשדוד עד הלום- מטרופול,צומת חולון,אשקלון-אשקלון --> הרצליה-הרצליה,הרצליה,רכבת ישראל,אשדוד,
37326,אשדוד עד הלום- מטרופול,תל אביב ההגנה,אשקלון-אשקלון --> הרצליה-הרצליה,הרצליה,רכבת ישראל,אשדוד,
37326,אשדוד עד הלום- מטרופול,השלום,אשקלון-אשקלון --> הרצליה-הרצליה,הרצליה,רכבת ישראל,אשדוד,
37326,אשדוד עד הלום- מטרופול,תל אביב מרכז,אשקלון-אשקלון --> הרצליה-הרצליה,הרצליה,רכבת ישראל,אשדוד,
37326,אשדוד עד הלום- מטרופול,תל אביב האוניברסיטה - אקספו,אשקלון-אשקלון --> הרצליה-הרצליה,הרצליה,רכבת ישראל,אשדוד,
37326,אשדוד עד הלום- מטרופול,בני ברק,אשקלון-אשקלון --> הרצליה-הרצליה,הרצליה,רכבת ישראל,אשדוד,
37326,אשדוד עד הלום- מטרופול,קרית אריה,אשקלון-אשקלון --> הרצליה-הרצליה,הרצליה,רכבת ישראל,אשדוד,
37326,אשדוד עד הלום- מטרופול,סגולה,אשקלון-אשקלון --> הרצליה-הרצליה,הרצליה,רכבת ישראל,אשדוד,
37326,אשדוד עד הלום- מטרופול,ראש העין צפון,אשקלון-אשקלון --> הרצליה-הרצליה,הרצליה,רכבת ישראל,אשדוד,
37326,אשדוד עד הלום- מטרופול,כפר סבא,אשקלון-אשקלון --> הרצליה-הרצליה,הרצליה,רכבת ישראל,אשדוד,
37326,אשדוד עד הלום- מטרופול,הוד השרון,אשקלון-אשקלון --> הרצליה-הרצליה,הרצליה,רכבת ישראל,אשדוד,
37326,אשדוד עד הלום- מטרופול,רעננה דרום,אשקלון-אשקלון --> הרצליה-הרצליה,הרצליה,רכבת ישראל,אשדוד,
37326,אשדוד עד הלום- מטרופול,רעננה מערב,אשקלון-אשקלון --> הרצליה-הרצליה,הרצליה,רכבת ישראל,אשדוד,
37326,אשדוד עד הלום- מטרופול,הרצליה,אשקלון-אשקלון --> הרצליה-הרצליה,הרצליה,רכבת ישראל,אשדוד,
37300,יבנה מערב,רשל''צ משה דיין,אשקלון-אשקלון --> הרצליה-הרצליה,הרצליה,רכבת ישראל,יבנה,
37300,יבנה מערב,בת ים קוממיות,אשקלון-אשקלון --> הרצליה-הרצליה,הרצליה,רכבת ישראל,יבנה,
37300,יבנה מערב,בת ים אלי כהן - יוספטל,אשקלון-אשקלון --> הרצליה-הרצליה,הרצליה,רכבת ישראל,יבנה,
37300,יבנה מערב,חולון וולפסון,אשקלון-אשקלון --> הרצליה-הרצליה,הרצליה,רכבת ישראל,יבנה,
37300,יבנה מערב,צומת חולון,אשקלון-אשקלון --> הרצליה-הרצליה,הרצליה,רכבת ישראל,יבנה,
37300,יבנה מערב,תל אביב ההגנה,אשקלון-אשקלון --> הרצליה-הרצליה,הרצליה,רכבת ישראל,יבנה,
37300,יבנה מערב,השלום,אשקלון-אשקלון --> הרצליה-הרצליה,הרצליה,רכבת ישראל,יבנה,
37300,יבנה מערב,תל אביב מרכז,אשקלון-אשקלון --> הרצליה-הרצליה,הרצליה,רכבת ישראל,יבנה,
37300,יבנה מערב,תל אביב האוניברסיטה - אקספו,אשקלון-אשקלון --> הרצליה-הרצליה,הרצליה,רכבת ישראל,יבנה,
37300,יבנה מערב,בני ברק,אשקלון-אשקלון --> הרצליה-הרצליה,הרצליה,רכבת ישראל,יבנה,
37300,יבנה מערב,קרית אריה,אשקלון-אשקלון --> הרצליה-הרצליה,הרצליה,רכבת ישראל,יבנה,
37300,יבנה מערב,סגולה,אשקלון-אשקלון --> הרצליה-הרצליה,הרצליה,רכבת ישראל,יבנה,
37300,יבנה מערב,ראש העין צפון,אשקלון-אשקלון --> הרצליה-הרצליה,הרצליה,רכבת ישראל,יבנה,
37300,יבנה מערב,כפר סבא,אשקלון-אשקלון --> הרצליה-הרצליה,הרצליה,רכבת ישראל,יבנה,
37300,יבנה מערב,הוד השרון,אשקלון-אשקלון --> הרצליה-הרצליה,הרצליה,רכבת ישראל,יבנה,
37300,יבנה מערב,רעננה דרום,אשקלון-אשקלון --> הרצליה-הרצליה,הרצליה,רכבת ישראל,יבנה,
37300,יבנה מערב,רעננה מערב,אשקלון-אשקלון --> הרצליה-הרצליה,הרצליה,רכבת ישראל,יבנה,
37300,יבנה מערב,הרצליה,אשקלון-אשקלון --> הרצליה-הרצליה,הרצליה,רכבת ישראל,יבנה,
37294,רשל''צ משה דיין,בת ים קוממיות,אשקלון-אשקלון --> הרצליה-הרצליה,הרצליה,רכבת ישראל,ראשון לציון,
37294,רשל''צ משה דיין,בת ים אלי כהן - יוספטל,אשקלון-אשקלון --> הרצליה-הרצליה,הרצליה,רכבת ישראל,ראשון לציון,
37294,רשל''צ משה דיין,חולון וולפסון,אשקלון-אשקלון --> הרצליה-הרצליה,הרצליה,רכבת ישראל,ראשון לציון,
37294,רשל''צ משה דיין,צומת חולון,אשקלון-אשקלון --> הרצליה-הרצליה,הרצליה,רכבת ישראל,ראשון לציון,
37294,רשל''צ משה דיין,תל אביב ההגנה,אשקלון-אשקלון --> הרצליה-הרצליה,הרצליה,רכבת ישראל,ראשון לציון,
37294,רשל''צ משה דיין,השלום,אשקלון-אשקלון --> הרצליה-הרצליה,הרצליה,רכבת ישראל,ראשון לציון,
37294,רשל''צ משה דיין,תל אביב מרכז,אשקלון-אשקלון --> הרצליה-הרצליה,הרצליה,רכבת ישראל,ראשון לציון,
37294,רשל''צ משה דיין,תל אביב האוניברסיטה - אקספו,אשקלון-אשקלון --> הרצליה-הרצליה,הרצליה,רכבת ישראל,ראשון לציון,
37294,רשל''צ משה דיין,בני ברק,אשקלון-אשקלון --> הרצליה-הרצליה,הרצליה,רכבת ישראל,ראשון לציון,
37294,רשל''צ משה דיין,קרית אריה,אשקלון-אשקלון --> הרצליה-הרצליה,הרצליה,רכבת ישראל,ראשון לציון,
37294,רשל''צ משה דיין,סגולה,אשקלון-אשקלון --> הרצליה-הרצליה,הרצליה,רכבת ישראל,ראשון לציון,
37294,רשל''צ משה דיין,ראש העין צפון,אשקלון-אשקלון --> הרצליה-הרצליה,הרצליה,רכבת ישראל,ראשון לציון,
37294,רשל''צ משה דיין,כפר סבא,אשקלון-אשקלון --> הרצליה-הרצליה,הרצליה,רכבת ישראל,ראשון לציון,
37294,רשל''צ משה דיין,הוד השרון,אשקלון-אשקלון --> הרצליה-הרצליה,הרצליה,רכבת ישראל,ראשון לציון,
37294,רשל''צ משה דיין,רעננה דרום,אשקלון-אשקלון --> הרצליה-הרצליה,הרצליה,רכבת ישראל,ראשון לציון,
37294,רשל''צ משה דיין,רעננה מערב,אשקלון-אשקלון --> הרצליה-הרצליה,הרצליה,רכבת ישראל,ראשון לציון,
37294,רשל''צ משה דיין,הרצליה,אשקלון-אשקלון --> הרצליה-הרצליה,הרצליה,רכבת ישראל,ראשון לציון,
37342,בת ים קוממיות,בת ים אלי כהן - יוספטל,אשקלון-אשקלון --> הרצליה-הרצליה,הרצליה,רכבת ישראל,חולון,
37342,בת ים קוממיות,חולון וולפסון,אשקלון-אשקלון --> הרצליה-הרצליה,הרצליה,רכבת ישראל,חולון,
37342,בת ים קוממיות,צומת חולון,אשקלון-אשקלון --> הרצליה-הרצליה,הרצליה,רכבת ישראל,חולון,
37342,בת ים קוממיות,תל אביב ההגנה,אשקלון-אשקלון --> הרצליה-הרצליה,הרצליה,רכבת ישראל,חולון,
37342,בת ים קוממיות,השלום,אשקלון-אשקלון --> הרצליה-הרצליה,הרצליה,רכבת ישראל,חולון,
37342,בת ים קוממיות,תל אביב מרכז,אשקלון-אשקלון --> הרצליה-הרצליה,הרצליה,רכבת ישראל,חולון,
37342,בת ים קוממיות,תל אביב האוניברסיטה - אקספו,אשקלון-אשקלון --> הרצליה-הרצליה,הרצליה,רכבת ישראל,חולון,
37342,בת ים קוממיות,בני ברק,אשקלון-אשקלון --> הרצליה-הרצליה,הרצליה,רכבת ישראל,חולון,
37342,בת ים קוממיות,קרית אריה,אשקלון-אשקלון --> הרצליה-הרצליה,הרצליה,רכבת ישראל,חולון,
37342,בת ים קוממיות,סגולה,אשקלון-אשקלון --> הרצליה-הרצליה,הרצליה,רכבת ישראל,חולון,
37342,בת ים קוממיות,ראש העין צפון,אשקלון-אשקלון --> הרצליה-הרצליה,הרצליה,רכבת ישראל,חולון,
37342,בת ים קוממיות,כפר סבא,אשקלון-אשקלון --> הרצליה-הרצליה,הרצליה,רכבת ישראל,חולון,
37342,בת ים קוממיות,הוד השרון,אשקלון-אשקלון --> הרצליה-הרצליה,הרצליה,רכבת ישראל,חולון,
37342,בת ים קוממיות,רעננה דרום,אשקלון-אשקלון --> הרצליה-הרצליה,הרצליה,רכבת ישראל,חולון,
37342,בת ים קוממיות,רעננה מערב,אשקלון-אשקלון --> הרצליה-הרצליה,הרצליה,רכבת ישראל,חולון,
37342,בת ים קוממיות,הרצליה,אשקלון-אשקלון --> הרצליה-הרצליה,הרצליה,רכבת ישראל,חולון,
37344,בת ים אלי כהן - יוספטל,חולון וולפסון,אשקלון-אשקלון --> הרצליה-הרצליה,הרצליה,רכבת ישראל,בת ים,
37344,בת ים אלי כהן - יוספטל,צומת חולון,אשקלון-אשקלון --> הרצליה-הרצליה,הרצליה,רכבת ישראל,בת ים,
37344,בת ים אלי כהן - יוספטל,תל אביב ההגנה,אשקלון-אשקלון --> הרצליה-הרצליה,הרצליה,רכבת ישראל,בת ים,
37344,בת ים אלי כהן - יוספטל,השלום,אשקלון-אשקלון --> הרצליה-הרצליה,הרצליה,רכבת ישראל,בת ים,
37344,בת ים אלי כהן - יוספטל,תל אביב מרכז,אשקלון-אשקלון --> הרצליה-הרצליה,הרצליה,רכבת ישראל,בת ים,
37344,בת ים אלי כהן - יוספטל,תל אביב האוניברסיטה - אקספו,אשקלון-אשקלון --> הרצליה-הרצליה,הרצליה,רכבת ישראל,בת ים,
37344,בת ים אלי כהן - יוספטל,בני ברק,אשקלון-אשקלון --> הרצליה-הרצליה,הרצליה,רכבת ישראל,בת ים,
37344,בת ים אלי כהן - יוספטל,קרית אריה,אשקלון-אשקלון --> הרצליה-הרצליה,הרצליה,רכבת ישראל,בת ים,
37344,בת ים אלי כהן - יוספטל,סגולה,אשקלון-אשקלון --> הרצליה-הרצליה,הרצליה,רכבת ישראל,בת ים,
37344,בת ים אלי כהן - יוספטל,ראש העין צפון,אשקלון-אשקלון --> הרצליה-הרצליה,הרצליה,רכבת ישראל,בת ים,
37344,בת ים אלי כהן - יוספטל,כפר סבא,אשקלון-אשקלון --> הרצליה-הרצליה,הרצליה,רכבת ישראל,בת ים,
37344,בת ים אלי כהן - יוספטל,הוד השרון,אשקלון-אשקלון --> הרצליה-הרצליה,הרצליה,רכבת ישראל,בת ים,
37344,בת ים אלי כהן - יוספטל,רעננה דרום,אשקלון-אשקלון --> הרצליה-הרצליה,הרצליה,רכבת ישראל,בת ים,
37344,בת ים אלי כהן - יוספטל,רעננה מערב,אשקלון-אשקלון --> הרצליה-הרצליה,הרצליה,רכבת ישראל,בת ים,
37344,בת ים אלי כהן - יוספטל,הרצליה,אשקלון-אשקלון --> הרצליה-הרצליה,הרצליה,רכבת ישראל,בת ים,
37346,חולון וולפסון,צומת חולון,אשקלון-אשקלון --> הרצליה-הרצליה,הרצליה,רכבת ישראל,חולון,
37346,חולון וולפסון,תל אביב ההגנה,אשקלון-אשקלון --> הרצליה-הרצליה,הרצליה,רכבת ישראל,חולון,
37346,חולון וולפסון,השלום,אשקלון-אשקלון --> הרצליה-הרצליה,הרצליה,רכבת ישראל,חולון,
37346,חולון וולפסון,תל אביב מרכז,אשקלון-אשקלון --> הרצליה-הרצליה,הרצליה,רכבת ישראל,חולון,
37346,חולון וולפסון,תל אביב האוניברסיטה - אקספו,אשקלון-אשקלון --> הרצליה-הרצליה,הרצליה,רכבת ישראל,חולון,
37346,חולון וולפסון,בני ברק,אשקלון-אשקלון --> הרצליה-הרצליה,הרצליה,רכבת ישראל,חולון,
37346,חולון וולפסון,קרית אריה,אשקלון-אשקלון --> הרצליה-הרצליה,הרצליה,רכבת ישראל,חולון,
37346,חולון וולפסון,סגולה,אשקלון-אשקלון --> הרצליה-הרצליה,הרצליה,רכבת ישראל,חולון,
37346,חולון וולפסון,ראש העין צפון,אשקלון-אשקלון --> הרצליה-הרצליה,הרצליה,רכבת ישראל,חולון,
37346,חולון וולפסון,כפר סבא,אשקלון-אשקלון --> הרצליה-הרצליה,הרצליה,רכבת ישראל,חולון,
37346,חולון וולפסון,הוד השרון,אשקלון-אשקלון --> הרצליה-הרצליה,הרצליה,רכבת ישראל,חולון,
37346,חולון וולפסון,רעננה דרום,אשקלון-אשקלון --> הרצליה-הרצליה,הרצליה,רכבת ישראל,חולון,
37346,חולון וולפסון,רעננה מערב,אשקלון-אשקלון --> הרצליה-הרצליה,הרצליה,רכבת ישראל,חולון,
37346,חולון וולפסון,הרצליה,אשקלון-אשקלון --> הרצליה-הרצליה,הרצליה,רכבת ישראל,חולון,
37348,צומת חולון,תל אביב ההגנה,אשקלון-אשקלון --> הרצליה-הרצליה,הרצליה,רכבת ישראל,תל אביב יפו,
37348,צומת חולון,השלום,אשקלון-אשקלון --> הרצליה-הרצליה,הרצליה,רכבת ישראל,תל אביב יפו,
37348,צומת חולון,תל אביב מרכז,אשקלון-אשקלון --> הרצליה-הרצליה,הרצליה,רכבת ישראל,תל אביב יפו,
37348,צומת חולון,תל אביב האוניברסיטה - אקספו,אשקלון-אשקלון --> הרצליה-הרצליה,הרצליה,רכבת ישראל,תל אביב יפו,
37348,צומת חולון,בני ברק,אשקלון-אשקלון --> הרצליה-הרצליה,הרצליה,רכבת ישראל,תל אביב יפו,
37348,צומת חולון,קרית אריה,אשקלון-אשקלון --> הרצליה-הרצליה,הרצליה,רכבת ישראל,תל אביב יפו,
37348,צומת חולון,סגולה,אשקלון-אשקלון --> הרצליה-הרצליה,הרצליה,רכבת ישראל,תל אביב יפו,
37348,צומת חולון,ראש העין צפון,אשקלון-אשקלון --> הרצליה-הרצליה,הרצליה,רכבת ישראל,תל אביב יפו,
37348,צומת חולון,כפר סבא,אשקלון-אשקלון --> הרצליה-הרצליה,הרצליה,רכבת ישראל,תל אביב יפו,
37348,צומת חולון,הוד השרון,אשקלון-אשקלון --> הרצליה-הרצליה,הרצליה,רכבת ישראל,תל אביב יפו,
37348,צומת חולון,רעננה דרום,אשקלון-אשקלון --> הרצליה-הרצליה,הרצליה,רכבת ישראל,תל אביב יפו,
37348,צומת חולון,רעננה מערב,אשקלון-אשקלון --> הרצליה-הרצליה,הרצליה,רכבת ישראל,תל אביב יפו,
37348,צומת חולון,הרצליה,אשקלון-אשקלון --> הרצליה-הרצליה,הרצליה,רכבת ישראל,תל אביב יפו,
37292,תל אביב ההגנה,השלום,אשקלון-אשקלון --> הרצליה-הרצליה,הרצליה,רכבת ישראל,תל אביב יפו,
37292,תל אביב ההגנה,תל אביב מרכז,אשקלון-אשקלון --> הרצליה-הרצליה,הרצליה,רכבת ישראל,תל אביב יפו,
37292,תל אביב ההגנה,תל אביב האוניברסיטה - אקספו,אשקלון-אשקלון --> הרצליה-הרצליה,הרצליה,רכבת ישראל,תל אביב יפו,
37292,תל אביב ההגנה,בני ברק,אשקלון-אשקלון --> הרצליה-הרצליה,הרצליה,רכבת ישראל,תל אביב יפו,
37292,תל אביב ההגנה,קרית אריה,אשקלון-אשקלון --> הרצליה-הרצליה,הרצליה,רכבת ישראל,תל אביב יפו,
37292,תל אביב ההגנה,סגולה,אשקלון-אשקלון --> הרצליה-הרצליה,הרצליה,רכבת ישראל,תל אביב יפו,
37292,תל אביב ההגנה,ראש העין צפון,אשקלון-אשקלון --> הרצליה-הרצליה,הרצליה,רכבת ישראל,תל אביב יפו,
37292,תל אביב ההגנה,כפר סבא,אשקלון-אשקלון --> הרצליה-הרצליה,הרצליה,רכבת ישראל,תל אביב יפו,
37292,תל אביב ההגנה,הוד השרון,אשקלון-אשקלון --> הרצליה-הרצליה,הרצליה,רכבת ישראל,תל אביב יפו,
37292,תל אביב ההגנה,רעננה דרום,אשקלון-אשקלון --> הרצליה-הרצליה,הרצליה,רכבת ישראל,תל אביב יפו,
37292,תל אביב ההגנה,רעננה מערב,אשקלון-אשקלון --> הרצליה-הרצליה,הרצליה,רכבת ישראל,תל אביב יפו,
37292,תל אביב ההגנה,הרצליה,אשקלון-אשקלון --> הרצליה-הרצליה,הרצליה,רכבת ישראל,תל אביב יפו,
37350,השלום,תל אביב מרכז,אשקלון-אשקלון --> הרצליה-הרצליה,הרצליה,רכבת ישראל,תל אביב יפו,
37350,השלום,תל אביב האוניברסיטה - אקספו,אשקלון-אשקלון --> הרצליה-הרצליה,הרצליה,רכבת ישראל,תל אביב יפו,
37350,השלום,בני ברק,אשקלון-אשקלון --> הרצליה-הרצליה,הרצליה,רכבת ישראל,תל אביב יפו,
37350,השלום,קרית אריה,אשקלון-אשקלון --> הרצליה-הרצליה,הרצליה,רכבת ישראל,תל אביב יפו,
37350,השלום,סגולה,אשקלון-אשקלון --> הרצליה-הרצליה,הרצליה,רכבת ישראל,תל אביב יפו,
37350,השלום,ראש העין צפון,אשקלון-אשקלון --> הרצליה-הרצליה,הרצליה,רכבת ישראל,תל אביב יפו,
37350,השלום,כפר סבא,אשקלון-אשקלון --> הרצליה-הרצליה,הרצליה,רכבת ישראל,תל אביב יפו,
37350,השלום,הוד השרון,אשקלון-אשקלון --> הרצליה-הרצליה,הרצליה,רכבת ישראל,תל אביב יפו,
37350,השלום,רעננה דרום,אשקלון-אשקלון --> הרצליה-הרצליה,הרצליה,רכבת ישראל,תל אביב יפו,
37350,השלום,רעננה מערב,אשקלון-אשקלון --> הרצליה-הרצליה,הרצליה,רכבת ישראל,תל אביב יפו,
37350,השלום,הרצליה,אשקלון-אשקלון --> הרצליה-הרצליה,הרצליה,רכבת ישראל,תל אביב יפו,
37358,תל אביב מרכז,תל אביב האוניברסיטה - אקספו,אשקלון-אשקלון --> הרצליה-הרצליה,הרצליה,רכבת ישראל,תל אביב יפו,
37358,תל אביב מרכז,בני ברק,אשקלון-אשקלון --> הרצליה-הרצליה,הרצליה,רכבת ישראל,תל אביב יפו,
37358,תל אביב מרכז,קרית אריה,אשקלון-אשקלון --> הרצליה-הרצליה,הרצליה,רכבת ישראל,תל אביב יפו,
37358,תל אביב מרכז,סגולה,אשקלון-אשקלון --> הרצליה-הרצליה,הרצליה,רכבת ישראל,תל אביב יפו,
37358,תל אביב מרכז,ראש העין צפון,אשקלון-אשקלון --> הרצליה-הרצליה,הרצליה,רכבת ישראל,תל אביב יפו,
37358,תל אביב מרכז,כפר סבא,אשקלון-אשקלון --> הרצליה-הרצליה,הרצליה,רכבת ישראל,תל אביב יפו,
37358,תל אביב מרכז,הוד השרון,אשקלון-אשקלון --> הרצליה-הרצליה,הרצליה,רכבת ישראל,תל אביב יפו,
37358,תל אביב מרכז,רעננה דרום,אשקלון-אשקלון --> הרצליה-הרצליה,הרצליה,רכבת ישראל,תל אביב יפו,
37358,תל אביב מרכז,רעננה מערב,אשקלון-אשקלון --> הרצליה-הרצליה,הרצליה,רכבת ישראל,תל אביב יפו,
37358,תל אביב מרכז,הרצליה,אשקלון-אשקלון --> הרצליה-הרצליה,הרצליה,רכבת ישראל,תל אביב יפו,
37360,תל אביב האוניברסיטה - אקספו,בני ברק,אשקלון-אשקלון --> הרצליה-הרצליה,הרצליה,רכבת ישראל,תל אביב יפו,
37360,תל אביב האוניברסיטה - אקספו,קרית אריה,אשקלון-אשקלון --> הרצליה-הרצליה,הרצליה,רכבת ישראל,תל אביב יפו,
37360,תל אביב האוניברסיטה - אקספו,סגולה,אשקלון-אשקלון --> הרצליה-הרצליה,הרצליה,רכבת ישראל,תל אביב יפו,
37360,תל אביב האוניברסיטה - אקספו,ראש העין צפון,אשקלון-אשקלון --> הרצליה-הרצליה,הרצליה,רכבת ישראל,תל אביב יפו,
37360,תל אביב האוניברסיטה - אקספו,כפר סבא,אשקלון-אשקלון --> הרצליה-הרצליה,הרצליה,רכבת ישראל,תל אביב יפו,
37360,תל אביב האוניברסיטה - אקספו,הוד השרון,אשקלון-אשקלון --> הרצליה-הרצליה,הרצליה,רכבת ישראל,תל אביב יפו,
37360,תל אביב האוניברסיטה - אקספו,רעננה דרום,אשקלון-אשקלון --> הרצליה-הרצליה,הרצליה,רכבת ישראל,תל אביב יפו,
37360,תל אביב האוניברסיטה - אקספו,רעננה מערב,אשקלון-אשקלון --> הרצליה-הרצליה,הרצליה,רכבת ישראל,תל אביב יפו,
37360,תל אביב האוניברסיטה - אקספו,הרצליה,אשקלון-אשקלון --> הרצליה-הרצליה,הרצליה,רכבת ישראל,תל אביב יפו,
37356,בני ברק,קרית אריה,אשקלון-אשקלון --> הרצליה-הרצליה,הרצליה,רכבת ישראל,בני ברק,
37356,בני ברק,סגולה,אשקלון-אשקלון --> הרצליה-הרצליה,הרצליה,רכבת ישראל,בני ברק,
37356,בני ברק,ראש העין צפון,אשקלון-אשקלון --> הרצליה-הרצליה,הרצליה,רכבת ישראל,בני ברק,
37356,בני ברק,כפר סבא,אשקלון-אשקלון --> הרצליה-הרצליה,הרצליה,רכבת ישראל,בני ברק,
37356,בני ברק,הוד השרון,אשקלון-אשקלון --> הרצליה-הרצליה,הרצליה,רכבת ישראל,בני ברק,
37356,בני ברק,רעננה דרום,אשקלון-אשקלון --> הרצליה-הרצליה,הרצליה,רכבת ישראל,בני ברק,
37356,בני ברק,רעננה מערב,אשקלון-אשקלון --> הרצליה-הרצליה,הרצליה,רכבת ישראל,בני ברק,
37356,בני ברק,הרצליה,אשקלון-אשקלון --> הרצליה-הרצליה,הרצליה,רכבת ישראל,בני ברק,
37354,קרית אריה,סגולה,אשקלון-אשקלון --> הרצליה-הרצליה,הרצליה,רכבת ישראל,פתח תקווה,
37354,קרית אריה,ראש העין צפון,אשקלון-אשקלון --> הרצליה-הרצליה,הרצליה,רכבת ישראל,פתח תקווה,
37354,קרית אריה,כפר סבא,אשקלון-אשקלון --> הרצליה-הרצליה,הרצליה,רכבת ישראל,פתח תקווה,
37354,קרית אריה,הוד השרון,אשקלון-אשקלון --> הרצליה-הרצליה,הרצליה,רכבת ישראל,פתח תקווה,
37354,קרית אריה,רעננה דרום,אשקלון-אשקלון --> הרצליה-הרצליה,הרצליה,רכבת ישראל,פתח תקווה,
37354,קרית אריה,רעננה מערב,אשקלון-אשקלון --> הרצליה-הרצליה,הרצליה,רכבת ישראל,פתח תקווה,
37354,קרית אריה,הרצליה,אשקלון-אשקלון --> הרצליה-הרצליה,הרצליה,רכבת ישראל,פתח תקווה,
37352,סגולה,ראש העין צפון,אשקלון-אשקלון --> הרצליה-הרצליה,הרצליה,רכבת ישראל,פתח תקווה,
37352,סגולה,כפר סבא,אשקלון-אשקלון --> הרצליה-הרצליה,הרצליה,רכבת ישראל,פתח תקווה,
37352,סגולה,הוד השרון,אשקלון-אשקלון --> הרצליה-הרצליה,הרצליה,רכבת ישראל,פתח תקווה,
37352,סגולה,רעננה דרום,אשקלון-אשקלון --> הרצליה-הרצליה,הרצליה,רכבת ישראל,פתח תקווה,
37352,סגולה,רעננה מערב,אשקלון-אשקלון --> הרצליה-הרצליה,הרצליה,רכבת ישראל,פתח תקווה,
37352,סגולה,הרצליה,אשקלון-אשקלון --> הרצליה-הרצליה,הרצליה,רכבת ישראל,פתח תקווה,
37302,ראש העין צפון,כפר סבא,אשקלון-אשקלון --> הרצליה-הרצליה,הרצליה,רכבת ישראל,ראש העין,
37302,ראש העין צפון,הוד השרון,אשקלון-אשקלון --> הרצליה-הרצליה,הרצליה,רכבת ישראל,ראש העין,
37302,ראש העין צפון,רעננה דרום,אשקלון-אשקלון --> הרצליה-הרצליה,הרצליה,רכבת ישראל,ראש העין,
37302,ראש העין צפון,רעננה מערב,אשקלון-אשקלון --> הרצליה-הרצליה,הרצליה,רכבת ישראל,ראש העין,
37302,ראש העין צפון,הרצליה,אשקלון-אשקלון --> הרצליה-הרצליה,הרצליה,רכבת ישראל,ראש העין,
37304,כפר סבא,הוד השרון,אשקלון-אשקלון --> הרצליה-הרצליה,הרצליה,רכבת ישראל,כפר סבא,
37304,כפר סבא,רעננה דרום,אשקלון-אשקלון --> הרצליה-הרצליה,הרצליה,רכבת ישראל,כפר סבא,
37304,כפר סבא,רעננה מערב,אשקלון-אשקלון --> הרצליה-הרצליה,הרצליה,רכבת ישראל,כפר סבא,
37304,כפר סבא,הרצליה,אשקלון-אשקלון --> הרצליה-הרצליה,הרצליה,רכבת ישראל,כפר סבא,
37296,הוד השרון,רעננה דרום,אשקלון-אשקלון --> הרצליה-הרצליה,הרצליה,רכבת ישראל,הוד השרון,
37296,הוד השרון,רעננה מערב,אשקלון-אשקלון --> הרצליה-הרצליה,הרצליה,רכבת ישראל,הוד השרון,
37296,הוד השרון,הרצליה,אשקלון-אשקלון --> הרצליה-הרצליה,הרצליה,רכבת ישראל,הוד השרון,
42416,רעננה דרום,רעננה מערב,אשקלון-אשקלון --> הרצליה-הרצליה,הרצליה,רכבת ישראל,רעננה,
42416,רעננה דרום,הרצליה,אשקלון-אשקלון --> הרצליה-הרצליה,הרצליה,רכבת ישראל,רעננה,
42417,רעננה מערב,הרצליה,אשקלון-אשקלון --> הרצליה-הרצליה,הרצליה,רכבת ישראל,רעננה,
37338,לוד,באר יעקב,לוד-לוד --> אשקלון-אשקלון,אשקלון,רכבת ישראל,לוד,
37338,לוד,רחובות,לוד-לוד --> אשקלון-אשקלון,אשקלון,רכבת ישראל,לוד,
37338,לוד,יבנה מזרח,לוד-לוד --> אשקלון-אשקלון,אשקלון,רכבת ישראל,לוד,
37338,לוד,אשדוד עד הלום- מטרופול,לוד-לוד --> אשקלון-אשקלון,אשקלון,רכבת ישראל,לוד,
37338,לוד,אשקלון,לוד-לוד --> אשקלון-אשקלון,אשקלון,רכבת ישראל,לוד,
37330,באר יעקב,רחובות,לוד-לוד --> אשקלון-אשקלון,אשקלון,רכבת ישראל,באר יעקב,
37330,באר יעקב,יבנה מזרח,לוד-לוד --> אשקלון-אשקלון,אשקלון,רכבת ישראל,באר יעקב,
37330,באר יעקב,אשדוד עד הלום- מטרופול,לוד-לוד --> אשקלון-אשקלון,אשקלון,רכבת ישראל,באר יעקב,
37330,באר יעקב,אשקלון,לוד-לוד --> אשקלון-אשקלון,אשקלון,רכבת ישראל,באר יעקב,
37332,רחובות,יבנה מזרח,לוד-לוד --> אשקלון-אשקלון,אשקלון,רכבת ישראל,רחובות,
37332,רחובות,אשדוד עד הלום- מטרופול,לוד-לוד --> אשקלון-אשקלון,אשקלון,רכבת ישראל,רחובות,
37332,רחובות,אשקלון,לוד-לוד --> אשקלון-אשקלון,אשקלון,רכבת ישראל,רחובות,
37328,יבנה מזרח,אשדוד עד הלום- מטרופול,לוד-לוד --> אשקלון-אשקלון,אשקלון,רכבת ישראל,יבנה,
37328,יבנה מזרח,אשקלון,לוד-לוד --> אשקלון-אשקלון,אשקלון,רכבת ישראל,יבנה,
37326,אשדוד עד הלום- מטרופול,אשקלון,לוד-לוד --> אשקלון-אשקלון,אשקלון,רכבת ישראל,אשדוד,
37358,תל אביב מרכז,כפר חבד,תל אביב מרכז-תל אביב יפו --> רחובות-רחובות,רחובות,רכבת ישראל,תל אביב יפו,
37358,תל אביב מרכז,באר יעקב,תל אביב מרכז-תל אביב יפו --> רחובות-רחובות,רחובות,רכבת ישראל,תל אביב יפו,
37358,תל אביב מרכז,רחובות,תל אביב מרכז-תל אביב יפו --> רחובות-רחובות,רחובות,רכבת ישראל,תל אביב יפו,
37350,השלום,כפר חבד,תל אביב מרכז-תל אביב יפו --> רחובות-רחובות,רחובות,רכבת ישראל,תל אביב יפו,
37350,השלום,באר יעקב,תל אביב מרכז-תל אביב יפו --> רחובות-רחובות,רחובות,רכבת ישראל,תל אביב יפו,
37350,השלום,רחובות,תל אביב מרכז-תל אביב יפו --> רחובות-רחובות,רחובות,רכבת ישראל,תל אביב יפו,
37292,תל אביב ההגנה,כפר חבד,תל אביב מרכז-תל אביב יפו --> רחובות-רחובות,רחובות,רכבת ישראל,תל אביב יפו,
37292,תל אביב ההגנה,באר יעקב,תל אביב מרכז-תל אביב יפו --> רחובות-רחובות,רחובות,רכבת ישראל,תל אביב יפו,
37292,תל אביב ההגנה,רחובות,תל אביב מרכז-תל אביב יפו --> רחובות-רחובות,רחובות,רכבת ישראל,תל אביב יפו,
37340,כפר חבד,לוד,תל אביב מרכז-תל אביב יפו --> רחובות-רחובות,רחובות,רכבת ישראל,כפר חב''ד,
37340,כפר חבד,באר יעקב,תל אביב מרכז-תל אביב יפו --> רחובות-רחובות,רחובות,רכבת ישראל,כפר חב''ד,
37340,כפר חבד,רחובות,תל אביב מרכז-תל אביב יפו --> רחובות-רחובות,רחובות,רכבת ישראל,כפר חב''ד,
37338,לוד,באר יעקב,תל אביב מרכז-תל אביב יפו --> רחובות-רחובות,רחובות,רכבת ישראל,לוד,
37338,לוד,רחובות,תל אביב מרכז-תל אביב יפו --> רחובות-רחובות,רחובות,רכבת ישראל,לוד,
37330,באר יעקב,רחובות,תל אביב מרכז-תל אביב יפו --> רחובות-רחובות,רחובות,רכבת ישראל,באר יעקב,
37362,הרצליה,רעננה מערב,הרצליה-הרצליה --> אשדוד עד הלום-אשדוד,,רכבת ישראל,הרצליה,
37362,הרצליה,רעננה דרום,הרצליה-הרצליה --> אשדוד עד הלום-אשדוד,,רכבת ישראל,הרצליה,
37362,הרצליה,הוד השרון,הרצליה-הרצליה --> אשדוד עד הלום-אשדוד,,רכבת ישראל,הרצליה,
37362,הרצליה,כפר סבא,הרצליה-הרצליה --> אשדוד עד הלום-אשדוד,,רכבת ישראל,הרצליה,
37362,הרצליה,ראש העין צפון,הרצליה-הרצליה --> אשדוד עד הלום-אשדוד,,רכבת ישראל,הרצליה,
37362,הרצליה,סגולה,הרצליה-הרצליה --> אשדוד עד הלום-אשדוד,,רכבת ישראל,הרצליה,
37362,הרצליה,קרית אריה,הרצליה-הרצליה --> אשדוד עד הלום-אשדוד,,רכבת ישראל,הרצליה,
37362,הרצליה,בני ברק,הרצליה-הרצליה --> אשדוד עד הלום-אשדוד,,רכבת ישראל,הרצליה,
37362,הרצליה,תל אביב האוניברסיטה - אקספו,הרצליה-הרצליה --> אשדוד עד הלום-אשדוד,,רכבת ישראל,הרצליה,
37362,הרצליה,תל אביב מרכז,הרצליה-הרצליה --> אשדוד עד הלום-אשדוד,,רכבת ישראל,הרצליה,
37362,הרצליה,השלום,הרצליה-הרצליה --> אשדוד עד הלום-אשדוד,,רכבת ישראל,הרצליה,
37362,הרצליה,תל אביב ההגנה,הרצליה-הרצליה --> אשדוד עד הלום-אשדוד,,רכבת ישראל,הרצליה,
37362,הרצליה,צומת חולון,הרצליה-הרצליה --> אשדוד עד הלום-אשדוד,,רכבת ישראל,הרצליה,
37362,הרצליה,חולון וולפסון,הרצליה-הרצליה --> אשדוד עד הלום-אשדוד,,רכבת ישראל,הרצליה,
37362,הרצליה,בת ים אלי כהן - יוספטל,הרצליה-הרצליה --> אשדוד עד הלום-אשדוד,,רכבת ישראל,הרצליה,
37362,הרצליה,בת ים קוממיות,הרצליה-הרצליה --> אשדוד עד הלום-אשדוד,,רכבת ישראל,הרצליה,
37362,הרצליה,רשל''צ משה דיין,הרצליה-הרצליה --> אשדוד עד הלום-אשדוד,,רכבת ישראל,הרצליה,
37362,הרצליה,יבנה מערב,הרצליה-הרצליה --> אשדוד עד הלום-אשדוד,,רכבת ישראל,הרצליה,
37362,הרצליה,אשדוד עד הלום- מטרופול,הרצליה-הרצליה --> אשדוד עד הלום-אשדוד,,רכבת ישראל,הרצליה,
42417,רעננה מערב,רעננה דרום,הרצליה-הרצליה --> אשדוד עד הלום-אשדוד,,רכבת ישראל,רעננה,
42417,רעננה מערב,הוד השרון,הרצליה-הרצליה --> אשדוד עד הלום-אשדוד,,רכבת ישראל,רעננה,
42417,רעננה מערב,כפר סבא,הרצליה-הרצליה --> אשדוד עד הלום-אשדוד,,רכבת ישראל,רעננה,
42417,רעננה מערב,ראש העין צפון,הרצליה-הרצליה --> אשדוד עד הלום-אשדוד,,רכבת ישראל,רעננה,
42417,רעננה מערב,סגולה,הרצליה-הרצליה --> אשדוד עד הלום-אשדוד,,רכבת ישראל,רעננה,
42417,רעננה מערב,קרית אריה,הרצליה-הרצליה --> אשדוד עד הלום-אשדוד,,רכבת ישראל,רעננה,
42417,רעננה מערב,בני ברק,הרצליה-הרצליה --> אשדוד עד הלום-אשדוד,,רכבת ישראל,רעננה,
42417,רעננה מערב,תל אביב האוניברסיטה - אקספו,הרצליה-הרצליה --> אשדוד עד הלום-אשדוד,,רכבת ישראל,רעננה,
42417,רעננה מערב,תל אביב מרכז,הרצליה-הרצליה --> אשדוד עד הלום-אשדוד,,רכבת ישראל,רעננה,
42417,רעננה מערב,השלום,הרצליה-הרצליה --> אשדוד עד הלום-אשדוד,,רכבת ישראל,רעננה,
42417,רעננה מערב,תל אביב ההגנה,הרצליה-הרצליה --> אשדוד עד הלום-אשדוד,,רכבת ישראל,רעננה,
42417,רעננה מערב,צומת חולון,הרצליה-הרצליה --> אשדוד עד הלום-אשדוד,,רכבת ישראל,רעננה,
42417,רעננה מערב,חולון וולפסון,הרצליה-הרצליה --> אשדוד עד הלום-אשדוד,,רכבת ישראל,רעננה,
42417,רעננה מערב,בת ים אלי כהן - יוספטל,הרצליה-הרצליה --> אשדוד עד הלום-אשדוד,,רכבת ישראל,רעננה,
42417,רעננה מערב,בת ים קוממיות,הרצליה-הרצליה --> אשדוד עד הלום-אשדוד,,רכבת ישראל,רעננה,
42417,רעננה מערב,רשל''צ משה דיין,הרצליה-הרצליה --> אשדוד עד הלום-אשדוד,,רכבת ישראל,רעננה,
42417,רעננה מערב,יבנה מערב,הרצליה-הרצליה --> אשדוד עד הלום-אשדוד,,רכבת ישראל,רעננה,
42417,רעננה מערב,אשדוד עד הלום- מטרופול,הרצליה-הרצליה --> אשדוד עד הלום-אשדוד,,רכבת ישראל,רעננה,
42416,רעננה דרום,הוד השרון,הרצליה-הרצליה --> אשדוד עד הלום-אשדוד,,רכבת ישראל,רעננה,
42416,רעננה דרום,כפר סבא,הרצליה-הרצליה --> אשדוד עד הלום-אשדוד,,רכבת ישראל,רעננה,
42416,רעננה דרום,ראש העין צפון,הרצליה-הרצליה --> אשדוד עד הלום-אשדוד,,רכבת ישראל,רעננה,
42416,רעננה דרום,סגולה,הרצליה-הרצליה --> אשדוד עד הלום-אשדוד,,רכבת ישראל,רעננה,
42416,רעננה דרום,קרית אריה,הרצליה-הרצליה --> אשדוד עד הלום-אשדוד,,רכבת ישראל,רעננה,
42416,רעננה דרום,בני ברק,הרצליה-הרצליה --> אשדוד עד הלום-אשדוד,,רכבת ישראל,רעננה,
42416,רעננה דרום,תל אביב האוניברסיטה - אקספו,הרצליה-הרצליה --> אשדוד עד הלום-אשדוד,,רכבת ישראל,רעננה,
42416,רעננה דרום,תל אביב מרכז,הרצליה-הרצליה --> אשדוד עד הלום-אשדוד,,רכבת ישראל,רעננה,
42416,רעננה דרום,השלום,הרצליה-הרצליה --> אשדוד עד הלום-אשדוד,,רכבת ישראל,רעננה,
42416,רעננה דרום,תל אביב ההגנה,הרצליה-הרצליה --> אשדוד עד הלום-אשדוד,,רכבת ישראל,רעננה,
42416,רעננה דרום,צומת חולון,הרצליה-הרצליה --> אשדוד עד הלום-אשדוד,,רכבת ישראל,רעננה,
42416,רעננה דרום,חולון וולפסון,הרצליה-הרצליה --> אשדוד עד הלום-אשדוד,,רכבת ישראל,רעננה,
42416,רעננה דרום,בת ים אלי כהן - יוספטל,הרצליה-הרצליה --> אשדוד עד הלום-אשדוד,,רכבת ישראל,רעננה,
42416,רעננה דרום,בת ים קוממיות,הרצליה-הרצליה --> אשדוד עד הלום-אשדוד,,רכבת ישראל,רעננה,
42416,רעננה דרום,רשל''צ משה דיין,הרצליה-הרצליה --> אשדוד עד הלום-אשדוד,,רכבת ישראל,רעננה,
42416,רעננה דרום,יבנה מערב,הרצליה-הרצליה --> אשדוד עד הלום-אשדוד,,רכבת ישראל,רעננה,
42416,רעננה דרום,אשדוד עד הלום- מטרופול,הרצליה-הרצליה --> אשדוד עד הלום-אשדוד,,רכבת ישראל,רעננה,
37296,הוד השרון,כפר סבא,הרצליה-הרצליה --> אשדוד עד הלום-אשדוד,,רכבת ישראל,הוד השרון,
37296,הוד השרון,ראש העין צפון,הרצליה-הרצליה --> אשדוד עד הלום-אשדוד,,רכבת ישראל,הוד השרון,
37296,הוד השרון,סגולה,הרצליה-הרצליה --> אשדוד עד הלום-אשדוד,,רכבת ישראל,הוד השרון,
37296,הוד השרון,קרית אריה,הרצליה-הרצליה --> אשדוד עד הלום-אשדוד,,רכבת ישראל,הוד השרון,
37296,הוד השרון,בני ברק,הרצליה-הרצליה --> אשדוד עד הלום-אשדוד,,רכבת ישראל,הוד השרון,
37296,הוד השרון,תל אביב האוניברסיטה - אקספו,הרצליה-הרצליה --> אשדוד עד הלום-אשדוד,,רכבת ישראל,הוד השרון,
37296,הוד השרון,תל אביב מרכז,הרצליה-הרצליה --> אשדוד עד הלום-אשדוד,,רכבת ישראל,הוד השרון,
37296,הוד השרון,השלום,הרצליה-הרצליה --> אשדוד עד הלום-אשדוד,,רכבת ישראל,הוד השרון,
37296,הוד השרון,תל אביב ההגנה,הרצליה-הרצליה --> אשדוד עד הלום-אשדוד,,רכבת ישראל,הוד השרון,
37296,הוד השרון,צומת חולון,הרצליה-הרצליה --> אשדוד עד הלום-אשדוד,,רכבת ישראל,הוד השרון,
37296,הוד השרון,חולון וולפסון,הרצליה-הרצליה --> אשדוד עד הלום-אשדוד,,רכבת ישראל,הוד השרון,
37296,הוד השרון,בת ים אלי כהן - יוספטל,הרצליה-הרצליה --> אשדוד עד הלום-אשדוד,,רכבת ישראל,הוד השרון,
37296,הוד השרון,בת ים קוממיות,הרצליה-הרצליה --> אשדוד עד הלום-אשדוד,,רכבת ישראל,הוד השרון,
37296,הוד השרון,רשל''צ משה דיין,הרצליה-הרצליה --> אשדוד עד הלום-אשדוד,,רכבת ישראל,הוד השרון,
37296,הוד השרון,יבנה מערב,הרצליה-הרצליה --> אשדוד עד הלום-אשדוד,,רכבת ישראל,הוד השרון,
37296,הוד השרון,אשדוד עד הלום- מטרופול,הרצליה-הרצליה --> אשדוד עד הלום-אשדוד,,רכבת ישראל,הוד השרון,
37304,כפר סבא,ראש העין צפון,הרצליה-הרצליה --> אשדוד עד הלום-אשדוד,,רכבת ישראל,כפר סבא,
37304,כפר סבא,סגולה,הרצליה-הרצליה --> אשדוד עד הלום-אשדוד,,רכבת ישראל,כפר סבא,
37304,כפר סבא,קרית אריה,הרצליה-הרצליה --> אשדוד עד הלום-אשדוד,,רכבת ישראל,כפר סבא,
37304,כפר סבא,בני ברק,הרצליה-הרצליה --> אשדוד עד הלום-אשדוד,,רכבת ישראל,כפר סבא,
37304,כפר סבא,תל אביב האוניברסיטה - אקספו,הרצליה-הרצליה --> אשדוד עד הלום-אשדוד,,רכבת ישראל,כפר סבא,
37304,כפר סבא,תל אביב מרכז,הרצליה-הרצליה --> אשדוד עד הלום-אשדוד,,רכבת ישראל,כפר סבא,
37304,כפר סבא,השלום,הרצליה-הרצליה --> אשדוד עד הלום-אשדוד,,רכבת ישראל,כפר סבא,
37304,כפר סבא,תל אביב ההגנה,הרצליה-הרצליה --> אשדוד עד הלום-אשדוד,,רכבת ישראל,כפר סבא,
37304,כפר סבא,צומת חולון,הרצליה-הרצליה --> אשדוד עד הלום-אשדוד,,רכבת ישראל,כפר סבא,
37304,כפר סבא,חולון וולפסון,הרצליה-הרצליה --> אשדוד עד הלום-אשדוד,,רכבת ישראל,כפר סבא,
37304,כפר סבא,בת ים אלי כהן - יוספטל,הרצליה-הרצליה --> אשדוד עד הלום-אשדוד,,רכבת ישראל,כפר סבא,
37304,כפר סבא,בת ים קוממיות,הרצליה-הרצליה --> אשדוד עד הלום-אשדוד,,רכבת ישראל,כפר סבא,
37304,כפר סבא,רשל''צ משה דיין,הרצליה-הרצליה --> אשדוד עד הלום-אשדוד,,רכבת ישראל,כפר סבא,
37304,כפר סבא,יבנה מערב,הרצליה-הרצליה --> אשדוד עד הלום-אשדוד,,רכבת ישראל,כפר סבא,
37304,כפר סבא,אשדוד עד הלום- מטרופול,הרצליה-הרצליה --> אשדוד עד הלום-אשדוד,,רכבת ישראל,כפר סבא,
37302,ראש העין צפון,סגולה,הרצליה-הרצליה --> אשדוד עד הלום-אשדוד,,רכבת ישראל,ראש העין,
37302,ראש העין צפון,קרית אריה,הרצליה-הרצליה --> אשדוד עד הלום-אשדוד,,רכבת ישראל,ראש העין,
37302,ראש העין צפון,בני ברק,הרצליה-הרצליה --> אשדוד עד הלום-אשדוד,,רכבת ישראל,ראש העין,
37302,ראש העין צפון,תל אביב האוניברסיטה - אקספו,הרצליה-הרצליה --> אשדוד עד הלום-אשדוד,,רכבת ישראל,ראש העין,
37302,ראש העין צפון,תל אביב מרכז,הרצליה-הרצליה --> אשדוד עד הלום-אשדוד,,רכבת ישראל,ראש העין,
37302,ראש העין צפון,השלום,הרצליה-הרצליה --> אשדוד עד הלום-אשדוד,,רכבת ישראל,ראש העין,
37302,ראש העין צפון,תל אביב ההגנה,הרצליה-הרצליה --> אשדוד עד הלום-אשדוד,,רכבת ישראל,ראש העין,
37302,ראש העין צפון,צומת חולון,הרצליה-הרצליה --> אשדוד עד הלום-אשדוד,,רכבת ישראל,ראש העין,
37302,ראש העין צפון,חולון וולפסון,הרצליה-הרצליה --> אשדוד עד הלום-אשדוד,,רכבת ישראל,ראש העין,
37302,ראש העין צפון,בת ים אלי כהן - יוספטל,הרצליה-הרצליה --> אשדוד עד הלום-אשדוד,,רכבת ישראל,ראש העין,
37302,ראש העין צפון,בת ים קוממיות,הרצליה-הרצליה --> אשדוד עד הלום-אשדוד,,רכבת ישראל,ראש העין,
37302,ראש העין צפון,רשל''צ משה דיין,הרצליה-הרצליה --> אשדוד עד הלום-אשדוד,,רכבת ישראל,ראש העין,
37302,ראש העין צפון,יבנה מערב,הרצליה-הרצליה --> אשדוד עד הלום-אשדוד,,רכבת ישראל,ראש העין,
37302,ראש העין צפון,אשדוד עד הלום- מטרופול,הרצליה-הרצליה --> אשדוד עד הלום-אשדוד,,רכבת ישראל,ראש העין,
37352,סגולה,קרית אריה,הרצליה-הרצליה --> אשדוד עד הלום-אשדוד,,רכבת ישראל,פתח תקווה,
37352,סגולה,בני ברק,הרצליה-הרצליה --> אשדוד עד הלום-אשדוד,,רכבת ישראל,פתח תקווה,
37352,סגולה,תל אביב האוניברסיטה - אקספו,הרצליה-הרצליה --> אשדוד עד הלום-אשדוד,,רכבת ישראל,פתח תקווה,
37352,סגולה,תל אביב מרכז,הרצליה-הרצליה --> אשדוד עד הלום-אשדוד,,רכבת ישראל,פתח תקווה,
37352,סגולה,השלום,הרצליה-הרצליה --> אשדוד עד הלום-אשדוד,,רכבת ישראל,פתח תקווה,
37352,סגולה,תל אביב ההגנה,הרצליה-הרצליה --> אשדוד עד הלום-אשדוד,,רכבת ישראל,פתח תקווה,
37352,סגולה,צומת חולון,הרצליה-הרצליה --> אשדוד עד הלום-אשדוד,,רכבת ישראל,פתח תקווה,
37352,סגולה,חולון וולפסון,הרצליה-הרצליה --> אשדוד עד הלום-אשדוד,,רכבת ישראל,פתח תקווה,
37352,סגולה,בת ים אלי כהן - יוספטל,הרצליה-הרצליה --> אשדוד עד הלום-אשדוד,,רכבת ישראל,פתח תקווה,
37352,סגולה,בת ים קוממיות,הרצליה-הרצליה --> אשדוד עד הלום-אשדוד,,רכבת ישראל,פתח תקווה,
37352,סגולה,רשל''צ משה דיין,הרצליה-הרצליה --> אשדוד עד הלום-אשדוד,,רכבת ישראל,פתח תקווה,
37352,סגולה,יבנה מערב,הרצליה-הרצליה --> אשדוד עד הלום-אשדוד,,רכבת ישראל,פתח תקווה,
37352,סגולה,אשדוד עד הלום- מטרופול,הרצליה-הרצליה --> אשדוד עד הלום-אשדוד,,רכבת ישראל,פתח תקווה,
37354,קרית אריה,בני ברק,הרצליה-הרצליה --> אשדוד עד הלום-אשדוד,,רכבת ישראל,פתח תקווה,
37354,קרית אריה,תל אביב האוניברסיטה - אקספו,הרצליה-הרצליה --> אשדוד עד הלום-אשדוד,,רכבת ישראל,פתח תקווה,
37354,קרית אריה,תל אביב מרכז,הרצליה-הרצליה --> אשדוד עד הלום-אשדוד,,רכבת ישראל,פתח תקווה,
37354,קרית אריה,השלום,הרצליה-הרצליה --> אשדוד עד הלום-אשדוד,,רכבת ישראל,פתח תקווה,
37354,קרית אריה,תל אביב ההגנה,הרצליה-הרצליה --> אשדוד עד הלום-אשדוד,,רכבת ישראל,פתח תקווה,
37354,קרית אריה,צומת חולון,הרצליה-הרצליה --> אשדוד עד הלום-אשדוד,,רכבת ישראל,פתח תקווה,
37354,קרית אריה,חולון וולפסון,הרצליה-הרצליה --> אשדוד עד הלום-אשדוד,,רכבת ישראל,פתח תקווה,
37354,קרית אריה,בת ים אלי כהן - יוספטל,הרצליה-הרצליה --> אשדוד עד הלום-אשדוד,,רכבת ישראל,פתח תקווה,
37354,קרית אריה,בת ים קוממיות,הרצליה-הרצליה --> אשדוד עד הלום-אשדוד,,רכבת ישראל,פתח תקווה,
37354,קרית אריה,רשל''צ משה דיין,הרצליה-הרצליה --> אשדוד עד הלום-אשדוד,,רכבת ישראל,פתח תקווה,
37354,קרית אריה,יבנה מערב,הרצליה-הרצליה --> אשדוד עד הלום-אשדוד,,רכבת ישראל,פתח תקווה,
37354,קרית אריה,אשדוד עד הלום- מטרופול,הרצליה-הרצליה --> אשדוד עד הלום-אשדוד,,רכבת ישראל,פתח תקווה,
37356,בני ברק,תל אביב האוניברסיטה - אקספו,הרצליה-הרצליה --> אשדוד עד הלום-אשדוד,,רכבת ישראל,בני ברק,
37356,בני ברק,תל אביב מרכז,הרצליה-הרצליה --> אשדוד עד הלום-אשדוד,,רכבת ישראל,בני ברק,
37356,בני ברק,השלום,הרצליה-הרצליה --> אשדוד עד הלום-אשדוד,,רכבת ישראל,בני ברק,
37356,בני ברק,תל אביב ההגנה,הרצליה-הרצליה --> אשדוד עד הלום-אשדוד,,רכבת ישראל,בני ברק,
37356,בני ברק,צומת חולון,הרצליה-הרצליה --> אשדוד עד הלום-אשדוד,,רכבת ישראל,בני ברק,
37356,בני ברק,חולון וולפסון,הרצליה-הרצליה --> אשדוד עד הלום-אשדוד,,רכבת ישראל,בני ברק,
37356,בני ברק,בת ים אלי כהן - יוספטל,הרצליה-הרצליה --> אשדוד עד הלום-אשדוד,,רכבת ישראל,בני ברק,
37356,בני ברק,בת ים קוממיות,הרצליה-הרצליה --> אשדוד עד הלום-אשדוד,,רכבת ישראל,בני ברק,
37356,בני ברק,רשל''צ משה דיין,הרצליה-הרצליה --> אשדוד עד הלום-אשדוד,,רכבת ישראל,בני ברק,
37356,בני ברק,יבנה מערב,הרצליה-הרצליה --> אשדוד עד הלום-אשדוד,,רכבת ישראל,בני ברק,
37356,בני ברק,אשדוד עד הלום- מטרופול,הרצליה-הרצליה --> אשדוד עד הלום-אשדוד,,רכבת ישראל,בני ברק,
37360,תל אביב האוניברסיטה - אקספו,תל אביב מרכז,הרצליה-הרצליה --> אשדוד עד הלום-אשדוד,,רכבת ישראל,תל אביב יפו,
37360,תל אביב האוניברסיטה - אקספו,השלום,הרצליה-הרצליה --> אשדוד עד הלום-אשדוד,,רכבת ישראל,תל אביב יפו,
37360,תל אביב האוניברסיטה - אקספו,תל אביב ההגנה,הרצליה-הרצליה --> אשדוד עד הלום-אשדוד,,רכבת ישראל,תל אביב יפו,
37360,תל אביב האוניברסיטה - אקספו,צומת חולון,הרצליה-הרצליה --> אשדוד עד הלום-אשדוד,,רכבת ישראל,תל אביב יפו,
37360,תל אביב האוניברסיטה - אקספו,חולון וולפסון,הרצליה-הרצליה --> אשדוד עד הלום-אשדוד,,רכבת ישראל,תל אביב יפו,
37360,תל אביב האוניברסיטה - אקספו,בת ים אלי כהן - יוספטל,הרצליה-הרצליה --> אשדוד עד הלום-אשדוד,,רכבת ישראל,תל אביב יפו,
37360,תל אביב האוניברסיטה - אקספו,בת ים קוממיות,הרצליה-הרצליה --> אשדוד עד הלום-אשדוד,,רכבת ישראל,תל אביב יפו,
37360,תל אביב האוניברסיטה - אקספו,רשל''צ משה דיין,הרצליה-הרצליה --> אשדוד עד הלום-אשדוד,,רכבת ישראל,תל אביב יפו,
37360,תל אביב האוניברסיטה - אקספו,יבנה מערב,הרצליה-הרצליה --> אשדוד עד הלום-אשדוד,,רכבת ישראל,תל אביב יפו,
37360,תל אביב האוניברסיטה - אקספו,אשדוד עד הלום- מטרופול,הרצליה-הרצליה --> אשדוד עד הלום-אשדוד,,רכבת ישראל,תל אביב יפו,
37358,תל אביב מרכז,השלום,הרצליה-הרצליה --> אשדוד עד הלום-אשדוד,,רכבת ישראל,תל אביב יפו,
37358,תל אביב מרכז,תל אביב ההגנה,הרצליה-הרצליה --> אשדוד עד הלום-אשדוד,,רכבת ישראל,תל אביב יפו,
37358,תל אביב מרכז,צומת חולון,הרצליה-הרצליה --> אשדוד עד הלום-אשדוד,,רכבת ישראל,תל אביב יפו,
37358,תל אביב מרכז,חולון וולפסון,הרצליה-הרצליה --> אשדוד עד הלום-אשדוד,,רכבת ישראל,תל אביב יפו,
37358,תל אביב מרכז,בת ים אלי כהן - יוספטל,הרצליה-הרצליה --> אשדוד עד הלום-אשדוד,,רכבת ישראל,תל אביב יפו,
37358,תל אביב מרכז,בת ים קוממיות,הרצליה-הרצליה --> אשדוד עד הלום-אשדוד,,רכבת ישראל,תל אביב יפו,
37358,תל אביב מרכז,רשל''צ משה דיין,הרצליה-הרצליה --> אשדוד עד הלום-אשדוד,,רכבת ישראל,תל אביב יפו,
37358,תל אביב מרכז,יבנה מערב,הרצליה-הרצליה --> אשדוד עד הלום-אשדוד,,רכבת ישראל,תל אביב יפו,
37358,תל אביב מרכז,אשדוד עד הלום- מטרופול,הרצליה-הרצליה --> אשדוד עד הלום-אשדוד,,רכבת ישראל,תל אביב יפו,
37350,השלום,תל אביב ההגנה,הרצליה-הרצליה --> אשדוד עד הלום-אשדוד,,רכבת ישראל,תל אביב יפו,
37350,השלום,צומת חולון,הרצליה-הרצליה --> אשדוד עד הלום-אשדוד,,רכבת ישראל,תל אביב יפו,
37350,השלום,חולון וולפסון,הרצליה-הרצליה --> אשדוד עד הלום-אשדוד,,רכבת ישראל,תל אביב יפו,
37350,השלום,בת ים אלי כהן - יוספטל,הרצליה-הרצליה --> אשדוד עד הלום-אשדוד,,רכבת ישראל,תל אביב יפו,
37350,השלום,בת ים קוממיות,הרצליה-הרצליה --> אשדוד עד הלום-אשדוד,,רכבת ישראל,תל אביב יפו,
37350,השלום,רשל''צ משה דיין,הרצליה-הרצליה --> אשדוד עד הלום-אשדוד,,רכבת ישראל,תל אביב יפו,
37350,השלום,יבנה מערב,הרצליה-הרצליה --> אשדוד עד הלום-אשדוד,,רכבת ישראל,תל אביב יפו,
37350,השלום,אשדוד עד הלום- מטרופול,הרצליה-הרצליה --> אשדוד עד הלום-אשדוד,,רכבת ישראל,תל אביב יפו,
37292,תל אביב ההגנה,צומת חולון,הרצליה-הרצליה --> אשדוד עד הלום-אשדוד,,רכבת ישראל,תל אביב יפו,
37292,תל אביב ההגנה,חולון וולפסון,הרצליה-הרצליה --> אשדוד עד הלום-אשדוד,,רכבת ישראל,תל אביב יפו,
37292,תל אביב ההגנה,בת ים אלי כהן - יוספטל,הרצליה-הרצליה --> אשדוד עד הלום-אשדוד,,רכבת ישראל,תל אביב יפו,
37292,תל אביב ההגנה,בת ים קוממיות,הרצליה-הרצליה --> אשדוד עד הלום-אשדוד,,רכבת ישראל,תל אביב יפו,
37292,תל אביב ההגנה,רשל''צ משה דיין,הרצליה-הרצליה --> אשדוד עד הלום-אשדוד,,רכבת ישראל,תל אביב יפו,
37292,תל אביב ההגנה,יבנה מערב,הרצליה-הרצליה --> אשדוד עד הלום-אשדוד,,רכבת ישראל,תל אביב יפו,
37292,תל אביב ההגנה,אשדוד עד הלום- מטרופול,הרצליה-הרצליה --> אשדוד עד הלום-אשדוד,,רכבת ישראל,תל אביב יפו,
37348,צומת חולון,חולון וולפסון,הרצליה-הרצליה --> אשדוד עד הלום-אשדוד,,רכבת ישראל,תל אביב יפו,
37348,צומת חולון,בת ים אלי כהן - יוספטל,הרצליה-הרצליה --> אשדוד עד הלום-אשדוד,,רכבת ישראל,תל אביב יפו,
37348,צומת חולון,בת ים קוממיות,הרצליה-הרצליה --> אשדוד עד הלום-אשדוד,,רכבת ישראל,תל אביב יפו,
37348,צומת חולון,רשל''צ משה דיין,הרצליה-הרצליה --> אשדוד עד הלום-אשדוד,,רכבת ישראל,תל אביב יפו,
37348,צומת חולון,יבנה מערב,הרצליה-הרצליה --> אשדוד עד הלום-אשדוד,,רכבת ישראל,תל אביב יפו,
37348,צומת חולון,אשדוד עד הלום- מטרופול,הרצליה-הרצליה --> אשדוד עד הלום-אשדוד,,רכבת ישראל,תל אביב יפו,
37346,חולון וולפסון,בת ים אלי כהן - יוספטל,הרצליה-הרצליה --> אשדוד עד הלום-אשדוד,,רכבת ישראל,חולון,
37346,חולון וולפסון,בת ים קוממיות,הרצליה-הרצליה --> אשדוד עד הלום-אשדוד,,רכבת ישראל,חולון,
37346,חולון וולפסון,רשל''צ משה דיין,הרצליה-הרצליה --> אשדוד עד הלום-אשדוד,,רכבת ישראל,חולון,
37346,חולון וולפסון,יבנה מערב,הרצליה-הרצליה --> אשדוד עד הלום-אשדוד,,רכבת ישראל,חולון,
37346,חולון וולפסון,אשדוד עד הלום- מטרופול,הרצליה-הרצליה --> אשדוד עד הלום-אשדוד,,רכבת ישראל,חולון,
37344,בת ים אלי כהן - יוספטל,בת ים קוממיות,הרצליה-הרצליה --> אשדוד עד הלום-אשדוד,,רכבת ישראל,בת ים,
37344,בת ים אלי כהן - יוספטל,רשל''צ משה דיין,הרצליה-הרצליה --> אשדוד עד הלום-אשדוד,,רכבת ישראל,בת ים,
37344,בת ים אלי כהן - יוספטל,יבנה מערב,הרצליה-הרצליה --> אשדוד עד הלום-אשדוד,,רכבת ישראל,בת ים,
37344,בת ים אלי כהן - יוספטל,אשדוד עד הלום- מטרופול,הרצליה-הרצליה --> אשדוד עד הלום-אשדוד,,רכבת ישראל,בת ים,
37342,בת ים קוממיות,רשל''צ משה דיין,הרצליה-הרצליה --> אשדוד עד הלום-אשדוד,,רכבת ישראל,חולון,
37342,בת ים קוממיות,יבנה מערב,הרצליה-הרצליה --> אשדוד עד הלום-אשדוד,,רכבת ישראל,חולון,
37342,בת ים קוממיות,אשדוד עד הלום- מטרופול,הרצליה-הרצליה --> אשדוד עד הלום-אשדוד,,רכבת ישראל,חולון,
37294,רשל''צ משה דיין,יבנה מערב,הרצליה-הרצליה --> אשדוד עד הלום-אשדוד,,רכבת ישראל,ראשון לציון,
37294,רשל''צ משה דיין,אשדוד עד הלום- מטרופול,הרצליה-הרצליה --> אשדוד עד הלום-אשדוד,,רכבת ישראל,ראשון לציון,
37300,יבנה מערב,אשדוד עד הלום- מטרופול,הרצליה-הרצליה --> אשדוד עד הלום-אשדוד,,רכבת ישראל,יבנה,
37326,אשדוד עד הלום- מטרופול,יבנה מערב,אשדוד עד הלום-אשדוד --> הרצליה-הרצליה,הרצליה,רכבת ישראל,אשדוד,
37326,אשדוד עד הלום- מטרופול,רשל''צ משה דיין,אשדוד עד הלום-אשדוד --> הרצליה-הרצליה,הרצליה,רכבת ישראל,אשדוד,
37326,אשדוד עד הלום- מטרופול,בת ים קוממיות,אשדוד עד הלום-אשדוד --> הרצליה-הרצליה,הרצליה,רכבת ישראל,אשדוד,
37326,אשדוד עד הלום- מטרופול,בת ים אלי כהן - יוספטל,אשדוד עד הלום-אשדוד --> הרצליה-הרצליה,הרצליה,רכבת ישראל,אשדוד,
37326,אשדוד עד הלום- מטרופול,חולון וולפסון,אשדוד עד הלום-אשדוד --> הרצליה-הרצליה,הרצליה,רכבת ישראל,אשדוד,
37326,אשדוד עד הלום- מטרופול,צומת חולון,אשדוד עד הלום-אשדוד --> הרצליה-הרצליה,הרצליה,רכבת ישראל,אשדוד,
37326,אשדוד עד הלום- מטרופול,תל אביב ההגנה,אשדוד עד הלום-אשדוד --> הרצליה-הרצליה,הרצליה,רכבת ישראל,אשדוד,
37326,אשדוד עד הלום- מטרופול,השלום,אשדוד עד הלום-אשדוד --> הרצליה-הרצליה,הרצליה,רכבת ישראל,אשדוד,
37326,אשדוד עד הלום- מטרופול,תל אביב מרכז,אשדוד עד הלום-אשדוד --> הרצליה-הרצליה,הרצליה,רכבת ישראל,אשדוד,
37326,אשדוד עד הלום- מטרופול,תל אביב האוניברסיטה - אקספו,אשדוד עד הלום-אשדוד --> הרצליה-הרצליה,הרצליה,רכבת ישראל,אשדוד,
37326,אשדוד עד הלום- מטרופול,בני ברק,אשדוד עד הלום-אשדוד --> הרצליה-הרצליה,הרצליה,רכבת ישראל,אשדוד,
37326,אשדוד עד הלום- מטרופול,קרית אריה,אשדוד עד הלום-אשדוד --> הרצליה-הרצליה,הרצליה,רכבת ישראל,אשדוד,
37326,אשדוד עד הלום- מטרופול,סגולה,אשדוד עד הלום-אשדוד --> הרצליה-הרצליה,הרצליה,רכבת ישראל,אשדוד,
37326,אשדוד עד הלום- מטרופול,ראש העין צפון,אשדוד עד הלום-אשדוד --> הרצליה-הרצליה,הרצליה,רכבת ישראל,אשדוד,
37326,אשדוד עד הלום- מטרופול,כפר סבא,אשדוד עד הלום-אשדוד --> הרצליה-הרצליה,הרצליה,רכבת ישראל,אשדוד,
37326,אשדוד עד הלום- מטרופול,הוד השרון,אשדוד עד הלום-אשדוד --> הרצליה-הרצליה,הרצליה,רכבת ישראל,אשדוד,
37326,אשדוד עד הלום- מטרופול,רעננה דרום,אשדוד עד הלום-אשדוד --> הרצליה-הרצליה,הרצליה,רכבת ישראל,אשדוד,
37326,אשדוד עד הלום- מטרופול,רעננה מערב,אשדוד עד הלום-אשדוד --> הרצליה-הרצליה,הרצליה,רכבת ישראל,אשדוד,
37326,אשדוד עד הלום- מטרופול,הרצליה,אשדוד עד הלום-אשדוד --> הרצליה-הרצליה,הרצליה,רכבת ישראל,אשדוד,
37300,יבנה מערב,רשל''צ משה דיין,אשדוד עד הלום-אשדוד --> הרצליה-הרצליה,הרצליה,רכבת ישראל,יבנה,
37300,יבנה מערב,בת ים קוממיות,אשדוד עד הלום-אשדוד --> הרצליה-הרצליה,הרצליה,רכבת ישראל,יבנה,
37300,יבנה מערב,בת ים אלי כהן - יוספטל,אשדוד עד הלום-אשדוד --> הרצליה-הרצליה,הרצליה,רכבת ישראל,יבנה,
37300,יבנה מערב,חולון וולפסון,אשדוד עד הלום-אשדוד --> הרצליה-הרצליה,הרצליה,רכבת ישראל,יבנה,
37300,יבנה מערב,צומת חולון,אשדוד עד הלום-אשדוד --> הרצליה-הרצליה,הרצליה,רכבת ישראל,יבנה,
37300,יבנה מערב,תל אביב ההגנה,אשדוד עד הלום-אשדוד --> הרצליה-הרצליה,הרצליה,רכבת ישראל,יבנה,
37300,יבנה מערב,השלום,אשדוד עד הלום-אשדוד --> הרצליה-הרצליה,הרצליה,רכבת ישראל,יבנה,
37300,יבנה מערב,תל אביב מרכז,אשדוד עד הלום-אשדוד --> הרצליה-הרצליה,הרצליה,רכבת ישראל,יבנה,
37300,יבנה מערב,תל אביב האוניברסיטה - אקספו,אשדוד עד הלום-אשדוד --> הרצליה-הרצליה,הרצליה,רכבת ישראל,יבנה,
37300,יבנה מערב,בני ברק,אשדוד עד הלום-אשדוד --> הרצליה-הרצליה,הרצליה,רכבת ישראל,יבנה,
37300,יבנה מערב,קרית אריה,אשדוד עד הלום-אשדוד --> הרצליה-הרצליה,הרצליה,רכבת ישראל,יבנה,
37300,יבנה מערב,סגולה,אשדוד עד הלום-אשדוד --> הרצליה-הרצליה,הרצליה,רכבת ישראל,יבנה,
37300,יבנה מערב,ראש העין צפון,אשדוד עד הלום-אשדוד --> הרצליה-הרצליה,הרצליה,רכבת ישראל,יבנה,
37300,יבנה מערב,כפר סבא,אשדוד עד הלום-אשדוד --> הרצליה-הרצליה,הרצליה,רכבת ישראל,יבנה,
37300,יבנה מערב,הוד השרון,אשדוד עד הלום-אשדוד --> הרצליה-הרצליה,הרצליה,רכבת ישראל,יבנה,
37300,יבנה מערב,רעננה דרום,אשדוד עד הלום-אשדוד --> הרצליה-הרצליה,הרצליה,רכבת ישראל,יבנה,
37300,יבנה מערב,רעננה מערב,אשדוד עד הלום-אשדוד --> הרצליה-הרצליה,הרצליה,רכבת ישראל,יבנה,
37300,יבנה מערב,הרצליה,אשדוד עד הלום-אשדוד --> הרצליה-הרצליה,הרצליה,רכבת ישראל,יבנה,
37294,רשל''צ משה דיין,בת ים קוממיות,אשדוד עד הלום-אשדוד --> הרצליה-הרצליה,הרצליה,רכבת ישראל,ראשון לציון,
37294,רשל''צ משה דיין,בת ים אלי כהן - יוספטל,אשדוד עד הלום-אשדוד --> הרצליה-הרצליה,הרצליה,רכבת ישראל,ראשון לציון,
37294,רשל''צ משה דיין,חולון וולפסון,אשדוד עד הלום-אשדוד --> הרצליה-הרצליה,הרצליה,רכבת ישראל,ראשון לציון,
37294,רשל''צ משה דיין,צומת חולון,אשדוד עד הלום-אשדוד --> הרצליה-הרצליה,הרצליה,רכבת ישראל,ראשון לציון,
37294,רשל''צ משה דיין,תל אביב ההגנה,אשדוד עד הלום-אשדוד --> הרצליה-הרצליה,הרצליה,רכבת ישראל,ראשון לציון,
37294,רשל''צ משה דיין,השלום,אשדוד עד הלום-אשדוד --> הרצליה-הרצליה,הרצליה,רכבת ישראל,ראשון לציון,
37294,רשל''צ משה דיין,תל אביב מרכז,אשדוד עד הלום-אשדוד --> הרצליה-הרצליה,הרצליה,רכבת ישראל,ראשון לציון,
37294,רשל''צ משה דיין,תל אביב האוניברסיטה - אקספו,אשדוד עד הלום-אשדוד --> הרצליה-הרצליה,הרצליה,רכבת ישראל,ראשון לציון,
37294,רשל''צ משה דיין,בני ברק,אשדוד עד הלום-אשדוד --> הרצליה-הרצליה,הרצליה,רכבת ישראל,ראשון לציון,
37294,רשל''צ משה דיין,קרית אריה,אשדוד עד הלום-אשדוד --> הרצליה-הרצליה,הרצליה,רכבת ישראל,ראשון לציון,
37294,רשל''צ משה דיין,סגולה,אשדוד עד הלום-אשדוד --> הרצליה-הרצליה,הרצליה,רכבת ישראל,ראשון לציון,
37294,רשל''צ משה דיין,ראש העין צפון,אשדוד עד הלום-אשדוד --> הרצליה-הרצליה,הרצליה,רכבת ישראל,ראשון לציון,
37294,רשל''צ משה דיין,כפר סבא,אשדוד עד הלום-אשדוד --> הרצליה-הרצליה,הרצליה,רכבת ישראל,ראשון לציון,
37294,רשל''צ משה דיין,הוד השרון,אשדוד עד הלום-אשדוד --> הרצליה-הרצליה,הרצליה,רכבת ישראל,ראשון לציון,
37294,רשל''צ משה דיין,רעננה דרום,אשדוד עד הלום-אשדוד --> הרצליה-הרצליה,הרצליה,רכבת ישראל,ראשון לציון,
37294,רשל''צ משה דיין,רעננה מערב,אשדוד עד הלום-אשדוד --> הרצליה-הרצליה,הרצליה,רכבת ישראל,ראשון לציון,
37294,רשל''צ משה דיין,הרצליה,אשדוד עד הלום-אשדוד --> הרצליה-הרצליה,הרצליה,רכבת ישראל,ראשון לציון,
37342,בת ים קוממיות,בת ים אלי כהן - יוספטל,אשדוד עד הלום-אשדוד --> הרצליה-הרצליה,הרצליה,רכבת ישראל,חולון,
37342,בת ים קוממיות,חולון וולפסון,אשדוד עד הלום-אשדוד --> הרצליה-הרצליה,הרצליה,רכבת ישראל,חולון,
37342,בת ים קוממיות,צומת חולון,אשדוד עד הלום-אשדוד --> הרצליה-הרצליה,הרצליה,רכבת ישראל,חולון,
37342,בת ים קוממיות,תל אביב ההגנה,אשדוד עד הלום-אשדוד --> הרצליה-הרצליה,הרצליה,רכבת ישראל,חולון,
37342,בת ים קוממיות,השלום,אשדוד עד הלום-אשדוד --> הרצליה-הרצליה,הרצליה,רכבת ישראל,חולון,
37342,בת ים קוממיות,תל אביב מרכז,אשדוד עד הלום-אשדוד --> הרצליה-הרצליה,הרצליה,רכבת ישראל,חולון,
37342,בת ים קוממיות,תל אביב האוניברסיטה - אקספו,אשדוד עד הלום-אשדוד --> הרצליה-הרצליה,הרצליה,רכבת ישראל,חולון,
37342,בת ים קוממיות,בני ברק,אשדוד עד הלום-אשדוד --> הרצליה-הרצליה,הרצליה,רכבת ישראל,חולון,
37342,בת ים קוממיות,קרית אריה,אשדוד עד הלום-אשדוד --> הרצליה-הרצליה,הרצליה,רכבת ישראל,חולון,
37342,בת ים קוממיות,סגולה,אשדוד עד הלום-אשדוד --> הרצליה-הרצליה,הרצליה,רכבת ישראל,חולון,
37342,בת ים קוממיות,ראש העין צפון,אשדוד עד הלום-אשדוד --> הרצליה-הרצליה,הרצליה,רכבת ישראל,חולון,
37342,בת ים קוממיות,כפר סבא,אשדוד עד הלום-אשדוד --> הרצליה-הרצליה,הרצליה,רכבת ישראל,חולון,
37342,בת ים קוממיות,הוד השרון,אשדוד עד הלום-אשדוד --> הרצליה-הרצליה,הרצליה,רכבת ישראל,חולון,
37342,בת ים קוממיות,רעננה דרום,אשדוד עד הלום-אשדוד --> הרצליה-הרצליה,הרצליה,רכבת ישראל,חולון,
37342,בת ים קוממיות,רעננה מערב,אשדוד עד הלום-אשדוד --> הרצליה-הרצליה,הרצליה,רכבת ישראל,חולון,
37342,בת ים קוממיות,הרצליה,אשדוד עד הלום-אשדוד --> הרצליה-הרצליה,הרצליה,רכבת ישראל,חולון,
37344,בת ים אלי כהן - יוספטל,חולון וולפסון,אשדוד עד הלום-אשדוד --> הרצליה-הרצליה,הרצליה,רכבת ישראל,בת ים,
37344,בת ים אלי כהן - יוספטל,צומת חולון,אשדוד עד הלום-אשדוד --> הרצליה-הרצליה,הרצליה,רכבת ישראל,בת ים,
37344,בת ים אלי כהן - יוספטל,תל אביב ההגנה,אשדוד עד הלום-אשדוד --> הרצליה-הרצליה,הרצליה,רכבת ישראל,בת ים,
37344,בת ים אלי כהן - יוספטל,השלום,אשדוד עד הלום-אשדוד --> הרצליה-הרצליה,הרצליה,רכבת ישראל,בת ים,
37344,בת ים אלי כהן - יוספטל,תל אביב מרכז,אשדוד עד הלום-אשדוד --> הרצליה-הרצליה,הרצליה,רכבת ישראל,בת ים,
37344,בת ים אלי כהן - יוספטל,תל אביב האוניברסיטה - אקספו,אשדוד עד הלום-אשדוד --> הרצליה-הרצליה,הרצליה,רכבת ישראל,בת ים,
37344,בת ים אלי כהן - יוספטל,בני ברק,אשדוד עד הלום-אשדוד --> הרצליה-הרצליה,הרצליה,רכבת ישראל,בת ים,
37344,בת ים אלי כהן - יוספטל,קרית אריה,אשדוד עד הלום-אשדוד --> הרצליה-הרצליה,הרצליה,רכבת ישראל,בת ים,
37344,בת ים אלי כהן - יוספטל,סגולה,אשדוד עד הלום-אשדוד --> הרצליה-הרצליה,הרצליה,רכבת ישראל,בת ים,
37344,בת ים אלי כהן - יוספטל,ראש העין צפון,אשדוד עד הלום-אשדוד --> הרצליה-הרצליה,הרצליה,רכבת ישראל,בת ים,
37344,בת ים אלי כהן - יוספטל,כפר סבא,אשדוד עד הלום-אשדוד --> הרצליה-הרצליה,הרצליה,רכבת ישראל,בת ים,
37344,בת ים אלי כהן - יוספטל,הוד השרון,אשדוד עד הלום-אשדוד --> הרצליה-הרצליה,הרצליה,רכבת ישראל,בת ים,
37344,בת ים אלי כהן - יוספטל,רעננה דרום,אשדוד עד הלום-אשדוד --> הרצליה-הרצליה,הרצליה,רכבת ישראל,בת ים,
37344,בת ים אלי כהן - יוספטל,רעננה מערב,אשדוד עד הלום-אשדוד --> הרצליה-הרצליה,הרצליה,רכבת ישראל,בת ים,
37344,בת ים אלי כהן - יוספטל,הרצליה,אשדוד עד הלום-אשדוד --> הרצליה-הרצליה,הרצליה,רכבת ישראל,בת ים,
37346,חולון וולפסון,צומת חולון,אשדוד עד הלום-אשדוד --> הרצליה-הרצליה,הרצליה,רכבת ישראל,חולון,
37346,חולון וולפסון,תל אביב ההגנה,אשדוד עד הלום-אשדוד --> הרצליה-הרצליה,הרצליה,רכבת ישראל,חולון,
37346,חולון וולפסון,השלום,אשדוד עד הלום-אשדוד --> הרצליה-הרצליה,הרצליה,רכבת ישראל,חולון,
37346,חולון וולפסון,תל אביב מרכז,אשדוד עד הלום-אשדוד --> הרצליה-הרצליה,הרצליה,רכבת ישראל,חולון,
37346,חולון וולפסון,תל אביב האוניברסיטה - אקספו,אשדוד עד הלום-אשדוד --> הרצליה-הרצליה,הרצליה,רכבת ישראל,חולון,
37346,חולון וולפסון,בני ברק,אשדוד עד הלום-אשדוד --> הרצליה-הרצליה,הרצליה,רכבת ישראל,חולון,
37346,חולון וולפסון,קרית אריה,אשדוד עד הלום-אשדוד --> הרצליה-הרצליה,הרצליה,רכבת ישראל,חולון,
37346,חולון וולפסון,סגולה,אשדוד עד הלום-אשדוד --> הרצליה-הרצליה,הרצליה,רכבת ישראל,חולון,
37346,חולון וולפסון,ראש העין צפון,אשדוד עד הלום-אשדוד --> הרצליה-הרצליה,הרצליה,רכבת ישראל,חולון,
37346,חולון וולפסון,כפר סבא,אשדוד עד הלום-אשדוד --> הרצליה-הרצליה,הרצליה,רכבת ישראל,חולון,
37346,חולון וולפסון,הוד השרון,אשדוד עד הלום-אשדוד --> הרצליה-הרצליה,הרצליה,רכבת ישראל,חולון,
37346,חולון וולפסון,רעננה דרום,אשדוד עד הלום-אשדוד --> הרצליה-הרצליה,הרצליה,רכבת ישראל,חולון,
37346,חולון וולפסון,רעננה מערב,אשדוד עד הלום-אשדוד --> הרצליה-הרצליה,הרצליה,רכבת ישראל,חולון,
37346,חולון וולפסון,הרצליה,אשדוד עד הלום-אשדוד --> הרצליה-הרצליה,הרצליה,רכבת ישראל,חולון,
37348,צומת חולון,תל אביב ההגנה,אשדוד עד הלום-אשדוד --> הרצליה-הרצליה,הרצליה,רכבת ישראל,תל אביב יפו,
37348,צומת חולון,השלום,אשדוד עד הלום-אשדוד --> הרצליה-הרצליה,הרצליה,רכבת ישראל,תל אביב יפו,
37348,צומת חולון,תל אביב מרכז,אשדוד עד הלום-אשדוד --> הרצליה-הרצליה,הרצליה,רכבת ישראל,תל אביב יפו,
37348,צומת חולון,תל אביב האוניברסיטה - אקספו,אשדוד עד הלום-אשדוד --> הרצליה-הרצליה,הרצליה,רכבת ישראל,תל אביב יפו,
37348,צומת חולון,בני ברק,אשדוד עד הלום-אשדוד --> הרצליה-הרצליה,הרצליה,רכבת ישראל,תל אביב יפו,
37348,צומת חולון,קרית אריה,אשדוד עד הלום-אשדוד --> הרצליה-הרצליה,הרצליה,רכבת ישראל,תל אביב יפו,
37348,צומת חולון,סגולה,אשדוד עד הלום-אשדוד --> הרצליה-הרצליה,הרצליה,רכבת ישראל,תל אביב יפו,
37348,צומת חולון,ראש העין צפון,אשדוד עד הלום-אשדוד --> הרצליה-הרצליה,הרצליה,רכבת ישראל,תל אביב יפו,
37348,צומת חולון,כפר סבא,אשדוד עד הלום-אשדוד --> הרצליה-הרצליה,הרצליה,רכבת ישראל,תל אביב יפו,
37348,צומת חולון,הוד השרון,אשדוד עד הלום-אשדוד --> הרצליה-הרצליה,הרצליה,רכבת ישראל,תל אביב יפו,
37348,צומת חולון,רעננה דרום,אשדוד עד הלום-אשדוד --> הרצליה-הרצליה,הרצליה,רכבת ישראל,תל אביב יפו,
37348,צומת חולון,רעננה מערב,אשדוד עד הלום-אשדוד --> הרצליה-הרצליה,הרצליה,רכבת ישראל,תל אביב יפו,
37348,צומת חולון,הרצליה,אשדוד עד הלום-אשדוד --> הרצליה-הרצליה,הרצליה,רכבת ישראל,תל אביב יפו,
37292,תל אביב ההגנה,השלום,אשדוד עד הלום-אשדוד --> הרצליה-הרצליה,הרצליה,רכבת ישראל,תל אביב יפו,
37292,תל אביב ההגנה,תל אביב מרכז,אשדוד עד הלום-אשדוד --> הרצליה-הרצליה,הרצליה,רכבת ישראל,תל אביב יפו,
37292,תל אביב ההגנה,תל אביב האוניברסיטה - אקספו,אשדוד עד הלום-אשדוד --> הרצליה-הרצליה,הרצליה,רכבת ישראל,תל אביב יפו,
37292,תל אביב ההגנה,בני ברק,אשדוד עד הלום-אשדוד --> הרצליה-הרצליה,הרצליה,רכבת ישראל,תל אביב יפו,
37292,תל אביב ההגנה,קרית אריה,אשדוד עד הלום-אשדוד --> הרצליה-הרצליה,הרצליה,רכבת ישראל,תל אביב יפו,
37292,תל אביב ההגנה,סגולה,אשדוד עד הלום-אשדוד --> הרצליה-הרצליה,הרצליה,רכבת ישראל,תל אביב יפו,
37292,תל אביב ההגנה,ראש העין צפון,אשדוד עד הלום-אשדוד --> הרצליה-הרצליה,הרצליה,רכבת ישראל,תל אביב יפו,
37292,תל אביב ההגנה,כפר סבא,אשדוד עד הלום-אשדוד --> הרצליה-הרצליה,הרצליה,רכבת ישראל,תל אביב יפו,
37292,תל אביב ההגנה,הוד השרון,אשדוד עד הלום-אשדוד --> הרצליה-הרצליה,הרצליה,רכבת ישראל,תל אביב יפו,
37292,תל אביב ההגנה,רעננה דרום,אשדוד עד הלום-אשדוד --> הרצליה-הרצליה,הרצליה,רכבת ישראל,תל אביב יפו,
37292,תל אביב ההגנה,רעננה מערב,אשדוד עד הלום-אשדוד --> הרצליה-הרצליה,הרצליה,רכבת ישראל,תל אביב יפו,
37292,תל אביב ההגנה,הרצליה,אשדוד עד הלום-אשדוד --> הרצליה-הרצליה,הרצליה,רכבת ישראל,תל אביב יפו,
37350,השלום,תל אביב מרכז,אשדוד עד הלום-אשדוד --> הרצליה-הרצליה,הרצליה,רכבת ישראל,תל אביב יפו,
37350,השלום,תל אביב האוניברסיטה - אקספו,אשדוד עד הלום-אשדוד --> הרצליה-הרצליה,הרצליה,רכבת ישראל,תל אביב יפו,
37350,השלום,בני ברק,אשדוד עד הלום-אשדוד --> הרצליה-הרצליה,הרצליה,רכבת ישראל,תל אביב יפו,
37350,השלום,קרית אריה,אשדוד עד הלום-אשדוד --> הרצליה-הרצליה,הרצליה,רכבת ישראל,תל אביב יפו,
37350,השלום,סגולה,אשדוד עד הלום-אשדוד --> הרצליה-הרצליה,הרצליה,רכבת ישראל,תל אביב יפו,
37350,השלום,ראש העין צפון,אשדוד עד הלום-אשדוד --> הרצליה-הרצליה,הרצליה,רכבת ישראל,תל אביב יפו,
37350,השלום,כפר סבא,אשדוד עד הלום-אשדוד --> הרצליה-הרצליה,הרצליה,רכבת ישראל,תל אביב יפו,
37350,השלום,הוד השרון,אשדוד עד הלום-אשדוד --> הרצליה-הרצליה,הרצליה,רכבת ישראל,תל אביב יפו,
37350,השלום,רעננה דרום,אשדוד עד הלום-אשדוד --> הרצליה-הרצליה,הרצליה,רכבת ישראל,תל אביב יפו,
37350,השלום,רעננה מערב,אשדוד עד הלום-אשדוד --> הרצליה-הרצליה,הרצליה,רכבת ישראל,תל אביב יפו,
37350,השלום,הרצליה,אשדוד עד הלום-אשדוד --> הרצליה-הרצליה,הרצליה,רכבת ישראל,תל אביב יפו,
37358,תל אביב מרכז,תל אביב האוניברסיטה - אקספו,אשדוד עד הלום-אשדוד --> הרצליה-הרצליה,הרצליה,רכבת ישראל,תל אביב יפו,
37358,תל אביב מרכז,בני ברק,אשדוד עד הלום-אשדוד --> הרצליה-הרצליה,הרצליה,רכבת ישראל,תל אביב יפו,
37358,תל אביב מרכז,קרית אריה,אשדוד עד הלום-אשדוד --> הרצליה-הרצליה,הרצליה,רכבת ישראל,תל אביב יפו,
37358,תל אביב מרכז,סגולה,אשדוד עד הלום-אשדוד --> הרצליה-הרצליה,הרצליה,רכבת ישראל,תל אביב יפו,
37358,תל אביב מרכז,ראש העין צפון,אשדוד עד הלום-אשדוד --> הרצליה-הרצליה,הרצליה,רכבת ישראל,תל אביב יפו,
37358,תל אביב מרכז,כפר סבא,אשדוד עד הלום-אשדוד --> הרצליה-הרצליה,הרצליה,רכבת ישראל,תל אביב יפו,
37358,תל אביב מרכז,הוד השרון,אשדוד עד הלום-אשדוד --> הרצליה-הרצליה,הרצליה,רכבת ישראל,תל אביב יפו,
37358,תל אביב מרכז,רעננה דרום,אשדוד עד הלום-אשדוד --> הרצליה-הרצליה,הרצליה,רכבת ישראל,תל אביב יפו,
37358,תל אביב מרכז,רעננה מערב,אשדוד עד הלום-אשדוד --> הרצליה-הרצליה,הרצליה,רכבת ישראל,תל אביב יפו,
37358,תל אביב מרכז,הרצליה,אשדוד עד הלום-אשדוד --> הרצליה-הרצליה,הרצליה,רכבת ישראל,תל אביב יפו,
37360,תל אביב האוניברסיטה - אקספו,בני ברק,אשדוד עד הלום-אשדוד --> הרצליה-הרצליה,הרצליה,רכבת ישראל,תל אביב יפו,
37360,תל אביב האוניברסיטה - אקספו,קרית אריה,אשדוד עד הלום-אשדוד --> הרצליה-הרצליה,הרצליה,רכבת ישראל,תל אביב יפו,
37360,תל אביב האוניברסיטה - אקספו,סגולה,אשדוד עד הלום-אשדוד --> הרצליה-הרצליה,הרצליה,רכבת ישראל,תל אביב יפו,
37360,תל אביב האוניברסיטה - אקספו,ראש העין צפון,אשדוד עד הלום-אשדוד --> הרצליה-הרצליה,הרצליה,רכבת ישראל,תל אביב יפו,
37360,תל אביב האוניברסיטה - אקספו,כפר סבא,אשדוד עד הלום-אשדוד --> הרצליה-הרצליה,הרצליה,רכבת ישראל,תל אביב יפו,
37360,תל אביב האוניברסיטה - אקספו,הוד השרון,אשדוד עד הלום-אשדוד --> הרצליה-הרצליה,הרצליה,רכבת ישראל,תל אביב יפו,
37360,תל אביב האוניברסיטה - אקספו,רעננה דרום,אשדוד עד הלום-אשדוד --> הרצליה-הרצליה,הרצליה,רכבת ישראל,תל אביב יפו,
37360,תל אביב האוניברסיטה - אקספו,רעננה מערב,אשדוד עד הלום-אשדוד --> הרצליה-הרצליה,הרצליה,רכבת ישראל,תל אביב יפו,
37360,תל אביב האוניברסיטה - אקספו,הרצליה,אשדוד עד הלום-אשדוד --> הרצליה-הרצליה,הרצליה,רכבת ישראל,תל אביב יפו,
37356,בני ברק,קרית אריה,אשדוד עד הלום-אשדוד --> הרצליה-הרצליה,הרצליה,רכבת ישראל,בני ברק,
37356,בני ברק,סגולה,אשדוד עד הלום-אשדוד --> הרצליה-הרצליה,הרצליה,רכבת ישראל,בני ברק,
37356,בני ברק,ראש העין צפון,אשדוד עד הלום-אשדוד --> הרצליה-הרצליה,הרצליה,רכבת ישראל,בני ברק,
37356,בני ברק,כפר סבא,אשדוד עד הלום-אשדוד --> הרצליה-הרצליה,הרצליה,רכבת ישראל,בני ברק,
37356,בני ברק,הוד השרון,אשדוד עד הלום-אשדוד --> הרצליה-הרצליה,הרצליה,רכבת ישראל,בני ברק,
37356,בני ברק,רעננה דרום,אשדוד עד הלום-אשדוד --> הרצליה-הרצליה,הרצליה,רכבת ישראל,בני ברק,
37356,בני ברק,רעננה מערב,אשדוד עד הלום-אשדוד --> הרצליה-הרצליה,הרצליה,רכבת ישראל,בני ברק,
37356,בני ברק,הרצליה,אשדוד עד הלום-אשדוד --> הרצליה-הרצליה,הרצליה,רכבת ישראל,בני ברק,
37354,קרית אריה,סגולה,אשדוד עד הלום-אשדוד --> הרצליה-הרצליה,הרצליה,רכבת ישראל,פתח תקווה,
37354,קרית אריה,ראש העין צפון,אשדוד עד הלום-אשדוד --> הרצליה-הרצליה,הרצליה,רכבת ישראל,פתח תקווה,
37354,קרית אריה,כפר סבא,אשדוד עד הלום-אשדוד --> הרצליה-הרצליה,הרצליה,רכבת ישראל,פתח תקווה,
37354,קרית אריה,הוד השרון,אשדוד עד הלום-אשדוד --> הרצליה-הרצליה,הרצליה,רכבת ישראל,פתח תקווה,
37354,קרית אריה,רעננה דרום,אשדוד עד הלום-אשדוד --> הרצליה-הרצליה,הרצליה,רכבת ישראל,פתח תקווה,
37354,קרית אריה,רעננה מערב,אשדוד עד הלום-אשדוד --> הרצליה-הרצליה,הרצליה,רכבת ישראל,פתח תקווה,
37354,קרית אריה,הרצליה,אשדוד עד הלום-אשדוד --> הרצליה-הרצליה,הרצליה,רכבת ישראל,פתח תקווה,
37352,סגולה,ראש העין צפון,אשדוד עד הלום-אשדוד --> הרצליה-הרצליה,הרצליה,רכבת ישראל,פתח תקווה,
37352,סגולה,כפר סבא,אשדוד עד הלום-אשדוד --> הרצליה-הרצליה,הרצליה,רכבת ישראל,פתח תקווה,
37352,סגולה,הוד השרון,אשדוד עד הלום-אשדוד --> הרצליה-הרצליה,הרצליה,רכבת ישראל,פתח תקווה,
37352,סגולה,רעננה דרום,אשדוד עד הלום-אשדוד --> הרצליה-הרצליה,הרצליה,רכבת ישראל,פתח תקווה,
37352,סגולה,רעננה מערב,אשדוד עד הלום-אשדוד --> הרצליה-הרצליה,הרצליה,רכבת ישראל,פתח תקווה,
37352,סגולה,הרצליה,אשדוד עד הלום-אשדוד --> הרצליה-הרצליה,הרצליה,רכבת ישראל,פתח תקווה,
37302,ראש העין צפון,כפר סבא,אשדוד עד הלום-אשדוד --> הרצליה-הרצליה,הרצליה,רכבת ישראל,ראש העין,
37302,ראש העין צפון,הוד השרון,אשדוד עד הלום-אשדוד --> הרצליה-הרצליה,הרצליה,רכבת ישראל,ראש העין,
37302,ראש העין צפון,רעננה דרום,אשדוד עד הלום-אשדוד --> הרצליה-הרצליה,הרצליה,רכבת ישראל,ראש העין,
37302,ראש העין צפון,רעננה מערב,אשדוד עד הלום-אשדוד --> הרצליה-הרצליה,הרצליה,רכבת ישראל,ראש העין,
37302,ראש העין צפון,הרצליה,אשדוד עד הלום-אשדוד --> הרצליה-הרצליה,הרצליה,רכבת ישראל,ראש העין,
37304,כפר סבא,הוד השרון,אשדוד עד הלום-אשדוד --> הרצליה-הרצליה,הרצליה,רכבת ישראל,כפר סבא,
37304,כפר סבא,רעננה דרום,אשדוד עד הלום-אשדוד --> הרצליה-הרצליה,הרצליה,רכבת ישראל,כפר סבא,
37304,כפר סבא,רעננה מערב,אשדוד עד הלום-אשדוד --> הרצליה-הרצליה,הרצליה,רכבת ישראל,כפר סבא,
37304,כפר סבא,הרצליה,אשדוד עד הלום-אשדוד --> הרצליה-הרצליה,הרצליה,רכבת ישראל,כפר סבא,
37296,הוד השרון,רעננה דרום,אשדוד עד הלום-אשדוד --> הרצליה-הרצליה,הרצליה,רכבת ישראל,הוד השרון,
37296,הוד השרון,רעננה מערב,אשדוד עד הלום-אשדוד --> הרצליה-הרצליה,הרצליה,רכבת ישראל,הוד השרון,
37296,הוד השרון,הרצליה,אשדוד עד הלום-אשדוד --> הרצליה-הרצליה,הרצליה,רכבת ישראל,הוד השרון,
42416,רעננה דרום,רעננה מערב,אשדוד עד הלום-אשדוד --> הרצליה-הרצליה,הרצליה,רכבת ישראל,רעננה,
42416,רעננה דרום,הרצליה,אשדוד עד הלום-אשדוד --> הרצליה-הרצליה,הרצליה,רכבת ישראל,רעננה,
42417,רעננה מערב,הרצליה,אשדוד עד הלום-אשדוד --> הרצליה-הרצליה,הרצליה,רכבת ישראל,רעננה,
37358,תל אביב מרכז,צומת חולון,תל אביב מרכז-תל אביב יפו --> באר שבע מרכז-באר שבע,באר שבע מרכז,רכבת ישראל,תל אביב יפו,
37358,תל אביב מרכז,חולון וולפסון,תל אביב מרכז-תל אביב יפו --> באר שבע מרכז-באר שבע,באר שבע מרכז,רכבת ישראל,תל אביב יפו,
37358,תל אביב מרכז,בת ים אלי כהן - יוספטל,תל אביב מרכז-תל אביב יפו --> באר שבע מרכז-באר שבע,באר שבע מרכז,רכבת ישראל,תל אביב יפו,
37358,תל אביב מרכז,בת ים קוממיות,תל אביב מרכז-תל אביב יפו --> באר שבע מרכז-באר שבע,באר שבע מרכז,רכבת ישראל,תל אביב יפו,
37358,תל אביב מרכז,רשל''צ משה דיין,תל אביב מרכז-תל אביב יפו --> באר שבע מרכז-באר שבע,באר שבע מרכז,רכבת ישראל,תל אביב יפו,
37358,תל אביב מרכז,יבנה מערב,תל אביב מרכז-תל אביב יפו --> באר שבע מרכז-באר שבע,באר שבע מרכז,רכבת ישראל,תל אביב יפו,
37358,תל אביב מרכז,אשדוד עד הלום- מטרופול,תל אביב מרכז-תל אביב יפו --> באר שבע מרכז-באר שבע,באר שבע מרכז,רכבת ישראל,תל אביב יפו,
37358,תל אביב מרכז,אשקלון,תל אביב מרכז-תל אביב יפו --> באר שבע מרכז-באר שבע,באר שבע מרכז,רכבת ישראל,תל אביב יפו,
37358,תל אביב מרכז,שדרות,תל אביב מרכז-תל אביב יפו --> באר שבע מרכז-באר שבע,באר שבע מרכז,רכבת ישראל,תל אביב יפו,
37358,תל אביב מרכז,נתיבות,תל אביב מרכז-תל אביב יפו --> באר שבע מרכז-באר שבע,באר שבע מרכז,רכבת ישראל,תל אביב יפו,
37358,תל אביב מרכז,אופקים,תל אביב מרכז-תל אביב יפו --> באר שבע מרכז-באר שבע,באר שבע מרכז,רכבת ישראל,תל אביב יפו,
37358,תל אביב מרכז,באר שבע צפון,תל אביב מרכז-תל אביב יפו --> באר שבע מרכז-באר שבע,באר שבע מרכז,רכבת ישראל,תל אביב יפו,
37358,תל אביב מרכז,באר שבע מרכז,תל אביב מרכז-תל אביב יפו --> באר שבע מרכז-באר שבע,באר שבע מרכז,רכבת ישראל,תל אביב יפו,
37350,השלום,צומת חולון,תל אביב מרכז-תל אביב יפו --> באר שבע מרכז-באר שבע,באר שבע מרכז,רכבת ישראל,תל אביב יפו,
37350,השלום,חולון וולפסון,תל אביב מרכז-תל אביב יפו --> באר שבע מרכז-באר שבע,באר שבע מרכז,רכבת ישראל,תל אביב יפו,
37350,השלום,בת ים אלי כהן - יוספטל,תל אביב מרכז-תל אביב יפו --> באר שבע מרכז-באר שבע,באר שבע מרכז,רכבת ישראל,תל אביב יפו,
37350,השלום,בת ים קוממיות,תל אביב מרכז-תל אביב יפו --> באר שבע מרכז-באר שבע,באר שבע מרכז,רכבת ישראל,תל אביב יפו,
37350,השלום,רשל''צ משה דיין,תל אביב מרכז-תל אביב יפו --> באר שבע מרכז-באר שבע,באר שבע מרכז,רכבת ישראל,תל אביב יפו,
37350,השלום,יבנה מערב,תל אביב מרכז-תל אביב יפו --> באר שבע מרכז-באר שבע,באר שבע מרכז,רכבת ישראל,תל אביב יפו,
37350,השלום,אשדוד עד הלום- מטרופול,תל אביב מרכז-תל אביב יפו --> באר שבע מרכז-באר שבע,באר שבע מרכז,רכבת ישראל,תל אביב יפו,
37350,השלום,אשקלון,תל אביב מרכז-תל אביב יפו --> באר שבע מרכז-באר שבע,באר שבע מרכז,רכבת ישראל,תל אביב יפו,
37350,השלום,שדרות,תל אביב מרכז-תל אביב יפו --> באר שבע מרכז-באר שבע,באר שבע מרכז,רכבת ישראל,תל אביב יפו,
37350,השלום,נתיבות,תל אביב מרכז-תל אביב יפו --> באר שבע מרכז-באר שבע,באר שבע מרכז,רכבת ישראל,תל אביב יפו,
37350,השלום,אופקים,תל אביב מרכז-תל אביב יפו --> באר שבע מרכז-באר שבע,באר שבע מרכז,רכבת ישראל,תל אביב יפו,
37350,השלום,באר שבע צפון,תל אביב מרכז-תל אביב יפו --> באר שבע מרכז-באר שבע,באר שבע מרכז,רכבת ישראל,תל אביב יפו,
37350,השלום,באר שבע מרכז,תל אביב מרכז-תל אביב יפו --> באר שבע מרכז-באר שבע,באר שבע מרכז,רכבת ישראל,תל אביב יפו,
37292,תל אביב ההגנה,צומת חולון,תל אביב מרכז-תל אביב יפו --> באר שבע מרכז-באר שבע,באר שבע מרכז,רכבת ישראל,תל אביב יפו,
37292,תל אביב ההגנה,חולון וולפסון,תל אביב מרכז-תל אביב יפו --> באר שבע מרכז-באר שבע,באר שבע מרכז,רכבת ישראל,תל אביב יפו,
37292,תל אביב ההגנה,בת ים אלי כהן - יוספטל,תל אביב מרכז-תל אביב יפו --> באר שבע מרכז-באר שבע,באר שבע מרכז,רכבת ישראל,תל אביב יפו,
37292,תל אביב ההגנה,בת ים קוממיות,תל אביב מרכז-תל אביב יפו --> באר שבע מרכז-באר שבע,באר שבע מרכז,רכבת ישראל,תל אביב יפו,
37292,תל אביב ההגנה,רשל''צ משה דיין,תל אביב מרכז-תל אביב יפו --> באר שבע מרכז-באר שבע,באר שבע מרכז,רכבת ישראל,תל אביב יפו,
37292,תל אביב ההגנה,יבנה מערב,תל אביב מרכז-תל אביב יפו --> באר שבע מרכז-באר שבע,באר שבע מרכז,רכבת ישראל,תל אביב יפו,
37292,תל אביב ההגנה,אשדוד עד הלום- מטרופול,תל אביב מרכז-תל אביב יפו --> באר שבע מרכז-באר שבע,באר שבע מרכז,רכבת ישראל,תל אביב יפו,
37292,תל אביב ההגנה,אשקלון,תל אביב מרכז-תל אביב יפו --> באר שבע מרכז-באר שבע,באר שבע מרכז,רכבת ישראל,תל אביב יפו,
37292,תל אביב ההגנה,שדרות,תל אביב מרכז-תל אביב יפו --> באר שבע מרכז-באר שבע,באר שבע מרכז,רכבת ישראל,תל אביב יפו,
37292,תל אביב ההגנה,נתיבות,תל אביב מרכז-תל אביב יפו --> באר שבע מרכז-באר שבע,באר שבע מרכז,רכבת ישראל,תל אביב יפו,
37292,תל אביב ההגנה,אופקים,תל אביב מרכז-תל אביב יפו --> באר שבע מרכז-באר שבע,באר שבע מרכז,רכבת ישראל,תל אביב יפו,
37292,תל אביב ההגנה,באר שבע צפון,תל אביב מרכז-תל אביב יפו --> באר שבע מרכז-באר שבע,באר שבע מרכז,רכבת ישראל,תל אביב יפו,
37292,תל אביב ההגנה,באר שבע מרכז,תל אביב מרכז-תל אביב יפו --> באר שבע מרכז-באר שבע,באר שבע מרכז,רכבת ישראל,תל אביב יפו,
37348,צומת חולון,חולון וולפסון,תל אביב מרכז-תל אביב יפו --> באר שבע מרכז-באר שבע,באר שבע מרכז,רכבת ישראל,תל אביב יפו,
37348,צומת חולון,בת ים אלי כהן - יוספטל,תל אביב מרכז-תל אביב יפו --> באר שבע מרכז-באר שבע,באר שבע מרכז,רכבת ישראל,תל אביב יפו,
37348,צומת חולון,בת ים קוממיות,תל אביב מרכז-תל אביב יפו --> באר שבע מרכז-באר שבע,באר שבע מרכז,רכבת ישראל,תל אביב יפו,
37348,צומת חולון,רשל''צ משה דיין,תל אביב מרכז-תל אביב יפו --> באר שבע מרכז-באר שבע,באר שבע מרכז,רכבת ישראל,תל אביב יפו,
37348,צומת חולון,יבנה מערב,תל אביב מרכז-תל אביב יפו --> באר שבע מרכז-באר שבע,באר שבע מרכז,רכבת ישראל,תל אביב יפו,
37348,צומת חולון,אשדוד עד הלום- מטרופול,תל אביב מרכז-תל אביב יפו --> באר שבע מרכז-באר שבע,באר שבע מרכז,רכבת ישראל,תל אביב יפו,
37348,צומת חולון,אשקלון,תל אביב מרכז-תל אביב יפו --> באר שבע מרכז-באר שבע,באר שבע מרכז,רכבת ישראל,תל אביב יפו,
37348,צומת חולון,שדרות,תל אביב מרכז-תל אביב יפו --> באר שבע מרכז-באר שבע,באר שבע מרכז,רכבת ישראל,תל אביב יפו,
37348,צומת חולון,נתיבות,תל אביב מרכז-תל אביב יפו --> באר שבע מרכז-באר שבע,באר שבע מרכז,רכבת ישראל,תל אביב יפו,
37348,צומת חולון,אופקים,תל אביב מרכז-תל אביב יפו --> באר שבע מרכז-באר שבע,באר שבע מרכז,רכבת ישראל,תל אביב יפו,
37348,צומת חולון,באר שבע צפון,תל אביב מרכז-תל אביב יפו --> באר שבע מרכז-באר שבע,באר שבע מרכז,רכבת ישראל,תל אביב יפו,
37348,צומת חולון,באר שבע מרכז,תל אביב מרכז-תל אביב יפו --> באר שבע מרכז-באר שבע,באר שבע מרכז,רכבת ישראל,תל אביב יפו,
37346,חולון וולפסון,בת ים אלי כהן - יוספטל,תל אביב מרכז-תל אביב יפו --> באר שבע מרכז-באר שבע,באר שבע מרכז,רכבת ישראל,חולון,
37346,חולון וולפסון,בת ים קוממיות,תל אביב מרכז-תל אביב יפו --> באר שבע מרכז-באר שבע,באר שבע מרכז,רכבת ישראל,חולון,
37346,חולון וולפסון,רשל''צ משה דיין,תל אביב מרכז-תל אביב יפו --> באר שבע מרכז-באר שבע,באר שבע מרכז,רכבת ישראל,חולון,
37346,חולון וולפסון,יבנה מערב,תל אביב מרכז-תל אביב יפו --> באר שבע מרכז-באר שבע,באר שבע מרכז,רכבת ישראל,חולון,
37346,חולון וולפסון,אשדוד עד הלום- מטרופול,תל אביב מרכז-תל אביב יפו --> באר שבע מרכז-באר שבע,באר שבע מרכז,רכבת ישראל,חולון,
37346,חולון וולפסון,אשקלון,תל אביב מרכז-תל אביב יפו --> באר שבע מרכז-באר שבע,באר שבע מרכז,רכבת ישראל,חולון,
37346,חולון וולפסון,שדרות,תל אביב מרכז-תל אביב יפו --> באר שבע מרכז-באר שבע,באר שבע מרכז,רכבת ישראל,חולון,
37346,חולון וולפסון,נתיבות,תל אביב מרכז-תל אביב יפו --> באר שבע מרכז-באר שבע,באר שבע מרכז,רכבת ישראל,חולון,
37346,חולון וולפסון,אופקים,תל אביב מרכז-תל אביב יפו --> באר שבע מרכז-באר שבע,באר שבע מרכז,רכבת ישראל,חולון,
37346,חולון וולפסון,באר שבע צפון,תל אביב מרכז-תל אביב יפו --> באר שבע מרכז-באר שבע,באר שבע מרכז,רכבת ישראל,חולון,
37346,חולון וולפסון,באר שבע מרכז,תל אביב מרכז-תל אביב יפו --> באר שבע מרכז-באר שבע,באר שבע מרכז,רכבת ישראל,חולון,
37344,בת ים אלי כהן - יוספטל,בת ים קוממיות,תל אביב מרכז-תל אביב יפו --> באר שבע מרכז-באר שבע,באר שבע מרכז,רכבת ישראל,בת ים,
37344,בת ים אלי כהן - יוספטל,רשל''צ משה דיין,תל אביב מרכז-תל אביב יפו --> באר שבע מרכז-באר שבע,באר שבע מרכז,רכבת ישראל,בת ים,
37344,בת ים אלי כהן - יוספטל,יבנה מערב,תל אביב מרכז-תל אביב יפו --> באר שבע מרכז-באר שבע,באר שבע מרכז,רכבת ישראל,בת ים,
37344,בת ים אלי כהן - יוספטל,אשדוד עד הלום- מטרופול,תל אביב מרכז-תל אביב יפו --> באר שבע מרכז-באר שבע,באר שבע מרכז,רכבת ישראל,בת ים,
37344,בת ים אלי כהן - יוספטל,אשקלון,תל אביב מרכז-תל אביב יפו --> באר שבע מרכז-באר שבע,באר שבע מרכז,רכבת ישראל,בת ים,
37344,בת ים אלי כהן - יוספטל,שדרות,תל אביב מרכז-תל אביב יפו --> באר שבע מרכז-באר שבע,באר שבע מרכז,רכבת ישראל,בת ים,
37344,בת ים אלי כהן - יוספטל,נתיבות,תל אביב מרכז-תל אביב יפו --> באר שבע מרכז-באר שבע,באר שבע מרכז,רכבת ישראל,בת ים,
37344,בת ים אלי כהן - יוספטל,אופקים,תל אביב מרכז-תל אביב יפו --> באר שבע מרכז-באר שבע,באר שבע מרכז,רכבת ישראל,בת ים,
37344,בת ים אלי כהן - יוספטל,באר שבע צפון,תל אביב מרכז-תל אביב יפו --> באר שבע מרכז-באר שבע,באר שבע מרכז,רכבת ישראל,בת ים,
37344,בת ים אלי כהן - יוספטל,באר שבע מרכז,תל אביב מרכז-תל אביב יפו --> באר שבע מרכז-באר שבע,באר שבע מרכז,רכבת ישראל,בת ים,
37342,בת ים קוממיות,רשל''צ משה דיין,תל אביב מרכז-תל אביב יפו --> באר שבע מרכז-באר שבע,באר שבע מרכז,רכבת ישראל,חולון,
37342,בת ים קוממיות,יבנה מערב,תל אביב מרכז-תל אביב יפו --> באר שבע מרכז-באר שבע,באר שבע מרכז,רכבת ישראל,חולון,
37342,בת ים קוממיות,אשדוד עד הלום- מטרופול,תל אביב מרכז-תל אביב יפו --> באר שבע מרכז-באר שבע,באר שבע מרכז,רכבת ישראל,חולון,
37342,בת ים קוממיות,אשקלון,תל אביב מרכז-תל אביב יפו --> באר שבע מרכז-באר שבע,באר שבע מרכז,רכבת ישראל,חולון,
37342,בת ים קוממיות,שדרות,תל אביב מרכז-תל אביב יפו --> באר שבע מרכז-באר שבע,באר שבע מרכז,רכבת ישראל,חולון,
37342,בת ים קוממיות,נתיבות,תל אביב מרכז-תל אביב יפו --> באר שבע מרכז-באר שבע,באר שבע מרכז,רכבת ישראל,חולון,
37342,בת ים קוממיות,אופקים,תל אביב מרכז-תל אביב יפו --> באר שבע מרכז-באר שבע,באר שבע מרכז,רכבת ישראל,חולון,
37342,בת ים קוממיות,באר שבע צפון,תל אביב מרכז-תל אביב יפו --> באר שבע מרכז-באר שבע,באר שבע מרכז,רכבת ישראל,חולון,
37342,בת ים קוממיות,באר שבע מרכז,תל אביב מרכז-תל אביב יפו --> באר שבע מרכז-באר שבע,באר שבע מרכז,רכבת ישראל,חולון,
37294,רשל''צ משה דיין,יבנה מערב,תל אביב מרכז-תל אביב יפו --> באר שבע מרכז-באר שבע,באר שבע מרכז,רכבת ישראל,ראשון לציון,
37294,רשל''צ משה דיין,אשדוד עד הלום- מטרופול,תל אביב מרכז-תל אביב יפו --> באר שבע מרכז-באר שבע,באר שבע מרכז,רכבת ישראל,ראשון לציון,
37294,רשל''צ משה דיין,אשקלון,תל אביב מרכז-תל אביב יפו --> באר שבע מרכז-באר שבע,באר שבע מרכז,רכבת ישראל,ראשון לציון,
37294,רשל''צ משה דיין,שדרות,תל אביב מרכז-תל אביב יפו --> באר שבע מרכז-באר שבע,באר שבע מרכז,רכבת ישראל,ראשון לציון,
37294,רשל''צ משה דיין,נתיבות,תל אביב מרכז-תל אביב יפו --> באר שבע מרכז-באר שבע,באר שבע מרכז,רכבת ישראל,ראשון לציון,
37294,רשל''צ משה דיין,אופקים,תל אביב מרכז-תל אביב יפו --> באר שבע מרכז-באר שבע,באר שבע מרכז,רכבת ישראל,ראשון לציון,
37294,רשל''צ משה דיין,באר שבע צפון,תל אביב מרכז-תל אביב יפו --> באר שבע מרכז-באר שבע,באר שבע מרכז,רכבת ישראל,ראשון לציון,
37294,רשל''צ משה דיין,באר שבע מרכז,תל אביב מרכז-תל אביב יפו --> באר שבע מרכז-באר שבע,באר שבע מרכז,רכבת ישראל,ראשון לציון,
37300,יבנה מערב,אשדוד עד הלום- מטרופול,תל אביב מרכז-תל אביב יפו --> באר שבע מרכז-באר שבע,באר שבע מרכז,רכבת ישראל,יבנה,
37300,יבנה מערב,אשקלון,תל אביב מרכז-תל אביב יפו --> באר שבע מרכז-באר שבע,באר שבע מרכז,רכבת ישראל,יבנה,
37300,יבנה מערב,שדרות,תל אביב מרכז-תל אביב יפו --> באר שבע מרכז-באר שבע,באר שבע מרכז,רכבת ישראל,יבנה,
37300,יבנה מערב,נתיבות,תל אביב מרכז-תל אביב יפו --> באר שבע מרכז-באר שבע,באר שבע מרכז,רכבת ישראל,יבנה,
37300,יבנה מערב,אופקים,תל אביב מרכז-תל אביב יפו --> באר שבע מרכז-באר שבע,באר שבע מרכז,רכבת ישראל,יבנה,
37300,יבנה מערב,באר שבע צפון,תל אביב מרכז-תל אביב יפו --> באר שבע מרכז-באר שבע,באר שבע מרכז,רכבת ישראל,יבנה,
37300,יבנה מערב,באר שבע מרכז,תל אביב מרכז-תל אביב יפו --> באר שבע מרכז-באר שבע,באר שבע מרכז,רכבת ישראל,יבנה,
37326,אשדוד עד הלום- מטרופול,אשקלון,תל אביב מרכז-תל אביב יפו --> באר שבע מרכז-באר שבע,באר שבע מרכז,רכבת ישראל,אשדוד,
37326,אשדוד עד הלום- מטרופול,שדרות,תל אביב מרכז-תל אביב יפו --> באר שבע מרכז-באר שבע,באר שבע מרכז,רכבת ישראל,אשדוד,
37326,אשדוד עד הלום- מטרופול,נתיבות,תל אביב מרכז-תל אביב יפו --> באר שבע מרכז-באר שבע,באר שבע מרכז,רכבת ישראל,אשדוד,
37326,אשדוד עד הלום- מטרופול,אופקים,תל אביב מרכז-תל אביב יפו --> באר שבע מרכז-באר שבע,באר שבע מרכז,רכבת ישראל,אשדוד,
37326,אשדוד עד הלום- מטרופול,באר שבע צפון,תל אביב מרכז-תל אביב יפו --> באר שבע מרכז-באר שבע,באר שבע מרכז,רכבת ישראל,אשדוד,
37326,אשדוד עד הלום- מטרופול,באר שבע מרכז,תל אביב מרכז-תל אביב יפו --> באר שבע מרכז-באר שבע,באר שבע מרכז,רכבת ישראל,אשדוד,
37324,אשקלון,שדרות,תל אביב מרכז-תל אביב יפו --> באר שבע מרכז-באר שבע,באר שבע מרכז,רכבת ישראל,אשקלון,
37324,אשקלון,נתיבות,תל אביב מרכז-תל אביב יפו --> באר שבע מרכז-באר שבע,באר שבע מרכז,רכבת ישראל,אשקלון,
37324,אשקלון,אופקים,תל אביב מרכז-תל אביב יפו --> באר שבע מרכז-באר שבע,באר שבע מרכז,רכבת ישראל,אשקלון,
37324,אשקלון,באר שבע צפון,תל אביב מרכז-תל אביב יפו --> באר שבע מרכז-באר שבע,באר שבע מרכז,רכבת ישראל,אשקלון,
37324,אשקלון,באר שבע מרכז,תל אביב מרכז-תל אביב יפו --> באר שבע מרכז-באר שבע,באר שבע מרכז,רכבת ישראל,אשקלון,
37290,שדרות,נתיבות,תל אביב מרכז-תל אביב יפו --> באר שבע מרכז-באר שבע,באר שבע מרכז,רכבת ישראל,שדרות,
37290,שדרות,אופקים,תל אביב מרכז-תל אביב יפו --> באר שבע מרכז-באר שבע,באר שבע מרכז,רכבת ישראל,שדרות,
37290,שדרות,באר שבע צפון,תל אביב מרכז-תל אביב יפו --> באר שבע מרכז-באר שבע,באר שבע מרכז,רכבת ישראל,שדרות,
37290,שדרות,באר שבע מרכז,תל אביב מרכז-תל אביב יפו --> באר שבע מרכז-באר שבע,באר שבע מרכז,רכבת ישראל,שדרות,
38643,נתיבות,אופקים,תל אביב מרכז-תל אביב יפו --> באר שבע מרכז-באר שבע,באר שבע מרכז,רכבת ישראל,נתיבות,
38643,נתיבות,באר שבע צפון,תל אביב מרכז-תל אביב יפו --> באר שבע מרכז-באר שבע,באר שבע מרכז,רכבת ישראל,נתיבות,
38643,נתיבות,באר שבע מרכז,תל אביב מרכז-תל אביב יפו --> באר שבע מרכז-באר שבע,באר שבע מרכז,רכבת ישראל,נתיבות,
39260,אופקים,באר שבע צפון,תל אביב מרכז-תל אביב יפו --> באר שבע מרכז-באר שבע,באר שבע מרכז,רכבת ישראל,אופקים,
39260,אופקים,באר שבע מרכז,תל אביב מרכז-תל אביב יפו --> באר שבע מרכז-באר שבע,באר שבע מרכז,רכבת ישראל,אופקים,
37314,באר שבע צפון,באר שבע מרכז,תל אביב מרכז-תל אביב יפו --> באר שבע מרכז-באר שבע,באר שבע מרכז,רכבת ישראל,באר שבע,
37372,בנימינה,קיסריה פרדס חנה,בנימינה-בנימינה גבעת עדה --> תל אביב ההגנה-תל אביב יפו,תל אביב ההגנה,רכבת ישראל,בנימינה גבעת עדה,
37372,בנימינה,חדרה מערב,בנימינה-בנימינה גבעת עדה --> תל אביב ההגנה-תל אביב יפו,תל אביב ההגנה,רכבת ישראל,בנימינה גבעת עדה,
37372,בנימינה,נתניה,בנימינה-בנימינה גבעת עדה --> תל אביב ההגנה-תל אביב יפו,תל אביב ההגנה,רכבת ישראל,בנימינה גבעת עדה,
37372,בנימינה,בית יהושע,בנימינה-בנימינה גבעת עדה --> תל אביב ההגנה-תל אביב יפו,תל אביב ההגנה,רכבת ישראל,בנימינה גבעת עדה,
37372,בנימינה,הרצליה,בנימינה-בנימינה גבעת עדה --> תל אביב ההגנה-תל אביב יפו,תל אביב ההגנה,רכבת ישראל,בנימינה גבעת עדה,
37372,בנימינה,תל אביב האוניברסיטה - אקספו,בנימינה-בנימינה גבעת עדה --> תל אביב ההגנה-תל אביב יפו,תל אביב ההגנה,רכבת ישראל,בנימינה גבעת עדה,
37372,בנימינה,תל אביב מרכז,בנימינה-בנימינה גבעת עדה --> תל אביב ההגנה-תל אביב יפו,תל אביב ההגנה,רכבת ישראל,בנימינה גבעת עדה,
37372,בנימינה,השלום,בנימינה-בנימינה גבעת עדה --> תל אביב ההגנה-תל אביב יפו,תל אביב ההגנה,רכבת ישראל,בנימינה גבעת עדה,
37372,בנימינה,תל אביב ההגנה,בנימינה-בנימינה גבעת עדה --> תל אביב ההגנה-תל אביב יפו,תל אביב ההגנה,רכבת ישראל,בנימינה גבעת עדה,
37370,קיסריה פרדס חנה,חדרה מערב,בנימינה-בנימינה גבעת עדה --> תל אביב ההגנה-תל אביב יפו,תל אביב ההגנה,רכבת ישראל,פרדס חנה כרכור,
37370,קיסריה פרדס חנה,נתניה,בנימינה-בנימינה גבעת עדה --> תל אביב ההגנה-תל אביב יפו,תל אביב ההגנה,רכבת ישראל,פרדס חנה כרכור,
37370,קיסריה פרדס חנה,בית יהושע,בנימינה-בנימינה גבעת עדה --> תל אביב ההגנה-תל אביב יפו,תל אביב ההגנה,רכבת ישראל,פרדס חנה כרכור,
37370,קיסריה פרדס חנה,הרצליה,בנימינה-בנימינה גבעת עדה --> תל אביב ההגנה-תל אביב יפו,תל אביב ההגנה,רכבת ישראל,פרדס חנה כרכור,
37370,קיסריה פרדס חנה,תל אביב האוניברסיטה - אקספו,בנימינה-בנימינה גבעת עדה --> תל אביב ההגנה-תל אביב יפו,תל אביב ההגנה,רכבת ישראל,פרדס חנה כרכור,
37370,קיסריה פרדס חנה,תל אביב מרכז,בנימינה-בנימינה גבעת עדה --> תל אביב ההגנה-תל אביב יפו,תל אביב ההגנה,רכבת ישראל,פרדס חנה כרכור,
37370,קיסריה פרדס חנה,השלום,בנימינה-בנימינה גבעת עדה --> תל אביב ההגנה-תל אביב יפו,תל אביב ההגנה,רכבת ישראל,פרדס חנה כרכור,
37370,קיסריה פרדס חנה,תל אביב ההגנה,בנימינה-בנימינה גבעת עדה --> תל אביב ההגנה-תל אביב יפו,תל אביב ההגנה,רכבת ישראל,פרדס חנה כרכור,
37368,חדרה מערב,נתניה,בנימינה-בנימינה גבעת עדה --> תל אביב ההגנה-תל אביב יפו,תל אביב ההגנה,רכבת ישראל,חדרה,
37368,חדרה מערב,בית יהושע,בנימינה-בנימינה גבעת עדה --> תל אביב ההגנה-תל אביב יפו,תל אביב ההגנה,רכבת ישראל,חדרה,
37368,חדרה מערב,הרצליה,בנימינה-בנימינה גבעת עדה --> תל אביב ההגנה-תל אביב יפו,תל אביב ההגנה,רכבת ישראל,חדרה,
37368,חדרה מערב,תל אביב האוניברסיטה - אקספו,בנימינה-בנימינה גבעת עדה --> תל אביב ההגנה-תל אביב יפו,תל אביב ההגנה,רכבת ישראל,חדרה,
37368,חדרה מערב,תל אביב מרכז,בנימינה-בנימינה גבעת עדה --> תל אביב ההגנה-תל אביב יפו,תל אביב ההגנה,רכבת ישראל,חדרה,
37368,חדרה מערב,השלום,בנימינה-בנימינה גבעת עדה --> תל אביב ההגנה-תל אביב יפו,תל אביב ההגנה,רכבת ישראל,חדרה,
37368,חדרה מערב,תל אביב ההגנה,בנימינה-בנימינה גבעת עדה --> תל אביב ההגנה-תל אביב יפו,תל אביב ההגנה,רכבת ישראל,חדרה,
37366,נתניה,בית יהושע,בנימינה-בנימינה גבעת עדה --> תל אביב ההגנה-תל אביב יפו,תל אביב ההגנה,רכבת ישראל,נתניה,
37366,נתניה,הרצליה,בנימינה-בנימינה גבעת עדה --> תל אביב ההגנה-תל אביב יפו,תל אביב ההגנה,רכבת ישראל,נתניה,
37366,נתניה,תל אביב האוניברסיטה - אקספו,בנימינה-בנימינה גבעת עדה --> תל אביב ההגנה-תל אביב יפו,תל אביב ההגנה,רכבת ישראל,נתניה,
37366,נתניה,תל אביב מרכז,בנימינה-בנימינה גבעת עדה --> תל אביב ההגנה-תל אביב יפו,תל אביב ההגנה,רכבת ישראל,נתניה,
37366,נתניה,השלום,בנימינה-בנימינה גבעת עדה --> תל אביב ההגנה-תל אביב יפו,תל אביב ההגנה,רכבת ישראל,נתניה,
37366,נתניה,תל אביב ההגנה,בנימינה-בנימינה גבעת עדה --> תל אביב ההגנה-תל אביב יפו,תל אביב ההגנה,רכבת ישראל,נתניה,
37364,בית יהושע,הרצליה,בנימינה-בנימינה גבעת עדה --> תל אביב ההגנה-תל אביב יפו,תל אביב ההגנה,רכבת ישראל,בית יהושע,
37364,בית יהושע,תל אביב האוניברסיטה - אקספו,בנימינה-בנימינה גבעת עדה --> תל אביב ההגנה-תל אביב יפו,תל אביב ההגנה,רכבת ישראל,בית יהושע,
37364,בית יהושע,תל אביב מרכז,בנימינה-בנימינה גבעת עדה --> תל אביב ההגנה-תל אביב יפו,תל אביב ההגנה,רכבת ישראל,בית יהושע,
37364,בית יהושע,השלום,בנימינה-בנימינה גבעת עדה --> תל אביב ההגנה-תל אביב יפו,תל אביב ההגנה,רכבת ישראל,בית יהושע,
37364,בית יהושע,תל אביב ההגנה,בנימינה-בנימינה גבעת עדה --> תל אביב ההגנה-תל אביב יפו,תל אביב ההגנה,רכבת ישראל,בית יהושע,
37362,הרצליה,תל אביב האוניברסיטה - אקספו,בנימינה-בנימינה גבעת עדה --> תל אביב ההגנה-תל אביב יפו,תל אביב ההגנה,רכבת ישראל,הרצליה,
37362,הרצליה,תל אביב מרכז,בנימינה-בנימינה גבעת עדה --> תל אביב ההגנה-תל אביב יפו,תל אביב ההגנה,רכבת ישראל,הרצליה,
37362,הרצליה,השלום,בנימינה-בנימינה גבעת עדה --> תל אביב ההגנה-תל אביב יפו,תל אביב ההגנה,רכבת ישראל,הרצליה,
37362,הרצליה,תל אביב ההגנה,בנימינה-בנימינה גבעת עדה --> תל אביב ההגנה-תל אביב יפו,תל אביב ההגנה,רכבת ישראל,הרצליה,
37360,תל אביב האוניברסיטה - אקספו,תל אביב מרכז,בנימינה-בנימינה גבעת עדה --> תל אביב ההגנה-תל אביב יפו,תל אביב ההגנה,רכבת ישראל,תל אביב יפו,
37360,תל אביב האוניברסיטה - אקספו,השלום,בנימינה-בנימינה גבעת עדה --> תל אביב ההגנה-תל אביב יפו,תל אביב ההגנה,רכבת ישראל,תל אביב יפו,
37360,תל אביב האוניברסיטה - אקספו,תל אביב ההגנה,בנימינה-בנימינה גבעת עדה --> תל אביב ההגנה-תל אביב יפו,תל אביב ההגנה,רכבת ישראל,תל אביב יפו,
37358,תל אביב מרכז,השלום,בנימינה-בנימינה גבעת עדה --> תל אביב ההגנה-תל אביב יפו,תל אביב ההגנה,רכבת ישראל,תל אביב יפו,
37358,תל אביב מרכז,תל אביב ההגנה,בנימינה-בנימינה גבעת עדה --> תל אביב ההגנה-תל אביב יפו,תל אביב ההגנה,רכבת ישראל,תל אביב יפו,
37350,השלום,תל אביב ההגנה,בנימינה-בנימינה גבעת עדה --> תל אביב ההגנה-תל אביב יפו,תל אביב ההגנה,רכבת ישראל,תל אביב יפו,
37322,בית שמש,תל אביב ההגנה,בית שמש-בית שמש --> נתניה-נתניה,נתניה,רכבת ישראל,בית שמש,
37322,בית שמש,השלום,בית שמש-בית שמש --> נתניה-נתניה,נתניה,רכבת ישראל,בית שמש,
37322,בית שמש,תל אביב מרכז,בית שמש-בית שמש --> נתניה-נתניה,נתניה,רכבת ישראל,בית שמש,
37322,בית שמש,תל אביב האוניברסיטה - אקספו,בית שמש-בית שמש --> נתניה-נתניה,נתניה,רכבת ישראל,בית שמש,
37322,בית שמש,הרצליה,בית שמש-בית שמש --> נתניה-נתניה,נתניה,רכבת ישראל,בית שמש,
37322,בית שמש,בית יהושע,בית שמש-בית שמש --> נתניה-נתניה,נתניה,רכבת ישראל,בית שמש,
37322,בית שמש,נתניה,בית שמש-בית שמש --> נתניה-נתניה,נתניה,רכבת ישראל,בית שמש,
37336,רמלה,תל אביב ההגנה,בית שמש-בית שמש --> נתניה-נתניה,נתניה,רכבת ישראל,רמלה,
37336,רמלה,השלום,בית שמש-בית שמש --> נתניה-נתניה,נתניה,רכבת ישראל,רמלה,
37336,רמלה,תל אביב מרכז,בית שמש-בית שמש --> נתניה-נתניה,נתניה,רכבת ישראל,רמלה,
37336,רמלה,תל אביב האוניברסיטה - אקספו,בית שמש-בית שמש --> נתניה-נתניה,נתניה,רכבת ישראל,רמלה,
37336,רמלה,הרצליה,בית שמש-בית שמש --> נתניה-נתניה,נתניה,רכבת ישראל,רמלה,
37336,רמלה,בית יהושע,בית שמש-בית שמש --> נתניה-נתניה,נתניה,רכבת ישראל,רמלה,
37336,רמלה,נתניה,בית שמש-בית שמש --> נתניה-נתניה,נתניה,רכבת ישראל,רמלה,
37338,לוד,תל אביב ההגנה,בית שמש-בית שמש --> נתניה-נתניה,נתניה,רכבת ישראל,לוד,
37338,לוד,השלום,בית שמש-בית שמש --> נתניה-נתניה,נתניה,רכבת ישראל,לוד,
37338,לוד,תל אביב מרכז,בית שמש-בית שמש --> נתניה-נתניה,נתניה,רכבת ישראל,לוד,
37338,לוד,תל אביב האוניברסיטה - אקספו,בית שמש-בית שמש --> נתניה-נתניה,נתניה,רכבת ישראל,לוד,
37338,לוד,הרצליה,בית שמש-בית שמש --> נתניה-נתניה,נתניה,רכבת ישראל,לוד,
37338,לוד,בית יהושע,בית שמש-בית שמש --> נתניה-נתניה,נתניה,רכבת ישראל,לוד,
37338,לוד,נתניה,בית שמש-בית שמש --> נתניה-נתניה,נתניה,רכבת ישראל,לוד,
37292,תל אביב ההגנה,השלום,בית שמש-בית שמש --> נתניה-נתניה,נתניה,רכבת ישראל,תל אביב יפו,
37292,תל אביב ההגנה,תל אביב מרכז,בית שמש-בית שמש --> נתניה-נתניה,נתניה,רכבת ישראל,תל אביב יפו,
37292,תל אביב ההגנה,תל אביב האוניברסיטה - אקספו,בית שמש-בית שמש --> נתניה-נתניה,נתניה,רכבת ישראל,תל אביב יפו,
37292,תל אביב ההגנה,הרצליה,בית שמש-בית שמש --> נתניה-נתניה,נתניה,רכבת ישראל,תל אביב יפו,
37292,תל אביב ההגנה,בית יהושע,בית שמש-בית שמש --> נתניה-נתניה,נתניה,רכבת ישראל,תל אביב יפו,
37292,תל אביב ההגנה,נתניה,בית שמש-בית שמש --> נתניה-נתניה,נתניה,רכבת ישראל,תל אביב יפו,
37350,השלום,תל אביב מרכז,בית שמש-בית שמש --> נתניה-נתניה,נתניה,רכבת ישראל,תל אביב יפו,
37350,השלום,תל אביב האוניברסיטה - אקספו,בית שמש-בית שמש --> נתניה-נתניה,נתניה,רכבת ישראל,תל אביב יפו,
37350,השלום,הרצליה,בית שמש-בית שמש --> נתניה-נתניה,נתניה,רכבת ישראל,תל אביב יפו,
37350,השלום,בית יהושע,בית שמש-בית שמש --> נתניה-נתניה,נתניה,רכבת ישראל,תל אביב יפו,
37350,השלום,נתניה,בית שמש-בית שמש --> נתניה-נתניה,נתניה,רכבת ישראל,תל אביב יפו,
37358,תל אביב מרכז,תל אביב האוניברסיטה - אקספו,בית שמש-בית שמש --> נתניה-נתניה,נתניה,רכבת ישראל,תל אביב יפו,
37358,תל אביב מרכז,הרצליה,בית שמש-בית שמש --> נתניה-נתניה,נתניה,רכבת ישראל,תל אביב יפו,
37358,תל אביב מרכז,בית יהושע,בית שמש-בית שמש --> נתניה-נתניה,נתניה,רכבת ישראל,תל אביב יפו,
37358,תל אביב מרכז,נתניה,בית שמש-בית שמש --> נתניה-נתניה,נתניה,רכבת ישראל,תל אביב יפו,
37360,תל אביב האוניברסיטה - אקספו,הרצליה,בית שמש-בית שמש --> נתניה-נתניה,נתניה,רכבת ישראל,תל אביב יפו,
37360,תל אביב האוניברסיטה - אקספו,בית יהושע,בית שמש-בית שמש --> נתניה-נתניה,נתניה,רכבת ישראל,תל אביב יפו,
37360,תל אביב האוניברסיטה - אקספו,נתניה,בית שמש-בית שמש --> נתניה-נתניה,נתניה,רכבת ישראל,תל אביב יפו,
37362,הרצליה,בית יהושע,בית שמש-בית שמש --> נתניה-נתניה,נתניה,רכבת ישראל,הרצליה,
37362,הרצליה,נתניה,בית שמש-בית שמש --> נתניה-נתניה,נתניה,רכבת ישראל,הרצליה,
37364,בית יהושע,נתניה,בית שמש-בית שמש --> נתניה-נתניה,נתניה,רכבת ישראל,בית יהושע,
37366,נתניה,לוד,נתניה-נתניה --> בית שמש-בית שמש,בית שמש,רכבת ישראל,נתניה,
37366,נתניה,רמלה,נתניה-נתניה --> בית שמש-בית שמש,בית שמש,רכבת ישראל,נתניה,
37366,נתניה,בית שמש,נתניה-נתניה --> בית שמש-בית שמש,בית שמש,רכבת ישראל,נתניה,
37364,בית יהושע,לוד,נתניה-נתניה --> בית שמש-בית שמש,בית שמש,רכבת ישראל,בית יהושע,
37364,בית יהושע,רמלה,נתניה-נתניה --> בית שמש-בית שמש,בית שמש,רכבת ישראל,בית יהושע,
37364,בית יהושע,בית שמש,נתניה-נתניה --> בית שמש-בית שמש,בית שמש,רכבת ישראל,בית יהושע,
37362,הרצליה,לוד,נתניה-נתניה --> בית שמש-בית שמש,בית שמש,רכבת ישראל,הרצליה,
37362,הרצליה,רמלה,נתניה-נתניה --> בית שמש-בית שמש,בית שמש,רכבת ישראל,הרצליה,
37362,הרצליה,בית שמש,נתניה-נתניה --> בית שמש-בית שמש,בית שמש,רכבת ישראל,הרצליה,
37360,תל אביב האוניברסיטה - אקספו,לוד,נתניה-נתניה --> בית שמש-בית שמש,בית שמש,רכבת ישראל,תל אביב יפו,
37360,תל אביב האוניברסיטה - אקספו,רמלה,נתניה-נתניה --> בית שמש-בית שמש,בית שמש,רכבת ישראל,תל אביב יפו,
37360,תל אביב האוניברסיטה - אקספו,בית שמש,נתניה-נתניה --> בית שמש-בית שמש,בית שמש,רכבת ישראל,תל אביב יפו,
37358,תל אביב מרכז,לוד,נתניה-נתניה --> בית שמש-בית שמש,בית שמש,רכבת ישראל,תל אביב יפו,
37358,תל אביב מרכז,רמלה,נתניה-נתניה --> בית שמש-בית שמש,בית שמש,רכבת ישראל,תל אביב יפו,
37358,תל אביב מרכז,בית שמש,נתניה-נתניה --> בית שמש-בית שמש,בית שמש,רכבת ישראל,תל אביב יפו,
37350,השלום,לוד,נתניה-נתניה --> בית שמש-בית שמש,בית שמש,רכבת ישראל,תל אביב יפו,
37350,השלום,רמלה,נתניה-נתניה --> בית שמש-בית שמש,בית שמש,רכבת ישראל,תל אביב יפו,
37350,השלום,בית שמש,נתניה-נתניה --> בית שמש-בית שמש,בית שמש,רכבת ישראל,תל אביב יפו,
37292,תל אביב ההגנה,לוד,נתניה-נתניה --> בית שמש-בית שמש,בית שמש,רכבת ישראל,תל אביב יפו,
37292,תל אביב ההגנה,רמלה,נתניה-נתניה --> בית שמש-בית שמש,בית שמש,רכבת ישראל,תל אביב יפו,
37292,תל אביב ההגנה,בית שמש,נתניה-נתניה --> בית שמש-בית שמש,בית שמש,רכבת ישראל,תל אביב יפו,
37338,לוד,רמלה,נתניה-נתניה --> בית שמש-בית שמש,בית שמש,רכבת ישראל,לוד,
37338,לוד,בית שמש,נתניה-נתניה --> בית שמש-בית שמש,בית שמש,רכבת ישראל,לוד,
37336,רמלה,בית שמש,נתניה-נתניה --> בית שמש-בית שמש,בית שמש,רכבת ישראל,רמלה,
37322,בית שמש,תל אביב ההגנה,בית שמש-בית שמש --> תל אביב מרכז-תל אביב יפו,תל אביב מרכז,רכבת ישראל,בית שמש,
37322,בית שמש,השלום,בית שמש-בית שמש --> תל אביב מרכז-תל אביב יפו,תל אביב מרכז,רכבת ישראל,בית שמש,
37322,בית שמש,תל אביב מרכז,בית שמש-בית שמש --> תל אביב מרכז-תל אביב יפו,תל אביב מרכז,רכבת ישראל,בית שמש,
37336,רמלה,תל אביב ההגנה,בית שמש-בית שמש --> תל אביב מרכז-תל אביב יפו,תל אביב מרכז,רכבת ישראל,רמלה,
37336,רמלה,השלום,בית שמש-בית שמש --> תל אביב מרכז-תל אביב יפו,תל אביב מרכז,רכבת ישראל,רמלה,
37336,רמלה,תל אביב מרכז,בית שמש-בית שמש --> תל אביב מרכז-תל אביב יפו,תל אביב מרכז,רכבת ישראל,רמלה,
37338,לוד,תל אביב ההגנה,בית שמש-בית שמש --> תל אביב מרכז-תל אביב יפו,תל אביב מרכז,רכבת ישראל,לוד,
37338,לוד,השלום,בית שמש-בית שמש --> תל אביב מרכז-תל אביב יפו,תל אביב מרכז,רכבת ישראל,לוד,
37338,לוד,תל אביב מרכז,בית שמש-בית שמש --> תל אביב מרכז-תל אביב יפו,תל אביב מרכז,רכבת ישראל,לוד,
37292,תל אביב ההגנה,השלום,בית שמש-בית שמש --> תל אביב מרכז-תל אביב יפו,תל אביב מרכז,רכבת ישראל,תל אביב יפו,
37292,תל אביב ההגנה,תל אביב מרכז,בית שמש-בית שמש --> תל אביב מרכז-תל אביב יפו,תל אביב מרכז,רכבת ישראל,תל אביב יפו,
37350,השלום,תל אביב מרכז,בית שמש-בית שמש --> תל אביב מרכז-תל אביב יפו,תל אביב מרכז,רכבת ישראל,תל אביב יפו,
37292,תל אביב ההגנה,רעננה מערב,תל אביב ההגנה-תל אביב יפו --> הרצליה-הרצליה,הרצליה,רכבת ישראל,תל אביב יפו,
37292,תל אביב ההגנה,הרצליה,תל אביב ההגנה-תל אביב יפו --> הרצליה-הרצליה,הרצליה,רכבת ישראל,תל אביב יפו,
37350,השלום,רעננה מערב,תל אביב ההגנה-תל אביב יפו --> הרצליה-הרצליה,הרצליה,רכבת ישראל,תל אביב יפו,
37350,השלום,הרצליה,תל אביב ההגנה-תל אביב יפו --> הרצליה-הרצליה,הרצליה,רכבת ישראל,תל אביב יפו,
37358,תל אביב מרכז,רעננה מערב,תל אביב ההגנה-תל אביב יפו --> הרצליה-הרצליה,הרצליה,רכבת ישראל,תל אביב יפו,
37358,תל אביב מרכז,הרצליה,תל אביב ההגנה-תל אביב יפו --> הרצליה-הרצליה,הרצליה,רכבת ישראל,תל אביב יפו,
37360,תל אביב האוניברסיטה - אקספו,רעננה מערב,תל אביב ההגנה-תל אביב יפו --> הרצליה-הרצליה,הרצליה,רכבת ישראל,תל אביב יפו,
37360,תל אביב האוניברסיטה - אקספו,הרצליה,תל אביב ההגנה-תל אביב יפו --> הרצליה-הרצליה,הרצליה,רכבת ישראל,תל אביב יפו,
37356,בני ברק,רעננה מערב,תל אביב ההגנה-תל אביב יפו --> הרצליה-הרצליה,הרצליה,רכבת ישראל,בני ברק,
37356,בני ברק,הרצליה,תל אביב ההגנה-תל אביב יפו --> הרצליה-הרצליה,הרצליה,רכבת ישראל,בני ברק,
37354,קרית אריה,רעננה מערב,תל אביב ההגנה-תל אביב יפו --> הרצליה-הרצליה,הרצליה,רכבת ישראל,פתח תקווה,
37354,קרית אריה,הרצליה,תל אביב ההגנה-תל אביב יפו --> הרצליה-הרצליה,הרצליה,רכבת ישראל,פתח תקווה,
37352,סגולה,רעננה מערב,תל אביב ההגנה-תל אביב יפו --> הרצליה-הרצליה,הרצליה,רכבת ישראל,פתח תקווה,
37352,סגולה,הרצליה,תל אביב ההגנה-תל אביב יפו --> הרצליה-הרצליה,הרצליה,רכבת ישראל,פתח תקווה,
37302,ראש העין צפון,רעננה מערב,תל אביב ההגנה-תל אביב יפו --> הרצליה-הרצליה,הרצליה,רכבת ישראל,ראש העין,
37302,ראש העין צפון,הרצליה,תל אביב ההגנה-תל אביב יפו --> הרצליה-הרצליה,הרצליה,רכבת ישראל,ראש העין,
37304,כפר סבא,רעננה מערב,תל אביב ההגנה-תל אביב יפו --> הרצליה-הרצליה,הרצליה,רכבת ישראל,כפר סבא,
37304,כפר סבא,הרצליה,תל אביב ההגנה-תל אביב יפו --> הרצליה-הרצליה,הרצליה,רכבת ישראל,כפר סבא,
37296,הוד השרון,רעננה מערב,תל אביב ההגנה-תל אביב יפו --> הרצליה-הרצליה,הרצליה,רכבת ישראל,הוד השרון,
37296,הוד השרון,הרצליה,תל אביב ההגנה-תל אביב יפו --> הרצליה-הרצליה,הרצליה,רכבת ישראל,הוד השרון,
42417,רעננה מערב,הרצליה,תל אביב ההגנה-תל אביב יפו --> הרצליה-הרצליה,הרצליה,רכבת ישראל,רעננה,
37292,תל אביב ההגנה,כפר חבד,תל אביב ההגנה-תל אביב יפו --> אשקלון-אשקלון,אשקלון,רכבת ישראל,תל אביב יפו,
37292,תל אביב ההגנה,לוד גני אביב,תל אביב ההגנה-תל אביב יפו --> אשקלון-אשקלון,אשקלון,רכבת ישראל,תל אביב יפו,
37292,תל אביב ההגנה,לוד,תל אביב ההגנה-תל אביב יפו --> אשקלון-אשקלון,אשקלון,רכבת ישראל,תל אביב יפו,
37292,תל אביב ההגנה,באר יעקב,תל אביב ההגנה-תל אביב יפו --> אשקלון-אשקלון,אשקלון,רכבת ישראל,תל אביב יפו,
37292,תל אביב ההגנה,רחובות,תל אביב ההגנה-תל אביב יפו --> אשקלון-אשקלון,אשקלון,רכבת ישראל,תל אביב יפו,
37292,תל אביב ההגנה,יבנה מזרח,תל אביב ההגנה-תל אביב יפו --> אשקלון-אשקלון,אשקלון,רכבת ישראל,תל אביב יפו,
37292,תל אביב ההגנה,אשדוד עד הלום- מטרופול,תל אביב ההגנה-תל אביב יפו --> אשקלון-אשקלון,אשקלון,רכבת ישראל,תל אביב יפו,
37292,תל אביב ההגנה,אשקלון,תל אביב ההגנה-תל אביב יפו --> אשקלון-אשקלון,אשקלון,רכבת ישראל,תל אביב יפו,
37340,כפר חבד,לוד גני אביב,תל אביב ההגנה-תל אביב יפו --> אשקלון-אשקלון,אשקלון,רכבת ישראל,כפר חב''ד,
37340,כפר חבד,לוד,תל אביב ההגנה-תל אביב יפו --> אשקלון-אשקלון,אשקלון,רכבת ישראל,כפר חב''ד,
37340,כפר חבד,באר יעקב,תל אביב ההגנה-תל אביב יפו --> אשקלון-אשקלון,אשקלון,רכבת ישראל,כפר חב''ד,
37340,כפר חבד,רחובות,תל אביב ההגנה-תל אביב יפו --> אשקלון-אשקלון,אשקלון,רכבת ישראל,כפר חב''ד,
37340,כפר חבד,יבנה מזרח,תל אביב ההגנה-תל אביב יפו --> אשקלון-אשקלון,אשקלון,רכבת ישראל,כפר חב''ד,
37340,כפר חבד,אשדוד עד הלום- מטרופול,תל אביב ההגנה-תל אביב יפו --> אשקלון-אשקלון,אשקלון,רכבת ישראל,כפר חב''ד,
37340,כפר חבד,אשקלון,תל אביב ההגנה-תל אביב יפו --> אשקלון-אשקלון,אשקלון,רכבת ישראל,כפר חב''ד,
37334,לוד גני אביב,לוד,תל אביב ההגנה-תל אביב יפו --> אשקלון-אשקלון,אשקלון,רכבת ישראל,לוד,
37334,לוד גני אביב,באר יעקב,תל אביב ההגנה-תל אביב יפו --> אשקלון-אשקלון,אשקלון,רכבת ישראל,לוד,
37334,לוד גני אביב,רחובות,תל אביב ההגנה-תל אביב יפו --> אשקלון-אשקלון,אשקלון,רכבת ישראל,לוד,
37334,לוד גני אביב,יבנה מזרח,תל אביב ההגנה-תל אביב יפו --> אשקלון-אשקלון,אשקלון,רכבת ישראל,לוד,
37334,לוד גני אביב,אשדוד עד הלום- מטרופול,תל אביב ההגנה-תל אביב יפו --> אשקלון-אשקלון,אשקלון,רכבת ישראל,לוד,
37334,לוד גני אביב,אשקלון,תל אביב ההגנה-תל אביב יפו --> אשקלון-אשקלון,אשקלון,רכבת ישראל,לוד,
37338,לוד,באר יעקב,תל אביב ההגנה-תל אביב יפו --> אשקלון-אשקלון,אשקלון,רכבת ישראל,לוד,
37338,לוד,רחובות,תל אביב ההגנה-תל אביב יפו --> אשקלון-אשקלון,אשקלון,רכבת ישראל,לוד,
37338,לוד,יבנה מזרח,תל אביב ההגנה-תל אביב יפו --> אשקלון-אשקלון,אשקלון,רכבת ישראל,לוד,
37338,לוד,אשדוד עד הלום- מטרופול,תל אביב ההגנה-תל אביב יפו --> אשקלון-אשקלון,אשקלון,רכבת ישראל,לוד,
37338,לוד,אשקלון,תל אביב ההגנה-תל אביב יפו --> אשקלון-אשקלון,אשקלון,רכבת ישראל,לוד,
37330,באר יעקב,רחובות,תל אביב ההגנה-תל אביב יפו --> אשקלון-אשקלון,אשקלון,רכבת ישראל,באר יעקב,
37330,באר יעקב,יבנה מזרח,תל אביב ההגנה-תל אביב יפו --> אשקלון-אשקלון,אשקלון,רכבת ישראל,באר יעקב,
37330,באר יעקב,אשדוד עד הלום- מטרופול,תל אביב ההגנה-תל אביב יפו --> אשקלון-אשקלון,אשקלון,רכבת ישראל,באר יעקב,
37330,באר יעקב,אשקלון,תל אביב ההגנה-תל אביב יפו --> אשקלון-אשקלון,אשקלון,רכבת ישראל,באר יעקב,
37332,רחובות,יבנה מזרח,תל אביב ההגנה-תל אביב יפו --> אשקלון-אשקלון,אשקלון,רכבת ישראל,רחובות,
37332,רחובות,אשדוד עד הלום- מטרופול,תל אביב ההגנה-תל אביב יפו --> אשקלון-אשקלון,אשקלון,רכבת ישראל,רחובות,
37332,רחובות,אשקלון,תל אביב ההגנה-תל אביב יפו --> אשקלון-אשקלון,אשקלון,רכבת ישראל,רחובות,
37328,יבנה מזרח,אשדוד עד הלום- מטרופול,תל אביב ההגנה-תל אביב יפו --> אשקלון-אשקלון,אשקלון,רכבת ישראל,יבנה,
37328,יבנה מזרח,אשקלון,תל אביב ההגנה-תל אביב יפו --> אשקלון-אשקלון,אשקלון,רכבת ישראל,יבנה,
37326,אשדוד עד הלום- מטרופול,אשקלון,תל אביב ההגנה-תל אביב יפו --> אשקלון-אשקלון,אשקלון,רכבת ישראל,אשדוד,
37324,אשקלון,לוד גני אביב,אשקלון-אשקלון --> בנימינה-בנימינה גבעת עדה,בנימינה,רכבת ישראל,אשקלון,
37324,אשקלון,כפר חבד,אשקלון-אשקלון --> בנימינה-בנימינה גבעת עדה,בנימינה,רכבת ישראל,אשקלון,
37324,אשקלון,תל אביב ההגנה,אשקלון-אשקלון --> בנימינה-בנימינה גבעת עדה,בנימינה,רכבת ישראל,אשקלון,
37324,אשקלון,השלום,אשקלון-אשקלון --> בנימינה-בנימינה גבעת עדה,בנימינה,רכבת ישראל,אשקלון,
37324,אשקלון,תל אביב מרכז,אשקלון-אשקלון --> בנימינה-בנימינה גבעת עדה,בנימינה,רכבת ישראל,אשקלון,
37324,אשקלון,תל אביב האוניברסיטה - אקספו,אשקלון-אשקלון --> בנימינה-בנימינה גבעת עדה,בנימינה,רכבת ישראל,אשקלון,
37324,אשקלון,הרצליה,אשקלון-אשקלון --> בנימינה-בנימינה גבעת עדה,בנימינה,רכבת ישראל,אשקלון,
37324,אשקלון,בית יהושע,אשקלון-אשקלון --> בנימינה-בנימינה גבעת עדה,בנימינה,רכבת ישראל,אשקלון,
37326,אשדוד עד הלום- מטרופול,לוד גני אביב,אשקלון-אשקלון --> בנימינה-בנימינה גבעת עדה,בנימינה,רכבת ישראל,אשדוד,
37326,אשדוד עד הלום- מטרופול,כפר חבד,אשקלון-אשקלון --> בנימינה-בנימינה גבעת עדה,בנימינה,רכבת ישראל,אשדוד,
37326,אשדוד עד הלום- מטרופול,תל אביב ההגנה,אשקלון-אשקלון --> בנימינה-בנימינה גבעת עדה,בנימינה,רכבת ישראל,אשדוד,
37326,אשדוד עד הלום- מטרופול,השלום,אשקלון-אשקלון --> בנימינה-בנימינה גבעת עדה,בנימינה,רכבת ישראל,אשדוד,
37326,אשדוד עד הלום- מטרופול,תל אביב מרכז,אשקלון-אשקלון --> בנימינה-בנימינה גבעת עדה,בנימינה,רכבת ישראל,אשדוד,
37326,אשדוד עד הלום- מטרופול,תל אביב האוניברסיטה - אקספו,אשקלון-אשקלון --> בנימינה-בנימינה גבעת עדה,בנימינה,רכבת ישראל,אשדוד,
37326,אשדוד עד הלום- מטרופול,הרצליה,אשקלון-אשקלון --> בנימינה-בנימינה גבעת עדה,בנימינה,רכבת ישראל,אשדוד,
37326,אשדוד עד הלום- מטרופול,בית יהושע,אשקלון-אשקלון --> בנימינה-בנימינה גבעת עדה,בנימינה,רכבת ישראל,אשדוד,
37328,יבנה מזרח,לוד גני אביב,אשקלון-אשקלון --> בנימינה-בנימינה גבעת עדה,בנימינה,רכבת ישראל,יבנה,
37328,יבנה מזרח,כפר חבד,אשקלון-אשקלון --> בנימינה-בנימינה גבעת עדה,בנימינה,רכבת ישראל,יבנה,
37328,יבנה מזרח,תל אביב ההגנה,אשקלון-אשקלון --> בנימינה-בנימינה גבעת עדה,בנימינה,רכבת ישראל,יבנה,
37328,יבנה מזרח,השלום,אשקלון-אשקלון --> בנימינה-בנימינה גבעת עדה,בנימינה,רכבת ישראל,יבנה,
37328,יבנה מזרח,תל אביב מרכז,אשקלון-אשקלון --> בנימינה-בנימינה גבעת עדה,בנימינה,רכבת ישראל,יבנה,
37328,יבנה מזרח,תל אביב האוניברסיטה - אקספו,אשקלון-אשקלון --> בנימינה-בנימינה גבעת עדה,בנימינה,רכבת ישראל,יבנה,
37328,יבנה מזרח,הרצליה,אשקלון-אשקלון --> בנימינה-בנימינה גבעת עדה,בנימינה,רכבת ישראל,יבנה,
37328,יבנה מזרח,בית יהושע,אשקלון-אשקלון --> בנימינה-בנימינה גבעת עדה,בנימינה,רכבת ישראל,יבנה,
37332,רחובות,לוד גני אביב,אשקלון-אשקלון --> בנימינה-בנימינה גבעת עדה,בנימינה,רכבת ישראל,רחובות,
37332,רחובות,כפר חבד,אשקלון-אשקלון --> בנימינה-בנימינה גבעת עדה,בנימינה,רכבת ישראל,רחובות,
37332,רחובות,תל אביב ההגנה,אשקלון-אשקלון --> בנימינה-בנימינה גבעת עדה,בנימינה,רכבת ישראל,רחובות,
37332,רחובות,השלום,אשקלון-אשקלון --> בנימינה-בנימינה גבעת עדה,בנימינה,רכבת ישראל,רחובות,
37332,רחובות,תל אביב מרכז,אשקלון-אשקלון --> בנימינה-בנימינה גבעת עדה,בנימינה,רכבת ישראל,רחובות,
37332,רחובות,תל אביב האוניברסיטה - אקספו,אשקלון-אשקלון --> בנימינה-בנימינה גבעת עדה,בנימינה,רכבת ישראל,רחובות,
37332,רחובות,הרצליה,אשקלון-אשקלון --> בנימינה-בנימינה גבעת עדה,בנימינה,רכבת ישראל,רחובות,
37332,רחובות,בית יהושע,אשקלון-אשקלון --> בנימינה-בנימינה גבעת עדה,בנימינה,רכבת ישראל,רחובות,
37330,באר יעקב,לוד גני אביב,אשקלון-אשקלון --> בנימינה-בנימינה גבעת עדה,בנימינה,רכבת ישראל,באר יעקב,
37330,באר יעקב,כפר חבד,אשקלון-אשקלון --> בנימינה-בנימינה גבעת עדה,בנימינה,רכבת ישראל,באר יעקב,
37330,באר יעקב,תל אביב ההגנה,אשקלון-אשקלון --> בנימינה-בנימינה גבעת עדה,בנימינה,רכבת ישראל,באר יעקב,
37330,באר יעקב,השלום,אשקלון-אשקלון --> בנימינה-בנימינה גבעת עדה,בנימינה,רכבת ישראל,באר יעקב,
37330,באר יעקב,תל אביב מרכז,אשקלון-אשקלון --> בנימינה-בנימינה גבעת עדה,בנימינה,רכבת ישראל,באר יעקב,
37330,באר יעקב,תל אביב האוניברסיטה - אקספו,אשקלון-אשקלון --> בנימינה-בנימינה גבעת עדה,בנימינה,רכבת ישראל,באר יעקב,
37330,באר יעקב,הרצליה,אשקלון-אשקלון --> בנימינה-בנימינה גבעת עדה,בנימינה,רכבת ישראל,באר יעקב,
37330,באר יעקב,בית יהושע,אשקלון-אשקלון --> בנימינה-בנימינה גבעת עדה,בנימינה,רכבת ישראל,באר יעקב,
37338,לוד,לוד גני אביב,אשקלון-אשקלון --> בנימינה-בנימינה גבעת עדה,בנימינה,רכבת ישראל,לוד,
37338,לוד,כפר חבד,אשקלון-אשקלון --> בנימינה-בנימינה גבעת עדה,בנימינה,רכבת ישראל,לוד,
37338,לוד,תל אביב ההגנה,אשקלון-אשקלון --> בנימינה-בנימינה גבעת עדה,בנימינה,רכבת ישראל,לוד,
37338,לוד,השלום,אשקלון-אשקלון --> בנימינה-בנימינה גבעת עדה,בנימינה,רכבת ישראל,לוד,
37338,לוד,תל אביב מרכז,אשקלון-אשקלון --> בנימינה-בנימינה גבעת עדה,בנימינה,רכבת ישראל,לוד,
37338,לוד,תל אביב האוניברסיטה - אקספו,אשקלון-אשקלון --> בנימינה-בנימינה גבעת עדה,בנימינה,רכבת ישראל,לוד,
37338,לוד,הרצליה,אשקלון-אשקלון --> בנימינה-בנימינה גבעת עדה,בנימינה,רכבת ישראל,לוד,
37338,לוד,בית יהושע,אשקלון-אשקלון --> בנימינה-בנימינה גבעת עדה,בנימינה,רכבת ישראל,לוד,
37334,לוד גני אביב,כפר חבד,אשקלון-אשקלון --> בנימינה-בנימינה גבעת עדה,בנימינה,רכבת ישראל,לוד,
37334,לוד גני אביב,תל אביב ההגנה,אשקלון-אשקלון --> בנימינה-בנימינה גבעת עדה,בנימינה,רכבת ישראל,לוד,
37334,לוד גני אביב,השלום,אשקלון-אשקלון --> בנימינה-בנימינה גבעת עדה,בנימינה,רכבת ישראל,לוד,
37334,לוד גני אביב,תל אביב מרכז,אשקלון-אשקלון --> בנימינה-בנימינה גבעת עדה,בנימינה,רכבת ישראל,לוד,
37334,לוד גני אביב,תל אביב האוניברסיטה - אקספו,אשקלון-אשקלון --> בנימינה-בנימינה גבעת עדה,בנימינה,רכבת ישראל,לוד,
37334,לוד גני אביב,הרצליה,אשקלון-אשקלון --> בנימינה-בנימינה גבעת עדה,בנימינה,רכבת ישראל,לוד,
37334,לוד גני אביב,בית יהושע,אשקלון-אשקלון --> בנימינה-בנימינה גבעת עדה,בנימינה,רכבת ישראל,לוד,
37334,לוד גני אביב,נתניה,אשקלון-אשקלון --> בנימינה-בנימינה גבעת עדה,בנימינה,רכבת ישראל,לוד,
37334,לוד גני אביב,חדרה מערב,אשקלון-אשקלון --> בנימינה-בנימינה גבעת עדה,בנימינה,רכבת ישראל,לוד,
37334,לוד גני אביב,קיסריה פרדס חנה,אשקלון-אשקלון --> בנימינה-בנימינה גבעת עדה,בנימינה,רכבת ישראל,לוד,
37334,לוד גני אביב,בנימינה,אשקלון-אשקלון --> בנימינה-בנימינה גבעת עדה,בנימינה,רכבת ישראל,לוד,
37340,כפר חבד,תל אביב ההגנה,אשקלון-אשקלון --> בנימינה-בנימינה גבעת עדה,בנימינה,רכבת ישראל,כפר חב''ד,
37340,כפר חבד,השלום,אשקלון-אשקלון --> בנימינה-בנימינה גבעת עדה,בנימינה,רכבת ישראל,כפר חב''ד,
37340,כפר חבד,תל אביב מרכז,אשקלון-אשקלון --> בנימינה-בנימינה גבעת עדה,בנימינה,רכבת ישראל,כפר חב''ד,
37340,כפר חבד,תל אביב האוניברסיטה - אקספו,אשקלון-אשקלון --> בנימינה-בנימינה גבעת עדה,בנימינה,רכבת ישראל,כפר חב''ד,
37340,כפר חבד,הרצליה,אשקלון-אשקלון --> בנימינה-בנימינה גבעת עדה,בנימינה,רכבת ישראל,כפר חב''ד,
37340,כפר חבד,בית יהושע,אשקלון-אשקלון --> בנימינה-בנימינה גבעת עדה,בנימינה,רכבת ישראל,כפר חב''ד,
37340,כפר חבד,נתניה,אשקלון-אשקלון --> בנימינה-בנימינה גבעת עדה,בנימינה,רכבת ישראל,כפר חב''ד,
37340,כפר חבד,חדרה מערב,אשקלון-אשקלון --> בנימינה-בנימינה גבעת עדה,בנימינה,רכבת ישראל,כפר חב''ד,
37340,כפר חבד,קיסריה פרדס חנה,אשקלון-אשקלון --> בנימינה-בנימינה גבעת עדה,בנימינה,רכבת ישראל,כפר חב''ד,
37340,כפר חבד,בנימינה,אשקלון-אשקלון --> בנימינה-בנימינה גבעת עדה,בנימינה,רכבת ישראל,כפר חב''ד,
37292,תל אביב ההגנה,השלום,אשקלון-אשקלון --> בנימינה-בנימינה גבעת עדה,בנימינה,רכבת ישראל,תל אביב יפו,
37292,תל אביב ההגנה,תל אביב מרכז,אשקלון-אשקלון --> בנימינה-בנימינה גבעת עדה,בנימינה,רכבת ישראל,תל אביב יפו,
37292,תל אביב ההגנה,תל אביב האוניברסיטה - אקספו,אשקלון-אשקלון --> בנימינה-בנימינה גבעת עדה,בנימינה,רכבת ישראל,תל אביב יפו,
37292,תל אביב ההגנה,הרצליה,אשקלון-אשקלון --> בנימינה-בנימינה גבעת עדה,בנימינה,רכבת ישראל,תל אביב יפו,
37292,תל אביב ההגנה,בית יהושע,אשקלון-אשקלון --> בנימינה-בנימינה גבעת עדה,בנימינה,רכבת ישראל,תל אביב יפו,
37292,תל אביב ההגנה,נתניה,אשקלון-אשקלון --> בנימינה-בנימינה גבעת עדה,בנימינה,רכבת ישראל,תל אביב יפו,
37292,תל אביב ההגנה,חדרה מערב,אשקלון-אשקלון --> בנימינה-בנימינה גבעת עדה,בנימינה,רכבת ישראל,תל אביב יפו,
37292,תל אביב ההגנה,קיסריה פרדס חנה,אשקלון-אשקלון --> בנימינה-בנימינה גבעת עדה,בנימינה,רכבת ישראל,תל אביב יפו,
37292,תל אביב ההגנה,בנימינה,אשקלון-אשקלון --> בנימינה-בנימינה גבעת עדה,בנימינה,רכבת ישראל,תל אביב יפו,
37350,השלום,תל אביב מרכז,אשקלון-אשקלון --> בנימינה-בנימינה גבעת עדה,בנימינה,רכבת ישראל,תל אביב יפו,
37350,השלום,תל אביב האוניברסיטה - אקספו,אשקלון-אשקלון --> בנימינה-בנימינה גבעת עדה,בנימינה,רכבת ישראל,תל אביב יפו,
37350,השלום,הרצליה,אשקלון-אשקלון --> בנימינה-בנימינה גבעת עדה,בנימינה,רכבת ישראל,תל אביב יפו,
37350,השלום,בית יהושע,אשקלון-אשקלון --> בנימינה-בנימינה גבעת עדה,בנימינה,רכבת ישראל,תל אביב יפו,
37350,השלום,נתניה,אשקלון-אשקלון --> בנימינה-בנימינה גבעת עדה,בנימינה,רכבת ישראל,תל אביב יפו,
37350,השלום,חדרה מערב,אשקלון-אשקלון --> בנימינה-בנימינה גבעת עדה,בנימינה,רכבת ישראל,תל אביב יפו,
37350,השלום,קיסריה פרדס חנה,אשקלון-אשקלון --> בנימינה-בנימינה גבעת עדה,בנימינה,רכבת ישראל,תל אביב יפו,
37350,השלום,בנימינה,אשקלון-אשקלון --> בנימינה-בנימינה גבעת עדה,בנימינה,רכבת ישראל,תל אביב יפו,
37358,תל אביב מרכז,תל אביב האוניברסיטה - אקספו,אשקלון-אשקלון --> בנימינה-בנימינה גבעת עדה,בנימינה,רכבת ישראל,תל אביב יפו,
37358,תל אביב מרכז,הרצליה,אשקלון-אשקלון --> בנימינה-בנימינה גבעת עדה,בנימינה,רכבת ישראל,תל אביב יפו,
37358,תל אביב מרכז,בית יהושע,אשקלון-אשקלון --> בנימינה-בנימינה גבעת עדה,בנימינה,רכבת ישראל,תל אביב יפו,
37358,תל אביב מרכז,נתניה,אשקלון-אשקלון --> בנימינה-בנימינה גבעת עדה,בנימינה,רכבת ישראל,תל אביב יפו,
37358,תל אביב מרכז,חדרה מערב,אשקלון-אשקלון --> בנימינה-בנימינה גבעת עדה,בנימינה,רכבת ישראל,תל אביב יפו,
37358,תל אביב מרכז,קיסריה פרדס חנה,אשקלון-אשקלון --> בנימינה-בנימינה גבעת עדה,בנימינה,רכבת ישראל,תל אביב יפו,
37358,תל אביב מרכז,בנימינה,אשקלון-אשקלון --> בנימינה-בנימינה גבעת עדה,בנימינה,רכבת ישראל,תל אביב יפו,
37360,תל אביב האוניברסיטה - אקספו,הרצליה,אשקלון-אשקלון --> בנימינה-בנימינה גבעת עדה,בנימינה,רכבת ישראל,תל אביב יפו,
37360,תל אביב האוניברסיטה - אקספו,בית יהושע,אשקלון-אשקלון --> בנימינה-בנימינה גבעת עדה,בנימינה,רכבת ישראל,תל אביב יפו,
37360,תל אביב האוניברסיטה - אקספו,נתניה,אשקלון-אשקלון --> בנימינה-בנימינה גבעת עדה,בנימינה,רכבת ישראל,תל אביב יפו,
37360,תל אביב האוניברסיטה - אקספו,חדרה מערב,אשקלון-אשקלון --> בנימינה-בנימינה גבעת עדה,בנימינה,רכבת ישראל,תל אביב יפו,
37360,תל אביב האוניברסיטה - אקספו,קיסריה פרדס חנה,אשקלון-אשקלון --> בנימינה-בנימינה גבעת עדה,בנימינה,רכבת ישראל,תל אביב יפו,
37360,תל אביב האוניברסיטה - אקספו,בנימינה,אשקלון-אשקלון --> בנימינה-בנימינה גבעת עדה,בנימינה,רכבת ישראל,תל אביב יפו,
37362,הרצליה,בית יהושע,אשקלון-אשקלון --> בנימינה-בנימינה גבעת עדה,בנימינה,רכבת ישראל,הרצליה,
37362,הרצליה,נתניה,אשקלון-אשקלון --> בנימינה-בנימינה גבעת עדה,בנימינה,רכבת ישראל,הרצליה,
37362,הרצליה,חדרה מערב,אשקלון-אשקלון --> בנימינה-בנימינה גבעת עדה,בנימינה,רכבת ישראל,הרצליה,
37362,הרצליה,קיסריה פרדס חנה,אשקלון-אשקלון --> בנימינה-בנימינה גבעת עדה,בנימינה,רכבת ישראל,הרצליה,
37362,הרצליה,בנימינה,אשקלון-אשקלון --> בנימינה-בנימינה גבעת עדה,בנימינה,רכבת ישראל,הרצליה,
37364,בית יהושע,נתניה,אשקלון-אשקלון --> בנימינה-בנימינה גבעת עדה,בנימינה,רכבת ישראל,בית יהושע,
37364,בית יהושע,חדרה מערב,אשקלון-אשקלון --> בנימינה-בנימינה גבעת עדה,בנימינה,רכבת ישראל,בית יהושע,
37364,בית יהושע,קיסריה פרדס חנה,אשקלון-אשקלון --> בנימינה-בנימינה גבעת עדה,בנימינה,רכבת ישראל,בית יהושע,
37364,בית יהושע,בנימינה,אשקלון-אשקלון --> בנימינה-בנימינה גבעת עדה,בנימינה,רכבת ישראל,בית יהושע,
37372,בנימינה,בית יהושע,בנימינה-בנימינה גבעת עדה --> אשקלון-אשקלון,אשקלון,רכבת ישראל,בנימינה גבעת עדה,
37372,בנימינה,הרצליה,בנימינה-בנימינה גבעת עדה --> אשקלון-אשקלון,אשקלון,רכבת ישראל,בנימינה גבעת עדה,
37372,בנימינה,תל אביב האוניברסיטה - אקספו,בנימינה-בנימינה גבעת עדה --> אשקלון-אשקלון,אשקלון,רכבת ישראל,בנימינה גבעת עדה,
37372,בנימינה,תל אביב מרכז,בנימינה-בנימינה גבעת עדה --> אשקלון-אשקלון,אשקלון,רכבת ישראל,בנימינה גבעת עדה,
37372,בנימינה,השלום,בנימינה-בנימינה גבעת עדה --> אשקלון-אשקלון,אשקלון,רכבת ישראל,בנימינה גבעת עדה,
37372,בנימינה,תל אביב ההגנה,בנימינה-בנימינה גבעת עדה --> אשקלון-אשקלון,אשקלון,רכבת ישראל,בנימינה גבעת עדה,
37372,בנימינה,כפר חבד,בנימינה-בנימינה גבעת עדה --> אשקלון-אשקלון,אשקלון,רכבת ישראל,בנימינה גבעת עדה,
37372,בנימינה,לוד גני אביב,בנימינה-בנימינה גבעת עדה --> אשקלון-אשקלון,אשקלון,רכבת ישראל,בנימינה גבעת עדה,
37370,קיסריה פרדס חנה,בית יהושע,בנימינה-בנימינה גבעת עדה --> אשקלון-אשקלון,אשקלון,רכבת ישראל,פרדס חנה כרכור,
37370,קיסריה פרדס חנה,הרצליה,בנימינה-בנימינה גבעת עדה --> אשקלון-אשקלון,אשקלון,רכבת ישראל,פרדס חנה כרכור,
37370,קיסריה פרדס חנה,תל אביב האוניברסיטה - אקספו,בנימינה-בנימינה גבעת עדה --> אשקלון-אשקלון,אשקלון,רכבת ישראל,פרדס חנה כרכור,
37370,קיסריה פרדס חנה,תל אביב מרכז,בנימינה-בנימינה גבעת עדה --> אשקלון-אשקלון,אשקלון,רכבת ישראל,פרדס חנה כרכור,
37370,קיסריה פרדס חנה,השלום,בנימינה-בנימינה גבעת עדה --> אשקלון-אשקלון,אשקלון,רכבת ישראל,פרדס חנה כרכור,
37370,קיסריה פרדס חנה,תל אביב ההגנה,בנימינה-בנימינה גבעת עדה --> אשקלון-אשקלון,אשקלון,רכבת ישראל,פרדס חנה כרכור,
37370,קיסריה פרדס חנה,כפר חבד,בנימינה-בנימינה גבעת עדה --> אשקלון-אשקלון,אשקלון,רכבת ישראל,פרדס חנה כרכור,
37370,קיסריה פרדס חנה,לוד גני אביב,בנימינה-בנימינה גבעת עדה --> אשקלון-אשקלון,אשקלון,רכבת ישראל,פרדס חנה כרכור,
37368,חדרה מערב,בית יהושע,בנימינה-בנימינה גבעת עדה --> אשקלון-אשקלון,אשקלון,רכבת ישראל,חדרה,
37368,חדרה מערב,הרצליה,בנימינה-בנימינה גבעת עדה --> אשקלון-אשקלון,אשקלון,רכבת ישראל,חדרה,
37368,חדרה מערב,תל אביב האוניברסיטה - אקספו,בנימינה-בנימינה גבעת עדה --> אשקלון-אשקלון,אשקלון,רכבת ישראל,חדרה,
37368,חדרה מערב,תל אביב מרכז,בנימינה-בנימינה גבעת עדה --> אשקלון-אשקלון,אשקלון,רכבת ישראל,חדרה,
37368,חדרה מערב,השלום,בנימינה-בנימינה גבעת עדה --> אשקלון-אשקלון,אשקלון,רכבת ישראל,חדרה,
37368,חדרה מערב,תל אביב ההגנה,בנימינה-בנימינה גבעת עדה --> אשקלון-אשקלון,אשקלון,רכבת ישראל,חדרה,
37368,חדרה מערב,כפר חבד,בנימינה-בנימינה גבעת עדה --> אשקלון-אשקלון,אשקלון,רכבת ישראל,חדרה,
37368,חדרה מערב,לוד גני אביב,בנימינה-בנימינה גבעת עדה --> אשקלון-אשקלון,אשקלון,רכבת ישראל,חדרה,
37366,נתניה,בית יהושע,בנימינה-בנימינה גבעת עדה --> אשקלון-אשקלון,אשקלון,רכבת ישראל,נתניה,
37366,נתניה,הרצליה,בנימינה-בנימינה גבעת עדה --> אשקלון-אשקלון,אשקלון,רכבת ישראל,נתניה,
37366,נתניה,תל אביב האוניברסיטה - אקספו,בנימינה-בנימינה גבעת עדה --> אשקלון-אשקלון,אשקלון,רכבת ישראל,נתניה,
37366,נתניה,תל אביב מרכז,בנימינה-בנימינה גבעת עדה --> אשקלון-אשקלון,אשקלון,רכבת ישראל,נתניה,
37366,נתניה,השלום,בנימינה-בנימינה גבעת עדה --> אשקלון-אשקלון,אשקלון,רכבת ישראל,נתניה,
37366,נתניה,תל אביב ההגנה,בנימינה-בנימינה גבעת עדה --> אשקלון-אשקלון,אשקלון,רכבת ישראל,נתניה,
37366,נתניה,כפר חבד,בנימינה-בנימינה גבעת עדה --> אשקלון-אשקלון,אשקלון,רכבת ישראל,נתניה,
37366,נתניה,לוד גני אביב,בנימינה-בנימינה גבעת עדה --> אשקלון-אשקלון,אשקלון,רכבת ישראל,נתניה,
37364,בית יהושע,הרצליה,בנימינה-בנימינה גבעת עדה --> אשקלון-אשקלון,אשקלון,רכבת ישראל,בית יהושע,
37364,בית יהושע,תל אביב האוניברסיטה - אקספו,בנימינה-בנימינה גבעת עדה --> אשקלון-אשקלון,אשקלון,רכבת ישראל,בית יהושע,
37364,בית יהושע,תל אביב מרכז,בנימינה-בנימינה גבעת עדה --> אשקלון-אשקלון,אשקלון,רכבת ישראל,בית יהושע,
37364,בית יהושע,השלום,בנימינה-בנימינה גבעת עדה --> אשקלון-אשקלון,אשקלון,רכבת ישראל,בית יהושע,
37364,בית יהושע,תל אביב ההגנה,בנימינה-בנימינה גבעת עדה --> אשקלון-אשקלון,אשקלון,רכבת ישראל,בית יהושע,
37364,בית יהושע,כפר חבד,בנימינה-בנימינה גבעת עדה --> אשקלון-אשקלון,אשקלון,רכבת ישראל,בית יהושע,
37364,בית יהושע,לוד גני אביב,בנימינה-בנימינה גבעת עדה --> אשקלון-אשקלון,אשקלון,רכבת ישראל,בית יהושע,
37364,בית יהושע,לוד,בנימינה-בנימינה גבעת עדה --> אשקלון-אשקלון,אשקלון,רכבת ישראל,בית יהושע,
37364,בית יהושע,באר יעקב,בנימינה-בנימינה גבעת עדה --> אשקלון-אשקלון,אשקלון,רכבת ישראל,בית יהושע,
37364,בית יהושע,רחובות,בנימינה-בנימינה גבעת עדה --> אשקלון-אשקלון,אשקלון,רכבת ישראל,בית יהושע,
37364,בית יהושע,יבנה מזרח,בנימינה-בנימינה גבעת עדה --> אשקלון-אשקלון,אשקלון,רכבת ישראל,בית יהושע,
37364,בית יהושע,אשדוד עד הלום- מטרופול,בנימינה-בנימינה גבעת עדה --> אשקלון-אשקלון,אשקלון,רכבת ישראל,בית יהושע,
37364,בית יהושע,אשקלון,בנימינה-בנימינה גבעת עדה --> אשקלון-אשקלון,אשקלון,רכבת ישראל,בית יהושע,
37362,הרצליה,תל אביב האוניברסיטה - אקספו,בנימינה-בנימינה גבעת עדה --> אשקלון-אשקלון,אשקלון,רכבת ישראל,הרצליה,
37362,הרצליה,תל אביב מרכז,בנימינה-בנימינה גבעת עדה --> אשקלון-אשקלון,אשקלון,רכבת ישראל,הרצליה,
37362,הרצליה,השלום,בנימינה-בנימינה גבעת עדה --> אשקלון-אשקלון,אשקלון,רכבת ישראל,הרצליה,
37362,הרצליה,תל אביב ההגנה,בנימינה-בנימינה גבעת עדה --> אשקלון-אשקלון,אשקלון,רכבת ישראל,הרצליה,
37362,הרצליה,כפר חבד,בנימינה-בנימינה גבעת עדה --> אשקלון-אשקלון,אשקלון,רכבת ישראל,הרצליה,
37362,הרצליה,לוד גני אביב,בנימינה-בנימינה גבעת עדה --> אשקלון-אשקלון,אשקלון,רכבת ישראל,הרצליה,
37362,הרצליה,לוד,בנימינה-בנימינה גבעת עדה --> אשקלון-אשקלון,אשקלון,רכבת ישראל,הרצליה,
37362,הרצליה,באר יעקב,בנימינה-בנימינה גבעת עדה --> אשקלון-אשקלון,אשקלון,רכבת ישראל,הרצליה,
37362,הרצליה,רחובות,בנימינה-בנימינה גבעת עדה --> אשקלון-אשקלון,אשקלון,רכבת ישראל,הרצליה,
37362,הרצליה,יבנה מזרח,בנימינה-בנימינה גבעת עדה --> אשקלון-אשקלון,אשקלון,רכבת ישראל,הרצליה,
37362,הרצליה,אשדוד עד הלום- מטרופול,בנימינה-בנימינה גבעת עדה --> אשקלון-אשקלון,אשקלון,רכבת ישראל,הרצליה,
37362,הרצליה,אשקלון,בנימינה-בנימינה גבעת עדה --> אשקלון-אשקלון,אשקלון,רכבת ישראל,הרצליה,
37360,תל אביב האוניברסיטה - אקספו,תל אביב מרכז,בנימינה-בנימינה גבעת עדה --> אשקלון-אשקלון,אשקלון,רכבת ישראל,תל אביב יפו,
37360,תל אביב האוניברסיטה - אקספו,השלום,בנימינה-בנימינה גבעת עדה --> אשקלון-אשקלון,אשקלון,רכבת ישראל,תל אביב יפו,
37360,תל אביב האוניברסיטה - אקספו,תל אביב ההגנה,בנימינה-בנימינה גבעת עדה --> אשקלון-אשקלון,אשקלון,רכבת ישראל,תל אביב יפו,
37360,תל אביב האוניברסיטה - אקספו,כפר חבד,בנימינה-בנימינה גבעת עדה --> אשקלון-אשקלון,אשקלון,רכבת ישראל,תל אביב יפו,
37360,תל אביב האוניברסיטה - אקספו,לוד גני אביב,בנימינה-בנימינה גבעת עדה --> אשקלון-אשקלון,אשקלון,רכבת ישראל,תל אביב יפו,
37360,תל אביב האוניברסיטה - אקספו,לוד,בנימינה-בנימינה גבעת עדה --> אשקלון-אשקלון,אשקלון,רכבת ישראל,תל אביב יפו,
37360,תל אביב האוניברסיטה - אקספו,באר יעקב,בנימינה-בנימינה גבעת עדה --> אשקלון-אשקלון,אשקלון,רכבת ישראל,תל אביב יפו,
37360,תל אביב האוניברסיטה - אקספו,רחובות,בנימינה-בנימינה גבעת עדה --> אשקלון-אשקלון,אשקלון,רכבת ישראל,תל אביב יפו,
37360,תל אביב האוניברסיטה - אקספו,יבנה מזרח,בנימינה-בנימינה גבעת עדה --> אשקלון-אשקלון,אשקלון,רכבת ישראל,תל אביב יפו,
37360,תל אביב האוניברסיטה - אקספו,אשדוד עד הלום- מטרופול,בנימינה-בנימינה גבעת עדה --> אשקלון-אשקלון,אשקלון,רכבת ישראל,תל אביב יפו,
37360,תל אביב האוניברסיטה - אקספו,אשקלון,בנימינה-בנימינה גבעת עדה --> אשקלון-אשקלון,אשקלון,רכבת ישראל,תל אביב יפו,
37358,תל אביב מרכז,השלום,בנימינה-בנימינה גבעת עדה --> אשקלון-אשקלון,אשקלון,רכבת ישראל,תל אביב יפו,
37358,תל אביב מרכז,תל אביב ההגנה,בנימינה-בנימינה גבעת עדה --> אשקלון-אשקלון,אשקלון,רכבת ישראל,תל אביב יפו,
37358,תל אביב מרכז,כפר חבד,בנימינה-בנימינה גבעת עדה --> אשקלון-אשקלון,אשקלון,רכבת ישראל,תל אביב יפו,
37358,תל אביב מרכז,לוד גני אביב,בנימינה-בנימינה גבעת עדה --> אשקלון-אשקלון,אשקלון,רכבת ישראל,תל אביב יפו,
37358,תל אביב מרכז,לוד,בנימינה-בנימינה גבעת עדה --> אשקלון-אשקלון,אשקלון,רכבת ישראל,תל אביב יפו,
37358,תל אביב מרכז,באר יעקב,בנימינה-בנימינה גבעת עדה --> אשקלון-אשקלון,אשקלון,רכבת ישראל,תל אביב יפו,
37358,תל אביב מרכז,רחובות,בנימינה-בנימינה גבעת עדה --> אשקלון-אשקלון,אשקלון,רכבת ישראל,תל אביב יפו,
37358,תל אביב מרכז,יבנה מזרח,בנימינה-בנימינה גבעת עדה --> אשקלון-אשקלון,אשקלון,רכבת ישראל,תל אביב יפו,
37358,תל אביב מרכז,אשדוד עד הלום- מטרופול,בנימינה-בנימינה גבעת עדה --> אשקלון-אשקלון,אשקלון,רכבת ישראל,תל אביב יפו,
37358,תל אביב מרכז,אשקלון,בנימינה-בנימינה גבעת עדה --> אשקלון-אשקלון,אשקלון,רכבת ישראל,תל אביב יפו,
37350,השלום,תל אביב ההגנה,בנימינה-בנימינה גבעת עדה --> אשקלון-אשקלון,אשקלון,רכבת ישראל,תל אביב יפו,
37350,השלום,כפר חבד,בנימינה-בנימינה גבעת עדה --> אשקלון-אשקלון,אשקלון,רכבת ישראל,תל אביב יפו,
37350,השלום,לוד גני אביב,בנימינה-בנימינה גבעת עדה --> אשקלון-אשקלון,אשקלון,רכבת ישראל,תל אביב יפו,
37350,השלום,לוד,בנימינה-בנימינה גבעת עדה --> אשקלון-אשקלון,אשקלון,רכבת ישראל,תל אביב יפו,
37350,השלום,באר יעקב,בנימינה-בנימינה גבעת עדה --> אשקלון-אשקלון,אשקלון,רכבת ישראל,תל אביב יפו,
37350,השלום,רחובות,בנימינה-בנימינה גבעת עדה --> אשקלון-אשקלון,אשקלון,רכבת ישראל,תל אביב יפו,
37350,השלום,יבנה מזרח,בנימינה-בנימינה גבעת עדה --> אשקלון-אשקלון,אשקלון,רכבת ישראל,תל אביב יפו,
37350,השלום,אשדוד עד הלום- מטרופול,בנימינה-בנימינה גבעת עדה --> אשקלון-אשקלון,אשקלון,רכבת ישראל,תל אביב יפו,
37350,השלום,אשקלון,בנימינה-בנימינה גבעת עדה --> אשקלון-אשקלון,אשקלון,רכבת ישראל,תל אביב יפו,
37292,תל אביב ההגנה,כפר חבד,בנימינה-בנימינה גבעת עדה --> אשקלון-אשקלון,אשקלון,רכבת ישראל,תל אביב יפו,
37292,תל אביב ההגנה,לוד גני אביב,בנימינה-בנימינה גבעת עדה --> אשקלון-אשקלון,אשקלון,רכבת ישראל,תל אביב יפו,
37292,תל אביב ההגנה,לוד,בנימינה-בנימינה גבעת עדה --> אשקלון-אשקלון,אשקלון,רכבת ישראל,תל אביב יפו,
37292,תל אביב ההגנה,באר יעקב,בנימינה-בנימינה גבעת עדה --> אשקלון-אשקלון,אשקלון,רכבת ישראל,תל אביב יפו,
37292,תל אביב ההגנה,רחובות,בנימינה-בנימינה גבעת עדה --> אשקלון-אשקלון,אשקלון,רכבת ישראל,תל אביב יפו,
37292,תל אביב ההגנה,יבנה מזרח,בנימינה-בנימינה גבעת עדה --> אשקלון-אשקלון,אשקלון,רכבת ישראל,תל אביב יפו,
37292,תל אביב ההגנה,אשדוד עד הלום- מטרופול,בנימינה-בנימינה גבעת עדה --> אשקלון-אשקלון,אשקלון,רכבת ישראל,תל אביב יפו,
37292,תל אביב ההגנה,אשקלון,בנימינה-בנימינה גבעת עדה --> אשקלון-אשקלון,אשקלון,רכבת ישראל,תל אביב יפו,
37340,כפר חבד,לוד גני אביב,בנימינה-בנימינה גבעת עדה --> אשקלון-אשקלון,אשקלון,רכבת ישראל,כפר חב''ד,
37340,כפר חבד,לוד,בנימינה-בנימינה גבעת עדה --> אשקלון-אשקלון,אשקלון,רכבת ישראל,כפר חב''ד,
37340,כפר חבד,באר יעקב,בנימינה-בנימינה גבעת עדה --> אשקלון-אשקלון,אשקלון,רכבת ישראל,כפר חב''ד,
37340,כפר חבד,רחובות,בנימינה-בנימינה גבעת עדה --> אשקלון-אשקלון,אשקלון,רכבת ישראל,כפר חב''ד,
37340,כפר חבד,יבנה מזרח,בנימינה-בנימינה גבעת עדה --> אשקלון-אשקלון,אשקלון,רכבת ישראל,כפר חב''ד,
37340,כפר חבד,אשדוד עד הלום- מטרופול,בנימינה-בנימינה גבעת עדה --> אשקלון-אשקלון,אשקלון,רכבת ישראל,כפר חב''ד,
37340,כפר חבד,אשקלון,בנימינה-בנימינה גבעת עדה --> אשקלון-אשקלון,אשקלון,רכבת ישראל,כפר חב''ד,
37334,לוד גני אביב,לוד,בנימינה-בנימינה גבעת עדה --> אשקלון-אשקלון,אשקלון,רכבת ישראל,לוד,
37334,לוד גני אביב,באר יעקב,בנימינה-בנימינה גבעת עדה --> אשקלון-אשקלון,אשקלון,רכבת ישראל,לוד,
37334,לוד גני אביב,רחובות,בנימינה-בנימינה גבעת עדה --> אשקלון-אשקלון,אשקלון,רכבת ישראל,לוד,
37334,לוד גני אביב,יבנה מזרח,בנימינה-בנימינה גבעת עדה --> אשקלון-אשקלון,אשקלון,רכבת ישראל,לוד,
37334,לוד גני אביב,אשדוד עד הלום- מטרופול,בנימינה-בנימינה גבעת עדה --> אשקלון-אשקלון,אשקלון,רכבת ישראל,לוד,
37334,לוד גני אביב,אשקלון,בנימינה-בנימינה גבעת עדה --> אשקלון-אשקלון,אשקלון,רכבת ישראל,לוד,
37382,נהריה,קרית חיים,נהריה-נהריה --> באר שבע מרכז-באר שבע,באר שבע מרכז,רכבת ישראל,נהריה,
37382,נהריה,חוצות מפרץ,נהריה-נהריה --> באר שבע מרכז-באר שבע,באר שבע מרכז,רכבת ישראל,נהריה,
37382,נהריה,מרכזית המפרץ/קו החוף,נהריה-נהריה --> באר שבע מרכז-באר שבע,באר שבע מרכז,רכבת ישראל,נהריה,
37382,נהריה,חיפה מרכז,נהריה-נהריה --> באר שבע מרכז-באר שבע,באר שבע מרכז,רכבת ישראל,נהריה,
37382,נהריה,בת גלים,נהריה-נהריה --> באר שבע מרכז-באר שבע,באר שבע מרכז,רכבת ישראל,נהריה,
37382,נהריה,חוף הכרמל,נהריה-נהריה --> באר שבע מרכז-באר שבע,באר שבע מרכז,רכבת ישראל,נהריה,
37382,נהריה,עתלית,נהריה-נהריה --> באר שבע מרכז-באר שבע,באר שבע מרכז,רכבת ישראל,נהריה,
37382,נהריה,בנימינה,נהריה-נהריה --> באר שבע מרכז-באר שבע,באר שבע מרכז,רכבת ישראל,נהריה,
37382,נהריה,הרצליה,נהריה-נהריה --> באר שבע מרכז-באר שבע,באר שבע מרכז,רכבת ישראל,נהריה,
37382,נהריה,תל אביב האוניברסיטה - אקספו,נהריה-נהריה --> באר שבע מרכז-באר שבע,באר שבע מרכז,רכבת ישראל,נהריה,
37382,נהריה,תל אביב מרכז,נהריה-נהריה --> באר שבע מרכז-באר שבע,באר שבע מרכז,רכבת ישראל,נהריה,
37382,נהריה,השלום,נהריה-נהריה --> באר שבע מרכז-באר שבע,באר שבע מרכז,רכבת ישראל,נהריה,
37382,נהריה,תל אביב ההגנה,נהריה-נהריה --> באר שבע מרכז-באר שבע,באר שבע מרכז,רכבת ישראל,נהריה,
37382,נהריה,לוד,נהריה-נהריה --> באר שבע מרכז-באר שבע,באר שבע מרכז,רכבת ישראל,נהריה,
37382,נהריה,רמלה,נהריה-נהריה --> באר שבע מרכז-באר שבע,באר שבע מרכז,רכבת ישראל,נהריה,
37382,נהריה,מזכרת בתיה,נהריה-נהריה --> באר שבע מרכז-באר שבע,באר שבע מרכז,רכבת ישראל,נהריה,
37382,נהריה,קרית מלאכי,נהריה-נהריה --> באר שבע מרכז-באר שבע,באר שבע מרכז,רכבת ישראל,נהריה,
37382,נהריה,קרית גת,נהריה-נהריה --> באר שבע מרכז-באר שבע,באר שבע מרכז,רכבת ישראל,נהריה,
37382,נהריה,להבים רהט,נהריה-נהריה --> באר שבע מרכז-באר שבע,באר שבע מרכז,רכבת ישראל,נהריה,
37382,נהריה,באר שבע צפון,נהריה-נהריה --> באר שבע מרכז-באר שבע,באר שבע מרכז,רכבת ישראל,נהריה,
37382,נהריה,באר שבע מרכז,נהריה-נהריה --> באר שבע מרכז-באר שבע,באר שבע מרכז,רכבת ישראל,נהריה,
37384,עכו,קרית חיים,נהריה-נהריה --> באר שבע מרכז-באר שבע,באר שבע מרכז,רכבת ישראל,עכו,
37384,עכו,חוצות מפרץ,נהריה-נהריה --> באר שבע מרכז-באר שבע,באר שבע מרכז,רכבת ישראל,עכו,
37384,עכו,מרכזית המפרץ/קו החוף,נהריה-נהריה --> באר שבע מרכז-באר שבע,באר שבע מרכז,רכבת ישראל,עכו,
37384,עכו,חיפה מרכז,נהריה-נהריה --> באר שבע מרכז-באר שבע,באר שבע מרכז,רכבת ישראל,עכו,
37384,עכו,בת גלים,נהריה-נהריה --> באר שבע מרכז-באר שבע,באר שבע מרכז,רכבת ישראל,עכו,
37384,עכו,חוף הכרמל,נהריה-נהריה --> באר שבע מרכז-באר שבע,באר שבע מרכז,רכבת ישראל,עכו,
37384,עכו,עתלית,נהריה-נהריה --> באר שבע מרכז-באר שבע,באר שבע מרכז,רכבת ישראל,עכו,
37384,עכו,בנימינה,נהריה-נהריה --> באר שבע מרכז-באר שבע,באר שבע מרכז,רכבת ישראל,עכו,
37384,עכו,הרצליה,נהריה-נהריה --> באר שבע מרכז-באר שבע,באר שבע מרכז,רכבת ישראל,עכו,
37384,עכו,תל אביב האוניברסיטה - אקספו,נהריה-נהריה --> באר שבע מרכז-באר שבע,באר שבע מרכז,רכבת ישראל,עכו,
37384,עכו,תל אביב מרכז,נהריה-נהריה --> באר שבע מרכז-באר שבע,באר שבע מרכז,רכבת ישראל,עכו,
37384,עכו,השלום,נהריה-נהריה --> באר שבע מרכז-באר שבע,באר שבע מרכז,רכבת ישראל,עכו,
37384,עכו,תל אביב ההגנה,נהריה-נהריה --> באר שבע מרכז-באר שבע,באר שבע מרכז,רכבת ישראל,עכו,
37384,עכו,לוד,נהריה-נהריה --> באר שבע מרכז-באר שבע,באר שבע מרכז,רכבת ישראל,עכו,
37384,עכו,רמלה,נהריה-נהריה --> באר שבע מרכז-באר שבע,באר שבע מרכז,רכבת ישראל,עכו,
37384,עכו,מזכרת בתיה,נהריה-נהריה --> באר שבע מרכז-באר שבע,באר שבע מרכז,רכבת ישראל,עכו,
37384,עכו,קרית מלאכי,נהריה-נהריה --> באר שבע מרכז-באר שבע,באר שבע מרכז,רכבת ישראל,עכו,
37384,עכו,קרית גת,נהריה-נהריה --> באר שבע מרכז-באר שבע,באר שבע מרכז,רכבת ישראל,עכו,
37384,עכו,להבים רהט,נהריה-נהריה --> באר שבע מרכז-באר שבע,באר שבע מרכז,רכבת ישראל,עכו,
37384,עכו,באר שבע צפון,נהריה-נהריה --> באר שבע מרכז-באר שבע,באר שבע מרכז,רכבת ישראל,עכו,
37384,עכו,באר שבע מרכז,נהריה-נהריה --> באר שבע מרכז-באר שבע,באר שבע מרכז,רכבת ישראל,עכו,
41293,קרית מוצקין,קרית חיים,נהריה-נהריה --> באר שבע מרכז-באר שבע,באר שבע מרכז,רכבת ישראל,קרית מוצקין,
41293,קרית מוצקין,חוצות מפרץ,נהריה-נהריה --> באר שבע מרכז-באר שבע,באר שבע מרכז,רכבת ישראל,קרית מוצקין,
41293,קרית מוצקין,מרכזית המפרץ/קו החוף,נהריה-נהריה --> באר שבע מרכז-באר שבע,באר שבע מרכז,רכבת ישראל,קרית מוצקין,
41293,קרית מוצקין,חיפה מרכז,נהריה-נהריה --> באר שבע מרכז-באר שבע,באר שבע מרכז,רכבת ישראל,קרית מוצקין,
41293,קרית מוצקין,בת גלים,נהריה-נהריה --> באר שבע מרכז-באר שבע,באר שבע מרכז,רכבת ישראל,קרית מוצקין,
41293,קרית מוצקין,חוף הכרמל,נהריה-נהריה --> באר שבע מרכז-באר שבע,באר שבע מרכז,רכבת ישראל,קרית מוצקין,
41293,קרית מוצקין,עתלית,נהריה-נהריה --> באר שבע מרכז-באר שבע,באר שבע מרכז,רכבת ישראל,קרית מוצקין,
41293,קרית מוצקין,בנימינה,נהריה-נהריה --> באר שבע מרכז-באר שבע,באר שבע מרכז,רכבת ישראל,קרית מוצקין,
41293,קרית מוצקין,הרצליה,נהריה-נהריה --> באר שבע מרכז-באר שבע,באר שבע מרכז,רכבת ישראל,קרית מוצקין,
41293,קרית מוצקין,תל אביב האוניברסיטה - אקספו,נהריה-נהריה --> באר שבע מרכז-באר שבע,באר שבע מרכז,רכבת ישראל,קרית מוצקין,
41293,קרית מוצקין,תל אביב מרכז,נהריה-נהריה --> באר שבע מרכז-באר שבע,באר שבע מרכז,רכבת ישראל,קרית מוצקין,
41293,קרית מוצקין,השלום,נהריה-נהריה --> באר שבע מרכז-באר שבע,באר שבע מרכז,רכבת ישראל,קרית מוצקין,
41293,קרית מוצקין,תל אביב ההגנה,נהריה-נהריה --> באר שבע מרכז-באר שבע,באר שבע מרכז,רכבת ישראל,קרית מוצקין,
41293,קרית מוצקין,לוד,נהריה-נהריה --> באר שבע מרכז-באר שבע,באר שבע מרכז,רכבת ישראל,קרית מוצקין,
41293,קרית מוצקין,רמלה,נהריה-נהריה --> באר שבע מרכז-באר שבע,באר שבע מרכז,רכבת ישראל,קרית מוצקין,
41293,קרית מוצקין,מזכרת בתיה,נהריה-נהריה --> באר שבע מרכז-באר שבע,באר שבע מרכז,רכבת ישראל,קרית מוצקין,
41293,קרית מוצקין,קרית מלאכי,נהריה-נהריה --> באר שבע מרכז-באר שבע,באר שבע מרכז,רכבת ישראל,קרית מוצקין,
41293,קרית מוצקין,קרית גת,נהריה-נהריה --> באר שבע מרכז-באר שבע,באר שבע מרכז,רכבת ישראל,קרית מוצקין,
41293,קרית מוצקין,להבים רהט,נהריה-נהריה --> באר שבע מרכז-באר שבע,באר שבע מרכז,רכבת ישראל,קרית מוצקין,
41293,קרית מוצקין,באר שבע צפון,נהריה-נהריה --> באר שבע מרכז-באר שבע,באר שבע מרכז,רכבת ישראל,קרית מוצקין,
41293,קרית מוצקין,באר שבע מרכז,נהריה-נהריה --> באר שבע מרכז-באר שבע,באר שבע מרכז,רכבת ישראל,קרית מוצקין,
37392,קרית חיים,חוצות מפרץ,נהריה-נהריה --> באר שבע מרכז-באר שבע,באר שבע מרכז,רכבת ישראל,חיפה,
37392,קרית חיים,מרכזית המפרץ/קו החוף,נהריה-נהריה --> באר שבע מרכז-באר שבע,באר שבע מרכז,רכבת ישראל,חיפה,
37392,קרית חיים,חיפה מרכז,נהריה-נהריה --> באר שבע מרכז-באר שבע,באר שבע מרכז,רכבת ישראל,חיפה,
37392,קרית חיים,בת גלים,נהריה-נהריה --> באר שבע מרכז-באר שבע,באר שבע מרכז,רכבת ישראל,חיפה,
37392,קרית חיים,חוף הכרמל,נהריה-נהריה --> באר שבע מרכז-באר שבע,באר שבע מרכז,רכבת ישראל,חיפה,
37392,קרית חיים,עתלית,נהריה-נהריה --> באר שבע מרכז-באר שבע,באר שבע מרכז,רכבת ישראל,חיפה,
37392,קרית חיים,בנימינה,נהריה-נהריה --> באר שבע מרכז-באר שבע,באר שבע מרכז,רכבת ישראל,חיפה,
37392,קרית חיים,הרצליה,נהריה-נהריה --> באר שבע מרכז-באר שבע,באר שבע מרכז,רכבת ישראל,חיפה,
37392,קרית חיים,תל אביב האוניברסיטה - אקספו,נהריה-נהריה --> באר שבע מרכז-באר שבע,באר שבע מרכז,רכבת ישראל,חיפה,
37392,קרית חיים,תל אביב מרכז,נהריה-נהריה --> באר שבע מרכז-באר שבע,באר שבע מרכז,רכבת ישראל,חיפה,
37392,קרית חיים,השלום,נהריה-נהריה --> באר שבע מרכז-באר שבע,באר שבע מרכז,רכבת ישראל,חיפה,
37392,קרית חיים,תל אביב ההגנה,נהריה-נהריה --> באר שבע מרכז-באר שבע,באר שבע מרכז,רכבת ישראל,חיפה,
37392,קרית חיים,לוד,נהריה-נהריה --> באר שבע מרכז-באר שבע,באר שבע מרכז,רכבת ישראל,חיפה,
37392,קרית חיים,רמלה,נהריה-נהריה --> באר שבע מרכז-באר שבע,באר שבע מרכז,רכבת ישראל,חיפה,
37392,קרית חיים,מזכרת בתיה,נהריה-נהריה --> באר שבע מרכז-באר שבע,באר שבע מרכז,רכבת ישראל,חיפה,
37392,קרית חיים,קרית מלאכי,נהריה-נהריה --> באר שבע מרכז-באר שבע,באר שבע מרכז,רכבת ישראל,חיפה,
37392,קרית חיים,קרית גת,נהריה-נהריה --> באר שבע מרכז-באר שבע,באר שבע מרכז,רכבת ישראל,חיפה,
37392,קרית חיים,להבים רהט,נהריה-נהריה --> באר שבע מרכז-באר שבע,באר שבע מרכז,רכבת ישראל,חיפה,
37392,קרית חיים,באר שבע צפון,נהריה-נהריה --> באר שבע מרכז-באר שבע,באר שבע מרכז,רכבת ישראל,חיפה,
37392,קרית חיים,באר שבע מרכז,נהריה-נהריה --> באר שבע מרכז-באר שבע,באר שבע מרכז,רכבת ישראל,חיפה,
37386,חוצות מפרץ,מרכזית המפרץ/קו החוף,נהריה-נהריה --> באר שבע מרכז-באר שבע,באר שבע מרכז,רכבת ישראל,חיפה,
37386,חוצות מפרץ,חיפה מרכז,נהריה-נהריה --> באר שבע מרכז-באר שבע,באר שבע מרכז,רכבת ישראל,חיפה,
37386,חוצות מפרץ,בת גלים,נהריה-נהריה --> באר שבע מרכז-באר שבע,באר שבע מרכז,רכבת ישראל,חיפה,
37386,חוצות מפרץ,חוף הכרמל,נהריה-נהריה --> באר שבע מרכז-באר שבע,באר שבע מרכז,רכבת ישראל,חיפה,
37386,חוצות מפרץ,עתלית,נהריה-נהריה --> באר שבע מרכז-באר שבע,באר שבע מרכז,רכבת ישראל,חיפה,
37386,חוצות מפרץ,בנימינה,נהריה-נהריה --> באר שבע מרכז-באר שבע,באר שבע מרכז,רכבת ישראל,חיפה,
37386,חוצות מפרץ,הרצליה,נהריה-נהריה --> באר שבע מרכז-באר שבע,באר שבע מרכז,רכבת ישראל,חיפה,
37386,חוצות מפרץ,תל אביב האוניברסיטה - אקספו,נהריה-נהריה --> באר שבע מרכז-באר שבע,באר שבע מרכז,רכבת ישראל,חיפה,
37386,חוצות מפרץ,תל אביב מרכז,נהריה-נהריה --> באר שבע מרכז-באר שבע,באר שבע מרכז,רכבת ישראל,חיפה,
37386,חוצות מפרץ,השלום,נהריה-נהריה --> באר שבע מרכז-באר שבע,באר שבע מרכז,רכבת ישראל,חיפה,
37386,חוצות מפרץ,תל אביב ההגנה,נהריה-נהריה --> באר שבע מרכז-באר שבע,באר שבע מרכז,רכבת ישראל,חיפה,
37386,חוצות מפרץ,לוד,נהריה-נהריה --> באר שבע מרכז-באר שבע,באר שבע מרכז,רכבת ישראל,חיפה,
37386,חוצות מפרץ,רמלה,נהריה-נהריה --> באר שבע מרכז-באר שבע,באר שבע מרכז,רכבת ישראל,חיפה,
37386,חוצות מפרץ,מזכרת בתיה,נהריה-נהריה --> באר שבע מרכז-באר שבע,באר שבע מרכז,רכבת ישראל,חיפה,
37386,חוצות מפרץ,קרית מלאכי,נהריה-נהריה --> באר שבע מרכז-באר שבע,באר שבע מרכז,רכבת ישראל,חיפה,
37386,חוצות מפרץ,קרית גת,נהריה-נהריה --> באר שבע מרכז-באר שבע,באר שבע מרכז,רכבת ישראל,חיפה,
37386,חוצות מפרץ,להבים רהט,נהריה-נהריה --> באר שבע מרכז-באר שבע,באר שבע מרכז,רכבת ישראל,חיפה,
37386,חוצות מפרץ,באר שבע צפון,נהריה-נהריה --> באר שבע מרכז-באר שבע,באר שבע מרכז,רכבת ישראל,חיפה,
37386,חוצות מפרץ,באר שבע מרכז,נהריה-נהריה --> באר שבע מרכז-באר שבע,באר שבע מרכז,רכבת ישראל,חיפה,
37388,מרכזית המפרץ/קו החוף,חיפה מרכז,נהריה-נהריה --> באר שבע מרכז-באר שבע,באר שבע מרכז,רכבת ישראל,חיפה,
37388,מרכזית המפרץ/קו החוף,בת גלים,נהריה-נהריה --> באר שבע מרכז-באר שבע,באר שבע מרכז,רכבת ישראל,חיפה,
37388,מרכזית המפרץ/קו החוף,חוף הכרמל,נהריה-נהריה --> באר שבע מרכז-באר שבע,באר שבע מרכז,רכבת ישראל,חיפה,
37388,מרכזית המפרץ/קו החוף,עתלית,נהריה-נהריה --> באר שבע מרכז-באר שבע,באר שבע מרכז,רכבת ישראל,חיפה,
37388,מרכזית המפרץ/קו החוף,בנימינה,נהריה-נהריה --> באר שבע מרכז-באר שבע,באר שבע מרכז,רכבת ישראל,חיפה,
37388,מרכזית המפרץ/קו החוף,הרצליה,נהריה-נהריה --> באר שבע מרכז-באר שבע,באר שבע מרכז,רכבת ישראל,חיפה,
37388,מרכזית המפרץ/קו החוף,תל אביב האוניברסיטה - אקספו,נהריה-נהריה --> באר שבע מרכז-באר שבע,באר שבע מרכז,רכבת ישראל,חיפה,
37388,מרכזית המפרץ/קו החוף,תל אביב מרכז,נהריה-נהריה --> באר שבע מרכז-באר שבע,באר שבע מרכז,רכבת ישראל,חיפה,
37388,מרכזית המפרץ/קו החוף,השלום,נהריה-נהריה --> באר שבע מרכז-באר שבע,באר שבע מרכז,רכבת ישראל,חיפה,
37388,מרכזית המפרץ/קו החוף,תל אביב ההגנה,נהריה-נהריה --> באר שבע מרכז-באר שבע,באר שבע מרכז,רכבת ישראל,חיפה,
37388,מרכזית המפרץ/קו החוף,לוד,נהריה-נהריה --> באר שבע מרכז-באר שבע,באר שבע מרכז,רכבת ישראל,חיפה,
37388,מרכזית המפרץ/קו החוף,רמלה,נהריה-נהריה --> באר שבע מרכז-באר שבע,באר שבע מרכז,רכבת ישראל,חיפה,
37388,מרכזית המפרץ/קו החוף,מזכרת בתיה,נהריה-נהריה --> באר שבע מרכז-באר שבע,באר שבע מרכז,רכבת ישראל,חיפה,
37388,מרכזית המפרץ/קו החוף,קרית מלאכי,נהריה-נהריה --> באר שבע מרכז-באר שבע,באר שבע מרכז,רכבת ישראל,חיפה,
37388,מרכזית המפרץ/קו החוף,קרית גת,נהריה-נהריה --> באר שבע מרכז-באר שבע,באר שבע מרכז,רכבת ישראל,חיפה,
37388,מרכזית המפרץ/קו החוף,להבים רהט,נהריה-נהריה --> באר שבע מרכז-באר שבע,באר שבע מרכז,רכבת ישראל,חיפה,
37388,מרכזית המפרץ/קו החוף,באר שבע צפון,נהריה-נהריה --> באר שבע מרכז-באר שבע,באר שבע מרכז,רכבת ישראל,חיפה,
37388,מרכזית המפרץ/קו החוף,באר שבע מרכז,נהריה-נהריה --> באר שבע מרכז-באר שבע,באר שבע מרכז,רכבת ישראל,חיפה,
37380,חיפה מרכז,בת גלים,נהריה-נהריה --> באר שבע מרכז-באר שבע,באר שבע מרכז,רכבת ישראל,חיפה,
37380,חיפה מרכז,חוף הכרמל,נהריה-נהריה --> באר שבע מרכז-באר שבע,באר שבע מרכז,רכבת ישראל,חיפה,
37380,חיפה מרכז,עתלית,נהריה-נהריה --> באר שבע מרכז-באר שבע,באר שבע מרכז,רכבת ישראל,חיפה,
37380,חיפה מרכז,בנימינה,נהריה-נהריה --> באר שבע מרכז-באר שבע,באר שבע מרכז,רכבת ישראל,חיפה,
37380,חיפה מרכז,הרצליה,נהריה-נהריה --> באר שבע מרכז-באר שבע,באר שבע מרכז,רכבת ישראל,חיפה,
37380,חיפה מרכז,תל אביב האוניברסיטה - אקספו,נהריה-נהריה --> באר שבע מרכז-באר שבע,באר שבע מרכז,רכבת ישראל,חיפה,
37380,חיפה מרכז,תל אביב מרכז,נהריה-נהריה --> באר שבע מרכז-באר שבע,באר שבע מרכז,רכבת ישראל,חיפה,
37380,חיפה מרכז,השלום,נהריה-נהריה --> באר שבע מרכז-באר שבע,באר שבע מרכז,רכבת ישראל,חיפה,
37380,חיפה מרכז,תל אביב ההגנה,נהריה-נהריה --> באר שבע מרכז-באר שבע,באר שבע מרכז,רכבת ישראל,חיפה,
37380,חיפה מרכז,לוד,נהריה-נהריה --> באר שבע מרכז-באר שבע,באר שבע מרכז,רכבת ישראל,חיפה,
37380,חיפה מרכז,רמלה,נהריה-נהריה --> באר שבע מרכז-באר שבע,באר שבע מרכז,רכבת ישראל,חיפה,
37380,חיפה מרכז,מזכרת בתיה,נהריה-נהריה --> באר שבע מרכז-באר שבע,באר שבע מרכז,רכבת ישראל,חיפה,
37380,חיפה מרכז,קרית מלאכי,נהריה-נהריה --> באר שבע מרכז-באר שבע,באר שבע מרכז,רכבת ישראל,חיפה,
37380,חיפה מרכז,קרית גת,נהריה-נהריה --> באר שבע מרכז-באר שבע,באר שבע מרכז,רכבת ישראל,חיפה,
37380,חיפה מרכז,להבים רהט,נהריה-נהריה --> באר שבע מרכז-באר שבע,באר שבע מרכז,רכבת ישראל,חיפה,
37380,חיפה מרכז,באר שבע צפון,נהריה-נהריה --> באר שבע מרכז-באר שבע,באר שבע מרכז,רכבת ישראל,חיפה,
37380,חיפה מרכז,באר שבע מרכז,נהריה-נהריה --> באר שבע מרכז-באר שבע,באר שבע מרכז,רכבת ישראל,חיפה,
37378,בת גלים,חוף הכרמל,נהריה-נהריה --> באר שבע מרכז-באר שבע,באר שבע מרכז,רכבת ישראל,חיפה,
37378,בת גלים,עתלית,נהריה-נהריה --> באר שבע מרכז-באר שבע,באר שבע מרכז,רכבת ישראל,חיפה,
37378,בת גלים,בנימינה,נהריה-נהריה --> באר שבע מרכז-באר שבע,באר שבע מרכז,רכבת ישראל,חיפה,
37378,בת גלים,הרצליה,נהריה-נהריה --> באר שבע מרכז-באר שבע,באר שבע מרכז,רכבת ישראל,חיפה,
37378,בת גלים,תל אביב האוניברסיטה - אקספו,נהריה-נהריה --> באר שבע מרכז-באר שבע,באר שבע מרכז,רכבת ישראל,חיפה,
37378,בת גלים,תל אביב מרכז,נהריה-נהריה --> באר שבע מרכז-באר שבע,באר שבע מרכז,רכבת ישראל,חיפה,
37378,בת גלים,השלום,נהריה-נהריה --> באר שבע מרכז-באר שבע,באר שבע מרכז,רכבת ישראל,חיפה,
37378,בת גלים,תל אביב ההגנה,נהריה-נהריה --> באר שבע מרכז-באר שבע,באר שבע מרכז,רכבת ישראל,חיפה,
37378,בת גלים,לוד,נהריה-נהריה --> באר שבע מרכז-באר שבע,באר שבע מרכז,רכבת ישראל,חיפה,
37378,בת גלים,רמלה,נהריה-נהריה --> באר שבע מרכז-באר שבע,באר שבע מרכז,רכבת ישראל,חיפה,
37378,בת גלים,מזכרת בתיה,נהריה-נהריה --> באר שבע מרכז-באר שבע,באר שבע מרכז,רכבת ישראל,חיפה,
37378,בת גלים,קרית מלאכי,נהריה-נהריה --> באר שבע מרכז-באר שבע,באר שבע מרכז,רכבת ישראל,חיפה,
37378,בת גלים,קרית גת,נהריה-נהריה --> באר שבע מרכז-באר שבע,באר שבע מרכז,רכבת ישראל,חיפה,
37378,בת גלים,להבים רהט,נהריה-נהריה --> באר שבע מרכז-באר שבע,באר שבע מרכז,רכבת ישראל,חיפה,
37378,בת גלים,באר שבע צפון,נהריה-נהריה --> באר שבע מרכז-באר שבע,באר שבע מרכז,רכבת ישראל,חיפה,
37378,בת גלים,באר שבע מרכז,נהריה-נהריה --> באר שבע מרכז-באר שבע,באר שבע מרכז,רכבת ישראל,חיפה,
37376,חוף הכרמל,עתלית,נהריה-נהריה --> באר שבע מרכז-באר שבע,באר שבע מרכז,רכבת ישראל,חוף הכרמל,
37376,חוף הכרמל,בנימינה,נהריה-נהריה --> באר שבע מרכז-באר שבע,באר שבע מרכז,רכבת ישראל,חוף הכרמל,
37376,חוף הכרמל,הרצליה,נהריה-נהריה --> באר שבע מרכז-באר שבע,באר שבע מרכז,רכבת ישראל,חוף הכרמל,
37376,חוף הכרמל,תל אביב האוניברסיטה - אקספו,נהריה-נהריה --> באר שבע מרכז-באר שבע,באר שבע מרכז,רכבת ישראל,חוף הכרמל,
37376,חוף הכרמל,תל אביב מרכז,נהריה-נהריה --> באר שבע מרכז-באר שבע,באר שבע מרכז,רכבת ישראל,חוף הכרמל,
37376,חוף הכרמל,השלום,נהריה-נהריה --> באר שבע מרכז-באר שבע,באר שבע מרכז,רכבת ישראל,חוף הכרמל,
37376,חוף הכרמל,תל אביב ההגנה,נהריה-נהריה --> באר שבע מרכז-באר שבע,באר שבע מרכז,רכבת ישראל,חוף הכרמל,
37376,חוף הכרמל,לוד,נהריה-נהריה --> באר שבע מרכז-באר שבע,באר שבע מרכז,רכבת ישראל,חוף הכרמל,
37376,חוף הכרמל,רמלה,נהריה-נהריה --> באר שבע מרכז-באר שבע,באר שבע מרכז,רכבת ישראל,חוף הכרמל,
37376,חוף הכרמל,מזכרת בתיה,נהריה-נהריה --> באר שבע מרכז-באר שבע,באר שבע מרכז,רכבת ישראל,חוף הכרמל,
37376,חוף הכרמל,קרית מלאכי,נהריה-נהריה --> באר שבע מרכז-באר שבע,באר שבע מרכז,רכבת ישראל,חוף הכרמל,
37376,חוף הכרמל,קרית גת,נהריה-נהריה --> באר שבע מרכז-באר שבע,באר שבע מרכז,רכבת ישראל,חוף הכרמל,
37376,חוף הכרמל,להבים רהט,נהריה-נהריה --> באר שבע מרכז-באר שבע,באר שבע מרכז,רכבת ישראל,חוף הכרמל,
37376,חוף הכרמל,באר שבע צפון,נהריה-נהריה --> באר שבע מרכז-באר שבע,באר שבע מרכז,רכבת ישראל,חוף הכרמל,
37376,חוף הכרמל,באר שבע מרכז,נהריה-נהריה --> באר שבע מרכז-באר שבע,באר שבע מרכז,רכבת ישראל,חוף הכרמל,
37374,עתלית,בנימינה,נהריה-נהריה --> באר שבע מרכז-באר שבע,באר שבע מרכז,רכבת ישראל,עתלית,
37374,עתלית,הרצליה,נהריה-נהריה --> באר שבע מרכז-באר שבע,באר שבע מרכז,רכבת ישראל,עתלית,
37374,עתלית,תל אביב האוניברסיטה - אקספו,נהריה-נהריה --> באר שבע מרכז-באר שבע,באר שבע מרכז,רכבת ישראל,עתלית,
37374,עתלית,תל אביב מרכז,נהריה-נהריה --> באר שבע מרכז-באר שבע,באר שבע מרכז,רכבת ישראל,עתלית,
37374,עתלית,השלום,נהריה-נהריה --> באר שבע מרכז-באר שבע,באר שבע מרכז,רכבת ישראל,עתלית,
37374,עתלית,תל אביב ההגנה,נהריה-נהריה --> באר שבע מרכז-באר שבע,באר שבע מרכז,רכבת ישראל,עתלית,
37374,עתלית,לוד,נהריה-נהריה --> באר שבע מרכז-באר שבע,באר שבע מרכז,רכבת ישראל,עתלית,
37374,עתלית,רמלה,נהריה-נהריה --> באר שבע מרכז-באר שבע,באר שבע מרכז,רכבת ישראל,עתלית,
37374,עתלית,מזכרת בתיה,נהריה-נהריה --> באר שבע מרכז-באר שבע,באר שבע מרכז,רכבת ישראל,עתלית,
37374,עתלית,קרית מלאכי,נהריה-נהריה --> באר שבע מרכז-באר שבע,באר שבע מרכז,רכבת ישראל,עתלית,
37374,עתלית,קרית גת,נהריה-נהריה --> באר שבע מרכז-באר שבע,באר שבע מרכז,רכבת ישראל,עתלית,
37374,עתלית,להבים רהט,נהריה-נהריה --> באר שבע מרכז-באר שבע,באר שבע מרכז,רכבת ישראל,עתלית,
37374,עתלית,באר שבע צפון,נהריה-נהריה --> באר שבע מרכז-באר שבע,באר שבע מרכז,רכבת ישראל,עתלית,
37374,עתלית,באר שבע מרכז,נהריה-נהריה --> באר שבע מרכז-באר שבע,באר שבע מרכז,רכבת ישראל,עתלית,
37372,בנימינה,הרצליה,נהריה-נהריה --> באר שבע מרכז-באר שבע,באר שבע מרכז,רכבת ישראל,בנימינה גבעת עדה,
37372,בנימינה,תל אביב האוניברסיטה - אקספו,נהריה-נהריה --> באר שבע מרכז-באר שבע,באר שבע מרכז,רכבת ישראל,בנימינה גבעת עדה,
37372,בנימינה,תל אביב מרכז,נהריה-נהריה --> באר שבע מרכז-באר שבע,באר שבע מרכז,רכבת ישראל,בנימינה גבעת עדה,
37372,בנימינה,השלום,נהריה-נהריה --> באר שבע מרכז-באר שבע,באר שבע מרכז,רכבת ישראל,בנימינה גבעת עדה,
37372,בנימינה,תל אביב ההגנה,נהריה-נהריה --> באר שבע מרכז-באר שבע,באר שבע מרכז,רכבת ישראל,בנימינה גבעת עדה,
37372,בנימינה,לוד,נהריה-נהריה --> באר שבע מרכז-באר שבע,באר שבע מרכז,רכבת ישראל,בנימינה גבעת עדה,
37372,בנימינה,רמלה,נהריה-נהריה --> באר שבע מרכז-באר שבע,באר שבע מרכז,רכבת ישראל,בנימינה גבעת עדה,
37372,בנימינה,מזכרת בתיה,נהריה-נהריה --> באר שבע מרכז-באר שבע,באר שבע מרכז,רכבת ישראל,בנימינה גבעת עדה,
37372,בנימינה,קרית מלאכי,נהריה-נהריה --> באר שבע מרכז-באר שבע,באר שבע מרכז,רכבת ישראל,בנימינה גבעת עדה,
37372,בנימינה,קרית גת,נהריה-נהריה --> באר שבע מרכז-באר שבע,באר שבע מרכז,רכבת ישראל,בנימינה גבעת עדה,
37372,בנימינה,להבים רהט,נהריה-נהריה --> באר שבע מרכז-באר שבע,באר שבע מרכז,רכבת ישראל,בנימינה גבעת עדה,
37372,בנימינה,באר שבע צפון,נהריה-נהריה --> באר שבע מרכז-באר שבע,באר שבע מרכז,רכבת ישראל,בנימינה גבעת עדה,
37372,בנימינה,באר שבע מרכז,נהריה-נהריה --> באר שבע מרכז-באר שבע,באר שבע מרכז,רכבת ישראל,בנימינה גבעת עדה,
37362,הרצליה,תל אביב האוניברסיטה - אקספו,נהריה-נהריה --> באר שבע מרכז-באר שבע,באר שבע מרכז,רכבת ישראל,הרצליה,
37362,הרצליה,תל אביב מרכז,נהריה-נהריה --> באר שבע מרכז-באר שבע,באר שבע מרכז,רכבת ישראל,הרצליה,
37362,הרצליה,השלום,נהריה-נהריה --> באר שבע מרכז-באר שבע,באר שבע מרכז,רכבת ישראל,הרצליה,
37362,הרצליה,תל אביב ההגנה,נהריה-נהריה --> באר שבע מרכז-באר שבע,באר שבע מרכז,רכבת ישראל,הרצליה,
37362,הרצליה,לוד,נהריה-נהריה --> באר שבע מרכז-באר שבע,באר שבע מרכז,רכבת ישראל,הרצליה,
37362,הרצליה,רמלה,נהריה-נהריה --> באר שבע מרכז-באר שבע,באר שבע מרכז,רכבת ישראל,הרצליה,
37362,הרצליה,מזכרת בתיה,נהריה-נהריה --> באר שבע מרכז-באר שבע,באר שבע מרכז,רכבת ישראל,הרצליה,
37362,הרצליה,קרית מלאכי,נהריה-נהריה --> באר שבע מרכז-באר שבע,באר שבע מרכז,רכבת ישראל,הרצליה,
37362,הרצליה,קרית גת,נהריה-נהריה --> באר שבע מרכז-באר שבע,באר שבע מרכז,רכבת ישראל,הרצליה,
37362,הרצליה,להבים רהט,נהריה-נהריה --> באר שבע מרכז-באר שבע,באר שבע מרכז,רכבת ישראל,הרצליה,
37362,הרצליה,באר שבע צפון,נהריה-נהריה --> באר שבע מרכז-באר שבע,באר שבע מרכז,רכבת ישראל,הרצליה,
37362,הרצליה,באר שבע מרכז,נהריה-נהריה --> באר שבע מרכז-באר שבע,באר שבע מרכז,רכבת ישראל,הרצליה,
37360,תל אביב האוניברסיטה - אקספו,תל אביב מרכז,נהריה-נהריה --> באר שבע מרכז-באר שבע,באר שבע מרכז,רכבת ישראל,תל אביב יפו,
37360,תל אביב האוניברסיטה - אקספו,השלום,נהריה-נהריה --> באר שבע מרכז-באר שבע,באר שבע מרכז,רכבת ישראל,תל אביב יפו,
37360,תל אביב האוניברסיטה - אקספו,תל אביב ההגנה,נהריה-נהריה --> באר שבע מרכז-באר שבע,באר שבע מרכז,רכבת ישראל,תל אביב יפו,
37360,תל אביב האוניברסיטה - אקספו,לוד,נהריה-נהריה --> באר שבע מרכז-באר שבע,באר שבע מרכז,רכבת ישראל,תל אביב יפו,
37360,תל אביב האוניברסיטה - אקספו,רמלה,נהריה-נהריה --> באר שבע מרכז-באר שבע,באר שבע מרכז,רכבת ישראל,תל אביב יפו,
37360,תל אביב האוניברסיטה - אקספו,מזכרת בתיה,נהריה-נהריה --> באר שבע מרכז-באר שבע,באר שבע מרכז,רכבת ישראל,תל אביב יפו,
37360,תל אביב האוניברסיטה - אקספו,קרית מלאכי,נהריה-נהריה --> באר שבע מרכז-באר שבע,באר שבע מרכז,רכבת ישראל,תל אביב יפו,
37360,תל אביב האוניברסיטה - אקספו,קרית גת,נהריה-נהריה --> באר שבע מרכז-באר שבע,באר שבע מרכז,רכבת ישראל,תל אביב יפו,
37360,תל אביב האוניברסיטה - אקספו,להבים רהט,נהריה-נהריה --> באר שבע מרכז-באר שבע,באר שבע מרכז,רכבת ישראל,תל אביב יפו,
37360,תל אביב האוניברסיטה - אקספו,באר שבע צפון,נהריה-נהריה --> באר שבע מרכז-באר שבע,באר שבע מרכז,רכבת ישראל,תל אביב יפו,
37360,תל אביב האוניברסיטה - אקספו,באר שבע מרכז,נהריה-נהריה --> באר שבע מרכז-באר שבע,באר שבע מרכז,רכבת ישראל,תל אביב יפו,
37358,תל אביב מרכז,השלום,נהריה-נהריה --> באר שבע מרכז-באר שבע,באר שבע מרכז,רכבת ישראל,תל אביב יפו,
37358,תל אביב מרכז,תל אביב ההגנה,נהריה-נהריה --> באר שבע מרכז-באר שבע,באר שבע מרכז,רכבת ישראל,תל אביב יפו,
37358,תל אביב מרכז,לוד,נהריה-נהריה --> באר שבע מרכז-באר שבע,באר שבע מרכז,רכבת ישראל,תל אביב יפו,
37358,תל אביב מרכז,רמלה,נהריה-נהריה --> באר שבע מרכז-באר שבע,באר שבע מרכז,רכבת ישראל,תל אביב יפו,
37358,תל אביב מרכז,מזכרת בתיה,נהריה-נהריה --> באר שבע מרכז-באר שבע,באר שבע מרכז,רכבת ישראל,תל אביב יפו,
37358,תל אביב מרכז,קרית מלאכי,נהריה-נהריה --> באר שבע מרכז-באר שבע,באר שבע מרכז,רכבת ישראל,תל אביב יפו,
37358,תל אביב מרכז,קרית גת,נהריה-נהריה --> באר שבע מרכז-באר שבע,באר שבע מרכז,רכבת ישראל,תל אביב יפו,
37358,תל אביב מרכז,להבים רהט,נהריה-נהריה --> באר שבע מרכז-באר שבע,באר שבע מרכז,רכבת ישראל,תל אביב יפו,
37358,תל אביב מרכז,באר שבע צפון,נהריה-נהריה --> באר שבע מרכז-באר שבע,באר שבע מרכז,רכבת ישראל,תל אביב יפו,
37358,תל אביב מרכז,באר שבע מרכז,נהריה-נהריה --> באר שבע מרכז-באר שבע,באר שבע מרכז,רכבת ישראל,תל אביב יפו,
37350,השלום,תל אביב ההגנה,נהריה-נהריה --> באר שבע מרכז-באר שבע,באר שבע מרכז,רכבת ישראל,תל אביב יפו,
37350,השלום,לוד,נהריה-נהריה --> באר שבע מרכז-באר שבע,באר שבע מרכז,רכבת ישראל,תל אביב יפו,
37350,השלום,רמלה,נהריה-נהריה --> באר שבע מרכז-באר שבע,באר שבע מרכז,רכבת ישראל,תל אביב יפו,
37350,השלום,מזכרת בתיה,נהריה-נהריה --> באר שבע מרכז-באר שבע,באר שבע מרכז,רכבת ישראל,תל אביב יפו,
37350,השלום,קרית מלאכי,נהריה-נהריה --> באר שבע מרכז-באר שבע,באר שבע מרכז,רכבת ישראל,תל אביב יפו,
37350,השלום,קרית גת,נהריה-נהריה --> באר שבע מרכז-באר שבע,באר שבע מרכז,רכבת ישראל,תל אביב יפו,
37350,השלום,להבים רהט,נהריה-נהריה --> באר שבע מרכז-באר שבע,באר שבע מרכז,רכבת ישראל,תל אביב יפו,
37350,השלום,באר שבע צפון,נהריה-נהריה --> באר שבע מרכז-באר שבע,באר שבע מרכז,רכבת ישראל,תל אביב יפו,
37350,השלום,באר שבע מרכז,נהריה-נהריה --> באר שבע מרכז-באר שבע,באר שבע מרכז,רכבת ישראל,תל אביב יפו,
37292,תל אביב ההגנה,לוד,נהריה-נהריה --> באר שבע מרכז-באר שבע,באר שבע מרכז,רכבת ישראל,תל אביב יפו,
37292,תל אביב ההגנה,רמלה,נהריה-נהריה --> באר שבע מרכז-באר שבע,באר שבע מרכז,רכבת ישראל,תל אביב יפו,
37292,תל אביב ההגנה,מזכרת בתיה,נהריה-נהריה --> באר שבע מרכז-באר שבע,באר שבע מרכז,רכבת ישראל,תל אביב יפו,
37292,תל אביב ההגנה,קרית מלאכי,נהריה-נהריה --> באר שבע מרכז-באר שבע,באר שבע מרכז,רכבת ישראל,תל אביב יפו,
37292,תל אביב ההגנה,קרית גת,נהריה-נהריה --> באר שבע מרכז-באר שבע,באר שבע מרכז,רכבת ישראל,תל אביב יפו,
37292,תל אביב ההגנה,להבים רהט,נהריה-נהריה --> באר שבע מרכז-באר שבע,באר שבע מרכז,רכבת ישראל,תל אביב יפו,
37292,תל אביב ההגנה,באר שבע צפון,נהריה-נהריה --> באר שבע מרכז-באר שבע,באר שבע מרכז,רכבת ישראל,תל אביב יפו,
37292,תל אביב ההגנה,באר שבע מרכז,נהריה-נהריה --> באר שבע מרכז-באר שבע,באר שבע מרכז,רכבת ישראל,תל אביב יפו,
37338,לוד,רמלה,נהריה-נהריה --> באר שבע מרכז-באר שבע,באר שבע מרכז,רכבת ישראל,לוד,
37338,לוד,מזכרת בתיה,נהריה-נהריה --> באר שבע מרכז-באר שבע,באר שבע מרכז,רכבת ישראל,לוד,
37338,לוד,קרית מלאכי,נהריה-נהריה --> באר שבע מרכז-באר שבע,באר שבע מרכז,רכבת ישראל,לוד,
37338,לוד,קרית גת,נהריה-נהריה --> באר שבע מרכז-באר שבע,באר שבע מרכז,רכבת ישראל,לוד,
37338,לוד,להבים רהט,נהריה-נהריה --> באר שבע מרכז-באר שבע,באר שבע מרכז,רכבת ישראל,לוד,
37338,לוד,באר שבע צפון,נהריה-נהריה --> באר שבע מרכז-באר שבע,באר שבע מרכז,רכבת ישראל,לוד,
37338,לוד,באר שבע מרכז,נהריה-נהריה --> באר שבע מרכז-באר שבע,באר שבע מרכז,רכבת ישראל,לוד,
37336,רמלה,מזכרת בתיה,נהריה-נהריה --> באר שבע מרכז-באר שבע,באר שבע מרכז,רכבת ישראל,רמלה,
37336,רמלה,קרית מלאכי,נהריה-נהריה --> באר שבע מרכז-באר שבע,באר שבע מרכז,רכבת ישראל,רמלה,
37336,רמלה,קרית גת,נהריה-נהריה --> באר שבע מרכז-באר שבע,באר שבע מרכז,רכבת ישראל,רמלה,
37336,רמלה,להבים רהט,נהריה-נהריה --> באר שבע מרכז-באר שבע,באר שבע מרכז,רכבת ישראל,רמלה,
37336,רמלה,באר שבע צפון,נהריה-נהריה --> באר שבע מרכז-באר שבע,באר שבע מרכז,רכבת ישראל,רמלה,
37336,רמלה,באר שבע מרכז,נהריה-נהריה --> באר שבע מרכז-באר שבע,באר שבע מרכז,רכבת ישראל,רמלה,
42418,מזכרת בתיה,קרית מלאכי,נהריה-נהריה --> באר שבע מרכז-באר שבע,באר שבע מרכז,רכבת ישראל,מזכרת בתיה,
42418,מזכרת בתיה,קרית גת,נהריה-נהריה --> באר שבע מרכז-באר שבע,באר שבע מרכז,רכבת ישראל,מזכרת בתיה,
42418,מזכרת בתיה,להבים רהט,נהריה-נהריה --> באר שבע מרכז-באר שבע,באר שבע מרכז,רכבת ישראל,מזכרת בתיה,
42418,מזכרת בתיה,באר שבע צפון,נהריה-נהריה --> באר שבע מרכז-באר שבע,באר שבע מרכז,רכבת ישראל,מזכרת בתיה,
42418,מזכרת בתיה,באר שבע מרכז,נהריה-נהריה --> באר שבע מרכז-באר שבע,באר שבע מרכז,רכבת ישראל,מזכרת בתיה,
42419,קרית מלאכי,קרית גת,נהריה-נהריה --> באר שבע מרכז-באר שבע,באר שבע מרכז,רכבת ישראל,קרית מלאכי,
42419,קרית מלאכי,להבים רהט,נהריה-נהריה --> באר שבע מרכז-באר שבע,באר שבע מרכז,רכבת ישראל,קרית מלאכי,
42419,קרית מלאכי,באר שבע צפון,נהריה-נהריה --> באר שבע מרכז-באר שבע,באר שבע מרכז,רכבת ישראל,קרית מלאכי,
42419,קרית מלאכי,באר שבע מרכז,נהריה-נהריה --> באר שבע מרכז-באר שבע,באר שבע מרכז,רכבת ישראל,קרית מלאכי,
37316,קרית גת,להבים רהט,נהריה-נהריה --> באר שבע מרכז-באר שבע,באר שבע מרכז,רכבת ישראל,קרית גת,
37316,קרית גת,באר שבע צפון,נהריה-נהריה --> באר שבע מרכז-באר שבע,באר שבע מרכז,רכבת ישראל,קרית גת,
37316,קרית גת,באר שבע מרכז,נהריה-נהריה --> באר שבע מרכז-באר שבע,באר שבע מרכז,רכבת ישראל,קרית גת,
37308,להבים רהט,באר שבע צפון,נהריה-נהריה --> באר שבע מרכז-באר שבע,באר שבע מרכז,רכבת ישראל,להבים,
37308,להבים רהט,באר שבע מרכז,נהריה-נהריה --> באר שבע מרכז-באר שבע,באר שבע מרכז,רכבת ישראל,להבים,
37314,באר שבע צפון,באר שבע מרכז,נהריה-נהריה --> באר שבע מרכז-באר שבע,באר שבע מרכז,רכבת ישראל,באר שבע,
37312,באר שבע מרכז,להבים רהט,באר שבע מרכז-באר שבע --> חיפה מרכז-חיפה,חיפה מרכז,רכבת ישראל,באר שבע,
37312,באר שבע מרכז,קרית גת,באר שבע מרכז-באר שבע --> חיפה מרכז-חיפה,חיפה מרכז,רכבת ישראל,באר שבע,
37312,באר שבע מרכז,קרית מלאכי,באר שבע מרכז-באר שבע --> חיפה מרכז-חיפה,חיפה מרכז,רכבת ישראל,באר שבע,
37312,באר שבע מרכז,מזכרת בתיה,באר שבע מרכז-באר שבע --> חיפה מרכז-חיפה,חיפה מרכז,רכבת ישראל,באר שבע,
37312,באר שבע מרכז,רמלה,באר שבע מרכז-באר שבע --> חיפה מרכז-חיפה,חיפה מרכז,רכבת ישראל,באר שבע,
37312,באר שבע מרכז,לוד,באר שבע מרכז-באר שבע --> חיפה מרכז-חיפה,חיפה מרכז,רכבת ישראל,באר שבע,
37312,באר שבע מרכז,תל אביב ההגנה,באר שבע מרכז-באר שבע --> חיפה מרכז-חיפה,חיפה מרכז,רכבת ישראל,באר שבע,
37312,באר שבע מרכז,השלום,באר שבע מרכז-באר שבע --> חיפה מרכז-חיפה,חיפה מרכז,רכבת ישראל,באר שבע,
37312,באר שבע מרכז,תל אביב מרכז,באר שבע מרכז-באר שבע --> חיפה מרכז-חיפה,חיפה מרכז,רכבת ישראל,באר שבע,
37312,באר שבע מרכז,תל אביב האוניברסיטה - אקספו,באר שבע מרכז-באר שבע --> חיפה מרכז-חיפה,חיפה מרכז,רכבת ישראל,באר שבע,
37312,באר שבע מרכז,הרצליה,באר שבע מרכז-באר שבע --> חיפה מרכז-חיפה,חיפה מרכז,רכבת ישראל,באר שבע,
37312,באר שבע מרכז,בנימינה,באר שבע מרכז-באר שבע --> חיפה מרכז-חיפה,חיפה מרכז,רכבת ישראל,באר שבע,
37312,באר שבע מרכז,עתלית,באר שבע מרכז-באר שבע --> חיפה מרכז-חיפה,חיפה מרכז,רכבת ישראל,באר שבע,
37312,באר שבע מרכז,חוף הכרמל,באר שבע מרכז-באר שבע --> חיפה מרכז-חיפה,חיפה מרכז,רכבת ישראל,באר שבע,
37312,באר שבע מרכז,בת גלים,באר שבע מרכז-באר שבע --> חיפה מרכז-חיפה,חיפה מרכז,רכבת ישראל,באר שבע,
37312,באר שבע מרכז,חיפה מרכז,באר שבע מרכז-באר שבע --> חיפה מרכז-חיפה,חיפה מרכז,רכבת ישראל,באר שבע,
37314,באר שבע צפון,להבים רהט,באר שבע מרכז-באר שבע --> חיפה מרכז-חיפה,חיפה מרכז,רכבת ישראל,באר שבע,
37314,באר שבע צפון,קרית גת,באר שבע מרכז-באר שבע --> חיפה מרכז-חיפה,חיפה מרכז,רכבת ישראל,באר שבע,
37314,באר שבע צפון,קרית מלאכי,באר שבע מרכז-באר שבע --> חיפה מרכז-חיפה,חיפה מרכז,רכבת ישראל,באר שבע,
37314,באר שבע צפון,מזכרת בתיה,באר שבע מרכז-באר שבע --> חיפה מרכז-חיפה,חיפה מרכז,רכבת ישראל,באר שבע,
37314,באר שבע צפון,רמלה,באר שבע מרכז-באר שבע --> חיפה מרכז-חיפה,חיפה מרכז,רכבת ישראל,באר שבע,
37314,באר שבע צפון,לוד,באר שבע מרכז-באר שבע --> חיפה מרכז-חיפה,חיפה מרכז,רכבת ישראל,באר שבע,
37314,באר שבע צפון,תל אביב ההגנה,באר שבע מרכז-באר שבע --> חיפה מרכז-חיפה,חיפה מרכז,רכבת ישראל,באר שבע,
37314,באר שבע צפון,השלום,באר שבע מרכז-באר שבע --> חיפה מרכז-חיפה,חיפה מרכז,רכבת ישראל,באר שבע,
37314,באר שבע צפון,תל אביב מרכז,באר שבע מרכז-באר שבע --> חיפה מרכז-חיפה,חיפה מרכז,רכבת ישראל,באר שבע,
37314,באר שבע צפון,תל אביב האוניברסיטה - אקספו,באר שבע מרכז-באר שבע --> חיפה מרכז-חיפה,חיפה מרכז,רכבת ישראל,באר שבע,
37314,באר שבע צפון,הרצליה,באר שבע מרכז-באר שבע --> חיפה מרכז-חיפה,חיפה מרכז,רכבת ישראל,באר שבע,
37314,באר שבע צפון,בנימינה,באר שבע מרכז-באר שבע --> חיפה מרכז-חיפה,חיפה מרכז,רכבת ישראל,באר שבע,
37314,באר שבע צפון,עתלית,באר שבע מרכז-באר שבע --> חיפה מרכז-חיפה,חיפה מרכז,רכבת ישראל,באר שבע,
37314,באר שבע צפון,חוף הכרמל,באר שבע מרכז-באר שבע --> חיפה מרכז-חיפה,חיפה מרכז,רכבת ישראל,באר שבע,
37314,באר שבע צפון,בת גלים,באר שבע מרכז-באר שבע --> חיפה מרכז-חיפה,חיפה מרכז,רכבת ישראל,באר שבע,
37314,באר שבע צפון,חיפה מרכז,באר שבע מרכז-באר שבע --> חיפה מרכז-חיפה,חיפה מרכז,רכבת ישראל,באר שבע,
37308,להבים רהט,קרית גת,באר שבע מרכז-באר שבע --> חיפה מרכז-חיפה,חיפה מרכז,רכבת ישראל,להבים,
37308,להבים רהט,קרית מלאכי,באר שבע מרכז-באר שבע --> חיפה מרכז-חיפה,חיפה מרכז,רכבת ישראל,להבים,
37308,להבים רהט,מזכרת בתיה,באר שבע מרכז-באר שבע --> חיפה מרכז-חיפה,חיפה מרכז,רכבת ישראל,להבים,
37308,להבים רהט,רמלה,באר שבע מרכז-באר שבע --> חיפה מרכז-חיפה,חיפה מרכז,רכבת ישראל,להבים,
37308,להבים רהט,לוד,באר שבע מרכז-באר שבע --> חיפה מרכז-חיפה,חיפה מרכז,רכבת ישראל,להבים,
37308,להבים רהט,תל אביב ההגנה,באר שבע מרכז-באר שבע --> חיפה מרכז-חיפה,חיפה מרכז,רכבת ישראל,להבים,
37308,להבים רהט,השלום,באר שבע מרכז-באר שבע --> חיפה מרכז-חיפה,חיפה מרכז,רכבת ישראל,להבים,
37308,להבים רהט,תל אביב מרכז,באר שבע מרכז-באר שבע --> חיפה מרכז-חיפה,חיפה מרכז,רכבת ישראל,להבים,
37308,להבים רהט,תל אביב האוניברסיטה - אקספו,באר שבע מרכז-באר שבע --> חיפה מרכז-חיפה,חיפה מרכז,רכבת ישראל,להבים,
37308,להבים רהט,הרצליה,באר שבע מרכז-באר שבע --> חיפה מרכז-חיפה,חיפה מרכז,רכבת ישראל,להבים,
37308,להבים רהט,בנימינה,באר שבע מרכז-באר שבע --> חיפה מרכז-חיפה,חיפה מרכז,רכבת ישראל,להבים,
37308,להבים רהט,עתלית,באר שבע מרכז-באר שבע --> חיפה מרכז-חיפה,חיפה מרכז,רכבת ישראל,להבים,
37308,להבים רהט,חוף הכרמל,באר שבע מרכז-באר שבע --> חיפה מרכז-חיפה,חיפה מרכז,רכבת ישראל,להבים,
37308,להבים רהט,בת גלים,באר שבע מרכז-באר שבע --> חיפה מרכז-חיפה,חיפה מרכז,רכבת ישראל,להבים,
37308,להבים רהט,חיפה מרכז,באר שבע מרכז-באר שבע --> חיפה מרכז-חיפה,חיפה מרכז,רכבת ישראל,להבים,
37316,קרית גת,קרית מלאכי,באר שבע מרכז-באר שבע --> חיפה מרכז-חיפה,חיפה מרכז,רכבת ישראל,קרית גת,
37316,קרית גת,מזכרת בתיה,באר שבע מרכז-באר שבע --> חיפה מרכז-חיפה,חיפה מרכז,רכבת ישראל,קרית גת,
37316,קרית גת,רמלה,באר שבע מרכז-באר שבע --> חיפה מרכז-חיפה,חיפה מרכז,רכבת ישראל,קרית גת,
37316,קרית גת,לוד,באר שבע מרכז-באר שבע --> חיפה מרכז-חיפה,חיפה מרכז,רכבת ישראל,קרית גת,
37316,קרית גת,תל אביב ההגנה,באר שבע מרכז-באר שבע --> חיפה מרכז-חיפה,חיפה מרכז,רכבת ישראל,קרית גת,
37316,קרית גת,השלום,באר שבע מרכז-באר שבע --> חיפה מרכז-חיפה,חיפה מרכז,רכבת ישראל,קרית גת,
37316,קרית גת,תל אביב מרכז,באר שבע מרכז-באר שבע --> חיפה מרכז-חיפה,חיפה מרכז,רכבת ישראל,קרית גת,
37316,קרית גת,תל אביב האוניברסיטה - אקספו,באר שבע מרכז-באר שבע --> חיפה מרכז-חיפה,חיפה מרכז,רכבת ישראל,קרית גת,
37316,קרית גת,הרצליה,באר שבע מרכז-באר שבע --> חיפה מרכז-חיפה,חיפה מרכז,רכבת ישראל,קרית גת,
37316,קרית גת,בנימינה,באר שבע מרכז-באר שבע --> חיפה מרכז-חיפה,חיפה מרכז,רכבת ישראל,קרית גת,
37316,קרית גת,עתלית,באר שבע מרכז-באר שבע --> חיפה מרכז-חיפה,חיפה מרכז,רכבת ישראל,קרית גת,
37316,קרית גת,חוף הכרמל,באר שבע מרכז-באר שבע --> חיפה מרכז-חיפה,חיפה מרכז,רכבת ישראל,קרית גת,
37316,קרית גת,בת גלים,באר שבע מרכז-באר שבע --> חיפה מרכז-חיפה,חיפה מרכז,רכבת ישראל,קרית גת,
37316,קרית גת,חיפה מרכז,באר שבע מרכז-באר שבע --> חיפה מרכז-חיפה,חיפה מרכז,רכבת ישראל,קרית גת,
42419,קרית מלאכי,מזכרת בתיה,באר שבע מרכז-באר שבע --> חיפה מרכז-חיפה,חיפה מרכז,רכבת ישראל,קרית מלאכי,
42419,קרית מלאכי,רמלה,באר שבע מרכז-באר שבע --> חיפה מרכז-חיפה,חיפה מרכז,רכבת ישראל,קרית מלאכי,
42419,קרית מלאכי,לוד,באר שבע מרכז-באר שבע --> חיפה מרכז-חיפה,חיפה מרכז,רכבת ישראל,קרית מלאכי,
42419,קרית מלאכי,תל אביב ההגנה,באר שבע מרכז-באר שבע --> חיפה מרכז-חיפה,חיפה מרכז,רכבת ישראל,קרית מלאכי,
42419,קרית מלאכי,השלום,באר שבע מרכז-באר שבע --> חיפה מרכז-חיפה,חיפה מרכז,רכבת ישראל,קרית מלאכי,
42419,קרית מלאכי,תל אביב מרכז,באר שבע מרכז-באר שבע --> חיפה מרכז-חיפה,חיפה מרכז,רכבת ישראל,קרית מלאכי,
42419,קרית מלאכי,תל אביב האוניברסיטה - אקספו,באר שבע מרכז-באר שבע --> חיפה מרכז-חיפה,חיפה מרכז,רכבת ישראל,קרית מלאכי,
42419,קרית מלאכי,הרצליה,באר שבע מרכז-באר שבע --> חיפה מרכז-חיפה,חיפה מרכז,רכבת ישראל,קרית מלאכי,
42419,קרית מלאכי,בנימינה,באר שבע מרכז-באר שבע --> חיפה מרכז-חיפה,חיפה מרכז,רכבת ישראל,קרית מלאכי,
42419,קרית מלאכי,עתלית,באר שבע מרכז-באר שבע --> חיפה מרכז-חיפה,חיפה מרכז,רכבת ישראל,קרית מלאכי,
42419,קרית מלאכי,חוף הכרמל,באר שבע מרכז-באר שבע --> חיפה מרכז-חיפה,חיפה מרכז,רכבת ישראל,קרית מלאכי,
42419,קרית מלאכי,בת גלים,באר שבע מרכז-באר שבע --> חיפה מרכז-חיפה,חיפה מרכז,רכבת ישראל,קרית מלאכי,
42419,קרית מלאכי,חיפה מרכז,באר שבע מרכז-באר שבע --> חיפה מרכז-חיפה,חיפה מרכז,רכבת ישראל,קרית מלאכי,
42418,מזכרת בתיה,רמלה,באר שבע מרכז-באר שבע --> חיפה מרכז-חיפה,חיפה מרכז,רכבת ישראל,מזכרת בתיה,
42418,מזכרת בתיה,לוד,באר שבע מרכז-באר שבע --> חיפה מרכז-חיפה,חיפה מרכז,רכבת ישראל,מזכרת בתיה,
42418,מזכרת בתיה,תל אביב ההגנה,באר שבע מרכז-באר שבע --> חיפה מרכז-חיפה,חיפה מרכז,רכבת ישראל,מזכרת בתיה,
42418,מזכרת בתיה,השלום,באר שבע מרכז-באר שבע --> חיפה מרכז-חיפה,חיפה מרכז,רכבת ישראל,מזכרת בתיה,
42418,מזכרת בתיה,תל אביב מרכז,באר שבע מרכז-באר שבע --> חיפה מרכז-חיפה,חיפה מרכז,רכבת ישראל,מזכרת בתיה,
42418,מזכרת בתיה,תל אביב האוניברסיטה - אקספו,באר שבע מרכז-באר שבע --> חיפה מרכז-חיפה,חיפה מרכז,רכבת ישראל,מזכרת בתיה,
42418,מזכרת בתיה,הרצליה,באר שבע מרכז-באר שבע --> חיפה מרכז-חיפה,חיפה מרכז,רכבת ישראל,מזכרת בתיה,
42418,מזכרת בתיה,בנימינה,באר שבע מרכז-באר שבע --> חיפה מרכז-חיפה,חיפה מרכז,רכבת ישראל,מזכרת בתיה,
42418,מזכרת בתיה,עתלית,באר שבע מרכז-באר שבע --> חיפה מרכז-חיפה,חיפה מרכז,רכבת ישראל,מזכרת בתיה,
42418,מזכרת בתיה,חוף הכרמל,באר שבע מרכז-באר שבע --> חיפה מרכז-חיפה,חיפה מרכז,רכבת ישראל,מזכרת בתיה,
42418,מזכרת בתיה,בת גלים,באר שבע מרכז-באר שבע --> חיפה מרכז-חיפה,חיפה מרכז,רכבת ישראל,מזכרת בתיה,
42418,מזכרת בתיה,חיפה מרכז,באר שבע מרכז-באר שבע --> חיפה מרכז-חיפה,חיפה מרכז,רכבת ישראל,מזכרת בתיה,
37336,רמלה,לוד,באר שבע מרכז-באר שבע --> חיפה מרכז-חיפה,חיפה מרכז,רכבת ישראל,רמלה,
37336,רמלה,תל אביב ההגנה,באר שבע מרכז-באר שבע --> חיפה מרכז-חיפה,חיפה מרכז,רכבת ישראל,רמלה,
37336,רמלה,השלום,באר שבע מרכז-באר שבע --> חיפה מרכז-חיפה,חיפה מרכז,רכבת ישראל,רמלה,
37336,רמלה,תל אביב מרכז,באר שבע מרכז-באר שבע --> חיפה מרכז-חיפה,חיפה מרכז,רכבת ישראל,רמלה,
37336,רמלה,תל אביב האוניברסיטה - אקספו,באר שבע מרכז-באר שבע --> חיפה מרכז-חיפה,חיפה מרכז,רכבת ישראל,רמלה,
37336,רמלה,הרצליה,באר שבע מרכז-באר שבע --> חיפה מרכז-חיפה,חיפה מרכז,רכבת ישראל,רמלה,
37336,רמלה,בנימינה,באר שבע מרכז-באר שבע --> חיפה מרכז-חיפה,חיפה מרכז,רכבת ישראל,רמלה,
37336,רמלה,עתלית,באר שבע מרכז-באר שבע --> חיפה מרכז-חיפה,חיפה מרכז,רכבת ישראל,רמלה,
37336,רמלה,חוף הכרמל,באר שבע מרכז-באר שבע --> חיפה מרכז-חיפה,חיפה מרכז,רכבת ישראל,רמלה,
37336,רמלה,בת גלים,באר שבע מרכז-באר שבע --> חיפה מרכז-חיפה,חיפה מרכז,רכבת ישראל,רמלה,
37336,רמלה,חיפה מרכז,באר שבע מרכז-באר שבע --> חיפה מרכז-חיפה,חיפה מרכז,רכבת ישראל,רמלה,
37338,לוד,תל אביב ההגנה,באר שבע מרכז-באר שבע --> חיפה מרכז-חיפה,חיפה מרכז,רכבת ישראל,לוד,
37338,לוד,השלום,באר שבע מרכז-באר שבע --> חיפה מרכז-חיפה,חיפה מרכז,רכבת ישראל,לוד,
37338,לוד,תל אביב מרכז,באר שבע מרכז-באר שבע --> חיפה מרכז-חיפה,חיפה מרכז,רכבת ישראל,לוד,
37338,לוד,תל אביב האוניברסיטה - אקספו,באר שבע מרכז-באר שבע --> חיפה מרכז-חיפה,חיפה מרכז,רכבת ישראל,לוד,
37338,לוד,הרצליה,באר שבע מרכז-באר שבע --> חיפה מרכז-חיפה,חיפה מרכז,רכבת ישראל,לוד,
37338,לוד,בנימינה,באר שבע מרכז-באר שבע --> חיפה מרכז-חיפה,חיפה מרכז,רכבת ישראל,לוד,
37338,לוד,עתלית,באר שבע מרכז-באר שבע --> חיפה מרכז-חיפה,חיפה מרכז,רכבת ישראל,לוד,
37338,לוד,חוף הכרמל,באר שבע מרכז-באר שבע --> חיפה מרכז-חיפה,חיפה מרכז,רכבת ישראל,לוד,
37338,לוד,בת גלים,באר שבע מרכז-באר שבע --> חיפה מרכז-חיפה,חיפה מרכז,רכבת ישראל,לוד,
37338,לוד,חיפה מרכז,באר שבע מרכז-באר שבע --> חיפה מרכז-חיפה,חיפה מרכז,רכבת ישראל,לוד,
37292,תל אביב ההגנה,השלום,באר שבע מרכז-באר שבע --> חיפה מרכז-חיפה,חיפה מרכז,רכבת ישראל,תל אביב יפו,
37292,תל אביב ההגנה,תל אביב מרכז,באר שבע מרכז-באר שבע --> חיפה מרכז-חיפה,חיפה מרכז,רכבת ישראל,תל אביב יפו,
37292,תל אביב ההגנה,תל אביב האוניברסיטה - אקספו,באר שבע מרכז-באר שבע --> חיפה מרכז-חיפה,חיפה מרכז,רכבת ישראל,תל אביב יפו,
37292,תל אביב ההגנה,הרצליה,באר שבע מרכז-באר שבע --> חיפה מרכז-חיפה,חיפה מרכז,רכבת ישראל,תל אביב יפו,
37292,תל אביב ההגנה,בנימינה,באר שבע מרכז-באר שבע --> חיפה מרכז-חיפה,חיפה מרכז,רכבת ישראל,תל אביב יפו,
37292,תל אביב ההגנה,עתלית,באר שבע מרכז-באר שבע --> חיפה מרכז-חיפה,חיפה מרכז,רכבת ישראל,תל אביב יפו,
37292,תל אביב ההגנה,חוף הכרמל,באר שבע מרכז-באר שבע --> חיפה מרכז-חיפה,חיפה מרכז,רכבת ישראל,תל אביב יפו,
37292,תל אביב ההגנה,בת גלים,באר שבע מרכז-באר שבע --> חיפה מרכז-חיפה,חיפה מרכז,רכבת ישראל,תל אביב יפו,
37292,תל אביב ההגנה,חיפה מרכז,באר שבע מרכז-באר שבע --> חיפה מרכז-חיפה,חיפה מרכז,רכבת ישראל,תל אביב יפו,
37350,השלום,תל אביב מרכז,באר שבע מרכז-באר שבע --> חיפה מרכז-חיפה,חיפה מרכז,רכבת ישראל,תל אביב יפו,
37350,השלום,תל אביב האוניברסיטה - אקספו,באר שבע מרכז-באר שבע --> חיפה מרכז-חיפה,חיפה מרכז,רכבת ישראל,תל אביב יפו,
37350,השלום,הרצליה,באר שבע מרכז-באר שבע --> חיפה מרכז-חיפה,חיפה מרכז,רכבת ישראל,תל אביב יפו,
37350,השלום,בנימינה,באר שבע מרכז-באר שבע --> חיפה מרכז-חיפה,חיפה מרכז,רכבת ישראל,תל אביב יפו,
37350,השלום,עתלית,באר שבע מרכז-באר שבע --> חיפה מרכז-חיפה,חיפה מרכז,רכבת ישראל,תל אביב יפו,
37350,השלום,חוף הכרמל,באר שבע מרכז-באר שבע --> חיפה מרכז-חיפה,חיפה מרכז,רכבת ישראל,תל אביב יפו,
37350,השלום,בת גלים,באר שבע מרכז-באר שבע --> חיפה מרכז-חיפה,חיפה מרכז,רכבת ישראל,תל אביב יפו,
37350,השלום,חיפה מרכז,באר שבע מרכז-באר שבע --> חיפה מרכז-חיפה,חיפה מרכז,רכבת ישראל,תל אביב יפו,
37358,תל אביב מרכז,תל אביב האוניברסיטה - אקספו,באר שבע מרכז-באר שבע --> חיפה מרכז-חיפה,חיפה מרכז,רכבת ישראל,תל אביב יפו,
37358,תל אביב מרכז,הרצליה,באר שבע מרכז-באר שבע --> חיפה מרכז-חיפה,חיפה מרכז,רכבת ישראל,תל אביב יפו,
37358,תל אביב מרכז,בנימינה,באר שבע מרכז-באר שבע --> חיפה מרכז-חיפה,חיפה מרכז,רכבת ישראל,תל אביב יפו,
37358,תל אביב מרכז,עתלית,באר שבע מרכז-באר שבע --> חיפה מרכז-חיפה,חיפה מרכז,רכבת ישראל,תל אביב יפו,
37358,תל אביב מרכז,חוף הכרמל,באר שבע מרכז-באר שבע --> חיפה מרכז-חיפה,חיפה מרכז,רכבת ישראל,תל אביב יפו,
37358,תל אביב מרכז,בת גלים,באר שבע מרכז-באר שבע --> חיפה מרכז-חיפה,חיפה מרכז,רכבת ישראל,תל אביב יפו,
37358,תל אביב מרכז,חיפה מרכז,באר שבע מרכז-באר שבע --> חיפה מרכז-חיפה,חיפה מרכז,רכבת ישראל,תל אביב יפו,
37360,תל אביב האוניברסיטה - אקספו,הרצליה,באר שבע מרכז-באר שבע --> חיפה מרכז-חיפה,חיפה מרכז,רכבת ישראל,תל אביב יפו,
37360,תל אביב האוניברסיטה - אקספו,בנימינה,באר שבע מרכז-באר שבע --> חיפה מרכז-חיפה,חיפה מרכז,רכבת ישראל,תל אביב יפו,
37360,תל אביב האוניברסיטה - אקספו,עתלית,באר שבע מרכז-באר שבע --> חיפה מרכז-חיפה,חיפה מרכז,רכבת ישראל,תל אביב יפו,
37360,תל אביב האוניברסיטה - אקספו,חוף הכרמל,באר שבע מרכז-באר שבע --> חיפה מרכז-חיפה,חיפה מרכז,רכבת ישראל,תל אביב יפו,
37360,תל אביב האוניברסיטה - אקספו,בת גלים,באר שבע מרכז-באר שבע --> חיפה מרכז-חיפה,חיפה מרכז,רכבת ישראל,תל אביב יפו,
37360,תל אביב האוניברסיטה - אקספו,חיפה מרכז,באר שבע מרכז-באר שבע --> חיפה מרכז-חיפה,חיפה מרכז,רכבת ישראל,תל אביב יפו,
37362,הרצליה,בנימינה,באר שבע מרכז-באר שבע --> חיפה מרכז-חיפה,חיפה מרכז,רכבת ישראל,הרצליה,
37362,הרצליה,עתלית,באר שבע מרכז-באר שבע --> חיפה מרכז-חיפה,חיפה מרכז,רכבת ישראל,הרצליה,
37362,הרצליה,חוף הכרמל,באר שבע מרכז-באר שבע --> חיפה מרכז-חיפה,חיפה מרכז,רכבת ישראל,הרצליה,
37362,הרצליה,בת גלים,באר שבע מרכז-באר שבע --> חיפה מרכז-חיפה,חיפה מרכז,רכבת ישראל,הרצליה,
37362,הרצליה,חיפה מרכז,באר שבע מרכז-באר שבע --> חיפה מרכז-חיפה,חיפה מרכז,רכבת ישראל,הרצליה,
37372,בנימינה,עתלית,באר שבע מרכז-באר שבע --> חיפה מרכז-חיפה,חיפה מרכז,רכבת ישראל,בנימינה גבעת עדה,
37372,בנימינה,חוף הכרמל,באר שבע מרכז-באר שבע --> חיפה מרכז-חיפה,חיפה מרכז,רכבת ישראל,בנימינה גבעת עדה,
37372,בנימינה,בת גלים,באר שבע מרכז-באר שבע --> חיפה מרכז-חיפה,חיפה מרכז,רכבת ישראל,בנימינה גבעת עדה,
37372,בנימינה,חיפה מרכז,באר שבע מרכז-באר שבע --> חיפה מרכז-חיפה,חיפה מרכז,רכבת ישראל,בנימינה גבעת עדה,
37374,עתלית,חוף הכרמל,באר שבע מרכז-באר שבע --> חיפה מרכז-חיפה,חיפה מרכז,רכבת ישראל,עתלית,
37374,עתלית,בת גלים,באר שבע מרכז-באר שבע --> חיפה מרכז-חיפה,חיפה מרכז,רכבת ישראל,עתלית,
37374,עתלית,חיפה מרכז,באר שבע מרכז-באר שבע --> חיפה מרכז-חיפה,חיפה מרכז,רכבת ישראל,עתלית,
37376,חוף הכרמל,בת גלים,באר שבע מרכז-באר שבע --> חיפה מרכז-חיפה,חיפה מרכז,רכבת ישראל,חוף הכרמל,
37376,חוף הכרמל,חיפה מרכז,באר שבע מרכז-באר שבע --> חיפה מרכז-חיפה,חיפה מרכז,רכבת ישראל,חוף הכרמל,
37378,בת גלים,חיפה מרכז,באר שבע מרכז-באר שבע --> חיפה מרכז-חיפה,חיפה מרכז,רכבת ישראל,חיפה,
37358,תל אביב מרכז,תל אביב האוניברסיטה - אקספו,תל אביב מרכז-תל אביב יפו --> בנימינה-בנימינה גבעת עדה,בנימינה,רכבת ישראל,תל אביב יפו,
37358,תל אביב מרכז,הרצליה,תל אביב מרכז-תל אביב יפו --> בנימינה-בנימינה גבעת עדה,בנימינה,רכבת ישראל,תל אביב יפו,
37358,תל אביב מרכז,בית יהושע,תל אביב מרכז-תל אביב יפו --> בנימינה-בנימינה גבעת עדה,בנימינה,רכבת ישראל,תל אביב יפו,
37358,תל אביב מרכז,נתניה,תל אביב מרכז-תל אביב יפו --> בנימינה-בנימינה גבעת עדה,בנימינה,רכבת ישראל,תל אביב יפו,
37358,תל אביב מרכז,חדרה מערב,תל אביב מרכז-תל אביב יפו --> בנימינה-בנימינה גבעת עדה,בנימינה,רכבת ישראל,תל אביב יפו,
37358,תל אביב מרכז,קיסריה פרדס חנה,תל אביב מרכז-תל אביב יפו --> בנימינה-בנימינה גבעת עדה,בנימינה,רכבת ישראל,תל אביב יפו,
37358,תל אביב מרכז,בנימינה,תל אביב מרכז-תל אביב יפו --> בנימינה-בנימינה גבעת עדה,בנימינה,רכבת ישראל,תל אביב יפו,
37360,תל אביב האוניברסיטה - אקספו,הרצליה,תל אביב מרכז-תל אביב יפו --> בנימינה-בנימינה גבעת עדה,בנימינה,רכבת ישראל,תל אביב יפו,
37360,תל אביב האוניברסיטה - אקספו,בית יהושע,תל אביב מרכז-תל אביב יפו --> בנימינה-בנימינה גבעת עדה,בנימינה,רכבת ישראל,תל אביב יפו,
37360,תל אביב האוניברסיטה - אקספו,נתניה,תל אביב מרכז-תל אביב יפו --> בנימינה-בנימינה גבעת עדה,בנימינה,רכבת ישראל,תל אביב יפו,
37360,תל אביב האוניברסיטה - אקספו,חדרה מערב,תל אביב מרכז-תל אביב יפו --> בנימינה-בנימינה גבעת עדה,בנימינה,רכבת ישראל,תל אביב יפו,
37360,תל אביב האוניברסיטה - אקספו,קיסריה פרדס חנה,תל אביב מרכז-תל אביב יפו --> בנימינה-בנימינה גבעת עדה,בנימינה,רכבת ישראל,תל אביב יפו,
37360,תל אביב האוניברסיטה - אקספו,בנימינה,תל אביב מרכז-תל אביב יפו --> בנימינה-בנימינה גבעת עדה,בנימינה,רכבת ישראל,תל אביב יפו,
37362,הרצליה,בית יהושע,תל אביב מרכז-תל אביב יפו --> בנימינה-בנימינה גבעת עדה,בנימינה,רכבת ישראל,הרצליה,
37362,הרצליה,נתניה,תל אביב מרכז-תל אביב יפו --> בנימינה-בנימינה גבעת עדה,בנימינה,רכבת ישראל,הרצליה,
37362,הרצליה,חדרה מערב,תל אביב מרכז-תל אביב יפו --> בנימינה-בנימינה גבעת עדה,בנימינה,רכבת ישראל,הרצליה,
37362,הרצליה,קיסריה פרדס חנה,תל אביב מרכז-תל אביב יפו --> בנימינה-בנימינה גבעת עדה,בנימינה,רכבת ישראל,הרצליה,
37362,הרצליה,בנימינה,תל אביב מרכז-תל אביב יפו --> בנימינה-בנימינה גבעת עדה,בנימינה,רכבת ישראל,הרצליה,
37364,בית יהושע,נתניה,תל אביב מרכז-תל אביב יפו --> בנימינה-בנימינה גבעת עדה,בנימינה,רכבת ישראל,בית יהושע,
37364,בית יהושע,חדרה מערב,תל אביב מרכז-תל אביב יפו --> בנימינה-בנימינה גבעת עדה,בנימינה,רכבת ישראל,בית יהושע,
37364,בית יהושע,קיסריה פרדס חנה,תל אביב מרכז-תל אביב יפו --> בנימינה-בנימינה גבעת עדה,בנימינה,רכבת ישראל,בית יהושע,
37364,בית יהושע,בנימינה,תל אביב מרכז-תל אביב יפו --> בנימינה-בנימינה גבעת עדה,בנימינה,רכבת ישראל,בית יהושע,
37366,נתניה,חדרה מערב,תל אביב מרכז-תל אביב יפו --> בנימינה-בנימינה גבעת עדה,בנימינה,רכבת ישראל,נתניה,
37366,נתניה,קיסריה פרדס חנה,תל אביב מרכז-תל אביב יפו --> בנימינה-בנימינה גבעת עדה,בנימינה,רכבת ישראל,נתניה,
37366,נתניה,בנימינה,תל אביב מרכז-תל אביב יפו --> בנימינה-בנימינה גבעת עדה,בנימינה,רכבת ישראל,נתניה,
37368,חדרה מערב,קיסריה פרדס חנה,תל אביב מרכז-תל אביב יפו --> בנימינה-בנימינה גבעת עדה,בנימינה,רכבת ישראל,חדרה,
37368,חדרה מערב,בנימינה,תל אביב מרכז-תל אביב יפו --> בנימינה-בנימינה גבעת עדה,בנימינה,רכבת ישראל,חדרה,
37370,קיסריה פרדס חנה,בנימינה,תל אביב מרכז-תל אביב יפו --> בנימינה-בנימינה גבעת עדה,בנימינה,רכבת ישראל,פרדס חנה כרכור,
37372,בנימינה,קיסריה פרדס חנה,בנימינה-בנימינה גבעת עדה --> תל אביב מרכז-תל אביב יפו,תל אביב מרכז,רכבת ישראל,בנימינה גבעת עדה,
37372,בנימינה,חדרה מערב,בנימינה-בנימינה גבעת עדה --> תל אביב מרכז-תל אביב יפו,תל אביב מרכז,רכבת ישראל,בנימינה גבעת עדה,
37372,בנימינה,נתניה,בנימינה-בנימינה גבעת עדה --> תל אביב מרכז-תל אביב יפו,תל אביב מרכז,רכבת ישראל,בנימינה גבעת עדה,
37372,בנימינה,נתניה קריית ספיר,בנימינה-בנימינה גבעת עדה --> תל אביב מרכז-תל אביב יפו,תל אביב מרכז,רכבת ישראל,בנימינה גבעת עדה,
37372,בנימינה,בית יהושע,בנימינה-בנימינה גבעת עדה --> תל אביב מרכז-תל אביב יפו,תל אביב מרכז,רכבת ישראל,בנימינה גבעת עדה,
37372,בנימינה,הרצליה,בנימינה-בנימינה גבעת עדה --> תל אביב מרכז-תל אביב יפו,תל אביב מרכז,רכבת ישראל,בנימינה גבעת עדה,
37372,בנימינה,תל אביב האוניברסיטה - אקספו,בנימינה-בנימינה גבעת עדה --> תל אביב מרכז-תל אביב יפו,תל אביב מרכז,רכבת ישראל,בנימינה גבעת עדה,
37372,בנימינה,תל אביב מרכז,בנימינה-בנימינה גבעת עדה --> תל אביב מרכז-תל אביב יפו,תל אביב מרכז,רכבת ישראל,בנימינה גבעת עדה,
37370,קיסריה פרדס חנה,חדרה מערב,בנימינה-בנימינה גבעת עדה --> תל אביב מרכז-תל אביב יפו,תל אביב מרכז,רכבת ישראל,פרדס חנה כרכור,
37370,קיסריה פרדס חנה,נתניה,בנימינה-בנימינה גבעת עדה --> תל אביב מרכז-תל אביב יפו,תל אביב מרכז,רכבת ישראל,פרדס חנה כרכור,
37370,קיסריה פרדס חנה,נתניה קריית ספיר,בנימינה-בנימינה גבעת עדה --> תל אביב מרכז-תל אביב יפו,תל אביב מרכז,רכבת ישראל,פרדס חנה כרכור,
37370,קיסריה פרדס חנה,בית יהושע,בנימינה-בנימינה גבעת עדה --> תל אביב מרכז-תל אביב יפו,תל אביב מרכז,רכבת ישראל,פרדס חנה כרכור,
37370,קיסריה פרדס חנה,הרצליה,בנימינה-בנימינה גבעת עדה --> תל אביב מרכז-תל אביב יפו,תל אביב מרכז,רכבת ישראל,פרדס חנה כרכור,
37370,קיסריה פרדס חנה,תל אביב האוניברסיטה - אקספו,בנימינה-בנימינה גבעת עדה --> תל אביב מרכז-תל אביב יפו,תל אביב מרכז,רכבת ישראל,פרדס חנה כרכור,
37370,קיסריה פרדס חנה,תל אביב מרכז,בנימינה-בנימינה גבעת עדה --> תל אביב מרכז-תל אביב יפו,תל אביב מרכז,רכבת ישראל,פרדס חנה כרכור,
37368,חדרה מערב,נתניה,בנימינה-בנימינה גבעת עדה --> תל אביב מרכז-תל אביב יפו,תל אביב מרכז,רכבת ישראל,חדרה,
37368,חדרה מערב,נתניה קריית ספיר,בנימינה-בנימינה גבעת עדה --> תל אביב מרכז-תל אביב יפו,תל אביב מרכז,רכבת ישראל,חדרה,
37368,חדרה מערב,בית יהושע,בנימינה-בנימינה גבעת עדה --> תל אביב מרכז-תל אביב יפו,תל אביב מרכז,רכבת ישראל,חדרה,
37368,חדרה מערב,הרצליה,בנימינה-בנימינה גבעת עדה --> תל אביב מרכז-תל אביב יפו,תל אביב מרכז,רכבת ישראל,חדרה,
37368,חדרה מערב,תל אביב האוניברסיטה - אקספו,בנימינה-בנימינה גבעת עדה --> תל אביב מרכז-תל אביב יפו,תל אביב מרכז,רכבת ישראל,חדרה,
37368,חדרה מערב,תל אביב מרכז,בנימינה-בנימינה גבעת עדה --> תל אביב מרכז-תל אביב יפו,תל אביב מרכז,רכבת ישראל,חדרה,
37366,נתניה,נתניה קריית ספיר,בנימינה-בנימינה גבעת עדה --> תל אביב מרכז-תל אביב יפו,תל אביב מרכז,רכבת ישראל,נתניה,
37366,נתניה,בית יהושע,בנימינה-בנימינה גבעת עדה --> תל אביב מרכז-תל אביב יפו,תל אביב מרכז,רכבת ישראל,נתניה,
37366,נתניה,הרצליה,בנימינה-בנימינה גבעת עדה --> תל אביב מרכז-תל אביב יפו,תל אביב מרכז,רכבת ישראל,נתניה,
37366,נתניה,תל אביב האוניברסיטה - אקספו,בנימינה-בנימינה גבעת עדה --> תל אביב מרכז-תל אביב יפו,תל אביב מרכז,רכבת ישראל,נתניה,
37366,נתניה,תל אביב מרכז,בנימינה-בנימינה גבעת עדה --> תל אביב מרכז-תל אביב יפו,תל אביב מרכז,רכבת ישראל,נתניה,
40640,נתניה קריית ספיר,בית יהושע,בנימינה-בנימינה גבעת עדה --> תל אביב מרכז-תל אביב יפו,תל אביב מרכז,רכבת ישראל,נתניה,
40640,נתניה קריית ספיר,הרצליה,בנימינה-בנימינה גבעת עדה --> תל אביב מרכז-תל אביב יפו,תל אביב מרכז,רכבת ישראל,נתניה,
40640,נתניה קריית ספיר,תל אביב האוניברסיטה - אקספו,בנימינה-בנימינה גבעת עדה --> תל אביב מרכז-תל אביב יפו,תל אביב מרכז,רכבת ישראל,נתניה,
40640,נתניה קריית ספיר,תל אביב מרכז,בנימינה-בנימינה גבעת עדה --> תל אביב מרכז-תל אביב יפו,תל אביב מרכז,רכבת ישראל,נתניה,
37364,בית יהושע,הרצליה,בנימינה-בנימינה גבעת עדה --> תל אביב מרכז-תל אביב יפו,תל אביב מרכז,רכבת ישראל,בית יהושע,
37364,בית יהושע,תל אביב האוניברסיטה - אקספו,בנימינה-בנימינה גבעת עדה --> תל אביב מרכז-תל אביב יפו,תל אביב מרכז,רכבת ישראל,בית יהושע,
37364,בית יהושע,תל אביב מרכז,בנימינה-בנימינה גבעת עדה --> תל אביב מרכז-תל אביב יפו,תל אביב מרכז,רכבת ישראל,בית יהושע,
37362,הרצליה,תל אביב האוניברסיטה - אקספו,בנימינה-בנימינה גבעת עדה --> תל אביב מרכז-תל אביב יפו,תל אביב מרכז,רכבת ישראל,הרצליה,
37362,הרצליה,תל אביב מרכז,בנימינה-בנימינה גבעת עדה --> תל אביב מרכז-תל אביב יפו,תל אביב מרכז,רכבת ישראל,הרצליה,
37360,תל אביב האוניברסיטה - אקספו,תל אביב מרכז,בנימינה-בנימינה גבעת עדה --> תל אביב מרכז-תל אביב יפו,תל אביב מרכז,רכבת ישראל,תל אביב יפו,
37366,נתניה,בית יהושע,נתניה-נתניה --> תל אביב ההגנה-תל אביב יפו,תל אביב ההגנה,רכבת ישראל,נתניה,
37366,נתניה,הרצליה,נתניה-נתניה --> תל אביב ההגנה-תל אביב יפו,תל אביב ההגנה,רכבת ישראל,נתניה,
37366,נתניה,תל אביב האוניברסיטה - אקספו,נתניה-נתניה --> תל אביב ההגנה-תל אביב יפו,תל אביב ההגנה,רכבת ישראל,נתניה,
37366,נתניה,תל אביב מרכז,נתניה-נתניה --> תל אביב ההגנה-תל אביב יפו,תל אביב ההגנה,רכבת ישראל,נתניה,
37366,נתניה,השלום,נתניה-נתניה --> תל אביב ההגנה-תל אביב יפו,תל אביב ההגנה,רכבת ישראל,נתניה,
37366,נתניה,תל אביב ההגנה,נתניה-נתניה --> תל אביב ההגנה-תל אביב יפו,תל אביב ההגנה,רכבת ישראל,נתניה,
37364,בית יהושע,הרצליה,נתניה-נתניה --> תל אביב ההגנה-תל אביב יפו,תל אביב ההגנה,רכבת ישראל,בית יהושע,
37364,בית יהושע,תל אביב האוניברסיטה - אקספו,נתניה-נתניה --> תל אביב ההגנה-תל אביב יפו,תל אביב ההגנה,רכבת ישראל,בית יהושע,
37364,בית יהושע,תל אביב מרכז,נתניה-נתניה --> תל אביב ההגנה-תל אביב יפו,תל אביב ההגנה,רכבת ישראל,בית יהושע,
37364,בית יהושע,השלום,נתניה-נתניה --> תל אביב ההגנה-תל אביב יפו,תל אביב ההגנה,רכבת ישראל,בית יהושע,
37364,בית יהושע,תל אביב ההגנה,נתניה-נתניה --> תל אביב ההגנה-תל אביב יפו,תל אביב ההגנה,רכבת ישראל,בית יהושע,
37362,הרצליה,תל אביב האוניברסיטה - אקספו,נתניה-נתניה --> תל אביב ההגנה-תל אביב יפו,תל אביב ההגנה,רכבת ישראל,הרצליה,
37362,הרצליה,תל אביב מרכז,נתניה-נתניה --> תל אביב ההגנה-תל אביב יפו,תל אביב ההגנה,רכבת ישראל,הרצליה,
37362,הרצליה,השלום,נתניה-נתניה --> תל אביב ההגנה-תל אביב יפו,תל אביב ההגנה,רכבת ישראל,הרצליה,
37362,הרצליה,תל אביב ההגנה,נתניה-נתניה --> תל אביב ההגנה-תל אביב יפו,תל אביב ההגנה,רכבת ישראל,הרצליה,
37360,תל אביב האוניברסיטה - אקספו,תל אביב מרכז,נתניה-נתניה --> תל אביב ההגנה-תל אביב יפו,תל אביב ההגנה,רכבת ישראל,תל אביב יפו,
37360,תל אביב האוניברסיטה - אקספו,השלום,נתניה-נתניה --> תל אביב ההגנה-תל אביב יפו,תל אביב ההגנה,רכבת ישראל,תל אביב יפו,
37360,תל אביב האוניברסיטה - אקספו,תל אביב ההגנה,נתניה-נתניה --> תל אביב ההגנה-תל אביב יפו,תל אביב ההגנה,רכבת ישראל,תל אביב יפו,
37358,תל אביב מרכז,השלום,נתניה-נתניה --> תל אביב ההגנה-תל אביב יפו,תל אביב ההגנה,רכבת ישראל,תל אביב יפו,
37358,תל אביב מרכז,תל אביב ההגנה,נתניה-נתניה --> תל אביב ההגנה-תל אביב יפו,תל אביב ההגנה,רכבת ישראל,תל אביב יפו,
37350,השלום,תל אביב ההגנה,נתניה-נתניה --> תל אביב ההגנה-תל אביב יפו,תל אביב ההגנה,רכבת ישראל,תל אביב יפו,
37362,הרצליה,רעננה מערב,הרצליה-הרצליה --> אופקים-אופקים,אופקים,רכבת ישראל,הרצליה,
37362,הרצליה,רעננה דרום,הרצליה-הרצליה --> אופקים-אופקים,אופקים,רכבת ישראל,הרצליה,
37362,הרצליה,הוד השרון,הרצליה-הרצליה --> אופקים-אופקים,אופקים,רכבת ישראל,הרצליה,
37362,הרצליה,כפר סבא,הרצליה-הרצליה --> אופקים-אופקים,אופקים,רכבת ישראל,הרצליה,
37362,הרצליה,ראש העין צפון,הרצליה-הרצליה --> אופקים-אופקים,אופקים,רכבת ישראל,הרצליה,
37362,הרצליה,סגולה,הרצליה-הרצליה --> אופקים-אופקים,אופקים,רכבת ישראל,הרצליה,
37362,הרצליה,קרית אריה,הרצליה-הרצליה --> אופקים-אופקים,אופקים,רכבת ישראל,הרצליה,
37362,הרצליה,בני ברק,הרצליה-הרצליה --> אופקים-אופקים,אופקים,רכבת ישראל,הרצליה,
37362,הרצליה,תל אביב האוניברסיטה - אקספו,הרצליה-הרצליה --> אופקים-אופקים,אופקים,רכבת ישראל,הרצליה,
37362,הרצליה,תל אביב מרכז,הרצליה-הרצליה --> אופקים-אופקים,אופקים,רכבת ישראל,הרצליה,
37362,הרצליה,השלום,הרצליה-הרצליה --> אופקים-אופקים,אופקים,רכבת ישראל,הרצליה,
37362,הרצליה,תל אביב ההגנה,הרצליה-הרצליה --> אופקים-אופקים,אופקים,רכבת ישראל,הרצליה,
37362,הרצליה,צומת חולון,הרצליה-הרצליה --> אופקים-אופקים,אופקים,רכבת ישראל,הרצליה,
37362,הרצליה,חולון וולפסון,הרצליה-הרצליה --> אופקים-אופקים,אופקים,רכבת ישראל,הרצליה,
37362,הרצליה,בת ים אלי כהן - יוספטל,הרצליה-הרצליה --> אופקים-אופקים,אופקים,רכבת ישראל,הרצליה,
37362,הרצליה,בת ים קוממיות,הרצליה-הרצליה --> אופקים-אופקים,אופקים,רכבת ישראל,הרצליה,
37362,הרצליה,רשל''צ משה דיין,הרצליה-הרצליה --> אופקים-אופקים,אופקים,רכבת ישראל,הרצליה,
37362,הרצליה,יבנה מערב,הרצליה-הרצליה --> אופקים-אופקים,אופקים,רכבת ישראל,הרצליה,
37362,הרצליה,אשדוד עד הלום- מטרופול,הרצליה-הרצליה --> אופקים-אופקים,אופקים,רכבת ישראל,הרצליה,
37362,הרצליה,אשקלון,הרצליה-הרצליה --> אופקים-אופקים,אופקים,רכבת ישראל,הרצליה,
37362,הרצליה,שדרות,הרצליה-הרצליה --> אופקים-אופקים,אופקים,רכבת ישראל,הרצליה,
37362,הרצליה,נתיבות,הרצליה-הרצליה --> אופקים-אופקים,אופקים,רכבת ישראל,הרצליה,
37362,הרצליה,אופקים,הרצליה-הרצליה --> אופקים-אופקים,אופקים,רכבת ישראל,הרצליה,
42417,רעננה מערב,רעננה דרום,הרצליה-הרצליה --> אופקים-אופקים,אופקים,רכבת ישראל,רעננה,
42417,רעננה מערב,הוד השרון,הרצליה-הרצליה --> אופקים-אופקים,אופקים,רכבת ישראל,רעננה,
42417,רעננה מערב,כפר סבא,הרצליה-הרצליה --> אופקים-אופקים,אופקים,רכבת ישראל,רעננה,
42417,רעננה מערב,ראש העין צפון,הרצליה-הרצליה --> אופקים-אופקים,אופקים,רכבת ישראל,רעננה,
42417,רעננה מערב,סגולה,הרצליה-הרצליה --> אופקים-אופקים,אופקים,רכבת ישראל,רעננה,
42417,רעננה מערב,קרית אריה,הרצליה-הרצליה --> אופקים-אופקים,אופקים,רכבת ישראל,רעננה,
42417,רעננה מערב,בני ברק,הרצליה-הרצליה --> אופקים-אופקים,אופקים,רכבת ישראל,רעננה,
42417,רעננה מערב,תל אביב האוניברסיטה - אקספו,הרצליה-הרצליה --> אופקים-אופקים,אופקים,רכבת ישראל,רעננה,
42417,רעננה מערב,תל אביב מרכז,הרצליה-הרצליה --> אופקים-אופקים,אופקים,רכבת ישראל,רעננה,
42417,רעננה מערב,השלום,הרצליה-הרצליה --> אופקים-אופקים,אופקים,רכבת ישראל,רעננה,
42417,רעננה מערב,תל אביב ההגנה,הרצליה-הרצליה --> אופקים-אופקים,אופקים,רכבת ישראל,רעננה,
42417,רעננה מערב,צומת חולון,הרצליה-הרצליה --> אופקים-אופקים,אופקים,רכבת ישראל,רעננה,
42417,רעננה מערב,חולון וולפסון,הרצליה-הרצליה --> אופקים-אופקים,אופקים,רכבת ישראל,רעננה,
42417,רעננה מערב,בת ים אלי כהן - יוספטל,הרצליה-הרצליה --> אופקים-אופקים,אופקים,רכבת ישראל,רעננה,
42417,רעננה מערב,בת ים קוממיות,הרצליה-הרצליה --> אופקים-אופקים,אופקים,רכבת ישראל,רעננה,
42417,רעננה מערב,רשל''צ משה דיין,הרצליה-הרצליה --> אופקים-אופקים,אופקים,רכבת ישראל,רעננה,
42417,רעננה מערב,יבנה מערב,הרצליה-הרצליה --> אופקים-אופקים,אופקים,רכבת ישראל,רעננה,
42417,רעננה מערב,אשדוד עד הלום- מטרופול,הרצליה-הרצליה --> אופקים-אופקים,אופקים,רכבת ישראל,רעננה,
42417,רעננה מערב,אשקלון,הרצליה-הרצליה --> אופקים-אופקים,אופקים,רכבת ישראל,רעננה,
42417,רעננה מערב,שדרות,הרצליה-הרצליה --> אופקים-אופקים,אופקים,רכבת ישראל,רעננה,
42417,רעננה מערב,נתיבות,הרצליה-הרצליה --> אופקים-אופקים,אופקים,רכבת ישראל,רעננה,
42417,רעננה מערב,אופקים,הרצליה-הרצליה --> אופקים-אופקים,אופקים,רכבת ישראל,רעננה,
42416,רעננה דרום,הוד השרון,הרצליה-הרצליה --> אופקים-אופקים,אופקים,רכבת ישראל,רעננה,
42416,רעננה דרום,כפר סבא,הרצליה-הרצליה --> אופקים-אופקים,אופקים,רכבת ישראל,רעננה,
42416,רעננה דרום,ראש העין צפון,הרצליה-הרצליה --> אופקים-אופקים,אופקים,רכבת ישראל,רעננה,
42416,רעננה דרום,סגולה,הרצליה-הרצליה --> אופקים-אופקים,אופקים,רכבת ישראל,רעננה,
42416,רעננה דרום,קרית אריה,הרצליה-הרצליה --> אופקים-אופקים,אופקים,רכבת ישראל,רעננה,
42416,רעננה דרום,בני ברק,הרצליה-הרצליה --> אופקים-אופקים,אופקים,רכבת ישראל,רעננה,
42416,רעננה דרום,תל אביב האוניברסיטה - אקספו,הרצליה-הרצליה --> אופקים-אופקים,אופקים,רכבת ישראל,רעננה,
42416,רעננה דרום,תל אביב מרכז,הרצליה-הרצליה --> אופקים-אופקים,אופקים,רכבת ישראל,רעננה,
42416,רעננה דרום,השלום,הרצליה-הרצליה --> אופקים-אופקים,אופקים,רכבת ישראל,רעננה,
42416,רעננה דרום,תל אביב ההגנה,הרצליה-הרצליה --> אופקים-אופקים,אופקים,רכבת ישראל,רעננה,
42416,רעננה דרום,צומת חולון,הרצליה-הרצליה --> אופקים-אופקים,אופקים,רכבת ישראל,רעננה,
42416,רעננה דרום,חולון וולפסון,הרצליה-הרצליה --> אופקים-אופקים,אופקים,רכבת ישראל,רעננה,
42416,רעננה דרום,בת ים אלי כהן - יוספטל,הרצליה-הרצליה --> אופקים-אופקים,אופקים,רכבת ישראל,רעננה,
42416,רעננה דרום,בת ים קוממיות,הרצליה-הרצליה --> אופקים-אופקים,אופקים,רכבת ישראל,רעננה,
42416,רעננה דרום,רשל''צ משה דיין,הרצליה-הרצליה --> אופקים-אופקים,אופקים,רכבת ישראל,רעננה,
42416,רעננה דרום,יבנה מערב,הרצליה-הרצליה --> אופקים-אופקים,אופקים,רכבת ישראל,רעננה,
42416,רעננה דרום,אשדוד עד הלום- מטרופול,הרצליה-הרצליה --> אופקים-אופקים,אופקים,רכבת ישראל,רעננה,
42416,רעננה דרום,אשקלון,הרצליה-הרצליה --> אופקים-אופקים,אופקים,רכבת ישראל,רעננה,
42416,רעננה דרום,שדרות,הרצליה-הרצליה --> אופקים-אופקים,אופקים,רכבת ישראל,רעננה,
42416,רעננה דרום,נתיבות,הרצליה-הרצליה --> אופקים-אופקים,אופקים,רכבת ישראל,רעננה,
42416,רעננה דרום,אופקים,הרצליה-הרצליה --> אופקים-אופקים,אופקים,רכבת ישראל,רעננה,
37296,הוד השרון,כפר סבא,הרצליה-הרצליה --> אופקים-אופקים,אופקים,רכבת ישראל,הוד השרון,
37296,הוד השרון,ראש העין צפון,הרצליה-הרצליה --> אופקים-אופקים,אופקים,רכבת ישראל,הוד השרון,
37296,הוד השרון,סגולה,הרצליה-הרצליה --> אופקים-אופקים,אופקים,רכבת ישראל,הוד השרון,
37296,הוד השרון,קרית אריה,הרצליה-הרצליה --> אופקים-אופקים,אופקים,רכבת ישראל,הוד השרון,
37296,הוד השרון,בני ברק,הרצליה-הרצליה --> אופקים-אופקים,אופקים,רכבת ישראל,הוד השרון,
37296,הוד השרון,תל אביב האוניברסיטה - אקספו,הרצליה-הרצליה --> אופקים-אופקים,אופקים,רכבת ישראל,הוד השרון,
37296,הוד השרון,תל אביב מרכז,הרצליה-הרצליה --> אופקים-אופקים,אופקים,רכבת ישראל,הוד השרון,
37296,הוד השרון,השלום,הרצליה-הרצליה --> אופקים-אופקים,אופקים,רכבת ישראל,הוד השרון,
37296,הוד השרון,תל אביב ההגנה,הרצליה-הרצליה --> אופקים-אופקים,אופקים,רכבת ישראל,הוד השרון,
37296,הוד השרון,צומת חולון,הרצליה-הרצליה --> אופקים-אופקים,אופקים,רכבת ישראל,הוד השרון,
37296,הוד השרון,חולון וולפסון,הרצליה-הרצליה --> אופקים-אופקים,אופקים,רכבת ישראל,הוד השרון,
37296,הוד השרון,בת ים אלי כהן - יוספטל,הרצליה-הרצליה --> אופקים-אופקים,אופקים,רכבת ישראל,הוד השרון,
37296,הוד השרון,בת ים קוממיות,הרצליה-הרצליה --> אופקים-אופקים,אופקים,רכבת ישראל,הוד השרון,
37296,הוד השרון,רשל''צ משה דיין,הרצליה-הרצליה --> אופקים-אופקים,אופקים,רכבת ישראל,הוד השרון,
37296,הוד השרון,יבנה מערב,הרצליה-הרצליה --> אופקים-אופקים,אופקים,רכבת ישראל,הוד השרון,
37296,הוד השרון,אשדוד עד הלום- מטרופול,הרצליה-הרצליה --> אופקים-אופקים,אופקים,רכבת ישראל,הוד השרון,
37296,הוד השרון,אשקלון,הרצליה-הרצליה --> אופקים-אופקים,אופקים,רכבת ישראל,הוד השרון,
37296,הוד השרון,שדרות,הרצליה-הרצליה --> אופקים-אופקים,אופקים,רכבת ישראל,הוד השרון,
37296,הוד השרון,נתיבות,הרצליה-הרצליה --> אופקים-אופקים,אופקים,רכבת ישראל,הוד השרון,
37296,הוד השרון,אופקים,הרצליה-הרצליה --> אופקים-אופקים,אופקים,רכבת ישראל,הוד השרון,
37304,כפר סבא,ראש העין צפון,הרצליה-הרצליה --> אופקים-אופקים,אופקים,רכבת ישראל,כפר סבא,
37304,כפר סבא,סגולה,הרצליה-הרצליה --> אופקים-אופקים,אופקים,רכבת ישראל,כפר סבא,
37304,כפר סבא,קרית אריה,הרצליה-הרצליה --> אופקים-אופקים,אופקים,רכבת ישראל,כפר סבא,
37304,כפר סבא,בני ברק,הרצליה-הרצליה --> אופקים-אופקים,אופקים,רכבת ישראל,כפר סבא,
37304,כפר סבא,תל אביב האוניברסיטה - אקספו,הרצליה-הרצליה --> אופקים-אופקים,אופקים,רכבת ישראל,כפר סבא,
37304,כפר סבא,תל אביב מרכז,הרצליה-הרצליה --> אופקים-אופקים,אופקים,רכבת ישראל,כפר סבא,
37304,כפר סבא,השלום,הרצליה-הרצליה --> אופקים-אופקים,אופקים,רכבת ישראל,כפר סבא,
37304,כפר סבא,תל אביב ההגנה,הרצליה-הרצליה --> אופקים-אופקים,אופקים,רכבת ישראל,כפר סבא,
37304,כפר סבא,צומת חולון,הרצליה-הרצליה --> אופקים-אופקים,אופקים,רכבת ישראל,כפר סבא,
37304,כפר סבא,חולון וולפסון,הרצליה-הרצליה --> אופקים-אופקים,אופקים,רכבת ישראל,כפר סבא,
37304,כפר סבא,בת ים אלי כהן - יוספטל,הרצליה-הרצליה --> אופקים-אופקים,אופקים,רכבת ישראל,כפר סבא,
37304,כפר סבא,בת ים קוממיות,הרצליה-הרצליה --> אופקים-אופקים,אופקים,רכבת ישראל,כפר סבא,
37304,כפר סבא,רשל''צ משה דיין,הרצליה-הרצליה --> אופקים-אופקים,אופקים,רכבת ישראל,כפר סבא,
37304,כפר סבא,יבנה מערב,הרצליה-הרצליה --> אופקים-אופקים,אופקים,רכבת ישראל,כפר סבא,
37304,כפר סבא,אשדוד עד הלום- מטרופול,הרצליה-הרצליה --> אופקים-אופקים,אופקים,רכבת ישראל,כפר סבא,
37304,כפר סבא,אשקלון,הרצליה-הרצליה --> אופקים-אופקים,אופקים,רכבת ישראל,כפר סבא,
37304,כפר סבא,שדרות,הרצליה-הרצליה --> אופקים-אופקים,אופקים,רכבת ישראל,כפר סבא,
37304,כפר סבא,נתיבות,הרצליה-הרצליה --> אופקים-אופקים,אופקים,רכבת ישראל,כפר סבא,
37304,כפר סבא,אופקים,הרצליה-הרצליה --> אופקים-אופקים,אופקים,רכבת ישראל,כפר סבא,
37302,ראש העין צפון,סגולה,הרצליה-הרצליה --> אופקים-אופקים,אופקים,רכבת ישראל,ראש העין,
37302,ראש העין צפון,קרית אריה,הרצליה-הרצליה --> אופקים-אופקים,אופקים,רכבת ישראל,ראש העין,
37302,ראש העין צפון,בני ברק,הרצליה-הרצליה --> אופקים-אופקים,אופקים,רכבת ישראל,ראש העין,
37302,ראש העין צפון,תל אביב האוניברסיטה - אקספו,הרצליה-הרצליה --> אופקים-אופקים,אופקים,רכבת ישראל,ראש העין,
37302,ראש העין צפון,תל אביב מרכז,הרצליה-הרצליה --> אופקים-אופקים,אופקים,רכבת ישראל,ראש העין,
37302,ראש העין צפון,השלום,הרצליה-הרצליה --> אופקים-אופקים,אופקים,רכבת ישראל,ראש העין,
37302,ראש העין צפון,תל אביב ההגנה,הרצליה-הרצליה --> אופקים-אופקים,אופקים,רכבת ישראל,ראש העין,
37302,ראש העין צפון,צומת חולון,הרצליה-הרצליה --> אופקים-אופקים,אופקים,רכבת ישראל,ראש העין,
37302,ראש העין צפון,חולון וולפסון,הרצליה-הרצליה --> אופקים-אופקים,אופקים,רכבת ישראל,ראש העין,
37302,ראש העין צפון,בת ים אלי כהן - יוספטל,הרצליה-הרצליה --> אופקים-אופקים,אופקים,רכבת ישראל,ראש העין,
37302,ראש העין צפון,בת ים קוממיות,הרצליה-הרצליה --> אופקים-אופקים,אופקים,רכבת ישראל,ראש העין,
37302,ראש העין צפון,רשל''צ משה דיין,הרצליה-הרצליה --> אופקים-אופקים,אופקים,רכבת ישראל,ראש העין,
37302,ראש העין צפון,יבנה מערב,הרצליה-הרצליה --> אופקים-אופקים,אופקים,רכבת ישראל,ראש העין,
37302,ראש העין צפון,אשדוד עד הלום- מטרופול,הרצליה-הרצליה --> אופקים-אופקים,אופקים,רכבת ישראל,ראש העין,
37302,ראש העין צפון,אשקלון,הרצליה-הרצליה --> אופקים-אופקים,אופקים,רכבת ישראל,ראש העין,
37302,ראש העין צפון,שדרות,הרצליה-הרצליה --> אופקים-אופקים,אופקים,רכבת ישראל,ראש העין,
37302,ראש העין צפון,נתיבות,הרצליה-הרצליה --> אופקים-אופקים,אופקים,רכבת ישראל,ראש העין,
37302,ראש העין צפון,אופקים,הרצליה-הרצליה --> אופקים-אופקים,אופקים,רכבת ישראל,ראש העין,
37352,סגולה,קרית אריה,הרצליה-הרצליה --> אופקים-אופקים,אופקים,רכבת ישראל,פתח תקווה,
37352,סגולה,בני ברק,הרצליה-הרצליה --> אופקים-אופקים,אופקים,רכבת ישראל,פתח תקווה,
37352,סגולה,תל אביב האוניברסיטה - אקספו,הרצליה-הרצליה --> אופקים-אופקים,אופקים,רכבת ישראל,פתח תקווה,
37352,סגולה,תל אביב מרכז,הרצליה-הרצליה --> אופקים-אופקים,אופקים,רכבת ישראל,פתח תקווה,
37352,סגולה,השלום,הרצליה-הרצליה --> אופקים-אופקים,אופקים,רכבת ישראל,פתח תקווה,
37352,סגולה,תל אביב ההגנה,הרצליה-הרצליה --> אופקים-אופקים,אופקים,רכבת ישראל,פתח תקווה,
37352,סגולה,צומת חולון,הרצליה-הרצליה --> אופקים-אופקים,אופקים,רכבת ישראל,פתח תקווה,
37352,סגולה,חולון וולפסון,הרצליה-הרצליה --> אופקים-אופקים,אופקים,רכבת ישראל,פתח תקווה,
37352,סגולה,בת ים אלי כהן - יוספטל,הרצליה-הרצליה --> אופקים-אופקים,אופקים,רכבת ישראל,פתח תקווה,
37352,סגולה,בת ים קוממיות,הרצליה-הרצליה --> אופקים-אופקים,אופקים,רכבת ישראל,פתח תקווה,
37352,סגולה,רשל''צ משה דיין,הרצליה-הרצליה --> אופקים-אופקים,אופקים,רכבת ישראל,פתח תקווה,
37352,סגולה,יבנה מערב,הרצליה-הרצליה --> אופקים-אופקים,אופקים,רכבת ישראל,פתח תקווה,
37352,סגולה,אשדוד עד הלום- מטרופול,הרצליה-הרצליה --> אופקים-אופקים,אופקים,רכבת ישראל,פתח תקווה,
37352,סגולה,אשקלון,הרצליה-הרצליה --> אופקים-אופקים,אופקים,רכבת ישראל,פתח תקווה,
37352,סגולה,שדרות,הרצליה-הרצליה --> אופקים-אופקים,אופקים,רכבת ישראל,פתח תקווה,
37352,סגולה,נתיבות,הרצליה-הרצליה --> אופקים-אופקים,אופקים,רכבת ישראל,פתח תקווה,
37352,סגולה,אופקים,הרצליה-הרצליה --> אופקים-אופקים,אופקים,רכבת ישראל,פתח תקווה,
37354,קרית אריה,בני ברק,הרצליה-הרצליה --> אופקים-אופקים,אופקים,רכבת ישראל,פתח תקווה,
37354,קרית אריה,תל אביב האוניברסיטה - אקספו,הרצליה-הרצליה --> אופקים-אופקים,אופקים,רכבת ישראל,פתח תקווה,
37354,קרית אריה,תל אביב מרכז,הרצליה-הרצליה --> אופקים-אופקים,אופקים,רכבת ישראל,פתח תקווה,
37354,קרית אריה,השלום,הרצליה-הרצליה --> אופקים-אופקים,אופקים,רכבת ישראל,פתח תקווה,
37354,קרית אריה,תל אביב ההגנה,הרצליה-הרצליה --> אופקים-אופקים,אופקים,רכבת ישראל,פתח תקווה,
37354,קרית אריה,צומת חולון,הרצליה-הרצליה --> אופקים-אופקים,אופקים,רכבת ישראל,פתח תקווה,
37354,קרית אריה,חולון וולפסון,הרצליה-הרצליה --> אופקים-אופקים,אופקים,רכבת ישראל,פתח תקווה,
37354,קרית אריה,בת ים אלי כהן - יוספטל,הרצליה-הרצליה --> אופקים-אופקים,אופקים,רכבת ישראל,פתח תקווה,
37354,קרית אריה,בת ים קוממיות,הרצליה-הרצליה --> אופקים-אופקים,אופקים,רכבת ישראל,פתח תקווה,
37354,קרית אריה,רשל''צ משה דיין,הרצליה-הרצליה --> אופקים-אופקים,אופקים,רכבת ישראל,פתח תקווה,
37354,קרית אריה,יבנה מערב,הרצליה-הרצליה --> אופקים-אופקים,אופקים,רכבת ישראל,פתח תקווה,
37354,קרית אריה,אשדוד עד הלום- מטרופול,הרצליה-הרצליה --> אופקים-אופקים,אופקים,רכבת ישראל,פתח תקווה,
37354,קרית אריה,אשקלון,הרצליה-הרצליה --> אופקים-אופקים,אופקים,רכבת ישראל,פתח תקווה,
37354,קרית אריה,שדרות,הרצליה-הרצליה --> אופקים-אופקים,אופקים,רכבת ישראל,פתח תקווה,
37354,קרית אריה,נתיבות,הרצליה-הרצליה --> אופקים-אופקים,אופקים,רכבת ישראל,פתח תקווה,
37354,קרית אריה,אופקים,הרצליה-הרצליה --> אופקים-אופקים,אופקים,רכבת ישראל,פתח תקווה,
37356,בני ברק,תל אביב האוניברסיטה - אקספו,הרצליה-הרצליה --> אופקים-אופקים,אופקים,רכבת ישראל,בני ברק,
37356,בני ברק,תל אביב מרכז,הרצליה-הרצליה --> אופקים-אופקים,אופקים,רכבת ישראל,בני ברק,
37356,בני ברק,השלום,הרצליה-הרצליה --> אופקים-אופקים,אופקים,רכבת ישראל,בני ברק,
37356,בני ברק,תל אביב ההגנה,הרצליה-הרצליה --> אופקים-אופקים,אופקים,רכבת ישראל,בני ברק,
37356,בני ברק,צומת חולון,הרצליה-הרצליה --> אופקים-אופקים,אופקים,רכבת ישראל,בני ברק,
37356,בני ברק,חולון וולפסון,הרצליה-הרצליה --> אופקים-אופקים,אופקים,רכבת ישראל,בני ברק,
37356,בני ברק,בת ים אלי כהן - יוספטל,הרצליה-הרצליה --> אופקים-אופקים,אופקים,רכבת ישראל,בני ברק,
37356,בני ברק,בת ים קוממיות,הרצליה-הרצליה --> אופקים-אופקים,אופקים,רכבת ישראל,בני ברק,
37356,בני ברק,רשל''צ משה דיין,הרצליה-הרצליה --> אופקים-אופקים,אופקים,רכבת ישראל,בני ברק,
37356,בני ברק,יבנה מערב,הרצליה-הרצליה --> אופקים-אופקים,אופקים,רכבת ישראל,בני ברק,
37356,בני ברק,אשדוד עד הלום- מטרופול,הרצליה-הרצליה --> אופקים-אופקים,אופקים,רכבת ישראל,בני ברק,
37356,בני ברק,אשקלון,הרצליה-הרצליה --> אופקים-אופקים,אופקים,רכבת ישראל,בני ברק,
37356,בני ברק,שדרות,הרצליה-הרצליה --> אופקים-אופקים,אופקים,רכבת ישראל,בני ברק,
37356,בני ברק,נתיבות,הרצליה-הרצליה --> אופקים-אופקים,אופקים,רכבת ישראל,בני ברק,
37356,בני ברק,אופקים,הרצליה-הרצליה --> אופקים-אופקים,אופקים,רכבת ישראל,בני ברק,
37360,תל אביב האוניברסיטה - אקספו,תל אביב מרכז,הרצליה-הרצליה --> אופקים-אופקים,אופקים,רכבת ישראל,תל אביב יפו,
37360,תל אביב האוניברסיטה - אקספו,השלום,הרצליה-הרצליה --> אופקים-אופקים,אופקים,רכבת ישראל,תל אביב יפו,
37360,תל אביב האוניברסיטה - אקספו,תל אביב ההגנה,הרצליה-הרצליה --> אופקים-אופקים,אופקים,רכבת ישראל,תל אביב יפו,
37360,תל אביב האוניברסיטה - אקספו,צומת חולון,הרצליה-הרצליה --> אופקים-אופקים,אופקים,רכבת ישראל,תל אביב יפו,
37360,תל אביב האוניברסיטה - אקספו,חולון וולפסון,הרצליה-הרצליה --> אופקים-אופקים,אופקים,רכבת ישראל,תל אביב יפו,
37360,תל אביב האוניברסיטה - אקספו,בת ים אלי כהן - יוספטל,הרצליה-הרצליה --> אופקים-אופקים,אופקים,רכבת ישראל,תל אביב יפו,
37360,תל אביב האוניברסיטה - אקספו,בת ים קוממיות,הרצליה-הרצליה --> אופקים-אופקים,אופקים,רכבת ישראל,תל אביב יפו,
37360,תל אביב האוניברסיטה - אקספו,רשל''צ משה דיין,הרצליה-הרצליה --> אופקים-אופקים,אופקים,רכבת ישראל,תל אביב יפו,
37360,תל אביב האוניברסיטה - אקספו,יבנה מערב,הרצליה-הרצליה --> אופקים-אופקים,אופקים,רכבת ישראל,תל אביב יפו,
37360,תל אביב האוניברסיטה - אקספו,אשדוד עד הלום- מטרופול,הרצליה-הרצליה --> אופקים-אופקים,אופקים,רכבת ישראל,תל אביב יפו,
37360,תל אביב האוניברסיטה - אקספו,אשקלון,הרצליה-הרצליה --> אופקים-אופקים,אופקים,רכבת ישראל,תל אביב יפו,
37360,תל אביב האוניברסיטה - אקספו,שדרות,הרצליה-הרצליה --> אופקים-אופקים,אופקים,רכבת ישראל,תל אביב יפו,
37360,תל אביב האוניברסיטה - אקספו,נתיבות,הרצליה-הרצליה --> אופקים-אופקים,אופקים,רכבת ישראל,תל אביב יפו,
37360,תל אביב האוניברסיטה - אקספו,אופקים,הרצליה-הרצליה --> אופקים-אופקים,אופקים,רכבת ישראל,תל אביב יפו,
37358,תל אביב מרכז,השלום,הרצליה-הרצליה --> אופקים-אופקים,אופקים,רכבת ישראל,תל אביב יפו,
37358,תל אביב מרכז,תל אביב ההגנה,הרצליה-הרצליה --> אופקים-אופקים,אופקים,רכבת ישראל,תל אביב יפו,
37358,תל אביב מרכז,צומת חולון,הרצליה-הרצליה --> אופקים-אופקים,אופקים,רכבת ישראל,תל אביב יפו,
37358,תל אביב מרכז,חולון וולפסון,הרצליה-הרצליה --> אופקים-אופקים,אופקים,רכבת ישראל,תל אביב יפו,
37358,תל אביב מרכז,בת ים אלי כהן - יוספטל,הרצליה-הרצליה --> אופקים-אופקים,אופקים,רכבת ישראל,תל אביב יפו,
37358,תל אביב מרכז,בת ים קוממיות,הרצליה-הרצליה --> אופקים-אופקים,אופקים,רכבת ישראל,תל אביב יפו,
37358,תל אביב מרכז,רשל''צ משה דיין,הרצליה-הרצליה --> אופקים-אופקים,אופקים,רכבת ישראל,תל אביב יפו,
37358,תל אביב מרכז,יבנה מערב,הרצליה-הרצליה --> אופקים-אופקים,אופקים,רכבת ישראל,תל אביב יפו,
37358,תל אביב מרכז,אשדוד עד הלום- מטרופול,הרצליה-הרצליה --> אופקים-אופקים,אופקים,רכבת ישראל,תל אביב יפו,
37358,תל אביב מרכז,אשקלון,הרצליה-הרצליה --> אופקים-אופקים,אופקים,רכבת ישראל,תל אביב יפו,
37358,תל אביב מרכז,שדרות,הרצליה-הרצליה --> אופקים-אופקים,אופקים,רכבת ישראל,תל אביב יפו,
37358,תל אביב מרכז,נתיבות,הרצליה-הרצליה --> אופקים-אופקים,אופקים,רכבת ישראל,תל אביב יפו,
37358,תל אביב מרכז,אופקים,הרצליה-הרצליה --> אופקים-אופקים,אופקים,רכבת ישראל,תל אביב יפו,
37350,השלום,תל אביב ההגנה,הרצליה-הרצליה --> אופקים-אופקים,אופקים,רכבת ישראל,תל אביב יפו,
37350,השלום,צומת חולון,הרצליה-הרצליה --> אופקים-אופקים,אופקים,רכבת ישראל,תל אביב יפו,
37350,השלום,חולון וולפסון,הרצליה-הרצליה --> אופקים-אופקים,אופקים,רכבת ישראל,תל אביב יפו,
37350,השלום,בת ים אלי כהן - יוספטל,הרצליה-הרצליה --> אופקים-אופקים,אופקים,רכבת ישראל,תל אביב יפו,
37350,השלום,בת ים קוממיות,הרצליה-הרצליה --> אופקים-אופקים,אופקים,רכבת ישראל,תל אביב יפו,
37350,השלום,רשל''צ משה דיין,הרצליה-הרצליה --> אופקים-אופקים,אופקים,רכבת ישראל,תל אביב יפו,
37350,השלום,יבנה מערב,הרצליה-הרצליה --> אופקים-אופקים,אופקים,רכבת ישראל,תל אביב יפו,
37350,השלום,אשדוד עד הלום- מטרופול,הרצליה-הרצליה --> אופקים-אופקים,אופקים,רכבת ישראל,תל אביב יפו,
37350,השלום,אשקלון,הרצליה-הרצליה --> אופקים-אופקים,אופקים,רכבת ישראל,תל אביב יפו,
37350,השלום,שדרות,הרצליה-הרצליה --> אופקים-אופקים,אופקים,רכבת ישראל,תל אביב יפו,
37350,השלום,נתיבות,הרצליה-הרצליה --> אופקים-אופקים,אופקים,רכבת ישראל,תל אביב יפו,
37350,השלום,אופקים,הרצליה-הרצליה --> אופקים-אופקים,אופקים,רכבת ישראל,תל אביב יפו,
37292,תל אביב ההגנה,צומת חולון,הרצליה-הרצליה --> אופקים-אופקים,אופקים,רכבת ישראל,תל אביב יפו,
37292,תל אביב ההגנה,חולון וולפסון,הרצליה-הרצליה --> אופקים-אופקים,אופקים,רכבת ישראל,תל אביב יפו,
37292,תל אביב ההגנה,בת ים אלי כהן - יוספטל,הרצליה-הרצליה --> אופקים-אופקים,אופקים,רכבת ישראל,תל אביב יפו,
37292,תל אביב ההגנה,בת ים קוממיות,הרצליה-הרצליה --> אופקים-אופקים,אופקים,רכבת ישראל,תל אביב יפו,
37292,תל אביב ההגנה,רשל''צ משה דיין,הרצליה-הרצליה --> אופקים-אופקים,אופקים,רכבת ישראל,תל אביב יפו,
37292,תל אביב ההגנה,יבנה מערב,הרצליה-הרצליה --> אופקים-אופקים,אופקים,רכבת ישראל,תל אביב יפו,
37292,תל אביב ההגנה,אשדוד עד הלום- מטרופול,הרצליה-הרצליה --> אופקים-אופקים,אופקים,רכבת ישראל,תל אביב יפו,
37292,תל אביב ההגנה,אשקלון,הרצליה-הרצליה --> אופקים-אופקים,אופקים,רכבת ישראל,תל אביב יפו,
37292,תל אביב ההגנה,שדרות,הרצליה-הרצליה --> אופקים-אופקים,אופקים,רכבת ישראל,תל אביב יפו,
37292,תל אביב ההגנה,נתיבות,הרצליה-הרצליה --> אופקים-אופקים,אופקים,רכבת ישראל,תל אביב יפו,
37292,תל אביב ההגנה,אופקים,הרצליה-הרצליה --> אופקים-אופקים,אופקים,רכבת ישראל,תל אביב יפו,
37348,צומת חולון,חולון וולפסון,הרצליה-הרצליה --> אופקים-אופקים,אופקים,רכבת ישראל,תל אביב יפו,
37348,צומת חולון,בת ים אלי כהן - יוספטל,הרצליה-הרצליה --> אופקים-אופקים,אופקים,רכבת ישראל,תל אביב יפו,
37348,צומת חולון,בת ים קוממיות,הרצליה-הרצליה --> אופקים-אופקים,אופקים,רכבת ישראל,תל אביב יפו,
37348,צומת חולון,רשל''צ משה דיין,הרצליה-הרצליה --> אופקים-אופקים,אופקים,רכבת ישראל,תל אביב יפו,
37348,צומת חולון,יבנה מערב,הרצליה-הרצליה --> אופקים-אופקים,אופקים,רכבת ישראל,תל אביב יפו,
37348,צומת חולון,אשדוד עד הלום- מטרופול,הרצליה-הרצליה --> אופקים-אופקים,אופקים,רכבת ישראל,תל אביב יפו,
37348,צומת חולון,אשקלון,הרצליה-הרצליה --> אופקים-אופקים,אופקים,רכבת ישראל,תל אביב יפו,
37348,צומת חולון,שדרות,הרצליה-הרצליה --> אופקים-אופקים,אופקים,רכבת ישראל,תל אביב יפו,
37348,צומת חולון,נתיבות,הרצליה-הרצליה --> אופקים-אופקים,אופקים,רכבת ישראל,תל אביב יפו,
37348,צומת חולון,אופקים,הרצליה-הרצליה --> אופקים-אופקים,אופקים,רכבת ישראל,תל אביב יפו,
37346,חולון וולפסון,בת ים אלי כהן - יוספטל,הרצליה-הרצליה --> אופקים-אופקים,אופקים,רכבת ישראל,חולון,
37346,חולון וולפסון,בת ים קוממיות,הרצליה-הרצליה --> אופקים-אופקים,אופקים,רכבת ישראל,חולון,
37346,חולון וולפסון,רשל''צ משה דיין,הרצליה-הרצליה --> אופקים-אופקים,אופקים,רכבת ישראל,חולון,
37346,חולון וולפסון,יבנה מערב,הרצליה-הרצליה --> אופקים-אופקים,אופקים,רכבת ישראל,חולון,
37346,חולון וולפסון,אשדוד עד הלום- מטרופול,הרצליה-הרצליה --> אופקים-אופקים,אופקים,רכבת ישראל,חולון,
37346,חולון וולפסון,אשקלון,הרצליה-הרצליה --> אופקים-אופקים,אופקים,רכבת ישראל,חולון,
37346,חולון וולפסון,שדרות,הרצליה-הרצליה --> אופקים-אופקים,אופקים,רכבת ישראל,חולון,
37346,חולון וולפסון,נתיבות,הרצליה-הרצליה --> אופקים-אופקים,אופקים,רכבת ישראל,חולון,
37346,חולון וולפסון,אופקים,הרצליה-הרצליה --> אופקים-אופקים,אופקים,רכבת ישראל,חולון,
37344,בת ים אלי כהן - יוספטל,בת ים קוממיות,הרצליה-הרצליה --> אופקים-אופקים,אופקים,רכבת ישראל,בת ים,
37344,בת ים אלי כהן - יוספטל,רשל''צ משה דיין,הרצליה-הרצליה --> אופקים-אופקים,אופקים,רכבת ישראל,בת ים,
37344,בת ים אלי כהן - יוספטל,יבנה מערב,הרצליה-הרצליה --> אופקים-אופקים,אופקים,רכבת ישראל,בת ים,
37344,בת ים אלי כהן - יוספטל,אשדוד עד הלום- מטרופול,הרצליה-הרצליה --> אופקים-אופקים,אופקים,רכבת ישראל,בת ים,
37344,בת ים אלי כהן - יוספטל,אשקלון,הרצליה-הרצליה --> אופקים-אופקים,אופקים,רכבת ישראל,בת ים,
37344,בת ים אלי כהן - יוספטל,שדרות,הרצליה-הרצליה --> אופקים-אופקים,אופקים,רכבת ישראל,בת ים,
37344,בת ים אלי כהן - יוספטל,נתיבות,הרצליה-הרצליה --> אופקים-אופקים,אופקים,רכבת ישראל,בת ים,
37344,בת ים אלי כהן - יוספטל,אופקים,הרצליה-הרצליה --> אופקים-אופקים,אופקים,רכבת ישראל,בת ים,
37342,בת ים קוממיות,רשל''צ משה דיין,הרצליה-הרצליה --> אופקים-אופקים,אופקים,רכבת ישראל,חולון,
37342,בת ים קוממיות,יבנה מערב,הרצליה-הרצליה --> אופקים-אופקים,אופקים,רכבת ישראל,חולון,
37342,בת ים קוממיות,אשדוד עד הלום- מטרופול,הרצליה-הרצליה --> אופקים-אופקים,אופקים,רכבת ישראל,חולון,
37342,בת ים קוממיות,אשקלון,הרצליה-הרצליה --> אופקים-אופקים,אופקים,רכבת ישראל,חולון,
37342,בת ים קוממיות,שדרות,הרצליה-הרצליה --> אופקים-אופקים,אופקים,רכבת ישראל,חולון,
37342,בת ים קוממיות,נתיבות,הרצליה-הרצליה --> אופקים-אופקים,אופקים,רכבת ישראל,חולון,
37342,בת ים קוממיות,אופקים,הרצליה-הרצליה --> אופקים-אופקים,אופקים,רכבת ישראל,חולון,
37294,רשל''צ משה דיין,יבנה מערב,הרצליה-הרצליה --> אופקים-אופקים,אופקים,רכבת ישראל,ראשון לציון,
37294,רשל''צ משה דיין,אשדוד עד הלום- מטרופול,הרצליה-הרצליה --> אופקים-אופקים,אופקים,רכבת ישראל,ראשון לציון,
37294,רשל''צ משה דיין,אשקלון,הרצליה-הרצליה --> אופקים-אופקים,אופקים,רכבת ישראל,ראשון לציון,
37294,רשל''צ משה דיין,שדרות,הרצליה-הרצליה --> אופקים-אופקים,אופקים,רכבת ישראל,ראשון לציון,
37294,רשל''צ משה דיין,נתיבות,הרצליה-הרצליה --> אופקים-אופקים,אופקים,רכבת ישראל,ראשון לציון,
37294,רשל''צ משה דיין,אופקים,הרצליה-הרצליה --> אופקים-אופקים,אופקים,רכבת ישראל,ראשון לציון,
37300,יבנה מערב,אשדוד עד הלום- מטרופול,הרצליה-הרצליה --> אופקים-אופקים,אופקים,רכבת ישראל,יבנה,
37300,יבנה מערב,אשקלון,הרצליה-הרצליה --> אופקים-אופקים,אופקים,רכבת ישראל,יבנה,
37300,יבנה מערב,שדרות,הרצליה-הרצליה --> אופקים-אופקים,אופקים,רכבת ישראל,יבנה,
37300,יבנה מערב,נתיבות,הרצליה-הרצליה --> אופקים-אופקים,אופקים,רכבת ישראל,יבנה,
37300,יבנה מערב,אופקים,הרצליה-הרצליה --> אופקים-אופקים,אופקים,רכבת ישראל,יבנה,
37326,אשדוד עד הלום- מטרופול,אשקלון,הרצליה-הרצליה --> אופקים-אופקים,אופקים,רכבת ישראל,אשדוד,
37326,אשדוד עד הלום- מטרופול,שדרות,הרצליה-הרצליה --> אופקים-אופקים,אופקים,רכבת ישראל,אשדוד,
37326,אשדוד עד הלום- מטרופול,נתיבות,הרצליה-הרצליה --> אופקים-אופקים,אופקים,רכבת ישראל,אשדוד,
37326,אשדוד עד הלום- מטרופול,אופקים,הרצליה-הרצליה --> אופקים-אופקים,אופקים,רכבת ישראל,אשדוד,
37324,אשקלון,שדרות,הרצליה-הרצליה --> אופקים-אופקים,אופקים,רכבת ישראל,אשקלון,
37324,אשקלון,נתיבות,הרצליה-הרצליה --> אופקים-אופקים,אופקים,רכבת ישראל,אשקלון,
37324,אשקלון,אופקים,הרצליה-הרצליה --> אופקים-אופקים,אופקים,רכבת ישראל,אשקלון,
37290,שדרות,נתיבות,הרצליה-הרצליה --> אופקים-אופקים,אופקים,רכבת ישראל,שדרות,
37290,שדרות,אופקים,הרצליה-הרצליה --> אופקים-אופקים,אופקים,רכבת ישראל,שדרות,
38643,נתיבות,אופקים,הרצליה-הרצליה --> אופקים-אופקים,אופקים,רכבת ישראל,נתיבות,
37362,הרצליה,רעננה מערב,הרצליה-הרצליה --> תל אביב ההגנה-תל אביב יפו,תל אביב ההגנה,רכבת ישראל,הרצליה,
37362,הרצליה,רעננה דרום,הרצליה-הרצליה --> תל אביב ההגנה-תל אביב יפו,תל אביב ההגנה,רכבת ישראל,הרצליה,
37362,הרצליה,הוד השרון,הרצליה-הרצליה --> תל אביב ההגנה-תל אביב יפו,תל אביב ההגנה,רכבת ישראל,הרצליה,
37362,הרצליה,כפר סבא,הרצליה-הרצליה --> תל אביב ההגנה-תל אביב יפו,תל אביב ההגנה,רכבת ישראל,הרצליה,
37362,הרצליה,ראש העין צפון,הרצליה-הרצליה --> תל אביב ההגנה-תל אביב יפו,תל אביב ההגנה,רכבת ישראל,הרצליה,
37362,הרצליה,סגולה,הרצליה-הרצליה --> תל אביב ההגנה-תל אביב יפו,תל אביב ההגנה,רכבת ישראל,הרצליה,
37362,הרצליה,קרית אריה,הרצליה-הרצליה --> תל אביב ההגנה-תל אביב יפו,תל אביב ההגנה,רכבת ישראל,הרצליה,
37362,הרצליה,בני ברק,הרצליה-הרצליה --> תל אביב ההגנה-תל אביב יפו,תל אביב ההגנה,רכבת ישראל,הרצליה,
37362,הרצליה,תל אביב האוניברסיטה - אקספו,הרצליה-הרצליה --> תל אביב ההגנה-תל אביב יפו,תל אביב ההגנה,רכבת ישראל,הרצליה,
37362,הרצליה,תל אביב מרכז,הרצליה-הרצליה --> תל אביב ההגנה-תל אביב יפו,תל אביב ההגנה,רכבת ישראל,הרצליה,
37362,הרצליה,השלום,הרצליה-הרצליה --> תל אביב ההגנה-תל אביב יפו,תל אביב ההגנה,רכבת ישראל,הרצליה,
37362,הרצליה,תל אביב ההגנה,הרצליה-הרצליה --> תל אביב ההגנה-תל אביב יפו,תל אביב ההגנה,רכבת ישראל,הרצליה,
42417,רעננה מערב,רעננה דרום,הרצליה-הרצליה --> תל אביב ההגנה-תל אביב יפו,תל אביב ההגנה,רכבת ישראל,רעננה,
42417,רעננה מערב,הוד השרון,הרצליה-הרצליה --> תל אביב ההגנה-תל אביב יפו,תל אביב ההגנה,רכבת ישראל,רעננה,
42417,רעננה מערב,כפר סבא,הרצליה-הרצליה --> תל אביב ההגנה-תל אביב יפו,תל אביב ההגנה,רכבת ישראל,רעננה,
42417,רעננה מערב,ראש העין צפון,הרצליה-הרצליה --> תל אביב ההגנה-תל אביב יפו,תל אביב ההגנה,רכבת ישראל,רעננה,
42417,רעננה מערב,סגולה,הרצליה-הרצליה --> תל אביב ההגנה-תל אביב יפו,תל אביב ההגנה,רכבת ישראל,רעננה,
42417,רעננה מערב,קרית אריה,הרצליה-הרצליה --> תל אביב ההגנה-תל אביב יפו,תל אביב ההגנה,רכבת ישראל,רעננה,
42417,רעננה מערב,בני ברק,הרצליה-הרצליה --> תל אביב ההגנה-תל אביב יפו,תל אביב ההגנה,רכבת ישראל,רעננה,
42417,רעננה מערב,תל אביב האוניברסיטה - אקספו,הרצליה-הרצליה --> תל אביב ההגנה-תל אביב יפו,תל אביב ההגנה,רכבת ישראל,רעננה,
42417,רעננה מערב,תל אביב מרכז,הרצליה-הרצליה --> תל אביב ההגנה-תל אביב יפו,תל אביב ההגנה,רכבת ישראל,רעננה,
42417,רעננה מערב,השלום,הרצליה-הרצליה --> תל אביב ההגנה-תל אביב יפו,תל אביב ההגנה,רכבת ישראל,רעננה,
42417,רעננה מערב,תל אביב ההגנה,הרצליה-הרצליה --> תל אביב ההגנה-תל אביב יפו,תל אביב ההגנה,רכבת ישראל,רעננה,
42416,רעננה דרום,הוד השרון,הרצליה-הרצליה --> תל אביב ההגנה-תל אביב יפו,תל אביב ההגנה,רכבת ישראל,רעננה,
42416,רעננה דרום,כפר סבא,הרצליה-הרצליה --> תל אביב ההגנה-תל אביב יפו,תל אביב ההגנה,רכבת ישראל,רעננה,
42416,רעננה דרום,ראש העין צפון,הרצליה-הרצליה --> תל אביב ההגנה-תל אביב יפו,תל אביב ההגנה,רכבת ישראל,רעננה,
42416,רעננה דרום,סגולה,הרצליה-הרצליה --> תל אביב ההגנה-תל אביב יפו,תל אביב ההגנה,רכבת ישראל,רעננה,
42416,רעננה דרום,קרית אריה,הרצליה-הרצליה --> תל אביב ההגנה-תל אביב יפו,תל אביב ההגנה,רכבת ישראל,רעננה,
42416,רעננה דרום,בני ברק,הרצליה-הרצליה --> תל אביב ההגנה-תל אביב יפו,תל אביב ההגנה,רכבת ישראל,רעננה,
42416,רעננה דרום,תל אביב האוניברסיטה - אקספו,הרצליה-הרצליה --> תל אביב ההגנה-תל אביב יפו,תל אביב ההגנה,רכבת ישראל,רעננה,
42416,רעננה דרום,תל אביב מרכז,הרצליה-הרצליה --> תל אביב ההגנה-תל אביב יפו,תל אביב ההגנה,רכבת ישראל,רעננה,
42416,רעננה דרום,השלום,הרצליה-הרצליה --> תל אביב ההגנה-תל אביב יפו,תל אביב ההגנה,רכבת ישראל,רעננה,
42416,רעננה דרום,תל אביב ההגנה,הרצליה-הרצליה --> תל אביב ההגנה-תל אביב יפו,תל אביב ההגנה,רכבת ישראל,רעננה,
37296,הוד השרון,כפר סבא,הרצליה-הרצליה --> תל אביב ההגנה-תל אביב יפו,תל אביב ההגנה,רכבת ישראל,הוד השרון,
37296,הוד השרון,ראש העין צפון,הרצליה-הרצליה --> תל אביב ההגנה-תל אביב יפו,תל אביב ההגנה,רכבת ישראל,הוד השרון,
37296,הוד השרון,סגולה,הרצליה-הרצליה --> תל אביב ההגנה-תל אביב יפו,תל אביב ההגנה,רכבת ישראל,הוד השרון,
37296,הוד השרון,קרית אריה,הרצליה-הרצליה --> תל אביב ההגנה-תל אביב יפו,תל אביב ההגנה,רכבת ישראל,הוד השרון,
37296,הוד השרון,בני ברק,הרצליה-הרצליה --> תל אביב ההגנה-תל אביב יפו,תל אביב ההגנה,רכבת ישראל,הוד השרון,
37296,הוד השרון,תל אביב האוניברסיטה - אקספו,הרצליה-הרצליה --> תל אביב ההגנה-תל אביב יפו,תל אביב ההגנה,רכבת ישראל,הוד השרון,
37296,הוד השרון,תל אביב מרכז,הרצליה-הרצליה --> תל אביב ההגנה-תל אביב יפו,תל אביב ההגנה,רכבת ישראל,הוד השרון,
37296,הוד השרון,השלום,הרצליה-הרצליה --> תל אביב ההגנה-תל אביב יפו,תל אביב ההגנה,רכבת ישראל,הוד השרון,
37296,הוד השרון,תל אביב ההגנה,הרצליה-הרצליה --> תל אביב ההגנה-תל אביב יפו,תל אביב ההגנה,רכבת ישראל,הוד השרון,
37304,כפר סבא,ראש העין צפון,הרצליה-הרצליה --> תל אביב ההגנה-תל אביב יפו,תל אביב ההגנה,רכבת ישראל,כפר סבא,
37304,כפר סבא,סגולה,הרצליה-הרצליה --> תל אביב ההגנה-תל אביב יפו,תל אביב ההגנה,רכבת ישראל,כפר סבא,
37304,כפר סבא,קרית אריה,הרצליה-הרצליה --> תל אביב ההגנה-תל אביב יפו,תל אביב ההגנה,רכבת ישראל,כפר סבא,
37304,כפר סבא,בני ברק,הרצליה-הרצליה --> תל אביב ההגנה-תל אביב יפו,תל אביב ההגנה,רכבת ישראל,כפר סבא,
37304,כפר סבא,תל אביב האוניברסיטה - אקספו,הרצליה-הרצליה --> תל אביב ההגנה-תל אביב יפו,תל אביב ההגנה,רכבת ישראל,כפר סבא,
37304,כפר סבא,תל אביב מרכז,הרצליה-הרצליה --> תל אביב ההגנה-תל אביב יפו,תל אביב ההגנה,רכבת ישראל,כפר סבא,
37304,כפר סבא,השלום,הרצליה-הרצליה --> תל אביב ההגנה-תל אביב יפו,תל אביב ההגנה,רכבת ישראל,כפר סבא,
37304,כפר סבא,תל אביב ההגנה,הרצליה-הרצליה --> תל אביב ההגנה-תל אביב יפו,תל אביב ההגנה,רכבת ישראל,כפר סבא,
37302,ראש העין צפון,סגולה,הרצליה-הרצליה --> תל אביב ההגנה-תל אביב יפו,תל אביב ההגנה,רכבת ישראל,ראש העין,
37302,ראש העין צפון,קרית אריה,הרצליה-הרצליה --> תל אביב ההגנה-תל אביב יפו,תל אביב ההגנה,רכבת ישראל,ראש העין,
37302,ראש העין צפון,בני ברק,הרצליה-הרצליה --> תל אביב ההגנה-תל אביב יפו,תל אביב ההגנה,רכבת ישראל,ראש העין,
37302,ראש העין צפון,תל אביב האוניברסיטה - אקספו,הרצליה-הרצליה --> תל אביב ההגנה-תל אביב יפו,תל אביב ההגנה,רכבת ישראל,ראש העין,
37302,ראש העין צפון,תל אביב מרכז,הרצליה-הרצליה --> תל אביב ההגנה-תל אביב יפו,תל אביב ההגנה,רכבת ישראל,ראש העין,
37302,ראש העין צפון,השלום,הרצליה-הרצליה --> תל אביב ההגנה-תל אביב יפו,תל אביב ההגנה,רכבת ישראל,ראש העין,
37302,ראש העין צפון,תל אביב ההגנה,הרצליה-הרצליה --> תל אביב ההגנה-תל אביב יפו,תל אביב ההגנה,רכבת ישראל,ראש העין,
37352,סגולה,קרית אריה,הרצליה-הרצליה --> תל אביב ההגנה-תל אביב יפו,תל אביב ההגנה,רכבת ישראל,פתח תקווה,
37352,סגולה,בני ברק,הרצליה-הרצליה --> תל אביב ההגנה-תל אביב יפו,תל אביב ההגנה,רכבת ישראל,פתח תקווה,
37352,סגולה,תל אביב האוניברסיטה - אקספו,הרצליה-הרצליה --> תל אביב ההגנה-תל אביב יפו,תל אביב ההגנה,רכבת ישראל,פתח תקווה,
37352,סגולה,תל אביב מרכז,הרצליה-הרצליה --> תל אביב ההגנה-תל אביב יפו,תל אביב ההגנה,רכבת ישראל,פתח תקווה,
37352,סגולה,השלום,הרצליה-הרצליה --> תל אביב ההגנה-תל אביב יפו,תל אביב ההגנה,רכבת ישראל,פתח תקווה,
37352,סגולה,תל אביב ההגנה,הרצליה-הרצליה --> תל אביב ההגנה-תל אביב יפו,תל אביב ההגנה,רכבת ישראל,פתח תקווה,
37354,קרית אריה,בני ברק,הרצליה-הרצליה --> תל אביב ההגנה-תל אביב יפו,תל אביב ההגנה,רכבת ישראל,פתח תקווה,
37354,קרית אריה,תל אביב האוניברסיטה - אקספו,הרצליה-הרצליה --> תל אביב ההגנה-תל אביב יפו,תל אביב ההגנה,רכבת ישראל,פתח תקווה,
37354,קרית אריה,תל אביב מרכז,הרצליה-הרצליה --> תל אביב ההגנה-תל אביב יפו,תל אביב ההגנה,רכבת ישראל,פתח תקווה,
37354,קרית אריה,השלום,הרצליה-הרצליה --> תל אביב ההגנה-תל אביב יפו,תל אביב ההגנה,רכבת ישראל,פתח תקווה,
37354,קרית אריה,תל אביב ההגנה,הרצליה-הרצליה --> תל אביב ההגנה-תל אביב יפו,תל אביב ההגנה,רכבת ישראל,פתח תקווה,
37356,בני ברק,תל אביב האוניברסיטה - אקספו,הרצליה-הרצליה --> תל אביב ההגנה-תל אביב יפו,תל אביב ההגנה,רכבת ישראל,בני ברק,
37356,בני ברק,תל אביב מרכז,הרצליה-הרצליה --> תל אביב ההגנה-תל אביב יפו,תל אביב ההגנה,רכבת ישראל,בני ברק,
37356,בני ברק,השלום,הרצליה-הרצליה --> תל אביב ההגנה-תל אביב יפו,תל אביב ההגנה,רכבת ישראל,בני ברק,
37356,בני ברק,תל אביב ההגנה,הרצליה-הרצליה --> תל אביב ההגנה-תל אביב יפו,תל אביב ההגנה,רכבת ישראל,בני ברק,
37360,תל אביב האוניברסיטה - אקספו,תל אביב מרכז,הרצליה-הרצליה --> תל אביב ההגנה-תל אביב יפו,תל אביב ההגנה,רכבת ישראל,תל אביב יפו,
37360,תל אביב האוניברסיטה - אקספו,השלום,הרצליה-הרצליה --> תל אביב ההגנה-תל אביב יפו,תל אביב ההגנה,רכבת ישראל,תל אביב יפו,
37360,תל אביב האוניברסיטה - אקספו,תל אביב ההגנה,הרצליה-הרצליה --> תל אביב ההגנה-תל אביב יפו,תל אביב ההגנה,רכבת ישראל,תל אביב יפו,
37358,תל אביב מרכז,השלום,הרצליה-הרצליה --> תל אביב ההגנה-תל אביב יפו,תל אביב ההגנה,רכבת ישראל,תל אביב יפו,
37358,תל אביב מרכז,תל אביב ההגנה,הרצליה-הרצליה --> תל אביב ההגנה-תל אביב יפו,תל אביב ההגנה,רכבת ישראל,תל אביב יפו,
37350,השלום,תל אביב ההגנה,הרצליה-הרצליה --> תל אביב ההגנה-תל אביב יפו,תל אביב ההגנה,רכבת ישראל,תל אביב יפו,
39260,אופקים,נתיבות,אופקים-אופקים --> הרצליה-הרצליה,הרצליה,רכבת ישראל,אופקים,
39260,אופקים,שדרות,אופקים-אופקים --> הרצליה-הרצליה,הרצליה,רכבת ישראל,אופקים,
39260,אופקים,אשקלון,אופקים-אופקים --> הרצליה-הרצליה,הרצליה,רכבת ישראל,אופקים,
39260,אופקים,אשדוד עד הלום- מטרופול,אופקים-אופקים --> הרצליה-הרצליה,הרצליה,רכבת ישראל,אופקים,
39260,אופקים,יבנה מערב,אופקים-אופקים --> הרצליה-הרצליה,הרצליה,רכבת ישראל,אופקים,
39260,אופקים,רשל''צ משה דיין,אופקים-אופקים --> הרצליה-הרצליה,הרצליה,רכבת ישראל,אופקים,
39260,אופקים,בת ים אלי כהן - יוספטל,אופקים-אופקים --> הרצליה-הרצליה,הרצליה,רכבת ישראל,אופקים,
39260,אופקים,חולון וולפסון,אופקים-אופקים --> הרצליה-הרצליה,הרצליה,רכבת ישראל,אופקים,
39260,אופקים,תל אביב ההגנה,אופקים-אופקים --> הרצליה-הרצליה,הרצליה,רכבת ישראל,אופקים,
39260,אופקים,השלום,אופקים-אופקים --> הרצליה-הרצליה,הרצליה,רכבת ישראל,אופקים,
39260,אופקים,תל אביב מרכז,אופקים-אופקים --> הרצליה-הרצליה,הרצליה,רכבת ישראל,אופקים,
39260,אופקים,תל אביב האוניברסיטה - אקספו,אופקים-אופקים --> הרצליה-הרצליה,הרצליה,רכבת ישראל,אופקים,
39260,אופקים,בני ברק,אופקים-אופקים --> הרצליה-הרצליה,הרצליה,רכבת ישראל,אופקים,
39260,אופקים,קרית אריה,אופקים-אופקים --> הרצליה-הרצליה,הרצליה,רכבת ישראל,אופקים,
39260,אופקים,סגולה,אופקים-אופקים --> הרצליה-הרצליה,הרצליה,רכבת ישראל,אופקים,
39260,אופקים,ראש העין צפון,אופקים-אופקים --> הרצליה-הרצליה,הרצליה,רכבת ישראל,אופקים,
39260,אופקים,כפר סבא,אופקים-אופקים --> הרצליה-הרצליה,הרצליה,רכבת ישראל,אופקים,
39260,אופקים,הוד השרון,אופקים-אופקים --> הרצליה-הרצליה,הרצליה,רכבת ישראל,אופקים,
39260,אופקים,רעננה מערב,אופקים-אופקים --> הרצליה-הרצליה,הרצליה,רכבת ישראל,אופקים,
39260,אופקים,הרצליה,אופקים-אופקים --> הרצליה-הרצליה,הרצליה,רכבת ישראל,אופקים,
38643,נתיבות,שדרות,אופקים-אופקים --> הרצליה-הרצליה,הרצליה,רכבת ישראל,נתיבות,
38643,נתיבות,אשקלון,אופקים-אופקים --> הרצליה-הרצליה,הרצליה,רכבת ישראל,נתיבות,
38643,נתיבות,אשדוד עד הלום- מטרופול,אופקים-אופקים --> הרצליה-הרצליה,הרצליה,רכבת ישראל,נתיבות,
38643,נתיבות,יבנה מערב,אופקים-אופקים --> הרצליה-הרצליה,הרצליה,רכבת ישראל,נתיבות,
38643,נתיבות,רשל''צ משה דיין,אופקים-אופקים --> הרצליה-הרצליה,הרצליה,רכבת ישראל,נתיבות,
38643,נתיבות,בת ים אלי כהן - יוספטל,אופקים-אופקים --> הרצליה-הרצליה,הרצליה,רכבת ישראל,נתיבות,
38643,נתיבות,חולון וולפסון,אופקים-אופקים --> הרצליה-הרצליה,הרצליה,רכבת ישראל,נתיבות,
38643,נתיבות,תל אביב ההגנה,אופקים-אופקים --> הרצליה-הרצליה,הרצליה,רכבת ישראל,נתיבות,
38643,נתיבות,השלום,אופקים-אופקים --> הרצליה-הרצליה,הרצליה,רכבת ישראל,נתיבות,
38643,נתיבות,תל אביב מרכז,אופקים-אופקים --> הרצליה-הרצליה,הרצליה,רכבת ישראל,נתיבות,
38643,נתיבות,תל אביב האוניברסיטה - אקספו,אופקים-אופקים --> הרצליה-הרצליה,הרצליה,רכבת ישראל,נתיבות,
38643,נתיבות,בני ברק,אופקים-אופקים --> הרצליה-הרצליה,הרצליה,רכבת ישראל,נתיבות,
38643,נתיבות,קרית אריה,אופקים-אופקים --> הרצליה-הרצליה,הרצליה,רכבת ישראל,נתיבות,
38643,נתיבות,סגולה,אופקים-אופקים --> הרצליה-הרצליה,הרצליה,רכבת ישראל,נתיבות,
38643,נתיבות,ראש העין צפון,אופקים-אופקים --> הרצליה-הרצליה,הרצליה,רכבת ישראל,נתיבות,
38643,נתיבות,כפר סבא,אופקים-אופקים --> הרצליה-הרצליה,הרצליה,רכבת ישראל,נתיבות,
38643,נתיבות,הוד השרון,אופקים-אופקים --> הרצליה-הרצליה,הרצליה,רכבת ישראל,נתיבות,
38643,נתיבות,רעננה מערב,אופקים-אופקים --> הרצליה-הרצליה,הרצליה,רכבת ישראל,נתיבות,
38643,נתיבות,הרצליה,אופקים-אופקים --> הרצליה-הרצליה,הרצליה,רכבת ישראל,נתיבות,
37290,שדרות,אשקלון,אופקים-אופקים --> הרצליה-הרצליה,הרצליה,רכבת ישראל,שדרות,
37290,שדרות,אשדוד עד הלום- מטרופול,אופקים-אופקים --> הרצליה-הרצליה,הרצליה,רכבת ישראל,שדרות,
37290,שדרות,יבנה מערב,אופקים-אופקים --> הרצליה-הרצליה,הרצליה,רכבת ישראל,שדרות,
37290,שדרות,רשל''צ משה דיין,אופקים-אופקים --> הרצליה-הרצליה,הרצליה,רכבת ישראל,שדרות,
37290,שדרות,בת ים אלי כהן - יוספטל,אופקים-אופקים --> הרצליה-הרצליה,הרצליה,רכבת ישראל,שדרות,
37290,שדרות,חולון וולפסון,אופקים-אופקים --> הרצליה-הרצליה,הרצליה,רכבת ישראל,שדרות,
37290,שדרות,תל אביב ההגנה,אופקים-אופקים --> הרצליה-הרצליה,הרצליה,רכבת ישראל,שדרות,
37290,שדרות,השלום,אופקים-אופקים --> הרצליה-הרצליה,הרצליה,רכבת ישראל,שדרות,
37290,שדרות,תל אביב מרכז,אופקים-אופקים --> הרצליה-הרצליה,הרצליה,רכבת ישראל,שדרות,
37290,שדרות,תל אביב האוניברסיטה - אקספו,אופקים-אופקים --> הרצליה-הרצליה,הרצליה,רכבת ישראל,שדרות,
37290,שדרות,בני ברק,אופקים-אופקים --> הרצליה-הרצליה,הרצליה,רכבת ישראל,שדרות,
37290,שדרות,קרית אריה,אופקים-אופקים --> הרצליה-הרצליה,הרצליה,רכבת ישראל,שדרות,
37290,שדרות,סגולה,אופקים-אופקים --> הרצליה-הרצליה,הרצליה,רכבת ישראל,שדרות,
37290,שדרות,ראש העין צפון,אופקים-אופקים --> הרצליה-הרצליה,הרצליה,רכבת ישראל,שדרות,
37290,שדרות,כפר סבא,אופקים-אופקים --> הרצליה-הרצליה,הרצליה,רכבת ישראל,שדרות,
37290,שדרות,הוד השרון,אופקים-אופקים --> הרצליה-הרצליה,הרצליה,רכבת ישראל,שדרות,
37290,שדרות,רעננה מערב,אופקים-אופקים --> הרצליה-הרצליה,הרצליה,רכבת ישראל,שדרות,
37290,שדרות,הרצליה,אופקים-אופקים --> הרצליה-הרצליה,הרצליה,רכבת ישראל,שדרות,
37324,אשקלון,אשדוד עד הלום- מטרופול,אופקים-אופקים --> הרצליה-הרצליה,הרצליה,רכבת ישראל,אשקלון,
37324,אשקלון,יבנה מערב,אופקים-אופקים --> הרצליה-הרצליה,הרצליה,רכבת ישראל,אשקלון,
37324,אשקלון,רשל''צ משה דיין,אופקים-אופקים --> הרצליה-הרצליה,הרצליה,רכבת ישראל,אשקלון,
37324,אשקלון,בת ים אלי כהן - יוספטל,אופקים-אופקים --> הרצליה-הרצליה,הרצליה,רכבת ישראל,אשקלון,
37324,אשקלון,חולון וולפסון,אופקים-אופקים --> הרצליה-הרצליה,הרצליה,רכבת ישראל,אשקלון,
37324,אשקלון,תל אביב ההגנה,אופקים-אופקים --> הרצליה-הרצליה,הרצליה,רכבת ישראל,אשקלון,
37324,אשקלון,השלום,אופקים-אופקים --> הרצליה-הרצליה,הרצליה,רכבת ישראל,אשקלון,
37324,אשקלון,תל אביב מרכז,אופקים-אופקים --> הרצליה-הרצליה,הרצליה,רכבת ישראל,אשקלון,
37324,אשקלון,תל אביב האוניברסיטה - אקספו,אופקים-אופקים --> הרצליה-הרצליה,הרצליה,רכבת ישראל,אשקלון,
37324,אשקלון,בני ברק,אופקים-אופקים --> הרצליה-הרצליה,הרצליה,רכבת ישראל,אשקלון,
37324,אשקלון,קרית אריה,אופקים-אופקים --> הרצליה-הרצליה,הרצליה,רכבת ישראל,אשקלון,
37324,אשקלון,סגולה,אופקים-אופקים --> הרצליה-הרצליה,הרצליה,רכבת ישראל,אשקלון,
37324,אשקלון,ראש העין צפון,אופקים-אופקים --> הרצליה-הרצליה,הרצליה,רכבת ישראל,אשקלון,
37324,אשקלון,כפר סבא,אופקים-אופקים --> הרצליה-הרצליה,הרצליה,רכבת ישראל,אשקלון,
37324,אשקלון,הוד השרון,אופקים-אופקים --> הרצליה-הרצליה,הרצליה,רכבת ישראל,אשקלון,
37324,אשקלון,רעננה מערב,אופקים-אופקים --> הרצליה-הרצליה,הרצליה,רכבת ישראל,אשקלון,
37324,אשקלון,הרצליה,אופקים-אופקים --> הרצליה-הרצליה,הרצליה,רכבת ישראל,אשקלון,
37326,אשדוד עד הלום- מטרופול,יבנה מערב,אופקים-אופקים --> הרצליה-הרצליה,הרצליה,רכבת ישראל,אשדוד,
37326,אשדוד עד הלום- מטרופול,רשל''צ משה דיין,אופקים-אופקים --> הרצליה-הרצליה,הרצליה,רכבת ישראל,אשדוד,
37326,אשדוד עד הלום- מטרופול,בת ים אלי כהן - יוספטל,אופקים-אופקים --> הרצליה-הרצליה,הרצליה,רכבת ישראל,אשדוד,
37326,אשדוד עד הלום- מטרופול,חולון וולפסון,אופקים-אופקים --> הרצליה-הרצליה,הרצליה,רכבת ישראל,אשדוד,
37326,אשדוד עד הלום- מטרופול,תל אביב ההגנה,אופקים-אופקים --> הרצליה-הרצליה,הרצליה,רכבת ישראל,אשדוד,
37326,אשדוד עד הלום- מטרופול,השלום,אופקים-אופקים --> הרצליה-הרצליה,הרצליה,רכבת ישראל,אשדוד,
37326,אשדוד עד הלום- מטרופול,תל אביב מרכז,אופקים-אופקים --> הרצליה-הרצליה,הרצליה,רכבת ישראל,אשדוד,
37326,אשדוד עד הלום- מטרופול,תל אביב האוניברסיטה - אקספו,אופקים-אופקים --> הרצליה-הרצליה,הרצליה,רכבת ישראל,אשדוד,
37326,אשדוד עד הלום- מטרופול,בני ברק,אופקים-אופקים --> הרצליה-הרצליה,הרצליה,רכבת ישראל,אשדוד,
37326,אשדוד עד הלום- מטרופול,קרית אריה,אופקים-אופקים --> הרצליה-הרצליה,הרצליה,רכבת ישראל,אשדוד,
37326,אשדוד עד הלום- מטרופול,סגולה,אופקים-אופקים --> הרצליה-הרצליה,הרצליה,רכבת ישראל,אשדוד,
37326,אשדוד עד הלום- מטרופול,ראש העין צפון,אופקים-אופקים --> הרצליה-הרצליה,הרצליה,רכבת ישראל,אשדוד,
37326,אשדוד עד הלום- מטרופול,כפר סבא,אופקים-אופקים --> הרצליה-הרצליה,הרצליה,רכבת ישראל,אשדוד,
37326,אשדוד עד הלום- מטרופול,הוד השרון,אופקים-אופקים --> הרצליה-הרצליה,הרצליה,רכבת ישראל,אשדוד,
37326,אשדוד עד הלום- מטרופול,רעננה מערב,אופקים-אופקים --> הרצליה-הרצליה,הרצליה,רכבת ישראל,אשדוד,
37326,אשדוד עד הלום- מטרופול,הרצליה,אופקים-אופקים --> הרצליה-הרצליה,הרצליה,רכבת ישראל,אשדוד,
37300,יבנה מערב,רשל''צ משה דיין,אופקים-אופקים --> הרצליה-הרצליה,הרצליה,רכבת ישראל,יבנה,
37300,יבנה מערב,בת ים אלי כהן - יוספטל,אופקים-אופקים --> הרצליה-הרצליה,הרצליה,רכבת ישראל,יבנה,
37300,יבנה מערב,חולון וולפסון,אופקים-אופקים --> הרצליה-הרצליה,הרצליה,רכבת ישראל,יבנה,
37300,יבנה מערב,תל אביב ההגנה,אופקים-אופקים --> הרצליה-הרצליה,הרצליה,רכבת ישראל,יבנה,
37300,יבנה מערב,השלום,אופקים-אופקים --> הרצליה-הרצליה,הרצליה,רכבת ישראל,יבנה,
37300,יבנה מערב,תל אביב מרכז,אופקים-אופקים --> הרצליה-הרצליה,הרצליה,רכבת ישראל,יבנה,
37300,יבנה מערב,תל אביב האוניברסיטה - אקספו,אופקים-אופקים --> הרצליה-הרצליה,הרצליה,רכבת ישראל,יבנה,
37300,יבנה מערב,בני ברק,אופקים-אופקים --> הרצליה-הרצליה,הרצליה,רכבת ישראל,יבנה,
37300,יבנה מערב,קרית אריה,אופקים-אופקים --> הרצליה-הרצליה,הרצליה,רכבת ישראל,יבנה,
37300,יבנה מערב,סגולה,אופקים-אופקים --> הרצליה-הרצליה,הרצליה,רכבת ישראל,יבנה,
37300,יבנה מערב,ראש העין צפון,אופקים-אופקים --> הרצליה-הרצליה,הרצליה,רכבת ישראל,יבנה,
37300,יבנה מערב,כפר סבא,אופקים-אופקים --> הרצליה-הרצליה,הרצליה,רכבת ישראל,יבנה,
37300,יבנה מערב,הוד השרון,אופקים-אופקים --> הרצליה-הרצליה,הרצליה,רכבת ישראל,יבנה,
37300,יבנה מערב,רעננה מערב,אופקים-אופקים --> הרצליה-הרצליה,הרצליה,רכבת ישראל,יבנה,
37300,יבנה מערב,הרצליה,אופקים-אופקים --> הרצליה-הרצליה,הרצליה,רכבת ישראל,יבנה,
37294,רשל''צ משה דיין,בת ים אלי כהן - יוספטל,אופקים-אופקים --> הרצליה-הרצליה,הרצליה,רכבת ישראל,ראשון לציון,
37294,רשל''צ משה דיין,חולון וולפסון,אופקים-אופקים --> הרצליה-הרצליה,הרצליה,רכבת ישראל,ראשון לציון,
37294,רשל''צ משה דיין,תל אביב ההגנה,אופקים-אופקים --> הרצליה-הרצליה,הרצליה,רכבת ישראל,ראשון לציון,
37294,רשל''צ משה דיין,השלום,אופקים-אופקים --> הרצליה-הרצליה,הרצליה,רכבת ישראל,ראשון לציון,
37294,רשל''צ משה דיין,תל אביב מרכז,אופקים-אופקים --> הרצליה-הרצליה,הרצליה,רכבת ישראל,ראשון לציון,
37294,רשל''צ משה דיין,תל אביב האוניברסיטה - אקספו,אופקים-אופקים --> הרצליה-הרצליה,הרצליה,רכבת ישראל,ראשון לציון,
37294,רשל''צ משה דיין,בני ברק,אופקים-אופקים --> הרצליה-הרצליה,הרצליה,רכבת ישראל,ראשון לציון,
37294,רשל''צ משה דיין,קרית אריה,אופקים-אופקים --> הרצליה-הרצליה,הרצליה,רכבת ישראל,ראשון לציון,
37294,רשל''צ משה דיין,סגולה,אופקים-אופקים --> הרצליה-הרצליה,הרצליה,רכבת ישראל,ראשון לציון,
37294,רשל''צ משה דיין,ראש העין צפון,אופקים-אופקים --> הרצליה-הרצליה,הרצליה,רכבת ישראל,ראשון לציון,
37294,רשל''צ משה דיין,כפר סבא,אופקים-אופקים --> הרצליה-הרצליה,הרצליה,רכבת ישראל,ראשון לציון,
37294,רשל''צ משה דיין,הוד השרון,אופקים-אופקים --> הרצליה-הרצליה,הרצליה,רכבת ישראל,ראשון לציון,
37294,רשל''צ משה דיין,רעננה מערב,אופקים-אופקים --> הרצליה-הרצליה,הרצליה,רכבת ישראל,ראשון לציון,
37294,רשל''צ משה דיין,הרצליה,אופקים-אופקים --> הרצליה-הרצליה,הרצליה,רכבת ישראל,ראשון לציון,
37344,בת ים אלי כהן - יוספטל,חולון וולפסון,אופקים-אופקים --> הרצליה-הרצליה,הרצליה,רכבת ישראל,בת ים,
37344,בת ים אלי כהן - יוספטל,תל אביב ההגנה,אופקים-אופקים --> הרצליה-הרצליה,הרצליה,רכבת ישראל,בת ים,
37344,בת ים אלי כהן - יוספטל,השלום,אופקים-אופקים --> הרצליה-הרצליה,הרצליה,רכבת ישראל,בת ים,
37344,בת ים אלי כהן - יוספטל,תל אביב מרכז,אופקים-אופקים --> הרצליה-הרצליה,הרצליה,רכבת ישראל,בת ים,
37344,בת ים אלי כהן - יוספטל,תל אביב האוניברסיטה - אקספו,אופקים-אופקים --> הרצליה-הרצליה,הרצליה,רכבת ישראל,בת ים,
37344,בת ים אלי כהן - יוספטל,בני ברק,אופקים-אופקים --> הרצליה-הרצליה,הרצליה,רכבת ישראל,בת ים,
37344,בת ים אלי כהן - יוספטל,קרית אריה,אופקים-אופקים --> הרצליה-הרצליה,הרצליה,רכבת ישראל,בת ים,
37344,בת ים אלי כהן - יוספטל,סגולה,אופקים-אופקים --> הרצליה-הרצליה,הרצליה,רכבת ישראל,בת ים,
37344,בת ים אלי כהן - יוספטל,ראש העין צפון,אופקים-אופקים --> הרצליה-הרצליה,הרצליה,רכבת ישראל,בת ים,
37344,בת ים אלי כהן - יוספטל,כפר סבא,אופקים-אופקים --> הרצליה-הרצליה,הרצליה,רכבת ישראל,בת ים,
37344,בת ים אלי כהן - יוספטל,הוד השרון,אופקים-אופקים --> הרצליה-הרצליה,הרצליה,רכבת ישראל,בת ים,
37344,בת ים אלי כהן - יוספטל,רעננה מערב,אופקים-אופקים --> הרצליה-הרצליה,הרצליה,רכבת ישראל,בת ים,
37344,בת ים אלי כהן - יוספטל,הרצליה,אופקים-אופקים --> הרצליה-הרצליה,הרצליה,רכבת ישראל,בת ים,
37346,חולון וולפסון,תל אביב ההגנה,אופקים-אופקים --> הרצליה-הרצליה,הרצליה,רכבת ישראל,חולון,
37346,חולון וולפסון,השלום,אופקים-אופקים --> הרצליה-הרצליה,הרצליה,רכבת ישראל,חולון,
37346,חולון וולפסון,תל אביב מרכז,אופקים-אופקים --> הרצליה-הרצליה,הרצליה,רכבת ישראל,חולון,
37346,חולון וולפסון,תל אביב האוניברסיטה - אקספו,אופקים-אופקים --> הרצליה-הרצליה,הרצליה,רכבת ישראל,חולון,
37346,חולון וולפסון,בני ברק,אופקים-אופקים --> הרצליה-הרצליה,הרצליה,רכבת ישראל,חולון,
37346,חולון וולפסון,קרית אריה,אופקים-אופקים --> הרצליה-הרצליה,הרצליה,רכבת ישראל,חולון,
37346,חולון וולפסון,סגולה,אופקים-אופקים --> הרצליה-הרצליה,הרצליה,רכבת ישראל,חולון,
37346,חולון וולפסון,ראש העין צפון,אופקים-אופקים --> הרצליה-הרצליה,הרצליה,רכבת ישראל,חולון,
37346,חולון וולפסון,כפר סבא,אופקים-אופקים --> הרצליה-הרצליה,הרצליה,רכבת ישראל,חולון,
37346,חולון וולפסון,הוד השרון,אופקים-אופקים --> הרצליה-הרצליה,הרצליה,רכבת ישראל,חולון,
37346,חולון וולפסון,רעננה מערב,אופקים-אופקים --> הרצליה-הרצליה,הרצליה,רכבת ישראל,חולון,
37346,חולון וולפסון,הרצליה,אופקים-אופקים --> הרצליה-הרצליה,הרצליה,רכבת ישראל,חולון,
37292,תל אביב ההגנה,השלום,אופקים-אופקים --> הרצליה-הרצליה,הרצליה,רכבת ישראל,תל אביב יפו,
37292,תל אביב ההגנה,תל אביב מרכז,אופקים-אופקים --> הרצליה-הרצליה,הרצליה,רכבת ישראל,תל אביב יפו,
37292,תל אביב ההגנה,תל אביב האוניברסיטה - אקספו,אופקים-אופקים --> הרצליה-הרצליה,הרצליה,רכבת ישראל,תל אביב יפו,
37292,תל אביב ההגנה,בני ברק,אופקים-אופקים --> הרצליה-הרצליה,הרצליה,רכבת ישראל,תל אביב יפו,
37292,תל אביב ההגנה,קרית אריה,אופקים-אופקים --> הרצליה-הרצליה,הרצליה,רכבת ישראל,תל אביב יפו,
37292,תל אביב ההגנה,סגולה,אופקים-אופקים --> הרצליה-הרצליה,הרצליה,רכבת ישראל,תל אביב יפו,
37292,תל אביב ההגנה,ראש העין צפון,אופקים-אופקים --> הרצליה-הרצליה,הרצליה,רכבת ישראל,תל אביב יפו,
37292,תל אביב ההגנה,כפר סבא,אופקים-אופקים --> הרצליה-הרצליה,הרצליה,רכבת ישראל,תל אביב יפו,
37292,תל אביב ההגנה,הוד השרון,אופקים-אופקים --> הרצליה-הרצליה,הרצליה,רכבת ישראל,תל אביב יפו,
37292,תל אביב ההגנה,רעננה מערב,אופקים-אופקים --> הרצליה-הרצליה,הרצליה,רכבת ישראל,תל אביב יפו,
37292,תל אביב ההגנה,הרצליה,אופקים-אופקים --> הרצליה-הרצליה,הרצליה,רכבת ישראל,תל אביב יפו,
37350,השלום,תל אביב מרכז,אופקים-אופקים --> הרצליה-הרצליה,הרצליה,רכבת ישראל,תל אביב יפו,
37350,השלום,תל אביב האוניברסיטה - אקספו,אופקים-אופקים --> הרצליה-הרצליה,הרצליה,רכבת ישראל,תל אביב יפו,
37350,השלום,בני ברק,אופקים-אופקים --> הרצליה-הרצליה,הרצליה,רכבת ישראל,תל אביב יפו,
37350,השלום,קרית אריה,אופקים-אופקים --> הרצליה-הרצליה,הרצליה,רכבת ישראל,תל אביב יפו,
37350,השלום,סגולה,אופקים-אופקים --> הרצליה-הרצליה,הרצליה,רכבת ישראל,תל אביב יפו,
37350,השלום,ראש העין צפון,אופקים-אופקים --> הרצליה-הרצליה,הרצליה,רכבת ישראל,תל אביב יפו,
37350,השלום,כפר סבא,אופקים-אופקים --> הרצליה-הרצליה,הרצליה,רכבת ישראל,תל אביב יפו,
37350,השלום,הוד השרון,אופקים-אופקים --> הרצליה-הרצליה,הרצליה,רכבת ישראל,תל אביב יפו,
37350,השלום,רעננה מערב,אופקים-אופקים --> הרצליה-הרצליה,הרצליה,רכבת ישראל,תל אביב יפו,
37350,השלום,הרצליה,אופקים-אופקים --> הרצליה-הרצליה,הרצליה,רכבת ישראל,תל אביב יפו,
37358,תל אביב מרכז,תל אביב האוניברסיטה - אקספו,אופקים-אופקים --> הרצליה-הרצליה,הרצליה,רכבת ישראל,תל אביב יפו,
37358,תל אביב מרכז,בני ברק,אופקים-אופקים --> הרצליה-הרצליה,הרצליה,רכבת ישראל,תל אביב יפו,
37358,תל אביב מרכז,קרית אריה,אופקים-אופקים --> הרצליה-הרצליה,הרצליה,רכבת ישראל,תל אביב יפו,
37358,תל אביב מרכז,סגולה,אופקים-אופקים --> הרצליה-הרצליה,הרצליה,רכבת ישראל,תל אביב יפו,
37358,תל אביב מרכז,ראש העין צפון,אופקים-אופקים --> הרצליה-הרצליה,הרצליה,רכבת ישראל,תל אביב יפו,
37358,תל אביב מרכז,כפר סבא,אופקים-אופקים --> הרצליה-הרצליה,הרצליה,רכבת ישראל,תל אביב יפו,
37358,תל אביב מרכז,הוד השרון,אופקים-אופקים --> הרצליה-הרצליה,הרצליה,רכבת ישראל,תל אביב יפו,
37358,תל אביב מרכז,רעננה מערב,אופקים-אופקים --> הרצליה-הרצליה,הרצליה,רכבת ישראל,תל אביב יפו,
37358,תל אביב מרכז,הרצליה,אופקים-אופקים --> הרצליה-הרצליה,הרצליה,רכבת ישראל,תל אביב יפו,
37360,תל אביב האוניברסיטה - אקספו,בני ברק,אופקים-אופקים --> הרצליה-הרצליה,הרצליה,רכבת ישראל,תל אביב יפו,
37360,תל אביב האוניברסיטה - אקספו,קרית אריה,אופקים-אופקים --> הרצליה-הרצליה,הרצליה,רכבת ישראל,תל אביב יפו,
37360,תל אביב האוניברסיטה - אקספו,סגולה,אופקים-אופקים --> הרצליה-הרצליה,הרצליה,רכבת ישראל,תל אביב יפו,
37360,תל אביב האוניברסיטה - אקספו,ראש העין צפון,אופקים-אופקים --> הרצליה-הרצליה,הרצליה,רכבת ישראל,תל אביב יפו,
37360,תל אביב האוניברסיטה - אקספו,כפר סבא,אופקים-אופקים --> הרצליה-הרצליה,הרצליה,רכבת ישראל,תל אביב יפו,
37360,תל אביב האוניברסיטה - אקספו,הוד השרון,אופקים-אופקים --> הרצליה-הרצליה,הרצליה,רכבת ישראל,תל אביב יפו,
37360,תל אביב האוניברסיטה - אקספו,רעננה מערב,אופקים-אופקים --> הרצליה-הרצליה,הרצליה,רכבת ישראל,תל אביב יפו,
37360,תל אביב האוניברסיטה - אקספו,הרצליה,אופקים-אופקים --> הרצליה-הרצליה,הרצליה,רכבת ישראל,תל אביב יפו,
37356,בני ברק,קרית אריה,אופקים-אופקים --> הרצליה-הרצליה,הרצליה,רכבת ישראל,בני ברק,
37356,בני ברק,סגולה,אופקים-אופקים --> הרצליה-הרצליה,הרצליה,רכבת ישראל,בני ברק,
37356,בני ברק,ראש העין צפון,אופקים-אופקים --> הרצליה-הרצליה,הרצליה,רכבת ישראל,בני ברק,
37356,בני ברק,כפר סבא,אופקים-אופקים --> הרצליה-הרצליה,הרצליה,רכבת ישראל,בני ברק,
37356,בני ברק,הוד השרון,אופקים-אופקים --> הרצליה-הרצליה,הרצליה,רכבת ישראל,בני ברק,
37356,בני ברק,רעננה מערב,אופקים-אופקים --> הרצליה-הרצליה,הרצליה,רכבת ישראל,בני ברק,
37356,בני ברק,הרצליה,אופקים-אופקים --> הרצליה-הרצליה,הרצליה,רכבת ישראל,בני ברק,
37354,קרית אריה,סגולה,אופקים-אופקים --> הרצליה-הרצליה,הרצליה,רכבת ישראל,פתח תקווה,
37354,קרית אריה,ראש העין צפון,אופקים-אופקים --> הרצליה-הרצליה,הרצליה,רכבת ישראל,פתח תקווה,
37354,קרית אריה,כפר סבא,אופקים-אופקים --> הרצליה-הרצליה,הרצליה,רכבת ישראל,פתח תקווה,
37354,קרית אריה,הוד השרון,אופקים-אופקים --> הרצליה-הרצליה,הרצליה,רכבת ישראל,פתח תקווה,
37354,קרית אריה,רעננה מערב,אופקים-אופקים --> הרצליה-הרצליה,הרצליה,רכבת ישראל,פתח תקווה,
37354,קרית אריה,הרצליה,אופקים-אופקים --> הרצליה-הרצליה,הרצליה,רכבת ישראל,פתח תקווה,
37352,סגולה,ראש העין צפון,אופקים-אופקים --> הרצליה-הרצליה,הרצליה,רכבת ישראל,פתח תקווה,
37352,סגולה,כפר סבא,אופקים-אופקים --> הרצליה-הרצליה,הרצליה,רכבת ישראל,פתח תקווה,
37352,סגולה,הוד השרון,אופקים-אופקים --> הרצליה-הרצליה,הרצליה,רכבת ישראל,פתח תקווה,
37352,סגולה,רעננה מערב,אופקים-אופקים --> הרצליה-הרצליה,הרצליה,רכבת ישראל,פתח תקווה,
37352,סגולה,הרצליה,אופקים-אופקים --> הרצליה-הרצליה,הרצליה,רכבת ישראל,פתח תקווה,
37302,ראש העין צפון,כפר סבא,אופקים-אופקים --> הרצליה-הרצליה,הרצליה,רכבת ישראל,ראש העין,
37302,ראש העין צפון,הוד השרון,אופקים-אופקים --> הרצליה-הרצליה,הרצליה,רכבת ישראל,ראש העין,
37302,ראש העין צפון,רעננה מערב,אופקים-אופקים --> הרצליה-הרצליה,הרצליה,רכבת ישראל,ראש העין,
37302,ראש העין צפון,הרצליה,אופקים-אופקים --> הרצליה-הרצליה,הרצליה,רכבת ישראל,ראש העין,
37304,כפר סבא,הוד השרון,אופקים-אופקים --> הרצליה-הרצליה,הרצליה,רכבת ישראל,כפר סבא,
37304,כפר סבא,רעננה מערב,אופקים-אופקים --> הרצליה-הרצליה,הרצליה,רכבת ישראל,כפר סבא,
37304,כפר סבא,הרצליה,אופקים-אופקים --> הרצליה-הרצליה,הרצליה,רכבת ישראל,כפר סבא,
37296,הוד השרון,רעננה מערב,אופקים-אופקים --> הרצליה-הרצליה,הרצליה,רכבת ישראל,הוד השרון,
37296,הוד השרון,הרצליה,אופקים-אופקים --> הרצליה-הרצליה,הרצליה,רכבת ישראל,הוד השרון,
42417,רעננה מערב,הרצליה,אופקים-אופקים --> הרצליה-הרצליה,הרצליה,רכבת ישראל,רעננה,
37358,תל אביב מרכז,חולון וולפסון,תל אביב מרכז-תל אביב יפו --> באר שבע מרכז-באר שבע,באר שבע מרכז,רכבת ישראל,תל אביב יפו,
37358,תל אביב מרכז,בת ים אלי כהן - יוספטל,תל אביב מרכז-תל אביב יפו --> באר שבע מרכז-באר שבע,באר שבע מרכז,רכבת ישראל,תל אביב יפו,
37358,תל אביב מרכז,רשל''צ משה דיין,תל אביב מרכז-תל אביב יפו --> באר שבע מרכז-באר שבע,באר שבע מרכז,רכבת ישראל,תל אביב יפו,
37358,תל אביב מרכז,יבנה מערב,תל אביב מרכז-תל אביב יפו --> באר שבע מרכז-באר שבע,באר שבע מרכז,רכבת ישראל,תל אביב יפו,
37358,תל אביב מרכז,אשדוד עד הלום- מטרופול,תל אביב מרכז-תל אביב יפו --> באר שבע מרכז-באר שבע,באר שבע מרכז,רכבת ישראל,תל אביב יפו,
37358,תל אביב מרכז,אשקלון,תל אביב מרכז-תל אביב יפו --> באר שבע מרכז-באר שבע,באר שבע מרכז,רכבת ישראל,תל אביב יפו,
37358,תל אביב מרכז,שדרות,תל אביב מרכז-תל אביב יפו --> באר שבע מרכז-באר שבע,באר שבע מרכז,רכבת ישראל,תל אביב יפו,
37358,תל אביב מרכז,נתיבות,תל אביב מרכז-תל אביב יפו --> באר שבע מרכז-באר שבע,באר שבע מרכז,רכבת ישראל,תל אביב יפו,
37358,תל אביב מרכז,אופקים,תל אביב מרכז-תל אביב יפו --> באר שבע מרכז-באר שבע,באר שבע מרכז,רכבת ישראל,תל אביב יפו,
37358,תל אביב מרכז,באר שבע צפון,תל אביב מרכז-תל אביב יפו --> באר שבע מרכז-באר שבע,באר שבע מרכז,רכבת ישראל,תל אביב יפו,
37358,תל אביב מרכז,באר שבע מרכז,תל אביב מרכז-תל אביב יפו --> באר שבע מרכז-באר שבע,באר שבע מרכז,רכבת ישראל,תל אביב יפו,
37350,השלום,חולון וולפסון,תל אביב מרכז-תל אביב יפו --> באר שבע מרכז-באר שבע,באר שבע מרכז,רכבת ישראל,תל אביב יפו,
37350,השלום,בת ים אלי כהן - יוספטל,תל אביב מרכז-תל אביב יפו --> באר שבע מרכז-באר שבע,באר שבע מרכז,רכבת ישראל,תל אביב יפו,
37350,השלום,רשל''צ משה דיין,תל אביב מרכז-תל אביב יפו --> באר שבע מרכז-באר שבע,באר שבע מרכז,רכבת ישראל,תל אביב יפו,
37350,השלום,יבנה מערב,תל אביב מרכז-תל אביב יפו --> באר שבע מרכז-באר שבע,באר שבע מרכז,רכבת ישראל,תל אביב יפו,
37350,השלום,אשדוד עד הלום- מטרופול,תל אביב מרכז-תל אביב יפו --> באר שבע מרכז-באר שבע,באר שבע מרכז,רכבת ישראל,תל אביב יפו,
37350,השלום,אשקלון,תל אביב מרכז-תל אביב יפו --> באר שבע מרכז-באר שבע,באר שבע מרכז,רכבת ישראל,תל אביב יפו,
37350,השלום,שדרות,תל אביב מרכז-תל אביב יפו --> באר שבע מרכז-באר שבע,באר שבע מרכז,רכבת ישראל,תל אביב יפו,
37350,השלום,נתיבות,תל אביב מרכז-תל אביב יפו --> באר שבע מרכז-באר שבע,באר שבע מרכז,רכבת ישראל,תל אביב יפו,
37350,השלום,אופקים,תל אביב מרכז-תל אביב יפו --> באר שבע מרכז-באר שבע,באר שבע מרכז,רכבת ישראל,תל אביב יפו,
37350,השלום,באר שבע צפון,תל אביב מרכז-תל אביב יפו --> באר שבע מרכז-באר שבע,באר שבע מרכז,רכבת ישראל,תל אביב יפו,
37350,השלום,באר שבע מרכז,תל אביב מרכז-תל אביב יפו --> באר שבע מרכז-באר שבע,באר שבע מרכז,רכבת ישראל,תל אביב יפו,
37292,תל אביב ההגנה,חולון וולפסון,תל אביב מרכז-תל אביב יפו --> באר שבע מרכז-באר שבע,באר שבע מרכז,רכבת ישראל,תל אביב יפו,
37292,תל אביב ההגנה,בת ים אלי כהן - יוספטל,תל אביב מרכז-תל אביב יפו --> באר שבע מרכז-באר שבע,באר שבע מרכז,רכבת ישראל,תל אביב יפו,
37292,תל אביב ההגנה,רשל''צ משה דיין,תל אביב מרכז-תל אביב יפו --> באר שבע מרכז-באר שבע,באר שבע מרכז,רכבת ישראל,תל אביב יפו,
37292,תל אביב ההגנה,יבנה מערב,תל אביב מרכז-תל אביב יפו --> באר שבע מרכז-באר שבע,באר שבע מרכז,רכבת ישראל,תל אביב יפו,
37292,תל אביב ההגנה,אשדוד עד הלום- מטרופול,תל אביב מרכז-תל אביב יפו --> באר שבע מרכז-באר שבע,באר שבע מרכז,רכבת ישראל,תל אביב יפו,
37292,תל אביב ההגנה,אשקלון,תל אביב מרכז-תל אביב יפו --> באר שבע מרכז-באר שבע,באר שבע מרכז,רכבת ישראל,תל אביב יפו,
37292,תל אביב ההגנה,שדרות,תל אביב מרכז-תל אביב יפו --> באר שבע מרכז-באר שבע,באר שבע מרכז,רכבת ישראל,תל אביב יפו,
37292,תל אביב ההגנה,נתיבות,תל אביב מרכז-תל אביב יפו --> באר שבע מרכז-באר שבע,באר שבע מרכז,רכבת ישראל,תל אביב יפו,
37292,תל אביב ההגנה,אופקים,תל אביב מרכז-תל אביב יפו --> באר שבע מרכז-באר שבע,באר שבע מרכז,רכבת ישראל,תל אביב יפו,
37292,תל אביב ההגנה,באר שבע צפון,תל אביב מרכז-תל אביב יפו --> באר שבע מרכז-באר שבע,באר שבע מרכז,רכבת ישראל,תל אביב יפו,
37292,תל אביב ההגנה,באר שבע מרכז,תל אביב מרכז-תל אביב יפו --> באר שבע מרכז-באר שבע,באר שבע מרכז,רכבת ישראל,תל אביב יפו,
37346,חולון וולפסון,בת ים אלי כהן - יוספטל,תל אביב מרכז-תל אביב יפו --> באר שבע מרכז-באר שבע,באר שבע מרכז,רכבת ישראל,חולון,
37346,חולון וולפסון,רשל''צ משה דיין,תל אביב מרכז-תל אביב יפו --> באר שבע מרכז-באר שבע,באר שבע מרכז,רכבת ישראל,חולון,
37346,חולון וולפסון,יבנה מערב,תל אביב מרכז-תל אביב יפו --> באר שבע מרכז-באר שבע,באר שבע מרכז,רכבת ישראל,חולון,
37346,חולון וולפסון,אשדוד עד הלום- מטרופול,תל אביב מרכז-תל אביב יפו --> באר שבע מרכז-באר שבע,באר שבע מרכז,רכבת ישראל,חולון,
37346,חולון וולפסון,אשקלון,תל אביב מרכז-תל אביב יפו --> באר שבע מרכז-באר שבע,באר שבע מרכז,רכבת ישראל,חולון,
37346,חולון וולפסון,שדרות,תל אביב מרכז-תל אביב יפו --> באר שבע מרכז-באר שבע,באר שבע מרכז,רכבת ישראל,חולון,
37346,חולון וולפסון,נתיבות,תל אביב מרכז-תל אביב יפו --> באר שבע מרכז-באר שבע,באר שבע מרכז,רכבת ישראל,חולון,
37346,חולון וולפסון,אופקים,תל אביב מרכז-תל אביב יפו --> באר שבע מרכז-באר שבע,באר שבע מרכז,רכבת ישראל,חולון,
37346,חולון וולפסון,באר שבע צפון,תל אביב מרכז-תל אביב יפו --> באר שבע מרכז-באר שבע,באר שבע מרכז,רכבת ישראל,חולון,
37346,חולון וולפסון,באר שבע מרכז,תל אביב מרכז-תל אביב יפו --> באר שבע מרכז-באר שבע,באר שבע מרכז,רכבת ישראל,חולון,
37344,בת ים אלי כהן - יוספטל,רשל''צ משה דיין,תל אביב מרכז-תל אביב יפו --> באר שבע מרכז-באר שבע,באר שבע מרכז,רכבת ישראל,בת ים,
37344,בת ים אלי כהן - יוספטל,יבנה מערב,תל אביב מרכז-תל אביב יפו --> באר שבע מרכז-באר שבע,באר שבע מרכז,רכבת ישראל,בת ים,
37344,בת ים אלי כהן - יוספטל,אשדוד עד הלום- מטרופול,תל אביב מרכז-תל אביב יפו --> באר שבע מרכז-באר שבע,באר שבע מרכז,רכבת ישראל,בת ים,
37344,בת ים אלי כהן - יוספטל,אשקלון,תל אביב מרכז-תל אביב יפו --> באר שבע מרכז-באר שבע,באר שבע מרכז,רכבת ישראל,בת ים,
37344,בת ים אלי כהן - יוספטל,שדרות,תל אביב מרכז-תל אביב יפו --> באר שבע מרכז-באר שבע,באר שבע מרכז,רכבת ישראל,בת ים,
37344,בת ים אלי כהן - יוספטל,נתיבות,תל אביב מרכז-תל אביב יפו --> באר שבע מרכז-באר שבע,באר שבע מרכז,רכבת ישראל,בת ים,
37344,בת ים אלי כהן - יוספטל,אופקים,תל אביב מרכז-תל אביב יפו --> באר שבע מרכז-באר שבע,באר שבע מרכז,רכבת ישראל,בת ים,
37344,בת ים אלי כהן - יוספטל,באר שבע צפון,תל אביב מרכז-תל אביב יפו --> באר שבע מרכז-באר שבע,באר שבע מרכז,רכבת ישראל,בת ים,
37344,בת ים אלי כהן - יוספטל,באר שבע מרכז,תל אביב מרכז-תל אביב יפו --> באר שבע מרכז-באר שבע,באר שבע מרכז,רכבת ישראל,בת ים,
37294,רשל''צ משה דיין,יבנה מערב,תל אביב מרכז-תל אביב יפו --> באר שבע מרכז-באר שבע,באר שבע מרכז,רכבת ישראל,ראשון לציון,
37294,רשל''צ משה דיין,אשדוד עד הלום- מטרופול,תל אביב מרכז-תל אביב יפו --> באר שבע מרכז-באר שבע,באר שבע מרכז,רכבת ישראל,ראשון לציון,
37294,רשל''צ משה דיין,אשקלון,תל אביב מרכז-תל אביב יפו --> באר שבע מרכז-באר שבע,באר שבע מרכז,רכבת ישראל,ראשון לציון,
37294,רשל''צ משה דיין,שדרות,תל אביב מרכז-תל אביב יפו --> באר שבע מרכז-באר שבע,באר שבע מרכז,רכבת ישראל,ראשון לציון,
37294,רשל''צ משה דיין,נתיבות,תל אביב מרכז-תל אביב יפו --> באר שבע מרכז-באר שבע,באר שבע מרכז,רכבת ישראל,ראשון לציון,
37294,רשל''צ משה דיין,אופקים,תל אביב מרכז-תל אביב יפו --> באר שבע מרכז-באר שבע,באר שבע מרכז,רכבת ישראל,ראשון לציון,
37294,רשל''צ משה דיין,באר שבע צפון,תל אביב מרכז-תל אביב יפו --> באר שבע מרכז-באר שבע,באר שבע מרכז,רכבת ישראל,ראשון לציון,
37294,רשל''צ משה דיין,באר שבע מרכז,תל אביב מרכז-תל אביב יפו --> באר שבע מרכז-באר שבע,באר שבע מרכז,רכבת ישראל,ראשון לציון,
37300,יבנה מערב,אשדוד עד הלום- מטרופול,תל אביב מרכז-תל אביב יפו --> באר שבע מרכז-באר שבע,באר שבע מרכז,רכבת ישראל,יבנה,
37300,יבנה מערב,אשקלון,תל אביב מרכז-תל אביב יפו --> באר שבע מרכז-באר שבע,באר שבע מרכז,רכבת ישראל,יבנה,
37300,יבנה מערב,שדרות,תל אביב מרכז-תל אביב יפו --> באר שבע מרכז-באר שבע,באר שבע מרכז,רכבת ישראל,יבנה,
37300,יבנה מערב,נתיבות,תל אביב מרכז-תל אביב יפו --> באר שבע מרכז-באר שבע,באר שבע מרכז,רכבת ישראל,יבנה,
37300,יבנה מערב,אופקים,תל אביב מרכז-תל אביב יפו --> באר שבע מרכז-באר שבע,באר שבע מרכז,רכבת ישראל,יבנה,
37300,יבנה מערב,באר שבע צפון,תל אביב מרכז-תל אביב יפו --> באר שבע מרכז-באר שבע,באר שבע מרכז,רכבת ישראל,יבנה,
37300,יבנה מערב,באר שבע מרכז,תל אביב מרכז-תל אביב יפו --> באר שבע מרכז-באר שבע,באר שבע מרכז,רכבת ישראל,יבנה,
37326,אשדוד עד הלום- מטרופול,אשקלון,תל אביב מרכז-תל אביב יפו --> באר שבע מרכז-באר שבע,באר שבע מרכז,רכבת ישראל,אשדוד,
37326,אשדוד עד הלום- מטרופול,שדרות,תל אביב מרכז-תל אביב יפו --> באר שבע מרכז-באר שבע,באר שבע מרכז,רכבת ישראל,אשדוד,
37326,אשדוד עד הלום- מטרופול,נתיבות,תל אביב מרכז-תל אביב יפו --> באר שבע מרכז-באר שבע,באר שבע מרכז,רכבת ישראל,אשדוד,
37326,אשדוד עד הלום- מטרופול,אופקים,תל אביב מרכז-תל אביב יפו --> באר שבע מרכז-באר שבע,באר שבע מרכז,רכבת ישראל,אשדוד,
37326,אשדוד עד הלום- מטרופול,באר שבע צפון,תל אביב מרכז-תל אביב יפו --> באר שבע מרכז-באר שבע,באר שבע מרכז,רכבת ישראל,אשדוד,
37326,אשדוד עד הלום- מטרופול,באר שבע מרכז,תל אביב מרכז-תל אביב יפו --> באר שבע מרכז-באר שבע,באר שבע מרכז,רכבת ישראל,אשדוד,
37324,אשקלון,שדרות,תל אביב מרכז-תל אביב יפו --> באר שבע מרכז-באר שבע,באר שבע מרכז,רכבת ישראל,אשקלון,
37324,אשקלון,נתיבות,תל אביב מרכז-תל אביב יפו --> באר שבע מרכז-באר שבע,באר שבע מרכז,רכבת ישראל,אשקלון,
37324,אשקלון,אופקים,תל אביב מרכז-תל אביב יפו --> באר שבע מרכז-באר שבע,באר שבע מרכז,רכבת ישראל,אשקלון,
37324,אשקלון,באר שבע צפון,תל אביב מרכז-תל אביב יפו --> באר שבע מרכז-באר שבע,באר שבע מרכז,רכבת ישראל,אשקלון,
37324,אשקלון,באר שבע מרכז,תל אביב מרכז-תל אביב יפו --> באר שבע מרכז-באר שבע,באר שבע מרכז,רכבת ישראל,אשקלון,
37290,שדרות,נתיבות,תל אביב מרכז-תל אביב יפו --> באר שבע מרכז-באר שבע,באר שבע מרכז,רכבת ישראל,שדרות,
37290,שדרות,אופקים,תל אביב מרכז-תל אביב יפו --> באר שבע מרכז-באר שבע,באר שבע מרכז,רכבת ישראל,שדרות,
37290,שדרות,באר שבע צפון,תל אביב מרכז-תל אביב יפו --> באר שבע מרכז-באר שבע,באר שבע מרכז,רכבת ישראל,שדרות,
37290,שדרות,באר שבע מרכז,תל אביב מרכז-תל אביב יפו --> באר שבע מרכז-באר שבע,באר שבע מרכז,רכבת ישראל,שדרות,
38643,נתיבות,אופקים,תל אביב מרכז-תל אביב יפו --> באר שבע מרכז-באר שבע,באר שבע מרכז,רכבת ישראל,נתיבות,
38643,נתיבות,באר שבע צפון,תל אביב מרכז-תל אביב יפו --> באר שבע מרכז-באר שבע,באר שבע מרכז,רכבת ישראל,נתיבות,
38643,נתיבות,באר שבע מרכז,תל אביב מרכז-תל אביב יפו --> באר שבע מרכז-באר שבע,באר שבע מרכז,רכבת ישראל,נתיבות,
39260,אופקים,באר שבע צפון,תל אביב מרכז-תל אביב יפו --> באר שבע מרכז-באר שבע,באר שבע מרכז,רכבת ישראל,אופקים,
39260,אופקים,באר שבע מרכז,תל אביב מרכז-תל אביב יפו --> באר שבע מרכז-באר שבע,באר שבע מרכז,רכבת ישראל,אופקים,
37314,באר שבע צפון,באר שבע מרכז,תל אביב מרכז-תל אביב יפו --> באר שבע מרכז-באר שבע,באר שבע מרכז,רכבת ישראל,באר שבע,
37312,באר שבע מרכז,רעננה מערב,באר שבע מרכז-באר שבע --> הרצליה-הרצליה,הרצליה,רכבת ישראל,באר שבע,
37312,באר שבע מרכז,הרצליה,באר שבע מרכז-באר שבע --> הרצליה-הרצליה,הרצליה,רכבת ישראל,באר שבע,
37314,באר שבע צפון,רעננה מערב,באר שבע מרכז-באר שבע --> הרצליה-הרצליה,הרצליה,רכבת ישראל,באר שבע,
37314,באר שבע צפון,הרצליה,באר שבע מרכז-באר שבע --> הרצליה-הרצליה,הרצליה,רכבת ישראל,באר שבע,
39260,אופקים,רעננה מערב,באר שבע מרכז-באר שבע --> הרצליה-הרצליה,הרצליה,רכבת ישראל,אופקים,
39260,אופקים,הרצליה,באר שבע מרכז-באר שבע --> הרצליה-הרצליה,הרצליה,רכבת ישראל,אופקים,
38643,נתיבות,רעננה מערב,באר שבע מרכז-באר שבע --> הרצליה-הרצליה,הרצליה,רכבת ישראל,נתיבות,
38643,נתיבות,הרצליה,באר שבע מרכז-באר שבע --> הרצליה-הרצליה,הרצליה,רכבת ישראל,נתיבות,
37290,שדרות,רעננה מערב,באר שבע מרכז-באר שבע --> הרצליה-הרצליה,הרצליה,רכבת ישראל,שדרות,
37290,שדרות,הרצליה,באר שבע מרכז-באר שבע --> הרצליה-הרצליה,הרצליה,רכבת ישראל,שדרות,
37324,אשקלון,רעננה מערב,באר שבע מרכז-באר שבע --> הרצליה-הרצליה,הרצליה,רכבת ישראל,אשקלון,
37324,אשקלון,הרצליה,באר שבע מרכז-באר שבע --> הרצליה-הרצליה,הרצליה,רכבת ישראל,אשקלון,
37326,אשדוד עד הלום- מטרופול,רעננה מערב,באר שבע מרכז-באר שבע --> הרצליה-הרצליה,הרצליה,רכבת ישראל,אשדוד,
37326,אשדוד עד הלום- מטרופול,הרצליה,באר שבע מרכז-באר שבע --> הרצליה-הרצליה,הרצליה,רכבת ישראל,אשדוד,
37300,יבנה מערב,רעננה מערב,באר שבע מרכז-באר שבע --> הרצליה-הרצליה,הרצליה,רכבת ישראל,יבנה,
37300,יבנה מערב,הרצליה,באר שבע מרכז-באר שבע --> הרצליה-הרצליה,הרצליה,רכבת ישראל,יבנה,
37294,רשל''צ משה דיין,רעננה מערב,באר שבע מרכז-באר שבע --> הרצליה-הרצליה,הרצליה,רכבת ישראל,ראשון לציון,
37294,רשל''צ משה דיין,הרצליה,באר שבע מרכז-באר שבע --> הרצליה-הרצליה,הרצליה,רכבת ישראל,ראשון לציון,
37344,בת ים אלי כהן - יוספטל,רעננה מערב,באר שבע מרכז-באר שבע --> הרצליה-הרצליה,הרצליה,רכבת ישראל,בת ים,
37344,בת ים אלי כהן - יוספטל,הרצליה,באר שבע מרכז-באר שבע --> הרצליה-הרצליה,הרצליה,רכבת ישראל,בת ים,
37346,חולון וולפסון,רעננה מערב,באר שבע מרכז-באר שבע --> הרצליה-הרצליה,הרצליה,רכבת ישראל,חולון,
37346,חולון וולפסון,הרצליה,באר שבע מרכז-באר שבע --> הרצליה-הרצליה,הרצליה,רכבת ישראל,חולון,
37292,תל אביב ההגנה,רעננה מערב,באר שבע מרכז-באר שבע --> הרצליה-הרצליה,הרצליה,רכבת ישראל,תל אביב יפו,
37292,תל אביב ההגנה,הרצליה,באר שבע מרכז-באר שבע --> הרצליה-הרצליה,הרצליה,רכבת ישראל,תל אביב יפו,
37350,השלום,רעננה מערב,באר שבע מרכז-באר שבע --> הרצליה-הרצליה,הרצליה,רכבת ישראל,תל אביב יפו,
37350,השלום,הרצליה,באר שבע מרכז-באר שבע --> הרצליה-הרצליה,הרצליה,רכבת ישראל,תל אביב יפו,
37358,תל אביב מרכז,רעננה מערב,באר שבע מרכז-באר שבע --> הרצליה-הרצליה,הרצליה,רכבת ישראל,תל אביב יפו,
37358,תל אביב מרכז,הרצליה,באר שבע מרכז-באר שבע --> הרצליה-הרצליה,הרצליה,רכבת ישראל,תל אביב יפו,
37360,תל אביב האוניברסיטה - אקספו,רעננה מערב,באר שבע מרכז-באר שבע --> הרצליה-הרצליה,הרצליה,רכבת ישראל,תל אביב יפו,
37360,תל אביב האוניברסיטה - אקספו,הרצליה,באר שבע מרכז-באר שבע --> הרצליה-הרצליה,הרצליה,רכבת ישראל,תל אביב יפו,
37356,בני ברק,רעננה מערב,באר שבע מרכז-באר שבע --> הרצליה-הרצליה,הרצליה,רכבת ישראל,בני ברק,
37356,בני ברק,הרצליה,באר שבע מרכז-באר שבע --> הרצליה-הרצליה,הרצליה,רכבת ישראל,בני ברק,
37354,קרית אריה,רעננה מערב,באר שבע מרכז-באר שבע --> הרצליה-הרצליה,הרצליה,רכבת ישראל,פתח תקווה,
37354,קרית אריה,הרצליה,באר שבע מרכז-באר שבע --> הרצליה-הרצליה,הרצליה,רכבת ישראל,פתח תקווה,
37352,סגולה,רעננה מערב,באר שבע מרכז-באר שבע --> הרצליה-הרצליה,הרצליה,רכבת ישראל,פתח תקווה,
37352,סגולה,הרצליה,באר שבע מרכז-באר שבע --> הרצליה-הרצליה,הרצליה,רכבת ישראל,פתח תקווה,
37302,ראש העין צפון,רעננה מערב,באר שבע מרכז-באר שבע --> הרצליה-הרצליה,הרצליה,רכבת ישראל,ראש העין,
37302,ראש העין צפון,הרצליה,באר שבע מרכז-באר שבע --> הרצליה-הרצליה,הרצליה,רכבת ישראל,ראש העין,
37304,כפר סבא,רעננה מערב,באר שבע מרכז-באר שבע --> הרצליה-הרצליה,הרצליה,רכבת ישראל,כפר סבא,
37304,כפר סבא,הרצליה,באר שבע מרכז-באר שבע --> הרצליה-הרצליה,הרצליה,רכבת ישראל,כפר סבא,
37296,הוד השרון,רעננה מערב,באר שבע מרכז-באר שבע --> הרצליה-הרצליה,הרצליה,רכבת ישראל,הוד השרון,
37296,הוד השרון,הרצליה,באר שבע מרכז-באר שבע --> הרצליה-הרצליה,הרצליה,רכבת ישראל,הוד השרון,
42417,רעננה מערב,הרצליה,באר שבע מרכז-באר שבע --> הרצליה-הרצליה,הרצליה,רכבת ישראל,רעננה,
37312,באר שבע מרכז,בת ים אלי כהן - יוספטל,באר שבע מרכז-באר שבע --> תל אביב מרכז-תל אביב יפו,תל אביב מרכז,רכבת ישראל,באר שבע,
37312,באר שבע מרכז,חולון וולפסון,באר שבע מרכז-באר שבע --> תל אביב מרכז-תל אביב יפו,תל אביב מרכז,רכבת ישראל,באר שבע,
37312,באר שבע מרכז,תל אביב ההגנה,באר שבע מרכז-באר שבע --> תל אביב מרכז-תל אביב יפו,תל אביב מרכז,רכבת ישראל,באר שבע,
37312,באר שבע מרכז,השלום,באר שבע מרכז-באר שבע --> תל אביב מרכז-תל אביב יפו,תל אביב מרכז,רכבת ישראל,באר שבע,
37312,באר שבע מרכז,תל אביב מרכז,באר שבע מרכז-באר שבע --> תל אביב מרכז-תל אביב יפו,תל אביב מרכז,רכבת ישראל,באר שבע,
37314,באר שבע צפון,בת ים אלי כהן - יוספטל,באר שבע מרכז-באר שבע --> תל אביב מרכז-תל אביב יפו,תל אביב מרכז,רכבת ישראל,באר שבע,
37314,באר שבע צפון,חולון וולפסון,באר שבע מרכז-באר שבע --> תל אביב מרכז-תל אביב יפו,תל אביב מרכז,רכבת ישראל,באר שבע,
37314,באר שבע צפון,תל אביב ההגנה,באר שבע מרכז-באר שבע --> תל אביב מרכז-תל אביב יפו,תל אביב מרכז,רכבת ישראל,באר שבע,
37314,באר שבע צפון,השלום,באר שבע מרכז-באר שבע --> תל אביב מרכז-תל אביב יפו,תל אביב מרכז,רכבת ישראל,באר שבע,
37314,באר שבע צפון,תל אביב מרכז,באר שבע מרכז-באר שבע --> תל אביב מרכז-תל אביב יפו,תל אביב מרכז,רכבת ישראל,באר שבע,
39260,אופקים,בת ים אלי כהן - יוספטל,באר שבע מרכז-באר שבע --> תל אביב מרכז-תל אביב יפו,תל אביב מרכז,רכבת ישראל,אופקים,
39260,אופקים,חולון וולפסון,באר שבע מרכז-באר שבע --> תל אביב מרכז-תל אביב יפו,תל אביב מרכז,רכבת ישראל,אופקים,
39260,אופקים,תל אביב ההגנה,באר שבע מרכז-באר שבע --> תל אביב מרכז-תל אביב יפו,תל אביב מרכז,רכבת ישראל,אופקים,
39260,אופקים,השלום,באר שבע מרכז-באר שבע --> תל אביב מרכז-תל אביב יפו,תל אביב מרכז,רכבת ישראל,אופקים,
39260,אופקים,תל אביב מרכז,באר שבע מרכז-באר שבע --> תל אביב מרכז-תל אביב יפו,תל אביב מרכז,רכבת ישראל,אופקים,
38643,נתיבות,בת ים אלי כהן - יוספטל,באר שבע מרכז-באר שבע --> תל אביב מרכז-תל אביב יפו,תל אביב מרכז,רכבת ישראל,נתיבות,
38643,נתיבות,חולון וולפסון,באר שבע מרכז-באר שבע --> תל אביב מרכז-תל אביב יפו,תל אביב מרכז,רכבת ישראל,נתיבות,
38643,נתיבות,תל אביב ההגנה,באר שבע מרכז-באר שבע --> תל אביב מרכז-תל אביב יפו,תל אביב מרכז,רכבת ישראל,נתיבות,
38643,נתיבות,השלום,באר שבע מרכז-באר שבע --> תל אביב מרכז-תל אביב יפו,תל אביב מרכז,רכבת ישראל,נתיבות,
38643,נתיבות,תל אביב מרכז,באר שבע מרכז-באר שבע --> תל אביב מרכז-תל אביב יפו,תל אביב מרכז,רכבת ישראל,נתיבות,
37290,שדרות,בת ים אלי כהן - יוספטל,באר שבע מרכז-באר שבע --> תל אביב מרכז-תל אביב יפו,תל אביב מרכז,רכבת ישראל,שדרות,
37290,שדרות,חולון וולפסון,באר שבע מרכז-באר שבע --> תל אביב מרכז-תל אביב יפו,תל אביב מרכז,רכבת ישראל,שדרות,
37290,שדרות,תל אביב ההגנה,באר שבע מרכז-באר שבע --> תל אביב מרכז-תל אביב יפו,תל אביב מרכז,רכבת ישראל,שדרות,
37290,שדרות,השלום,באר שבע מרכז-באר שבע --> תל אביב מרכז-תל אביב יפו,תל אביב מרכז,רכבת ישראל,שדרות,
37290,שדרות,תל אביב מרכז,באר שבע מרכז-באר שבע --> תל אביב מרכז-תל אביב יפו,תל אביב מרכז,רכבת ישראל,שדרות,
37324,אשקלון,בת ים אלי כהן - יוספטל,באר שבע מרכז-באר שבע --> תל אביב מרכז-תל אביב יפו,תל אביב מרכז,רכבת ישראל,אשקלון,
37324,אשקלון,חולון וולפסון,באר שבע מרכז-באר שבע --> תל אביב מרכז-תל אביב יפו,תל אביב מרכז,רכבת ישראל,אשקלון,
37324,אשקלון,תל אביב ההגנה,באר שבע מרכז-באר שבע --> תל אביב מרכז-תל אביב יפו,תל אביב מרכז,רכבת ישראל,אשקלון,
37324,אשקלון,השלום,באר שבע מרכז-באר שבע --> תל אביב מרכז-תל אביב יפו,תל אביב מרכז,רכבת ישראל,אשקלון,
37324,אשקלון,תל אביב מרכז,באר שבע מרכז-באר שבע --> תל אביב מרכז-תל אביב יפו,תל אביב מרכז,רכבת ישראל,אשקלון,
37326,אשדוד עד הלום- מטרופול,בת ים אלי כהן - יוספטל,באר שבע מרכז-באר שבע --> תל אביב מרכז-תל אביב יפו,תל אביב מרכז,רכבת ישראל,אשדוד,
37326,אשדוד עד הלום- מטרופול,חולון וולפסון,באר שבע מרכז-באר שבע --> תל אביב מרכז-תל אביב יפו,תל אביב מרכז,רכבת ישראל,אשדוד,
37326,אשדוד עד הלום- מטרופול,תל אביב ההגנה,באר שבע מרכז-באר שבע --> תל אביב מרכז-תל אביב יפו,תל אביב מרכז,רכבת ישראל,אשדוד,
37326,אשדוד עד הלום- מטרופול,השלום,באר שבע מרכז-באר שבע --> תל אביב מרכז-תל אביב יפו,תל אביב מרכז,רכבת ישראל,אשדוד,
37326,אשדוד עד הלום- מטרופול,תל אביב מרכז,באר שבע מרכז-באר שבע --> תל אביב מרכז-תל אביב יפו,תל אביב מרכז,רכבת ישראל,אשדוד,
37300,יבנה מערב,בת ים אלי כהן - יוספטל,באר שבע מרכז-באר שבע --> תל אביב מרכז-תל אביב יפו,תל אביב מרכז,רכבת ישראל,יבנה,
37300,יבנה מערב,חולון וולפסון,באר שבע מרכז-באר שבע --> תל אביב מרכז-תל אביב יפו,תל אביב מרכז,רכבת ישראל,יבנה,
37300,יבנה מערב,תל אביב ההגנה,באר שבע מרכז-באר שבע --> תל אביב מרכז-תל אביב יפו,תל אביב מרכז,רכבת ישראל,יבנה,
37300,יבנה מערב,השלום,באר שבע מרכז-באר שבע --> תל אביב מרכז-תל אביב יפו,תל אביב מרכז,רכבת ישראל,יבנה,
37300,יבנה מערב,תל אביב מרכז,באר שבע מרכז-באר שבע --> תל אביב מרכז-תל אביב יפו,תל אביב מרכז,רכבת ישראל,יבנה,
37294,רשל''צ משה דיין,בת ים אלי כהן - יוספטל,באר שבע מרכז-באר שבע --> תל אביב מרכז-תל אביב יפו,תל אביב מרכז,רכבת ישראל,ראשון לציון,
37294,רשל''צ משה דיין,חולון וולפסון,באר שבע מרכז-באר שבע --> תל אביב מרכז-תל אביב יפו,תל אביב מרכז,רכבת ישראל,ראשון לציון,
37294,רשל''צ משה דיין,תל אביב ההגנה,באר שבע מרכז-באר שבע --> תל אביב מרכז-תל אביב יפו,תל אביב מרכז,רכבת ישראל,ראשון לציון,
37294,רשל''צ משה דיין,השלום,באר שבע מרכז-באר שבע --> תל אביב מרכז-תל אביב יפו,תל אביב מרכז,רכבת ישראל,ראשון לציון,
37294,רשל''צ משה דיין,תל אביב מרכז,באר שבע מרכז-באר שבע --> תל אביב מרכז-תל אביב יפו,תל אביב מרכז,רכבת ישראל,ראשון לציון,
37344,בת ים אלי כהן - יוספטל,חולון וולפסון,באר שבע מרכז-באר שבע --> תל אביב מרכז-תל אביב יפו,תל אביב מרכז,רכבת ישראל,בת ים,
37344,בת ים אלי כהן - יוספטל,תל אביב ההגנה,באר שבע מרכז-באר שבע --> תל אביב מרכז-תל אביב יפו,תל אביב מרכז,רכבת ישראל,בת ים,
37344,בת ים אלי כהן - יוספטל,השלום,באר שבע מרכז-באר שבע --> תל אביב מרכז-תל אביב יפו,תל אביב מרכז,רכבת ישראל,בת ים,
37344,בת ים אלי כהן - יוספטל,תל אביב מרכז,באר שבע מרכז-באר שבע --> תל אביב מרכז-תל אביב יפו,תל אביב מרכז,רכבת ישראל,בת ים,
37346,חולון וולפסון,תל אביב ההגנה,באר שבע מרכז-באר שבע --> תל אביב מרכז-תל אביב יפו,תל אביב מרכז,רכבת ישראל,חולון,
37346,חולון וולפסון,השלום,באר שבע מרכז-באר שבע --> תל אביב מרכז-תל אביב יפו,תל אביב מרכז,רכבת ישראל,חולון,
37346,חולון וולפסון,תל אביב מרכז,באר שבע מרכז-באר שבע --> תל אביב מרכז-תל אביב יפו,תל אביב מרכז,רכבת ישראל,חולון,
37292,תל אביב ההגנה,השלום,באר שבע מרכז-באר שבע --> תל אביב מרכז-תל אביב יפו,תל אביב מרכז,רכבת ישראל,תל אביב יפו,
37292,תל אביב ההגנה,תל אביב מרכז,באר שבע מרכז-באר שבע --> תל אביב מרכז-תל אביב יפו,תל אביב מרכז,רכבת ישראל,תל אביב יפו,
37350,השלום,תל אביב מרכז,באר שבע מרכז-באר שבע --> תל אביב מרכז-תל אביב יפו,תל אביב מרכז,רכבת ישראל,תל אביב יפו,
37388,מרכזית המפרץ/קו החוף,חיפה מרכז,מרכזית המפרץ/קו החוף-חיפה --> עתלית-עתלית,עתלית,רכבת ישראל,חיפה,
37388,מרכזית המפרץ/קו החוף,בת גלים,מרכזית המפרץ/קו החוף-חיפה --> עתלית-עתלית,עתלית,רכבת ישראל,חיפה,
37388,מרכזית המפרץ/קו החוף,חוף הכרמל,מרכזית המפרץ/קו החוף-חיפה --> עתלית-עתלית,עתלית,רכבת ישראל,חיפה,
37388,מרכזית המפרץ/קו החוף,עתלית,מרכזית המפרץ/קו החוף-חיפה --> עתלית-עתלית,עתלית,רכבת ישראל,חיפה,
37380,חיפה מרכז,בת גלים,מרכזית המפרץ/קו החוף-חיפה --> עתלית-עתלית,עתלית,רכבת ישראל,חיפה,
37380,חיפה מרכז,חוף הכרמל,מרכזית המפרץ/קו החוף-חיפה --> עתלית-עתלית,עתלית,רכבת ישראל,חיפה,
37380,חיפה מרכז,עתלית,מרכזית המפרץ/קו החוף-חיפה --> עתלית-עתלית,עתלית,רכבת ישראל,חיפה,
37378,בת גלים,חוף הכרמל,מרכזית המפרץ/קו החוף-חיפה --> עתלית-עתלית,עתלית,רכבת ישראל,חיפה,
37378,בת גלים,עתלית,מרכזית המפרץ/קו החוף-חיפה --> עתלית-עתלית,עתלית,רכבת ישראל,חיפה,
37376,חוף הכרמל,עתלית,מרכזית המפרץ/קו החוף-חיפה --> עתלית-עתלית,עתלית,רכבת ישראל,חוף הכרמל,
37380,חיפה מרכז,מרכזית המפרץ/קו החוף,חיפה מרכז-חיפה --> נהריה-נהריה,נהריה,רכבת ישראל,חיפה,
37380,חיפה מרכז,חוצות מפרץ,חיפה מרכז-חיפה --> נהריה-נהריה,נהריה,רכבת ישראל,חיפה,
37380,חיפה מרכז,קרית מוצקין,חיפה מרכז-חיפה --> נהריה-נהריה,נהריה,רכבת ישראל,חיפה,
37380,חיפה מרכז,עכו,חיפה מרכז-חיפה --> נהריה-נהריה,נהריה,רכבת ישראל,חיפה,
37380,חיפה מרכז,נהריה,חיפה מרכז-חיפה --> נהריה-נהריה,נהריה,רכבת ישראל,חיפה,
37388,מרכזית המפרץ/קו החוף,חוצות מפרץ,חיפה מרכז-חיפה --> נהריה-נהריה,נהריה,רכבת ישראל,חיפה,
37388,מרכזית המפרץ/קו החוף,קרית מוצקין,חיפה מרכז-חיפה --> נהריה-נהריה,נהריה,רכבת ישראל,חיפה,
37388,מרכזית המפרץ/קו החוף,עכו,חיפה מרכז-חיפה --> נהריה-נהריה,נהריה,רכבת ישראל,חיפה,
37388,מרכזית המפרץ/קו החוף,נהריה,חיפה מרכז-חיפה --> נהריה-נהריה,נהריה,רכבת ישראל,חיפה,
37386,חוצות מפרץ,קרית מוצקין,חיפה מרכז-חיפה --> נהריה-נהריה,נהריה,רכבת ישראל,חיפה,
37386,חוצות מפרץ,עכו,חיפה מרכז-חיפה --> נהריה-נהריה,נהריה,רכבת ישראל,חיפה,
37386,חוצות מפרץ,נהריה,חיפה מרכז-חיפה --> נהריה-נהריה,נהריה,רכבת ישראל,חיפה,
41293,קרית מוצקין,עכו,חיפה מרכז-חיפה --> נהריה-נהריה,נהריה,רכבת ישראל,קרית מוצקין,
41293,קרית מוצקין,נהריה,חיפה מרכז-חיפה --> נהריה-נהריה,נהריה,רכבת ישראל,קרית מוצקין,
37384,עכו,נהריה,חיפה מרכז-חיפה --> נהריה-נהריה,נהריה,רכבת ישראל,עכו,
37292,תל אביב ההגנה,השלום,תל אביב ההגנה-תל אביב יפו --> נהריה-נהריה,נהריה,רכבת ישראל,תל אביב יפו,
37292,תל אביב ההגנה,תל אביב מרכז,תל אביב ההגנה-תל אביב יפו --> נהריה-נהריה,נהריה,רכבת ישראל,תל אביב יפו,
37292,תל אביב ההגנה,תל אביב האוניברסיטה - אקספו,תל אביב ההגנה-תל אביב יפו --> נהריה-נהריה,נהריה,רכבת ישראל,תל אביב יפו,
37292,תל אביב ההגנה,בנימינה,תל אביב ההגנה-תל אביב יפו --> נהריה-נהריה,נהריה,רכבת ישראל,תל אביב יפו,
37292,תל אביב ההגנה,עתלית,תל אביב ההגנה-תל אביב יפו --> נהריה-נהריה,נהריה,רכבת ישראל,תל אביב יפו,
37292,תל אביב ההגנה,חוף הכרמל,תל אביב ההגנה-תל אביב יפו --> נהריה-נהריה,נהריה,רכבת ישראל,תל אביב יפו,
37292,תל אביב ההגנה,בת גלים,תל אביב ההגנה-תל אביב יפו --> נהריה-נהריה,נהריה,רכבת ישראל,תל אביב יפו,
37292,תל אביב ההגנה,חיפה מרכז,תל אביב ההגנה-תל אביב יפו --> נהריה-נהריה,נהריה,רכבת ישראל,תל אביב יפו,
37292,תל אביב ההגנה,מרכזית המפרץ/קו החוף,תל אביב ההגנה-תל אביב יפו --> נהריה-נהריה,נהריה,רכבת ישראל,תל אביב יפו,
37292,תל אביב ההגנה,חוצות מפרץ,תל אביב ההגנה-תל אביב יפו --> נהריה-נהריה,נהריה,רכבת ישראל,תל אביב יפו,
37292,תל אביב ההגנה,קרית מוצקין,תל אביב ההגנה-תל אביב יפו --> נהריה-נהריה,נהריה,רכבת ישראל,תל אביב יפו,
37292,תל אביב ההגנה,עכו,תל אביב ההגנה-תל אביב יפו --> נהריה-נהריה,נהריה,רכבת ישראל,תל אביב יפו,
37292,תל אביב ההגנה,נהריה,תל אביב ההגנה-תל אביב יפו --> נהריה-נהריה,נהריה,רכבת ישראל,תל אביב יפו,
37350,השלום,תל אביב מרכז,תל אביב ההגנה-תל אביב יפו --> נהריה-נהריה,נהריה,רכבת ישראל,תל אביב יפו,
37350,השלום,תל אביב האוניברסיטה - אקספו,תל אביב ההגנה-תל אביב יפו --> נהריה-נהריה,נהריה,רכבת ישראל,תל אביב יפו,
37350,השלום,בנימינה,תל אביב ההגנה-תל אביב יפו --> נהריה-נהריה,נהריה,רכבת ישראל,תל אביב יפו,
37350,השלום,עתלית,תל אביב ההגנה-תל אביב יפו --> נהריה-נהריה,נהריה,רכבת ישראל,תל אביב יפו,
37350,השלום,חוף הכרמל,תל אביב ההגנה-תל אביב יפו --> נהריה-נהריה,נהריה,רכבת ישראל,תל אביב יפו,
37350,השלום,בת גלים,תל אביב ההגנה-תל אביב יפו --> נהריה-נהריה,נהריה,רכבת ישראל,תל אביב יפו,
37350,השלום,חיפה מרכז,תל אביב ההגנה-תל אביב יפו --> נהריה-נהריה,נהריה,רכבת ישראל,תל אביב יפו,
37350,השלום,מרכזית המפרץ/קו החוף,תל אביב ההגנה-תל אביב יפו --> נהריה-נהריה,נהריה,רכבת ישראל,תל אביב יפו,
37350,השלום,חוצות מפרץ,תל אביב ההגנה-תל אביב יפו --> נהריה-נהריה,נהריה,רכבת ישראל,תל אביב יפו,
37350,השלום,קרית מוצקין,תל אביב ההגנה-תל אביב יפו --> נהריה-נהריה,נהריה,רכבת ישראל,תל אביב יפו,
37350,השלום,עכו,תל אביב ההגנה-תל אביב יפו --> נהריה-נהריה,נהריה,רכבת ישראל,תל אביב יפו,
37350,השלום,נהריה,תל אביב ההגנה-תל אביב יפו --> נהריה-נהריה,נהריה,רכבת ישראל,תל אביב יפו,
37358,תל אביב מרכז,תל אביב האוניברסיטה - אקספו,תל אביב ההגנה-תל אביב יפו --> נהריה-נהריה,נהריה,רכבת ישראל,תל אביב יפו,
37358,תל אביב מרכז,בנימינה,תל אביב ההגנה-תל אביב יפו --> נהריה-נהריה,נהריה,רכבת ישראל,תל אביב יפו,
37358,תל אביב מרכז,עתלית,תל אביב ההגנה-תל אביב יפו --> נהריה-נהריה,נהריה,רכבת ישראל,תל אביב יפו,
37358,תל אביב מרכז,חוף הכרמל,תל אביב ההגנה-תל אביב יפו --> נהריה-נהריה,נהריה,רכבת ישראל,תל אביב יפו,
37358,תל אביב מרכז,בת גלים,תל אביב ההגנה-תל אביב יפו --> נהריה-נהריה,נהריה,רכבת ישראל,תל אביב יפו,
37358,תל אביב מרכז,חיפה מרכז,תל אביב ההגנה-תל אביב יפו --> נהריה-נהריה,נהריה,רכבת ישראל,תל אביב יפו,
37358,תל אביב מרכז,מרכזית המפרץ/קו החוף,תל אביב ההגנה-תל אביב יפו --> נהריה-נהריה,נהריה,רכבת ישראל,תל אביב יפו,
37358,תל אביב מרכז,חוצות מפרץ,תל אביב ההגנה-תל אביב יפו --> נהריה-נהריה,נהריה,רכבת ישראל,תל אביב יפו,
37358,תל אביב מרכז,קרית מוצקין,תל אביב ההגנה-תל אביב יפו --> נהריה-נהריה,נהריה,רכבת ישראל,תל אביב יפו,
37358,תל אביב מרכז,עכו,תל אביב ההגנה-תל אביב יפו --> נהריה-נהריה,נהריה,רכבת ישראל,תל אביב יפו,
37358,תל אביב מרכז,נהריה,תל אביב ההגנה-תל אביב יפו --> נהריה-נהריה,נהריה,רכבת ישראל,תל אביב יפו,
37360,תל אביב האוניברסיטה - אקספו,בנימינה,תל אביב ההגנה-תל אביב יפו --> נהריה-נהריה,נהריה,רכבת ישראל,תל אביב יפו,
37360,תל אביב האוניברסיטה - אקספו,עתלית,תל אביב ההגנה-תל אביב יפו --> נהריה-נהריה,נהריה,רכבת ישראל,תל אביב יפו,
37360,תל אביב האוניברסיטה - אקספו,חוף הכרמל,תל אביב ההגנה-תל אביב יפו --> נהריה-נהריה,נהריה,רכבת ישראל,תל אביב יפו,
37360,תל אביב האוניברסיטה - אקספו,בת גלים,תל אביב ההגנה-תל אביב יפו --> נהריה-נהריה,נהריה,רכבת ישראל,תל אביב יפו,
37360,תל אביב האוניברסיטה - אקספו,חיפה מרכז,תל אביב ההגנה-תל אביב יפו --> נהריה-נהריה,נהריה,רכבת ישראל,תל אביב יפו,
37360,תל אביב האוניברסיטה - אקספו,מרכזית המפרץ/קו החוף,תל אביב ההגנה-תל אביב יפו --> נהריה-נהריה,נהריה,רכבת ישראל,תל אביב יפו,
37360,תל אביב האוניברסיטה - אקספו,חוצות מפרץ,תל אביב ההגנה-תל אביב יפו --> נהריה-נהריה,נהריה,רכבת ישראל,תל אביב יפו,
37360,תל אביב האוניברסיטה - אקספו,קרית מוצקין,תל אביב ההגנה-תל אביב יפו --> נהריה-נהריה,נהריה,רכבת ישראל,תל אביב יפו,
37360,תל אביב האוניברסיטה - אקספו,עכו,תל אביב ההגנה-תל אביב יפו --> נהריה-נהריה,נהריה,רכבת ישראל,תל אביב יפו,
37360,תל אביב האוניברסיטה - אקספו,נהריה,תל אביב ההגנה-תל אביב יפו --> נהריה-נהריה,נהריה,רכבת ישראל,תל אביב יפו,
37372,בנימינה,עתלית,תל אביב ההגנה-תל אביב יפו --> נהריה-נהריה,נהריה,רכבת ישראל,בנימינה גבעת עדה,
37372,בנימינה,חוף הכרמל,תל אביב ההגנה-תל אביב יפו --> נהריה-נהריה,נהריה,רכבת ישראל,בנימינה גבעת עדה,
37372,בנימינה,בת גלים,תל אביב ההגנה-תל אביב יפו --> נהריה-נהריה,נהריה,רכבת ישראל,בנימינה גבעת עדה,
37372,בנימינה,חיפה מרכז,תל אביב ההגנה-תל אביב יפו --> נהריה-נהריה,נהריה,רכבת ישראל,בנימינה גבעת עדה,
37372,בנימינה,מרכזית המפרץ/קו החוף,תל אביב ההגנה-תל אביב יפו --> נהריה-נהריה,נהריה,רכבת ישראל,בנימינה גבעת עדה,
37372,בנימינה,חוצות מפרץ,תל אביב ההגנה-תל אביב יפו --> נהריה-נהריה,נהריה,רכבת ישראל,בנימינה גבעת עדה,
37372,בנימינה,קרית מוצקין,תל אביב ההגנה-תל אביב יפו --> נהריה-נהריה,נהריה,רכבת ישראל,בנימינה גבעת עדה,
37372,בנימינה,עכו,תל אביב ההגנה-תל אביב יפו --> נהריה-נהריה,נהריה,רכבת ישראל,בנימינה גבעת עדה,
37372,בנימינה,נהריה,תל אביב ההגנה-תל אביב יפו --> נהריה-נהריה,נהריה,רכבת ישראל,בנימינה גבעת עדה,
37374,עתלית,חוף הכרמל,תל אביב ההגנה-תל אביב יפו --> נהריה-נהריה,נהריה,רכבת ישראל,עתלית,
37374,עתלית,בת גלים,תל אביב ההגנה-תל אביב יפו --> נהריה-נהריה,נהריה,רכבת ישראל,עתלית,
37374,עתלית,חיפה מרכז,תל אביב ההגנה-תל אביב יפו --> נהריה-נהריה,נהריה,רכבת ישראל,עתלית,
37374,עתלית,מרכזית המפרץ/קו החוף,תל אביב ההגנה-תל אביב יפו --> נהריה-נהריה,נהריה,רכבת ישראל,עתלית,
37374,עתלית,חוצות מפרץ,תל אביב ההגנה-תל אביב יפו --> נהריה-נהריה,נהריה,רכבת ישראל,עתלית,
37374,עתלית,קרית מוצקין,תל אביב ההגנה-תל אביב יפו --> נהריה-נהריה,נהריה,רכבת ישראל,עתלית,
37374,עתלית,עכו,תל אביב ההגנה-תל אביב יפו --> נהריה-נהריה,נהריה,רכבת ישראל,עתלית,
37374,עתלית,נהריה,תל אביב ההגנה-תל אביב יפו --> נהריה-נהריה,נהריה,רכבת ישראל,עתלית,
37376,חוף הכרמל,בת גלים,תל אביב ההגנה-תל אביב יפו --> נהריה-נהריה,נהריה,רכבת ישראל,חוף הכרמל,
37376,חוף הכרמל,חיפה מרכז,תל אביב ההגנה-תל אביב יפו --> נהריה-נהריה,נהריה,רכבת ישראל,חוף הכרמל,
37376,חוף הכרמל,מרכזית המפרץ/קו החוף,תל אביב ההגנה-תל אביב יפו --> נהריה-נהריה,נהריה,רכבת ישראל,חוף הכרמל,
37376,חוף הכרמל,חוצות מפרץ,תל אביב ההגנה-תל אביב יפו --> נהריה-נהריה,נהריה,רכבת ישראל,חוף הכרמל,
37376,חוף הכרמל,קרית מוצקין,תל אביב ההגנה-תל אביב יפו --> נהריה-נהריה,נהריה,רכבת ישראל,חוף הכרמל,
37376,חוף הכרמל,עכו,תל אביב ההגנה-תל אביב יפו --> נהריה-נהריה,נהריה,רכבת ישראל,חוף הכרמל,
37376,חוף הכרמל,נהריה,תל אביב ההגנה-תל אביב יפו --> נהריה-נהריה,נהריה,רכבת ישראל,חוף הכרמל,
37378,בת גלים,חיפה מרכז,תל אביב ההגנה-תל אביב יפו --> נהריה-נהריה,נהריה,רכבת ישראל,חיפה,
37378,בת גלים,מרכזית המפרץ/קו החוף,תל אביב ההגנה-תל אביב יפו --> נהריה-נהריה,נהריה,רכבת ישראל,חיפה,
37378,בת גלים,חוצות מפרץ,תל אביב ההגנה-תל אביב יפו --> נהריה-נהריה,נהריה,רכבת ישראל,חיפה,
37378,בת גלים,קרית מוצקין,תל אביב ההגנה-תל אביב יפו --> נהריה-נהריה,נהריה,רכבת ישראל,חיפה,
37378,בת גלים,עכו,תל אביב ההגנה-תל אביב יפו --> נהריה-נהריה,נהריה,רכבת ישראל,חיפה,
37378,בת גלים,נהריה,תל אביב ההגנה-תל אביב יפו --> נהריה-נהריה,נהריה,רכבת ישראל,חיפה,
37380,חיפה מרכז,מרכזית המפרץ/קו החוף,תל אביב ההגנה-תל אביב יפו --> נהריה-נהריה,נהריה,רכבת ישראל,חיפה,
37380,חיפה מרכז,חוצות מפרץ,תל אביב ההגנה-תל אביב יפו --> נהריה-נהריה,נהריה,רכבת ישראל,חיפה,
37380,חיפה מרכז,קרית מוצקין,תל אביב ההגנה-תל אביב יפו --> נהריה-נהריה,נהריה,רכבת ישראל,חיפה,
37380,חיפה מרכז,עכו,תל אביב ההגנה-תל אביב יפו --> נהריה-נהריה,נהריה,רכבת ישראל,חיפה,
37380,חיפה מרכז,נהריה,תל אביב ההגנה-תל אביב יפו --> נהריה-נהריה,נהריה,רכבת ישראל,חיפה,
37388,מרכזית המפרץ/קו החוף,חוצות מפרץ,תל אביב ההגנה-תל אביב יפו --> נהריה-נהריה,נהריה,רכבת ישראל,חיפה,
37388,מרכזית המפרץ/קו החוף,קרית מוצקין,תל אביב ההגנה-תל אביב יפו --> נהריה-נהריה,נהריה,רכבת ישראל,חיפה,
37388,מרכזית המפרץ/קו החוף,עכו,תל אביב ההגנה-תל אביב יפו --> נהריה-נהריה,נהריה,רכבת ישראל,חיפה,
37388,מרכזית המפרץ/קו החוף,נהריה,תל אביב ההגנה-תל אביב יפו --> נהריה-נהריה,נהריה,רכבת ישראל,חיפה,
37386,חוצות מפרץ,קרית מוצקין,תל אביב ההגנה-תל אביב יפו --> נהריה-נהריה,נהריה,רכבת ישראל,חיפה,
37386,חוצות מפרץ,עכו,תל אביב ההגנה-תל אביב יפו --> נהריה-נהריה,נהריה,רכבת ישראל,חיפה,
37386,חוצות מפרץ,נהריה,תל אביב ההגנה-תל אביב יפו --> נהריה-נהריה,נהריה,רכבת ישראל,חיפה,
41293,קרית מוצקין,עכו,תל אביב ההגנה-תל אביב יפו --> נהריה-נהריה,נהריה,רכבת ישראל,קרית מוצקין,
41293,קרית מוצקין,נהריה,תל אביב ההגנה-תל אביב יפו --> נהריה-נהריה,נהריה,רכבת ישראל,קרית מוצקין,
37384,עכו,נהריה,תל אביב ההגנה-תל אביב יפו --> נהריה-נהריה,נהריה,רכבת ישראל,עכו,
37358,תל אביב מרכז,רשל''צ משה דיין,תל אביב מרכז-תל אביב יפו --> באר שבע מרכז-באר שבע,באר שבע מרכז,רכבת ישראל,תל אביב יפו,
37358,תל אביב מרכז,יבנה מערב,תל אביב מרכז-תל אביב יפו --> באר שבע מרכז-באר שבע,באר שבע מרכז,רכבת ישראל,תל אביב יפו,
37358,תל אביב מרכז,אשדוד עד הלום- מטרופול,תל אביב מרכז-תל אביב יפו --> באר שבע מרכז-באר שבע,באר שבע מרכז,רכבת ישראל,תל אביב יפו,
37358,תל אביב מרכז,אשקלון,תל אביב מרכז-תל אביב יפו --> באר שבע מרכז-באר שבע,באר שבע מרכז,רכבת ישראל,תל אביב יפו,
37358,תל אביב מרכז,שדרות,תל אביב מרכז-תל אביב יפו --> באר שבע מרכז-באר שבע,באר שבע מרכז,רכבת ישראל,תל אביב יפו,
37358,תל אביב מרכז,נתיבות,תל אביב מרכז-תל אביב יפו --> באר שבע מרכז-באר שבע,באר שבע מרכז,רכבת ישראל,תל אביב יפו,
37358,תל אביב מרכז,אופקים,תל אביב מרכז-תל אביב יפו --> באר שבע מרכז-באר שבע,באר שבע מרכז,רכבת ישראל,תל אביב יפו,
37358,תל אביב מרכז,באר שבע צפון,תל אביב מרכז-תל אביב יפו --> באר שבע מרכז-באר שבע,באר שבע מרכז,רכבת ישראל,תל אביב יפו,
37358,תל אביב מרכז,באר שבע מרכז,תל אביב מרכז-תל אביב יפו --> באר שבע מרכז-באר שבע,באר שבע מרכז,רכבת ישראל,תל אביב יפו,
37350,השלום,רשל''צ משה דיין,תל אביב מרכז-תל אביב יפו --> באר שבע מרכז-באר שבע,באר שבע מרכז,רכבת ישראל,תל אביב יפו,
37350,השלום,יבנה מערב,תל אביב מרכז-תל אביב יפו --> באר שבע מרכז-באר שבע,באר שבע מרכז,רכבת ישראל,תל אביב יפו,
37350,השלום,אשדוד עד הלום- מטרופול,תל אביב מרכז-תל אביב יפו --> באר שבע מרכז-באר שבע,באר שבע מרכז,רכבת ישראל,תל אביב יפו,
37350,השלום,אשקלון,תל אביב מרכז-תל אביב יפו --> באר שבע מרכז-באר שבע,באר שבע מרכז,רכבת ישראל,תל אביב יפו,
37350,השלום,שדרות,תל אביב מרכז-תל אביב יפו --> באר שבע מרכז-באר שבע,באר שבע מרכז,רכבת ישראל,תל אביב יפו,
37350,השלום,נתיבות,תל אביב מרכז-תל אביב יפו --> באר שבע מרכז-באר שבע,באר שבע מרכז,רכבת ישראל,תל אביב יפו,
37350,השלום,אופקים,תל אביב מרכז-תל אביב יפו --> באר שבע מרכז-באר שבע,באר שבע מרכז,רכבת ישראל,תל אביב יפו,
37350,השלום,באר שבע צפון,תל אביב מרכז-תל אביב יפו --> באר שבע מרכז-באר שבע,באר שבע מרכז,רכבת ישראל,תל אביב יפו,
37350,השלום,באר שבע מרכז,תל אביב מרכז-תל אביב יפו --> באר שבע מרכז-באר שבע,באר שבע מרכז,רכבת ישראל,תל אביב יפו,
37292,תל אביב ההגנה,רשל''צ משה דיין,תל אביב מרכז-תל אביב יפו --> באר שבע מרכז-באר שבע,באר שבע מרכז,רכבת ישראל,תל אביב יפו,
37292,תל אביב ההגנה,יבנה מערב,תל אביב מרכז-תל אביב יפו --> באר שבע מרכז-באר שבע,באר שבע מרכז,רכבת ישראל,תל אביב יפו,
37292,תל אביב ההגנה,אשדוד עד הלום- מטרופול,תל אביב מרכז-תל אביב יפו --> באר שבע מרכז-באר שבע,באר שבע מרכז,רכבת ישראל,תל אביב יפו,
37292,תל אביב ההגנה,אשקלון,תל אביב מרכז-תל אביב יפו --> באר שבע מרכז-באר שבע,באר שבע מרכז,רכבת ישראל,תל אביב יפו,
37292,תל אביב ההגנה,שדרות,תל אביב מרכז-תל אביב יפו --> באר שבע מרכז-באר שבע,באר שבע מרכז,רכבת ישראל,תל אביב יפו,
37292,תל אביב ההגנה,נתיבות,תל אביב מרכז-תל אביב יפו --> באר שבע מרכז-באר שבע,באר שבע מרכז,רכבת ישראל,תל אביב יפו,
37292,תל אביב ההגנה,אופקים,תל אביב מרכז-תל אביב יפו --> באר שבע מרכז-באר שבע,באר שבע מרכז,רכבת ישראל,תל אביב יפו,
37292,תל אביב ההגנה,באר שבע צפון,תל אביב מרכז-תל אביב יפו --> באר שבע מרכז-באר שבע,באר שבע מרכז,רכבת ישראל,תל אביב יפו,
37292,תל אביב ההגנה,באר שבע מרכז,תל אביב מרכז-תל אביב יפו --> באר שבע מרכז-באר שבע,באר שבע מרכז,רכבת ישראל,תל אביב יפו,
37294,רשל''צ משה דיין,יבנה מערב,תל אביב מרכז-תל אביב יפו --> באר שבע מרכז-באר שבע,באר שבע מרכז,רכבת ישראל,ראשון לציון,
37294,רשל''צ משה דיין,אשדוד עד הלום- מטרופול,תל אביב מרכז-תל אביב יפו --> באר שבע מרכז-באר שבע,באר שבע מרכז,רכבת ישראל,ראשון לציון,
37294,רשל''צ משה דיין,אשקלון,תל אביב מרכז-תל אביב יפו --> באר שבע מרכז-באר שבע,באר שבע מרכז,רכבת ישראל,ראשון לציון,
37294,רשל''צ משה דיין,שדרות,תל אביב מרכז-תל אביב יפו --> באר שבע מרכז-באר שבע,באר שבע מרכז,רכבת ישראל,ראשון לציון,
37294,רשל''צ משה דיין,נתיבות,תל אביב מרכז-תל אביב יפו --> באר שבע מרכז-באר שבע,באר שבע מרכז,רכבת ישראל,ראשון לציון,
37294,רשל''צ משה דיין,אופקים,תל אביב מרכז-תל אביב יפו --> באר שבע מרכז-באר שבע,באר שבע מרכז,רכבת ישראל,ראשון לציון,
37294,רשל''צ משה דיין,באר שבע צפון,תל אביב מרכז-תל אביב יפו --> באר שבע מרכז-באר שבע,באר שבע מרכז,רכבת ישראל,ראשון לציון,
37294,רשל''צ משה דיין,באר שבע מרכז,תל אביב מרכז-תל אביב יפו --> באר שבע מרכז-באר שבע,באר שבע מרכז,רכבת ישראל,ראשון לציון,
37300,יבנה מערב,אשדוד עד הלום- מטרופול,תל אביב מרכז-תל אביב יפו --> באר שבע מרכז-באר שבע,באר שבע מרכז,רכבת ישראל,יבנה,
37300,יבנה מערב,אשקלון,תל אביב מרכז-תל אביב יפו --> באר שבע מרכז-באר שבע,באר שבע מרכז,רכבת ישראל,יבנה,
37300,יבנה מערב,שדרות,תל אביב מרכז-תל אביב יפו --> באר שבע מרכז-באר שבע,באר שבע מרכז,רכבת ישראל,יבנה,
37300,יבנה מערב,נתיבות,תל אביב מרכז-תל אביב יפו --> באר שבע מרכז-באר שבע,באר שבע מרכז,רכבת ישראל,יבנה,
37300,יבנה מערב,אופקים,תל אביב מרכז-תל אביב יפו --> באר שבע מרכז-באר שבע,באר שבע מרכז,רכבת ישראל,יבנה,
37300,יבנה מערב,באר שבע צפון,תל אביב מרכז-תל אביב יפו --> באר שבע מרכז-באר שבע,באר שבע מרכז,רכבת ישראל,יבנה,
37300,יבנה מערב,באר שבע מרכז,תל אביב מרכז-תל אביב יפו --> באר שבע מרכז-באר שבע,באר שבע מרכז,רכבת ישראל,יבנה,
37326,אשדוד עד הלום- מטרופול,אשקלון,תל אביב מרכז-תל אביב יפו --> באר שבע מרכז-באר שבע,באר שבע מרכז,רכבת ישראל,אשדוד,
37326,אשדוד עד הלום- מטרופול,שדרות,תל אביב מרכז-תל אביב יפו --> באר שבע מרכז-באר שבע,באר שבע מרכז,רכבת ישראל,אשדוד,
37326,אשדוד עד הלום- מטרופול,נתיבות,תל אביב מרכז-תל אביב יפו --> באר שבע מרכז-באר שבע,באר שבע מרכז,רכבת ישראל,אשדוד,
37326,אשדוד עד הלום- מטרופול,אופקים,תל אביב מרכז-תל אביב יפו --> באר שבע מרכז-באר שבע,באר שבע מרכז,רכבת ישראל,אשדוד,
37326,אשדוד עד הלום- מטרופול,באר שבע צפון,תל אביב מרכז-תל אביב יפו --> באר שבע מרכז-באר שבע,באר שבע מרכז,רכבת ישראל,אשדוד,
37326,אשדוד עד הלום- מטרופול,באר שבע מרכז,תל אביב מרכז-תל אביב יפו --> באר שבע מרכז-באר שבע,באר שבע מרכז,רכבת ישראל,אשדוד,
37324,אשקלון,שדרות,תל אביב מרכז-תל אביב יפו --> באר שבע מרכז-באר שבע,באר שבע מרכז,רכבת ישראל,אשקלון,
37324,אשקלון,נתיבות,תל אביב מרכז-תל אביב יפו --> באר שבע מרכז-באר שבע,באר שבע מרכז,רכבת ישראל,אשקלון,
37324,אשקלון,אופקים,תל אביב מרכז-תל אביב יפו --> באר שבע מרכז-באר שבע,באר שבע מרכז,רכבת ישראל,אשקלון,
37324,אשקלון,באר שבע צפון,תל אביב מרכז-תל אביב יפו --> באר שבע מרכז-באר שבע,באר שבע מרכז,רכבת ישראל,אשקלון,
37324,אשקלון,באר שבע מרכז,תל אביב מרכז-תל אביב יפו --> באר שבע מרכז-באר שבע,באר שבע מרכז,רכבת ישראל,אשקלון,
37290,שדרות,נתיבות,תל אביב מרכז-תל אביב יפו --> באר שבע מרכז-באר שבע,באר שבע מרכז,רכבת ישראל,שדרות,
37290,שדרות,אופקים,תל אביב מרכז-תל אביב יפו --> באר שבע מרכז-באר שבע,באר שבע מרכז,רכבת ישראל,שדרות,
37290,שדרות,באר שבע צפון,תל אביב מרכז-תל אביב יפו --> באר שבע מרכז-באר שבע,באר שבע מרכז,רכבת ישראל,שדרות,
37290,שדרות,באר שבע מרכז,תל אביב מרכז-תל אביב יפו --> באר שבע מרכז-באר שבע,באר שבע מרכז,רכבת ישראל,שדרות,
38643,נתיבות,אופקים,תל אביב מרכז-תל אביב יפו --> באר שבע מרכז-באר שבע,באר שבע מרכז,רכבת ישראל,נתיבות,
38643,נתיבות,באר שבע צפון,תל אביב מרכז-תל אביב יפו --> באר שבע מרכז-באר שבע,באר שבע מרכז,רכבת ישראל,נתיבות,
38643,נתיבות,באר שבע מרכז,תל אביב מרכז-תל אביב יפו --> באר שבע מרכז-באר שבע,באר שבע מרכז,רכבת ישראל,נתיבות,
39260,אופקים,באר שבע צפון,תל אביב מרכז-תל אביב יפו --> באר שבע מרכז-באר שבע,באר שבע מרכז,רכבת ישראל,אופקים,
39260,אופקים,באר שבע מרכז,תל אביב מרכז-תל אביב יפו --> באר שבע מרכז-באר שבע,באר שבע מרכז,רכבת ישראל,אופקים,
37314,באר שבע צפון,באר שבע מרכז,תל אביב מרכז-תל אביב יפו --> באר שבע מרכז-באר שבע,באר שבע מרכז,רכבת ישראל,באר שבע,
37394,מודיעין מרכז,פאתי מודיעין,מודיעין מרכז-מודיעין מכבים רעות --> חיפה מרכז-חיפה,חיפה מרכז,רכבת ישראל,מודיעין מכבים רעות,
37394,מודיעין מרכז,נתב''ג,מודיעין מרכז-מודיעין מכבים רעות --> חיפה מרכז-חיפה,חיפה מרכז,רכבת ישראל,מודיעין מכבים רעות,
37394,מודיעין מרכז,תל אביב ההגנה,מודיעין מרכז-מודיעין מכבים רעות --> חיפה מרכז-חיפה,חיפה מרכז,רכבת ישראל,מודיעין מכבים רעות,
37394,מודיעין מרכז,השלום,מודיעין מרכז-מודיעין מכבים רעות --> חיפה מרכז-חיפה,חיפה מרכז,רכבת ישראל,מודיעין מכבים רעות,
37394,מודיעין מרכז,תל אביב מרכז,מודיעין מרכז-מודיעין מכבים רעות --> חיפה מרכז-חיפה,חיפה מרכז,רכבת ישראל,מודיעין מכבים רעות,
37394,מודיעין מרכז,תל אביב האוניברסיטה - אקספו,מודיעין מרכז-מודיעין מכבים רעות --> חיפה מרכז-חיפה,חיפה מרכז,רכבת ישראל,מודיעין מכבים רעות,
37394,מודיעין מרכז,בנימינה,מודיעין מרכז-מודיעין מכבים רעות --> חיפה מרכז-חיפה,חיפה מרכז,רכבת ישראל,מודיעין מכבים רעות,
37394,מודיעין מרכז,חוף הכרמל,מודיעין מרכז-מודיעין מכבים רעות --> חיפה מרכז-חיפה,חיפה מרכז,רכבת ישראל,מודיעין מכבים רעות,
37394,מודיעין מרכז,בת גלים,מודיעין מרכז-מודיעין מכבים רעות --> חיפה מרכז-חיפה,חיפה מרכז,רכבת ישראל,מודיעין מכבים רעות,
37394,מודיעין מרכז,חיפה מרכז,מודיעין מרכז-מודיעין מכבים רעות --> חיפה מרכז-חיפה,חיפה מרכז,רכבת ישראל,מודיעין מכבים רעות,
37396,פאתי מודיעין,נתב''ג,מודיעין מרכז-מודיעין מכבים רעות --> חיפה מרכז-חיפה,חיפה מרכז,רכבת ישראל,מודיעין מכבים רעות,
37396,פאתי מודיעין,תל אביב ההגנה,מודיעין מרכז-מודיעין מכבים רעות --> חיפה מרכז-חיפה,חיפה מרכז,רכבת ישראל,מודיעין מכבים רעות,
37396,פאתי מודיעין,השלום,מודיעין מרכז-מודיעין מכבים רעות --> חיפה מרכז-חיפה,חיפה מרכז,רכבת ישראל,מודיעין מכבים רעות,
37396,פאתי מודיעין,תל אביב מרכז,מודיעין מרכז-מודיעין מכבים רעות --> חיפה מרכז-חיפה,חיפה מרכז,רכבת ישראל,מודיעין מכבים רעות,
37396,פאתי מודיעין,תל אביב האוניברסיטה - אקספו,מודיעין מרכז-מודיעין מכבים רעות --> חיפה מרכז-חיפה,חיפה מרכז,רכבת ישראל,מודיעין מכבים רעות,
37396,פאתי מודיעין,בנימינה,מודיעין מרכז-מודיעין מכבים רעות --> חיפה מרכז-חיפה,חיפה מרכז,רכבת ישראל,מודיעין מכבים רעות,
37396,פאתי מודיעין,חוף הכרמל,מודיעין מרכז-מודיעין מכבים רעות --> חיפה מרכז-חיפה,חיפה מרכז,רכבת ישראל,מודיעין מכבים רעות,
37396,פאתי מודיעין,בת גלים,מודיעין מרכז-מודיעין מכבים רעות --> חיפה מרכז-חיפה,חיפה מרכז,רכבת ישראל,מודיעין מכבים רעות,
37396,פאתי מודיעין,חיפה מרכז,מודיעין מרכז-מודיעין מכבים רעות --> חיפה מרכז-חיפה,חיפה מרכז,רכבת ישראל,מודיעין מכבים רעות,
37306,נתב''ג,תל אביב ההגנה,מודיעין מרכז-מודיעין מכבים רעות --> חיפה מרכז-חיפה,חיפה מרכז,רכבת ישראל,נמל תעופה בן גוריון,
37306,נתב''ג,השלום,מודיעין מרכז-מודיעין מכבים רעות --> חיפה מרכז-חיפה,חיפה מרכז,רכבת ישראל,נמל תעופה בן גוריון,
37306,נתב''ג,תל אביב מרכז,מודיעין מרכז-מודיעין מכבים רעות --> חיפה מרכז-חיפה,חיפה מרכז,רכבת ישראל,נמל תעופה בן גוריון,
37306,נתב''ג,תל אביב האוניברסיטה - אקספו,מודיעין מרכז-מודיעין מכבים רעות --> חיפה מרכז-חיפה,חיפה מרכז,רכבת ישראל,נמל תעופה בן גוריון,
37306,נתב''ג,בנימינה,מודיעין מרכז-מודיעין מכבים רעות --> חיפה מרכז-חיפה,חיפה מרכז,רכבת ישראל,נמל תעופה בן גוריון,
37306,נתב''ג,חוף הכרמל,מודיעין מרכז-מודיעין מכבים רעות --> חיפה מרכז-חיפה,חיפה מרכז,רכבת ישראל,נמל תעופה בן גוריון,
37306,נתב''ג,בת גלים,מודיעין מרכז-מודיעין מכבים רעות --> חיפה מרכז-חיפה,חיפה מרכז,רכבת ישראל,נמל תעופה בן גוריון,
37306,נתב''ג,חיפה מרכז,מודיעין מרכז-מודיעין מכבים רעות --> חיפה מרכז-חיפה,חיפה מרכז,רכבת ישראל,נמל תעופה בן גוריון,
37292,תל אביב ההגנה,השלום,מודיעין מרכז-מודיעין מכבים רעות --> חיפה מרכז-חיפה,חיפה מרכז,רכבת ישראל,תל אביב יפו,
37292,תל אביב ההגנה,תל אביב מרכז,מודיעין מרכז-מודיעין מכבים רעות --> חיפה מרכז-חיפה,חיפה מרכז,רכבת ישראל,תל אביב יפו,
37292,תל אביב ההגנה,תל אביב האוניברסיטה - אקספו,מודיעין מרכז-מודיעין מכבים רעות --> חיפה מרכז-חיפה,חיפה מרכז,רכבת ישראל,תל אביב יפו,
37292,תל אביב ההגנה,בנימינה,מודיעין מרכז-מודיעין מכבים רעות --> חיפה מרכז-חיפה,חיפה מרכז,רכבת ישראל,תל אביב יפו,
37292,תל אביב ההגנה,חוף הכרמל,מודיעין מרכז-מודיעין מכבים רעות --> חיפה מרכז-חיפה,חיפה מרכז,רכבת ישראל,תל אביב יפו,
37292,תל אביב ההגנה,בת גלים,מודיעין מרכז-מודיעין מכבים רעות --> חיפה מרכז-חיפה,חיפה מרכז,רכבת ישראל,תל אביב יפו,
37292,תל אביב ההגנה,חיפה מרכז,מודיעין מרכז-מודיעין מכבים רעות --> חיפה מרכז-חיפה,חיפה מרכז,רכבת ישראל,תל אביב יפו,
37350,השלום,תל אביב מרכז,מודיעין מרכז-מודיעין מכבים רעות --> חיפה מרכז-חיפה,חיפה מרכז,רכבת ישראל,תל אביב יפו,
37350,השלום,תל אביב האוניברסיטה - אקספו,מודיעין מרכז-מודיעין מכבים רעות --> חיפה מרכז-חיפה,חיפה מרכז,רכבת ישראל,תל אביב יפו,
37350,השלום,בנימינה,מודיעין מרכז-מודיעין מכבים רעות --> חיפה מרכז-חיפה,חיפה מרכז,רכבת ישראל,תל אביב יפו,
37350,השלום,חוף הכרמל,מודיעין מרכז-מודיעין מכבים רעות --> חיפה מרכז-חיפה,חיפה מרכז,רכבת ישראל,תל אביב יפו,
37350,השלום,בת גלים,מודיעין מרכז-מודיעין מכבים רעות --> חיפה מרכז-חיפה,חיפה מרכז,רכבת ישראל,תל אביב יפו,
37350,השלום,חיפה מרכז,מודיעין מרכז-מודיעין מכבים רעות --> חיפה מרכז-חיפה,חיפה מרכז,רכבת ישראל,תל אביב יפו,
37358,תל אביב מרכז,תל אביב האוניברסיטה - אקספו,מודיעין מרכז-מודיעין מכבים רעות --> חיפה מרכז-חיפה,חיפה מרכז,רכבת ישראל,תל אביב יפו,
37358,תל אביב מרכז,בנימינה,מודיעין מרכז-מודיעין מכבים רעות --> חיפה מרכז-חיפה,חיפה מרכז,רכבת ישראל,תל אביב יפו,
37358,תל אביב מרכז,חוף הכרמל,מודיעין מרכז-מודיעין מכבים רעות --> חיפה מרכז-חיפה,חיפה מרכז,רכבת ישראל,תל אביב יפו,
37358,תל אביב מרכז,בת גלים,מודיעין מרכז-מודיעין מכבים רעות --> חיפה מרכז-חיפה,חיפה מרכז,רכבת ישראל,תל אביב יפו,
37358,תל אביב מרכז,חיפה מרכז,מודיעין מרכז-מודיעין מכבים רעות --> חיפה מרכז-חיפה,חיפה מרכז,רכבת ישראל,תל אביב יפו,
37360,תל אביב האוניברסיטה - אקספו,בנימינה,מודיעין מרכז-מודיעין מכבים רעות --> חיפה מרכז-חיפה,חיפה מרכז,רכבת ישראל,תל אביב יפו,
37360,תל אביב האוניברסיטה - אקספו,חוף הכרמל,מודיעין מרכז-מודיעין מכבים רעות --> חיפה מרכז-חיפה,חיפה מרכז,רכבת ישראל,תל אביב יפו,
37360,תל אביב האוניברסיטה - אקספו,בת גלים,מודיעין מרכז-מודיעין מכבים רעות --> חיפה מרכז-חיפה,חיפה מרכז,רכבת ישראל,תל אביב יפו,
37360,תל אביב האוניברסיטה - אקספו,חיפה מרכז,מודיעין מרכז-מודיעין מכבים רעות --> חיפה מרכז-חיפה,חיפה מרכז,רכבת ישראל,תל אביב יפו,
37372,בנימינה,חוף הכרמל,מודיעין מרכז-מודיעין מכבים רעות --> חיפה מרכז-חיפה,חיפה מרכז,רכבת ישראל,בנימינה גבעת עדה,
37372,בנימינה,בת גלים,מודיעין מרכז-מודיעין מכבים רעות --> חיפה מרכז-חיפה,חיפה מרכז,רכבת ישראל,בנימינה גבעת עדה,
37372,בנימינה,חיפה מרכז,מודיעין מרכז-מודיעין מכבים רעות --> חיפה מרכז-חיפה,חיפה מרכז,רכבת ישראל,בנימינה גבעת עדה,
37376,חוף הכרמל,בת גלים,מודיעין מרכז-מודיעין מכבים רעות --> חיפה מרכז-חיפה,חיפה מרכז,רכבת ישראל,חוף הכרמל,
37376,חוף הכרמל,חיפה מרכז,מודיעין מרכז-מודיעין מכבים רעות --> חיפה מרכז-חיפה,חיפה מרכז,רכבת ישראל,חוף הכרמל,
37378,בת גלים,חיפה מרכז,מודיעין מרכז-מודיעין מכבים רעות --> חיפה מרכז-חיפה,חיפה מרכז,רכבת ישראל,חיפה,
37362,הרצליה,רעננה מערב,הרצליה-הרצליה --> תל אביב מרכז-תל אביב יפו,תל אביב מרכז,רכבת ישראל,הרצליה,
37362,הרצליה,רעננה דרום,הרצליה-הרצליה --> תל אביב מרכז-תל אביב יפו,תל אביב מרכז,רכבת ישראל,הרצליה,
37362,הרצליה,הוד השרון,הרצליה-הרצליה --> תל אביב מרכז-תל אביב יפו,תל אביב מרכז,רכבת ישראל,הרצליה,
37362,הרצליה,כפר סבא,הרצליה-הרצליה --> תל אביב מרכז-תל אביב יפו,תל אביב מרכז,רכבת ישראל,הרצליה,
37362,הרצליה,ראש העין צפון,הרצליה-הרצליה --> תל אביב מרכז-תל אביב יפו,תל אביב מרכז,רכבת ישראל,הרצליה,
37362,הרצליה,סגולה,הרצליה-הרצליה --> תל אביב מרכז-תל אביב יפו,תל אביב מרכז,רכבת ישראל,הרצליה,
37362,הרצליה,קרית אריה,הרצליה-הרצליה --> תל אביב מרכז-תל אביב יפו,תל אביב מרכז,רכבת ישראל,הרצליה,
37362,הרצליה,בני ברק,הרצליה-הרצליה --> תל אביב מרכז-תל אביב יפו,תל אביב מרכז,רכבת ישראל,הרצליה,
37362,הרצליה,תל אביב האוניברסיטה - אקספו,הרצליה-הרצליה --> תל אביב מרכז-תל אביב יפו,תל אביב מרכז,רכבת ישראל,הרצליה,
37362,הרצליה,תל אביב מרכז,הרצליה-הרצליה --> תל אביב מרכז-תל אביב יפו,תל אביב מרכז,רכבת ישראל,הרצליה,
42417,רעננה מערב,רעננה דרום,הרצליה-הרצליה --> תל אביב מרכז-תל אביב יפו,תל אביב מרכז,רכבת ישראל,רעננה,
42417,רעננה מערב,הוד השרון,הרצליה-הרצליה --> תל אביב מרכז-תל אביב יפו,תל אביב מרכז,רכבת ישראל,רעננה,
42417,רעננה מערב,כפר סבא,הרצליה-הרצליה --> תל אביב מרכז-תל אביב יפו,תל אביב מרכז,רכבת ישראל,רעננה,
42417,רעננה מערב,ראש העין צפון,הרצליה-הרצליה --> תל אביב מרכז-תל אביב יפו,תל אביב מרכז,רכבת ישראל,רעננה,
42417,רעננה מערב,סגולה,הרצליה-הרצליה --> תל אביב מרכז-תל אביב יפו,תל אביב מרכז,רכבת ישראל,רעננה,
42417,רעננה מערב,קרית אריה,הרצליה-הרצליה --> תל אביב מרכז-תל אביב יפו,תל אביב מרכז,רכבת ישראל,רעננה,
42417,רעננה מערב,בני ברק,הרצליה-הרצליה --> תל אביב מרכז-תל אביב יפו,תל אביב מרכז,רכבת ישראל,רעננה,
42417,רעננה מערב,תל אביב האוניברסיטה - אקספו,הרצליה-הרצליה --> תל אביב מרכז-תל אביב יפו,תל אביב מרכז,רכבת ישראל,רעננה,
42417,רעננה מערב,תל אביב מרכז,הרצליה-הרצליה --> תל אביב מרכז-תל אביב יפו,תל אביב מרכז,רכבת ישראל,רעננה,
42416,רעננה דרום,הוד השרון,הרצליה-הרצליה --> תל אביב מרכז-תל אביב יפו,תל אביב מרכז,רכבת ישראל,רעננה,
42416,רעננה דרום,כפר סבא,הרצליה-הרצליה --> תל אביב מרכז-תל אביב יפו,תל אביב מרכז,רכבת ישראל,רעננה,
42416,רעננה דרום,ראש העין צפון,הרצליה-הרצליה --> תל אביב מרכז-תל אביב יפו,תל אביב מרכז,רכבת ישראל,רעננה,
42416,רעננה דרום,סגולה,הרצליה-הרצליה --> תל אביב מרכז-תל אביב יפו,תל אביב מרכז,רכבת ישראל,רעננה,
42416,רעננה דרום,קרית אריה,הרצליה-הרצליה --> תל אביב מרכז-תל אביב יפו,תל אביב מרכז,רכבת ישראל,רעננה,
42416,רעננה דרום,בני ברק,הרצליה-הרצליה --> תל אביב מרכז-תל אביב יפו,תל אביב מרכז,רכבת ישראל,רעננה,
42416,רעננה דרום,תל אביב האוניברסיטה - אקספו,הרצליה-הרצליה --> תל אביב מרכז-תל אביב יפו,תל אביב מרכז,רכבת ישראל,רעננה,
42416,רעננה דרום,תל אביב מרכז,הרצליה-הרצליה --> תל אביב מרכז-תל אביב יפו,תל אביב מרכז,רכבת ישראל,רעננה,
37296,הוד השרון,כפר סבא,הרצליה-הרצליה --> תל אביב מרכז-תל אביב יפו,תל אביב מרכז,רכבת ישראל,הוד השרון,
37296,הוד השרון,ראש העין צפון,הרצליה-הרצליה --> תל אביב מרכז-תל אביב יפו,תל אביב מרכז,רכבת ישראל,הוד השרון,
37296,הוד השרון,סגולה,הרצליה-הרצליה --> תל אביב מרכז-תל אביב יפו,תל אביב מרכז,רכבת ישראל,הוד השרון,
37296,הוד השרון,קרית אריה,הרצליה-הרצליה --> תל אביב מרכז-תל אביב יפו,תל אביב מרכז,רכבת ישראל,הוד השרון,
37296,הוד השרון,בני ברק,הרצליה-הרצליה --> תל אביב מרכז-תל אביב יפו,תל אביב מרכז,רכבת ישראל,הוד השרון,
37296,הוד השרון,תל אביב האוניברסיטה - אקספו,הרצליה-הרצליה --> תל אביב מרכז-תל אביב יפו,תל אביב מרכז,רכבת ישראל,הוד השרון,
37296,הוד השרון,תל אביב מרכז,הרצליה-הרצליה --> תל אביב מרכז-תל אביב יפו,תל אביב מרכז,רכבת ישראל,הוד השרון,
37304,כפר סבא,ראש העין צפון,הרצליה-הרצליה --> תל אביב מרכז-תל אביב יפו,תל אביב מרכז,רכבת ישראל,כפר סבא,
37304,כפר סבא,סגולה,הרצליה-הרצליה --> תל אביב מרכז-תל אביב יפו,תל אביב מרכז,רכבת ישראל,כפר סבא,
37304,כפר סבא,קרית אריה,הרצליה-הרצליה --> תל אביב מרכז-תל אביב יפו,תל אביב מרכז,רכבת ישראל,כפר סבא,
37304,כפר סבא,בני ברק,הרצליה-הרצליה --> תל אביב מרכז-תל אביב יפו,תל אביב מרכז,רכבת ישראל,כפר סבא,
37304,כפר סבא,תל אביב האוניברסיטה - אקספו,הרצליה-הרצליה --> תל אביב מרכז-תל אביב יפו,תל אביב מרכז,רכבת ישראל,כפר סבא,
37304,כפר סבא,תל אביב מרכז,הרצליה-הרצליה --> תל אביב מרכז-תל אביב יפו,תל אביב מרכז,רכבת ישראל,כפר סבא,
37302,ראש העין צפון,סגולה,הרצליה-הרצליה --> תל אביב מרכז-תל אביב יפו,תל אביב מרכז,רכבת ישראל,ראש העין,
37302,ראש העין צפון,קרית אריה,הרצליה-הרצליה --> תל אביב מרכז-תל אביב יפו,תל אביב מרכז,רכבת ישראל,ראש העין,
37302,ראש העין צפון,בני ברק,הרצליה-הרצליה --> תל אביב מרכז-תל אביב יפו,תל אביב מרכז,רכבת ישראל,ראש העין,
37302,ראש העין צפון,תל אביב האוניברסיטה - אקספו,הרצליה-הרצליה --> תל אביב מרכז-תל אביב יפו,תל אביב מרכז,רכבת ישראל,ראש העין,
37302,ראש העין צפון,תל אביב מרכז,הרצליה-הרצליה --> תל אביב מרכז-תל אביב יפו,תל אביב מרכז,רכבת ישראל,ראש העין,
37352,סגולה,קרית אריה,הרצליה-הרצליה --> תל אביב מרכז-תל אביב יפו,תל אביב מרכז,רכבת ישראל,פתח תקווה,
37352,סגולה,בני ברק,הרצליה-הרצליה --> תל אביב מרכז-תל אביב יפו,תל אביב מרכז,רכבת ישראל,פתח תקווה,
37352,סגולה,תל אביב האוניברסיטה - אקספו,הרצליה-הרצליה --> תל אביב מרכז-תל אביב יפו,תל אביב מרכז,רכבת ישראל,פתח תקווה,
37352,סגולה,תל אביב מרכז,הרצליה-הרצליה --> תל אביב מרכז-תל אביב יפו,תל אביב מרכז,רכבת ישראל,פתח תקווה,
37354,קרית אריה,בני ברק,הרצליה-הרצליה --> תל אביב מרכז-תל אביב יפו,תל אביב מרכז,רכבת ישראל,פתח תקווה,
37354,קרית אריה,תל אביב האוניברסיטה - אקספו,הרצליה-הרצליה --> תל אביב מרכז-תל אביב יפו,תל אביב מרכז,רכבת ישראל,פתח תקווה,
37354,קרית אריה,תל אביב מרכז,הרצליה-הרצליה --> תל אביב מרכז-תל אביב יפו,תל אביב מרכז,רכבת ישראל,פתח תקווה,
37356,בני ברק,תל אביב האוניברסיטה - אקספו,הרצליה-הרצליה --> תל אביב מרכז-תל אביב יפו,תל אביב מרכז,רכבת ישראל,בני ברק,
37356,בני ברק,תל אביב מרכז,הרצליה-הרצליה --> תל אביב מרכז-תל אביב יפו,תל אביב מרכז,רכבת ישראל,בני ברק,
37360,תל אביב האוניברסיטה - אקספו,תל אביב מרכז,הרצליה-הרצליה --> תל אביב מרכז-תל אביב יפו,תל אביב מרכז,רכבת ישראל,תל אביב יפו,
37382,נהריה,חדרה מערב,נהריה-נהריה --> מודיעין מרכז-מודיעין מכבים רעות,מודיעין מרכז,רכבת ישראל,נהריה,
37382,נהריה,נתניה,נהריה-נהריה --> מודיעין מרכז-מודיעין מכבים רעות,מודיעין מרכז,רכבת ישראל,נהריה,
37382,נהריה,הרצליה,נהריה-נהריה --> מודיעין מרכז-מודיעין מכבים רעות,מודיעין מרכז,רכבת ישראל,נהריה,
37382,נהריה,תל אביב האוניברסיטה - אקספו,נהריה-נהריה --> מודיעין מרכז-מודיעין מכבים רעות,מודיעין מרכז,רכבת ישראל,נהריה,
37382,נהריה,תל אביב מרכז,נהריה-נהריה --> מודיעין מרכז-מודיעין מכבים רעות,מודיעין מרכז,רכבת ישראל,נהריה,
37382,נהריה,השלום,נהריה-נהריה --> מודיעין מרכז-מודיעין מכבים רעות,מודיעין מרכז,רכבת ישראל,נהריה,
37382,נהריה,תל אביב ההגנה,נהריה-נהריה --> מודיעין מרכז-מודיעין מכבים רעות,מודיעין מרכז,רכבת ישראל,נהריה,
37382,נהריה,נתב''ג,נהריה-נהריה --> מודיעין מרכז-מודיעין מכבים רעות,מודיעין מרכז,רכבת ישראל,נהריה,
37382,נהריה,פאתי מודיעין,נהריה-נהריה --> מודיעין מרכז-מודיעין מכבים רעות,מודיעין מרכז,רכבת ישראל,נהריה,
37382,נהריה,מודיעין מרכז,נהריה-נהריה --> מודיעין מרכז-מודיעין מכבים רעות,מודיעין מרכז,רכבת ישראל,נהריה,
37384,עכו,חדרה מערב,נהריה-נהריה --> מודיעין מרכז-מודיעין מכבים רעות,מודיעין מרכז,רכבת ישראל,עכו,
37384,עכו,נתניה,נהריה-נהריה --> מודיעין מרכז-מודיעין מכבים רעות,מודיעין מרכז,רכבת ישראל,עכו,
37384,עכו,הרצליה,נהריה-נהריה --> מודיעין מרכז-מודיעין מכבים רעות,מודיעין מרכז,רכבת ישראל,עכו,
37384,עכו,תל אביב האוניברסיטה - אקספו,נהריה-נהריה --> מודיעין מרכז-מודיעין מכבים רעות,מודיעין מרכז,רכבת ישראל,עכו,
37384,עכו,תל אביב מרכז,נהריה-נהריה --> מודיעין מרכז-מודיעין מכבים רעות,מודיעין מרכז,רכבת ישראל,עכו,
37384,עכו,השלום,נהריה-נהריה --> מודיעין מרכז-מודיעין מכבים רעות,מודיעין מרכז,רכבת ישראל,עכו,
37384,עכו,תל אביב ההגנה,נהריה-נהריה --> מודיעין מרכז-מודיעין מכבים רעות,מודיעין מרכז,רכבת ישראל,עכו,
37384,עכו,נתב''ג,נהריה-נהריה --> מודיעין מרכז-מודיעין מכבים רעות,מודיעין מרכז,רכבת ישראל,עכו,
37384,עכו,פאתי מודיעין,נהריה-נהריה --> מודיעין מרכז-מודיעין מכבים רעות,מודיעין מרכז,רכבת ישראל,עכו,
37384,עכו,מודיעין מרכז,נהריה-נהריה --> מודיעין מרכז-מודיעין מכבים רעות,מודיעין מרכז,רכבת ישראל,עכו,
41293,קרית מוצקין,חדרה מערב,נהריה-נהריה --> מודיעין מרכז-מודיעין מכבים רעות,מודיעין מרכז,רכבת ישראל,קרית מוצקין,
41293,קרית מוצקין,נתניה,נהריה-נהריה --> מודיעין מרכז-מודיעין מכבים רעות,מודיעין מרכז,רכבת ישראל,קרית מוצקין,
41293,קרית מוצקין,הרצליה,נהריה-נהריה --> מודיעין מרכז-מודיעין מכבים רעות,מודיעין מרכז,רכבת ישראל,קרית מוצקין,
41293,קרית מוצקין,תל אביב האוניברסיטה - אקספו,נהריה-נהריה --> מודיעין מרכז-מודיעין מכבים רעות,מודיעין מרכז,רכבת ישראל,קרית מוצקין,
41293,קרית מוצקין,תל אביב מרכז,נהריה-נהריה --> מודיעין מרכז-מודיעין מכבים רעות,מודיעין מרכז,רכבת ישראל,קרית מוצקין,
41293,קרית מוצקין,השלום,נהריה-נהריה --> מודיעין מרכז-מודיעין מכבים רעות,מודיעין מרכז,רכבת ישראל,קרית מוצקין,
41293,קרית מוצקין,תל אביב ההגנה,נהריה-נהריה --> מודיעין מרכז-מודיעין מכבים רעות,מודיעין מרכז,רכבת ישראל,קרית מוצקין,
41293,קרית מוצקין,נתב''ג,נהריה-נהריה --> מודיעין מרכז-מודיעין מכבים רעות,מודיעין מרכז,רכבת ישראל,קרית מוצקין,
41293,קרית מוצקין,פאתי מודיעין,נהריה-נהריה --> מודיעין מרכז-מודיעין מכבים רעות,מודיעין מרכז,רכבת ישראל,קרית מוצקין,
41293,קרית מוצקין,מודיעין מרכז,נהריה-נהריה --> מודיעין מרכז-מודיעין מכבים רעות,מודיעין מרכז,רכבת ישראל,קרית מוצקין,
37392,קרית חיים,חדרה מערב,נהריה-נהריה --> מודיעין מרכז-מודיעין מכבים רעות,מודיעין מרכז,רכבת ישראל,חיפה,
37392,קרית חיים,נתניה,נהריה-נהריה --> מודיעין מרכז-מודיעין מכבים רעות,מודיעין מרכז,רכבת ישראל,חיפה,
37392,קרית חיים,הרצליה,נהריה-נהריה --> מודיעין מרכז-מודיעין מכבים רעות,מודיעין מרכז,רכבת ישראל,חיפה,
37392,קרית חיים,תל אביב האוניברסיטה - אקספו,נהריה-נהריה --> מודיעין מרכז-מודיעין מכבים רעות,מודיעין מרכז,רכבת ישראל,חיפה,
37392,קרית חיים,תל אביב מרכז,נהריה-נהריה --> מודיעין מרכז-מודיעין מכבים רעות,מודיעין מרכז,רכבת ישראל,חיפה,
37392,קרית חיים,השלום,נהריה-נהריה --> מודיעין מרכז-מודיעין מכבים רעות,מודיעין מרכז,רכבת ישראל,חיפה,
37392,קרית חיים,תל אביב ההגנה,נהריה-נהריה --> מודיעין מרכז-מודיעין מכבים רעות,מודיעין מרכז,רכבת ישראל,חיפה,
37392,קרית חיים,נתב''ג,נהריה-נהריה --> מודיעין מרכז-מודיעין מכבים רעות,מודיעין מרכז,רכבת ישראל,חיפה,
37392,קרית חיים,פאתי מודיעין,נהריה-נהריה --> מודיעין מרכז-מודיעין מכבים רעות,מודיעין מרכז,רכבת ישראל,חיפה,
37392,קרית חיים,מודיעין מרכז,נהריה-נהריה --> מודיעין מרכז-מודיעין מכבים רעות,מודיעין מרכז,רכבת ישראל,חיפה,
37386,חוצות מפרץ,חדרה מערב,נהריה-נהריה --> מודיעין מרכז-מודיעין מכבים רעות,מודיעין מרכז,רכבת ישראל,חיפה,
37386,חוצות מפרץ,נתניה,נהריה-נהריה --> מודיעין מרכז-מודיעין מכבים רעות,מודיעין מרכז,רכבת ישראל,חיפה,
37386,חוצות מפרץ,הרצליה,נהריה-נהריה --> מודיעין מרכז-מודיעין מכבים רעות,מודיעין מרכז,רכבת ישראל,חיפה,
37386,חוצות מפרץ,תל אביב האוניברסיטה - אקספו,נהריה-נהריה --> מודיעין מרכז-מודיעין מכבים רעות,מודיעין מרכז,רכבת ישראל,חיפה,
37386,חוצות מפרץ,תל אביב מרכז,נהריה-נהריה --> מודיעין מרכז-מודיעין מכבים רעות,מודיעין מרכז,רכבת ישראל,חיפה,
37386,חוצות מפרץ,השלום,נהריה-נהריה --> מודיעין מרכז-מודיעין מכבים רעות,מודיעין מרכז,רכבת ישראל,חיפה,
37386,חוצות מפרץ,תל אביב ההגנה,נהריה-נהריה --> מודיעין מרכז-מודיעין מכבים רעות,מודיעין מרכז,רכבת ישראל,חיפה,
37386,חוצות מפרץ,נתב''ג,נהריה-נהריה --> מודיעין מרכז-מודיעין מכבים רעות,מודיעין מרכז,רכבת ישראל,חיפה,
37386,חוצות מפרץ,פאתי מודיעין,נהריה-נהריה --> מודיעין מרכז-מודיעין מכבים רעות,מודיעין מרכז,רכבת ישראל,חיפה,
37386,חוצות מפרץ,מודיעין מרכז,נהריה-נהריה --> מודיעין מרכז-מודיעין מכבים רעות,מודיעין מרכז,רכבת ישראל,חיפה,
37388,מרכזית המפרץ/קו החוף,חדרה מערב,נהריה-נהריה --> מודיעין מרכז-מודיעין מכבים רעות,מודיעין מרכז,רכבת ישראל,חיפה,
37388,מרכזית המפרץ/קו החוף,נתניה,נהריה-נהריה --> מודיעין מרכז-מודיעין מכבים רעות,מודיעין מרכז,רכבת ישראל,חיפה,
37388,מרכזית המפרץ/קו החוף,הרצליה,נהריה-נהריה --> מודיעין מרכז-מודיעין מכבים רעות,מודיעין מרכז,רכבת ישראל,חיפה,
37388,מרכזית המפרץ/קו החוף,תל אביב האוניברסיטה - אקספו,נהריה-נהריה --> מודיעין מרכז-מודיעין מכבים רעות,מודיעין מרכז,רכבת ישראל,חיפה,
37388,מרכזית המפרץ/קו החוף,תל אביב מרכז,נהריה-נהריה --> מודיעין מרכז-מודיעין מכבים רעות,מודיעין מרכז,רכבת ישראל,חיפה,
37388,מרכזית המפרץ/קו החוף,השלום,נהריה-נהריה --> מודיעין מרכז-מודיעין מכבים רעות,מודיעין מרכז,רכבת ישראל,חיפה,
37388,מרכזית המפרץ/קו החוף,תל אביב ההגנה,נהריה-נהריה --> מודיעין מרכז-מודיעין מכבים רעות,מודיעין מרכז,רכבת ישראל,חיפה,
37388,מרכזית המפרץ/קו החוף,נתב''ג,נהריה-נהריה --> מודיעין מרכז-מודיעין מכבים רעות,מודיעין מרכז,רכבת ישראל,חיפה,
37388,מרכזית המפרץ/קו החוף,פאתי מודיעין,נהריה-נהריה --> מודיעין מרכז-מודיעין מכבים רעות,מודיעין מרכז,רכבת ישראל,חיפה,
37388,מרכזית המפרץ/קו החוף,מודיעין מרכז,נהריה-נהריה --> מודיעין מרכז-מודיעין מכבים רעות,מודיעין מרכז,רכבת ישראל,חיפה,
37380,חיפה מרכז,חדרה מערב,נהריה-נהריה --> מודיעין מרכז-מודיעין מכבים רעות,מודיעין מרכז,רכבת ישראל,חיפה,
37380,חיפה מרכז,נתניה,נהריה-נהריה --> מודיעין מרכז-מודיעין מכבים רעות,מודיעין מרכז,רכבת ישראל,חיפה,
37380,חיפה מרכז,הרצליה,נהריה-נהריה --> מודיעין מרכז-מודיעין מכבים רעות,מודיעין מרכז,רכבת ישראל,חיפה,
37380,חיפה מרכז,תל אביב האוניברסיטה - אקספו,נהריה-נהריה --> מודיעין מרכז-מודיעין מכבים רעות,מודיעין מרכז,רכבת ישראל,חיפה,
37380,חיפה מרכז,תל אביב מרכז,נהריה-נהריה --> מודיעין מרכז-מודיעין מכבים רעות,מודיעין מרכז,רכבת ישראל,חיפה,
37380,חיפה מרכז,השלום,נהריה-נהריה --> מודיעין מרכז-מודיעין מכבים רעות,מודיעין מרכז,רכבת ישראל,חיפה,
37380,חיפה מרכז,תל אביב ההגנה,נהריה-נהריה --> מודיעין מרכז-מודיעין מכבים רעות,מודיעין מרכז,רכבת ישראל,חיפה,
37380,חיפה מרכז,נתב''ג,נהריה-נהריה --> מודיעין מרכז-מודיעין מכבים רעות,מודיעין מרכז,רכבת ישראל,חיפה,
37380,חיפה מרכז,פאתי מודיעין,נהריה-נהריה --> מודיעין מרכז-מודיעין מכבים רעות,מודיעין מרכז,רכבת ישראל,חיפה,
37380,חיפה מרכז,מודיעין מרכז,נהריה-נהריה --> מודיעין מרכז-מודיעין מכבים רעות,מודיעין מרכז,רכבת ישראל,חיפה,
37378,בת גלים,חדרה מערב,נהריה-נהריה --> מודיעין מרכז-מודיעין מכבים רעות,מודיעין מרכז,רכבת ישראל,חיפה,
37378,בת גלים,נתניה,נהריה-נהריה --> מודיעין מרכז-מודיעין מכבים רעות,מודיעין מרכז,רכבת ישראל,חיפה,
37378,בת גלים,הרצליה,נהריה-נהריה --> מודיעין מרכז-מודיעין מכבים רעות,מודיעין מרכז,רכבת ישראל,חיפה,
37378,בת גלים,תל אביב האוניברסיטה - אקספו,נהריה-נהריה --> מודיעין מרכז-מודיעין מכבים רעות,מודיעין מרכז,רכבת ישראל,חיפה,
37378,בת גלים,תל אביב מרכז,נהריה-נהריה --> מודיעין מרכז-מודיעין מכבים רעות,מודיעין מרכז,רכבת ישראל,חיפה,
37378,בת גלים,השלום,נהריה-נהריה --> מודיעין מרכז-מודיעין מכבים רעות,מודיעין מרכז,רכבת ישראל,חיפה,
37378,בת גלים,תל אביב ההגנה,נהריה-נהריה --> מודיעין מרכז-מודיעין מכבים רעות,מודיעין מרכז,רכבת ישראל,חיפה,
37378,בת גלים,נתב''ג,נהריה-נהריה --> מודיעין מרכז-מודיעין מכבים רעות,מודיעין מרכז,רכבת ישראל,חיפה,
37378,בת גלים,פאתי מודיעין,נהריה-נהריה --> מודיעין מרכז-מודיעין מכבים רעות,מודיעין מרכז,רכבת ישראל,חיפה,
37378,בת גלים,מודיעין מרכז,נהריה-נהריה --> מודיעין מרכז-מודיעין מכבים רעות,מודיעין מרכז,רכבת ישראל,חיפה,
37376,חוף הכרמל,חדרה מערב,נהריה-נהריה --> מודיעין מרכז-מודיעין מכבים רעות,מודיעין מרכז,רכבת ישראל,חוף הכרמל,
37376,חוף הכרמל,נתניה,נהריה-נהריה --> מודיעין מרכז-מודיעין מכבים רעות,מודיעין מרכז,רכבת ישראל,חוף הכרמל,
37376,חוף הכרמל,הרצליה,נהריה-נהריה --> מודיעין מרכז-מודיעין מכבים רעות,מודיעין מרכז,רכבת ישראל,חוף הכרמל,
37376,חוף הכרמל,תל אביב האוניברסיטה - אקספו,נהריה-נהריה --> מודיעין מרכז-מודיעין מכבים רעות,מודיעין מרכז,רכבת ישראל,חוף הכרמל,
37376,חוף הכרמל,תל אביב מרכז,נהריה-נהריה --> מודיעין מרכז-מודיעין מכבים רעות,מודיעין מרכז,רכבת ישראל,חוף הכרמל,
37376,חוף הכרמל,השלום,נהריה-נהריה --> מודיעין מרכז-מודיעין מכבים רעות,מודיעין מרכז,רכבת ישראל,חוף הכרמל,
37376,חוף הכרמל,תל אביב ההגנה,נהריה-נהריה --> מודיעין מרכז-מודיעין מכבים רעות,מודיעין מרכז,רכבת ישראל,חוף הכרמל,
37376,חוף הכרמל,נתב''ג,נהריה-נהריה --> מודיעין מרכז-מודיעין מכבים רעות,מודיעין מרכז,רכבת ישראל,חוף הכרמל,
37376,חוף הכרמל,פאתי מודיעין,נהריה-נהריה --> מודיעין מרכז-מודיעין מכבים רעות,מודיעין מרכז,רכבת ישראל,חוף הכרמל,
37376,חוף הכרמל,מודיעין מרכז,נהריה-נהריה --> מודיעין מרכז-מודיעין מכבים רעות,מודיעין מרכז,רכבת ישראל,חוף הכרמל,
37374,עתלית,חדרה מערב,נהריה-נהריה --> מודיעין מרכז-מודיעין מכבים רעות,מודיעין מרכז,רכבת ישראל,עתלית,
37374,עתלית,נתניה,נהריה-נהריה --> מודיעין מרכז-מודיעין מכבים רעות,מודיעין מרכז,רכבת ישראל,עתלית,
37374,עתלית,הרצליה,נהריה-נהריה --> מודיעין מרכז-מודיעין מכבים רעות,מודיעין מרכז,רכבת ישראל,עתלית,
37374,עתלית,תל אביב האוניברסיטה - אקספו,נהריה-נהריה --> מודיעין מרכז-מודיעין מכבים רעות,מודיעין מרכז,רכבת ישראל,עתלית,
37374,עתלית,תל אביב מרכז,נהריה-נהריה --> מודיעין מרכז-מודיעין מכבים רעות,מודיעין מרכז,רכבת ישראל,עתלית,
37374,עתלית,השלום,נהריה-נהריה --> מודיעין מרכז-מודיעין מכבים רעות,מודיעין מרכז,רכבת ישראל,עתלית,
37374,עתלית,תל אביב ההגנה,נהריה-נהריה --> מודיעין מרכז-מודיעין מכבים רעות,מודיעין מרכז,רכבת ישראל,עתלית,
37374,עתלית,נתב''ג,נהריה-נהריה --> מודיעין מרכז-מודיעין מכבים רעות,מודיעין מרכז,רכבת ישראל,עתלית,
37374,עתלית,פאתי מודיעין,נהריה-נהריה --> מודיעין מרכז-מודיעין מכבים רעות,מודיעין מרכז,רכבת ישראל,עתלית,
37374,עתלית,מודיעין מרכז,נהריה-נהריה --> מודיעין מרכז-מודיעין מכבים רעות,מודיעין מרכז,רכבת ישראל,עתלית,
37372,בנימינה,חדרה מערב,נהריה-נהריה --> מודיעין מרכז-מודיעין מכבים רעות,מודיעין מרכז,רכבת ישראל,בנימינה גבעת עדה,
37372,בנימינה,נתניה,נהריה-נהריה --> מודיעין מרכז-מודיעין מכבים רעות,מודיעין מרכז,רכבת ישראל,בנימינה גבעת עדה,
37372,בנימינה,הרצליה,נהריה-נהריה --> מודיעין מרכז-מודיעין מכבים רעות,מודיעין מרכז,רכבת ישראל,בנימינה גבעת עדה,
37372,בנימינה,תל אביב האוניברסיטה - אקספו,נהריה-נהריה --> מודיעין מרכז-מודיעין מכבים רעות,מודיעין מרכז,רכבת ישראל,בנימינה גבעת עדה,
37372,בנימינה,תל אביב מרכז,נהריה-נהריה --> מודיעין מרכז-מודיעין מכבים רעות,מודיעין מרכז,רכבת ישראל,בנימינה גבעת עדה,
37372,בנימינה,השלום,נהריה-נהריה --> מודיעין מרכז-מודיעין מכבים רעות,מודיעין מרכז,רכבת ישראל,בנימינה גבעת עדה,
37372,בנימינה,תל אביב ההגנה,נהריה-נהריה --> מודיעין מרכז-מודיעין מכבים רעות,מודיעין מרכז,רכבת ישראל,בנימינה גבעת עדה,
37372,בנימינה,נתב''ג,נהריה-נהריה --> מודיעין מרכז-מודיעין מכבים רעות,מודיעין מרכז,רכבת ישראל,בנימינה גבעת עדה,
37372,בנימינה,פאתי מודיעין,נהריה-נהריה --> מודיעין מרכז-מודיעין מכבים רעות,מודיעין מרכז,רכבת ישראל,בנימינה גבעת עדה,
37372,בנימינה,מודיעין מרכז,נהריה-נהריה --> מודיעין מרכז-מודיעין מכבים רעות,מודיעין מרכז,רכבת ישראל,בנימינה גבעת עדה,
37368,חדרה מערב,נתניה,נהריה-נהריה --> מודיעין מרכז-מודיעין מכבים רעות,מודיעין מרכז,רכבת ישראל,חדרה,
37368,חדרה מערב,הרצליה,נהריה-נהריה --> מודיעין מרכז-מודיעין מכבים רעות,מודיעין מרכז,רכבת ישראל,חדרה,
37368,חדרה מערב,תל אביב האוניברסיטה - אקספו,נהריה-נהריה --> מודיעין מרכז-מודיעין מכבים רעות,מודיעין מרכז,רכבת ישראל,חדרה,
37368,חדרה מערב,תל אביב מרכז,נהריה-נהריה --> מודיעין מרכז-מודיעין מכבים רעות,מודיעין מרכז,רכבת ישראל,חדרה,
37368,חדרה מערב,השלום,נהריה-נהריה --> מודיעין מרכז-מודיעין מכבים רעות,מודיעין מרכז,רכבת ישראל,חדרה,
37368,חדרה מערב,תל אביב ההגנה,נהריה-נהריה --> מודיעין מרכז-מודיעין מכבים רעות,מודיעין מרכז,רכבת ישראל,חדרה,
37368,חדרה מערב,נתב''ג,נהריה-נהריה --> מודיעין מרכז-מודיעין מכבים רעות,מודיעין מרכז,רכבת ישראל,חדרה,
37368,חדרה מערב,פאתי מודיעין,נהריה-נהריה --> מודיעין מרכז-מודיעין מכבים רעות,מודיעין מרכז,רכבת ישראל,חדרה,
37368,חדרה מערב,מודיעין מרכז,נהריה-נהריה --> מודיעין מרכז-מודיעין מכבים רעות,מודיעין מרכז,רכבת ישראל,חדרה,
37366,נתניה,הרצליה,נהריה-נהריה --> מודיעין מרכז-מודיעין מכבים רעות,מודיעין מרכז,רכבת ישראל,נתניה,
37366,נתניה,תל אביב האוניברסיטה - אקספו,נהריה-נהריה --> מודיעין מרכז-מודיעין מכבים רעות,מודיעין מרכז,רכבת ישראל,נתניה,
37366,נתניה,תל אביב מרכז,נהריה-נהריה --> מודיעין מרכז-מודיעין מכבים רעות,מודיעין מרכז,רכבת ישראל,נתניה,
37366,נתניה,השלום,נהריה-נהריה --> מודיעין מרכז-מודיעין מכבים רעות,מודיעין מרכז,רכבת ישראל,נתניה,
37366,נתניה,תל אביב ההגנה,נהריה-נהריה --> מודיעין מרכז-מודיעין מכבים רעות,מודיעין מרכז,רכבת ישראל,נתניה,
37366,נתניה,נתב''ג,נהריה-נהריה --> מודיעין מרכז-מודיעין מכבים רעות,מודיעין מרכז,רכבת ישראל,נתניה,
37366,נתניה,פאתי מודיעין,נהריה-נהריה --> מודיעין מרכז-מודיעין מכבים רעות,מודיעין מרכז,רכבת ישראל,נתניה,
37366,נתניה,מודיעין מרכז,נהריה-נהריה --> מודיעין מרכז-מודיעין מכבים רעות,מודיעין מרכז,רכבת ישראל,נתניה,
37362,הרצליה,תל אביב האוניברסיטה - אקספו,נהריה-נהריה --> מודיעין מרכז-מודיעין מכבים רעות,מודיעין מרכז,רכבת ישראל,הרצליה,
37362,הרצליה,תל אביב מרכז,נהריה-נהריה --> מודיעין מרכז-מודיעין מכבים רעות,מודיעין מרכז,רכבת ישראל,הרצליה,
37362,הרצליה,השלום,נהריה-נהריה --> מודיעין מרכז-מודיעין מכבים רעות,מודיעין מרכז,רכבת ישראל,הרצליה,
37362,הרצליה,תל אביב ההגנה,נהריה-נהריה --> מודיעין מרכז-מודיעין מכבים רעות,מודיעין מרכז,רכבת ישראל,הרצליה,
37362,הרצליה,נתב''ג,נהריה-נהריה --> מודיעין מרכז-מודיעין מכבים רעות,מודיעין מרכז,רכבת ישראל,הרצליה,
37362,הרצליה,פאתי מודיעין,נהריה-נהריה --> מודיעין מרכז-מודיעין מכבים רעות,מודיעין מרכז,רכבת ישראל,הרצליה,
37362,הרצליה,מודיעין מרכז,נהריה-נהריה --> מודיעין מרכז-מודיעין מכבים רעות,מודיעין מרכז,רכבת ישראל,הרצליה,
37360,תל אביב האוניברסיטה - אקספו,תל אביב מרכז,נהריה-נהריה --> מודיעין מרכז-מודיעין מכבים רעות,מודיעין מרכז,רכבת ישראל,תל אביב יפו,
37360,תל אביב האוניברסיטה - אקספו,השלום,נהריה-נהריה --> מודיעין מרכז-מודיעין מכבים רעות,מודיעין מרכז,רכבת ישראל,תל אביב יפו,
37360,תל אביב האוניברסיטה - אקספו,תל אביב ההגנה,נהריה-נהריה --> מודיעין מרכז-מודיעין מכבים רעות,מודיעין מרכז,רכבת ישראל,תל אביב יפו,
37360,תל אביב האוניברסיטה - אקספו,נתב''ג,נהריה-נהריה --> מודיעין מרכז-מודיעין מכבים רעות,מודיעין מרכז,רכבת ישראל,תל אביב יפו,
37360,תל אביב האוניברסיטה - אקספו,פאתי מודיעין,נהריה-נהריה --> מודיעין מרכז-מודיעין מכבים רעות,מודיעין מרכז,רכבת ישראל,תל אביב יפו,
37360,תל אביב האוניברסיטה - אקספו,מודיעין מרכז,נהריה-נהריה --> מודיעין מרכז-מודיעין מכבים רעות,מודיעין מרכז,רכבת ישראל,תל אביב יפו,
37358,תל אביב מרכז,השלום,נהריה-נהריה --> מודיעין מרכז-מודיעין מכבים רעות,מודיעין מרכז,רכבת ישראל,תל אביב יפו,
37358,תל אביב מרכז,תל אביב ההגנה,נהריה-נהריה --> מודיעין מרכז-מודיעין מכבים רעות,מודיעין מרכז,רכבת ישראל,תל אביב יפו,
37358,תל אביב מרכז,נתב''ג,נהריה-נהריה --> מודיעין מרכז-מודיעין מכבים רעות,מודיעין מרכז,רכבת ישראל,תל אביב יפו,
37358,תל אביב מרכז,פאתי מודיעין,נהריה-נהריה --> מודיעין מרכז-מודיעין מכבים רעות,מודיעין מרכז,רכבת ישראל,תל אביב יפו,
37358,תל אביב מרכז,מודיעין מרכז,נהריה-נהריה --> מודיעין מרכז-מודיעין מכבים רעות,מודיעין מרכז,רכבת ישראל,תל אביב יפו,
37350,השלום,תל אביב ההגנה,נהריה-נהריה --> מודיעין מרכז-מודיעין מכבים רעות,מודיעין מרכז,רכבת ישראל,תל אביב יפו,
37350,השלום,נתב''ג,נהריה-נהריה --> מודיעין מרכז-מודיעין מכבים רעות,מודיעין מרכז,רכבת ישראל,תל אביב יפו,
37350,השלום,פאתי מודיעין,נהריה-נהריה --> מודיעין מרכז-מודיעין מכבים רעות,מודיעין מרכז,רכבת ישראל,תל אביב יפו,
37350,השלום,מודיעין מרכז,נהריה-נהריה --> מודיעין מרכז-מודיעין מכבים רעות,מודיעין מרכז,רכבת ישראל,תל אביב יפו,
37292,תל אביב ההגנה,נתב''ג,נהריה-נהריה --> מודיעין מרכז-מודיעין מכבים רעות,מודיעין מרכז,רכבת ישראל,תל אביב יפו,
37292,תל אביב ההגנה,פאתי מודיעין,נהריה-נהריה --> מודיעין מרכז-מודיעין מכבים רעות,מודיעין מרכז,רכבת ישראל,תל אביב יפו,
37292,תל אביב ההגנה,מודיעין מרכז,נהריה-נהריה --> מודיעין מרכז-מודיעין מכבים רעות,מודיעין מרכז,רכבת ישראל,תל אביב יפו,
37306,נתב''ג,פאתי מודיעין,נהריה-נהריה --> מודיעין מרכז-מודיעין מכבים רעות,מודיעין מרכז,רכבת ישראל,נמל תעופה בן גוריון,
37306,נתב''ג,מודיעין מרכז,נהריה-נהריה --> מודיעין מרכז-מודיעין מכבים רעות,מודיעין מרכז,רכבת ישראל,נמל תעופה בן גוריון,
37396,פאתי מודיעין,מודיעין מרכז,נהריה-נהריה --> מודיעין מרכז-מודיעין מכבים רעות,מודיעין מרכז,רכבת ישראל,מודיעין מכבים רעות,
37394,מודיעין מרכז,חיפה מרכז,מודיעין מרכז-מודיעין מכבים רעות --> נהריה-נהריה,נהריה,רכבת ישראל,מודיעין מכבים רעות,
37394,מודיעין מרכז,קרית מוצקין,מודיעין מרכז-מודיעין מכבים רעות --> נהריה-נהריה,נהריה,רכבת ישראל,מודיעין מכבים רעות,
37394,מודיעין מרכז,עכו,מודיעין מרכז-מודיעין מכבים רעות --> נהריה-נהריה,נהריה,רכבת ישראל,מודיעין מכבים רעות,
37394,מודיעין מרכז,נהריה,מודיעין מרכז-מודיעין מכבים רעות --> נהריה-נהריה,נהריה,רכבת ישראל,מודיעין מכבים רעות,
37306,נתב''ג,חיפה מרכז,מודיעין מרכז-מודיעין מכבים רעות --> נהריה-נהריה,נהריה,רכבת ישראל,נמל תעופה בן גוריון,
37306,נתב''ג,קרית מוצקין,מודיעין מרכז-מודיעין מכבים רעות --> נהריה-נהריה,נהריה,רכבת ישראל,נמל תעופה בן גוריון,
37306,נתב''ג,עכו,מודיעין מרכז-מודיעין מכבים רעות --> נהריה-נהריה,נהריה,רכבת ישראל,נמל תעופה בן גוריון,
37306,נתב''ג,נהריה,מודיעין מרכז-מודיעין מכבים רעות --> נהריה-נהריה,נהריה,רכבת ישראל,נמל תעופה בן גוריון,
37358,תל אביב מרכז,חיפה מרכז,מודיעין מרכז-מודיעין מכבים רעות --> נהריה-נהריה,נהריה,רכבת ישראל,תל אביב יפו,
37358,תל אביב מרכז,קרית מוצקין,מודיעין מרכז-מודיעין מכבים רעות --> נהריה-נהריה,נהריה,רכבת ישראל,תל אביב יפו,
37358,תל אביב מרכז,עכו,מודיעין מרכז-מודיעין מכבים רעות --> נהריה-נהריה,נהריה,רכבת ישראל,תל אביב יפו,
37358,תל אביב מרכז,נהריה,מודיעין מרכז-מודיעין מכבים רעות --> נהריה-נהריה,נהריה,רכבת ישראל,תל אביב יפו,
37362,הרצליה,חיפה מרכז,מודיעין מרכז-מודיעין מכבים רעות --> נהריה-נהריה,נהריה,רכבת ישראל,הרצליה,
37362,הרצליה,קרית מוצקין,מודיעין מרכז-מודיעין מכבים רעות --> נהריה-נהריה,נהריה,רכבת ישראל,הרצליה,
37362,הרצליה,עכו,מודיעין מרכז-מודיעין מכבים רעות --> נהריה-נהריה,נהריה,רכבת ישראל,הרצליה,
37362,הרצליה,נהריה,מודיעין מרכז-מודיעין מכבים רעות --> נהריה-נהריה,נהריה,רכבת ישראל,הרצליה,
37366,נתניה,חיפה מרכז,מודיעין מרכז-מודיעין מכבים רעות --> נהריה-נהריה,נהריה,רכבת ישראל,נתניה,
37366,נתניה,קרית מוצקין,מודיעין מרכז-מודיעין מכבים רעות --> נהריה-נהריה,נהריה,רכבת ישראל,נתניה,
37366,נתניה,עכו,מודיעין מרכז-מודיעין מכבים רעות --> נהריה-נהריה,נהריה,רכבת ישראל,נתניה,
37366,נתניה,נהריה,מודיעין מרכז-מודיעין מכבים רעות --> נהריה-נהריה,נהריה,רכבת ישראל,נתניה,
37368,חדרה מערב,חיפה מרכז,מודיעין מרכז-מודיעין מכבים רעות --> נהריה-נהריה,נהריה,רכבת ישראל,חדרה,
37368,חדרה מערב,קרית מוצקין,מודיעין מרכז-מודיעין מכבים רעות --> נהריה-נהריה,נהריה,רכבת ישראל,חדרה,
37368,חדרה מערב,עכו,מודיעין מרכז-מודיעין מכבים רעות --> נהריה-נהריה,נהריה,רכבת ישראל,חדרה,
37368,חדרה מערב,נהריה,מודיעין מרכז-מודיעין מכבים רעות --> נהריה-נהריה,נהריה,רכבת ישראל,חדרה,
37372,בנימינה,חיפה מרכז,מודיעין מרכז-מודיעין מכבים רעות --> נהריה-נהריה,נהריה,רכבת ישראל,בנימינה גבעת עדה,
37372,בנימינה,קרית מוצקין,מודיעין מרכז-מודיעין מכבים רעות --> נהריה-נהריה,נהריה,רכבת ישראל,בנימינה גבעת עדה,
37372,בנימינה,עכו,מודיעין מרכז-מודיעין מכבים רעות --> נהריה-נהריה,נהריה,רכבת ישראל,בנימינה גבעת עדה,
37372,בנימינה,נהריה,מודיעין מרכז-מודיעין מכבים רעות --> נהריה-נהריה,נהריה,רכבת ישראל,בנימינה גבעת עדה,
37376,חוף הכרמל,חיפה מרכז,מודיעין מרכז-מודיעין מכבים רעות --> נהריה-נהריה,נהריה,רכבת ישראל,חוף הכרמל,
37376,חוף הכרמל,קרית מוצקין,מודיעין מרכז-מודיעין מכבים רעות --> נהריה-נהריה,נהריה,רכבת ישראל,חוף הכרמל,
37376,חוף הכרמל,עכו,מודיעין מרכז-מודיעין מכבים רעות --> נהריה-נהריה,נהריה,רכבת ישראל,חוף הכרמל,
37376,חוף הכרמל,נהריה,מודיעין מרכז-מודיעין מכבים רעות --> נהריה-נהריה,נהריה,רכבת ישראל,חוף הכרמל,
37380,חיפה מרכז,קרית מוצקין,מודיעין מרכז-מודיעין מכבים רעות --> נהריה-נהריה,נהריה,רכבת ישראל,חיפה,
37380,חיפה מרכז,עכו,מודיעין מרכז-מודיעין מכבים רעות --> נהריה-נהריה,נהריה,רכבת ישראל,חיפה,
37380,חיפה מרכז,נהריה,מודיעין מרכז-מודיעין מכבים רעות --> נהריה-נהריה,נהריה,רכבת ישראל,חיפה,
41293,קרית מוצקין,עכו,מודיעין מרכז-מודיעין מכבים רעות --> נהריה-נהריה,נהריה,רכבת ישראל,קרית מוצקין,
41293,קרית מוצקין,נהריה,מודיעין מרכז-מודיעין מכבים רעות --> נהריה-נהריה,נהריה,רכבת ישראל,קרית מוצקין,
37384,עכו,נהריה,מודיעין מרכז-מודיעין מכבים רעות --> נהריה-נהריה,נהריה,רכבת ישראל,עכו,
37358,תל אביב מרכז,השלום,תל אביב מרכז-תל אביב יפו --> מודיעין מרכז-מודיעין מכבים רעות,מודיעין מרכז,רכבת ישראל,תל אביב יפו,
37358,תל אביב מרכז,תל אביב ההגנה,תל אביב מרכז-תל אביב יפו --> מודיעין מרכז-מודיעין מכבים רעות,מודיעין מרכז,רכבת ישראל,תל אביב יפו,
37358,תל אביב מרכז,נתב''ג,תל אביב מרכז-תל אביב יפו --> מודיעין מרכז-מודיעין מכבים רעות,מודיעין מרכז,רכבת ישראל,תל אביב יפו,
37358,תל אביב מרכז,פאתי מודיעין,תל אביב מרכז-תל אביב יפו --> מודיעין מרכז-מודיעין מכבים רעות,מודיעין מרכז,רכבת ישראל,תל אביב יפו,
37358,תל אביב מרכז,מודיעין מרכז,תל אביב מרכז-תל אביב יפו --> מודיעין מרכז-מודיעין מכבים רעות,מודיעין מרכז,רכבת ישראל,תל אביב יפו,
37350,השלום,תל אביב ההגנה,תל אביב מרכז-תל אביב יפו --> מודיעין מרכז-מודיעין מכבים רעות,מודיעין מרכז,רכבת ישראל,תל אביב יפו,
37350,השלום,נתב''ג,תל אביב מרכז-תל אביב יפו --> מודיעין מרכז-מודיעין מכבים רעות,מודיעין מרכז,רכבת ישראל,תל אביב יפו,
37350,השלום,פאתי מודיעין,תל אביב מרכז-תל אביב יפו --> מודיעין מרכז-מודיעין מכבים רעות,מודיעין מרכז,רכבת ישראל,תל אביב יפו,
37350,השלום,מודיעין מרכז,תל אביב מרכז-תל אביב יפו --> מודיעין מרכז-מודיעין מכבים רעות,מודיעין מרכז,רכבת ישראל,תל אביב יפו,
37292,תל אביב ההגנה,נתב''ג,תל אביב מרכז-תל אביב יפו --> מודיעין מרכז-מודיעין מכבים רעות,מודיעין מרכז,רכבת ישראל,תל אביב יפו,
37292,תל אביב ההגנה,פאתי מודיעין,תל אביב מרכז-תל אביב יפו --> מודיעין מרכז-מודיעין מכבים רעות,מודיעין מרכז,רכבת ישראל,תל אביב יפו,
37292,תל אביב ההגנה,מודיעין מרכז,תל אביב מרכז-תל אביב יפו --> מודיעין מרכז-מודיעין מכבים רעות,מודיעין מרכז,רכבת ישראל,תל אביב יפו,
37306,נתב''ג,פאתי מודיעין,תל אביב מרכז-תל אביב יפו --> מודיעין מרכז-מודיעין מכבים רעות,מודיעין מרכז,רכבת ישראל,נמל תעופה בן גוריון,
37306,נתב''ג,מודיעין מרכז,תל אביב מרכז-תל אביב יפו --> מודיעין מרכז-מודיעין מכבים רעות,מודיעין מרכז,רכבת ישראל,נמל תעופה בן גוריון,
37396,פאתי מודיעין,מודיעין מרכז,תל אביב מרכז-תל אביב יפו --> מודיעין מרכז-מודיעין מכבים רעות,מודיעין מרכז,רכבת ישראל,מודיעין מכבים רעות,
37394,מודיעין מרכז,פאתי מודיעין,מודיעין מרכז-מודיעין מכבים רעות --> תל אביב מרכז-תל אביב יפו,תל אביב מרכז,רכבת ישראל,מודיעין מכבים רעות,
37394,מודיעין מרכז,נתב''ג,מודיעין מרכז-מודיעין מכבים רעות --> תל אביב מרכז-תל אביב יפו,תל אביב מרכז,רכבת ישראל,מודיעין מכבים רעות,
37394,מודיעין מרכז,תל אביב ההגנה,מודיעין מרכז-מודיעין מכבים רעות --> תל אביב מרכז-תל אביב יפו,תל אביב מרכז,רכבת ישראל,מודיעין מכבים רעות,
37394,מודיעין מרכז,השלום,מודיעין מרכז-מודיעין מכבים רעות --> תל אביב מרכז-תל אביב יפו,תל אביב מרכז,רכבת ישראל,מודיעין מכבים רעות,
37394,מודיעין מרכז,תל אביב מרכז,מודיעין מרכז-מודיעין מכבים רעות --> תל אביב מרכז-תל אביב יפו,תל אביב מרכז,רכבת ישראל,מודיעין מכבים רעות,
37396,פאתי מודיעין,נתב''ג,מודיעין מרכז-מודיעין מכבים רעות --> תל אביב מרכז-תל אביב יפו,תל אביב מרכז,רכבת ישראל,מודיעין מכבים רעות,
37396,פאתי מודיעין,תל אביב ההגנה,מודיעין מרכז-מודיעין מכבים רעות --> תל אביב מרכז-תל אביב יפו,תל אביב מרכז,רכבת ישראל,מודיעין מכבים רעות,
37396,פאתי מודיעין,השלום,מודיעין מרכז-מודיעין מכבים רעות --> תל אביב מרכז-תל אביב יפו,תל אביב מרכז,רכבת ישראל,מודיעין מכבים רעות,
37396,פאתי מודיעין,תל אביב מרכז,מודיעין מרכז-מודיעין מכבים רעות --> תל אביב מרכז-תל אביב יפו,תל אביב מרכז,רכבת ישראל,מודיעין מכבים רעות,
37306,נתב''ג,תל אביב ההגנה,מודיעין מרכז-מודיעין מכבים רעות --> תל אביב מרכז-תל אביב יפו,תל אביב מרכז,רכבת ישראל,נמל תעופה בן גוריון,
37306,נתב''ג,השלום,מודיעין מרכז-מודיעין מכבים רעות --> תל אביב מרכז-תל אביב יפו,תל אביב מרכז,רכבת ישראל,נמל תעופה בן גוריון,
37306,נתב''ג,תל אביב מרכז,מודיעין מרכז-מודיעין מכבים רעות --> תל אביב מרכז-תל אביב יפו,תל אביב מרכז,רכבת ישראל,נמל תעופה בן גוריון,
37292,תל אביב ההגנה,השלום,מודיעין מרכז-מודיעין מכבים רעות --> תל אביב מרכז-תל אביב יפו,תל אביב מרכז,רכבת ישראל,תל אביב יפו,
37292,תל אביב ההגנה,תל אביב מרכז,מודיעין מרכז-מודיעין מכבים רעות --> תל אביב מרכז-תל אביב יפו,תל אביב מרכז,רכבת ישראל,תל אביב יפו,
37350,השלום,תל אביב מרכז,מודיעין מרכז-מודיעין מכבים רעות --> תל אביב מרכז-תל אביב יפו,תל אביב מרכז,רכבת ישראל,תל אביב יפו,
37394,מודיעין מרכז,תל אביב ההגנה,מודיעין מרכז-מודיעין מכבים רעות --> נהריה-נהריה,נהריה,רכבת ישראל,מודיעין מכבים רעות,
37394,מודיעין מרכז,השלום,מודיעין מרכז-מודיעין מכבים רעות --> נהריה-נהריה,נהריה,רכבת ישראל,מודיעין מכבים רעות,
37394,מודיעין מרכז,תל אביב מרכז,מודיעין מרכז-מודיעין מכבים רעות --> נהריה-נהריה,נהריה,רכבת ישראל,מודיעין מכבים רעות,
37394,מודיעין מרכז,תל אביב האוניברסיטה - אקספו,מודיעין מרכז-מודיעין מכבים רעות --> נהריה-נהריה,נהריה,רכבת ישראל,מודיעין מכבים רעות,
37394,מודיעין מרכז,הרצליה,מודיעין מרכז-מודיעין מכבים רעות --> נהריה-נהריה,נהריה,רכבת ישראל,מודיעין מכבים רעות,
37306,נתב''ג,תל אביב ההגנה,מודיעין מרכז-מודיעין מכבים רעות --> נהריה-נהריה,נהריה,רכבת ישראל,נמל תעופה בן גוריון,
37306,נתב''ג,השלום,מודיעין מרכז-מודיעין מכבים רעות --> נהריה-נהריה,נהריה,רכבת ישראל,נמל תעופה בן גוריון,
37306,נתב''ג,תל אביב מרכז,מודיעין מרכז-מודיעין מכבים רעות --> נהריה-נהריה,נהריה,רכבת ישראל,נמל תעופה בן גוריון,
37306,נתב''ג,תל אביב האוניברסיטה - אקספו,מודיעין מרכז-מודיעין מכבים רעות --> נהריה-נהריה,נהריה,רכבת ישראל,נמל תעופה בן גוריון,
37306,נתב''ג,הרצליה,מודיעין מרכז-מודיעין מכבים רעות --> נהריה-נהריה,נהריה,רכבת ישראל,נמל תעופה בן גוריון,
37306,נתב''ג,בנימינה,מודיעין מרכז-מודיעין מכבים רעות --> נהריה-נהריה,נהריה,רכבת ישראל,נמל תעופה בן גוריון,
37306,נתב''ג,עתלית,מודיעין מרכז-מודיעין מכבים רעות --> נהריה-נהריה,נהריה,רכבת ישראל,נמל תעופה בן גוריון,
37306,נתב''ג,חוף הכרמל,מודיעין מרכז-מודיעין מכבים רעות --> נהריה-נהריה,נהריה,רכבת ישראל,נמל תעופה בן גוריון,
37306,נתב''ג,בת גלים,מודיעין מרכז-מודיעין מכבים רעות --> נהריה-נהריה,נהריה,רכבת ישראל,נמל תעופה בן גוריון,
37306,נתב''ג,חיפה מרכז,מודיעין מרכז-מודיעין מכבים רעות --> נהריה-נהריה,נהריה,רכבת ישראל,נמל תעופה בן גוריון,
37306,נתב''ג,מרכזית המפרץ/קו החוף,מודיעין מרכז-מודיעין מכבים רעות --> נהריה-נהריה,נהריה,רכבת ישראל,נמל תעופה בן גוריון,
37306,נתב''ג,חוצות מפרץ,מודיעין מרכז-מודיעין מכבים רעות --> נהריה-נהריה,נהריה,רכבת ישראל,נמל תעופה בן גוריון,
37306,נתב''ג,קרית חיים,מודיעין מרכז-מודיעין מכבים רעות --> נהריה-נהריה,נהריה,רכבת ישראל,נמל תעופה בן גוריון,
37306,נתב''ג,קרית מוצקין,מודיעין מרכז-מודיעין מכבים רעות --> נהריה-נהריה,נהריה,רכבת ישראל,נמל תעופה בן גוריון,
37306,נתב''ג,עכו,מודיעין מרכז-מודיעין מכבים רעות --> נהריה-נהריה,נהריה,רכבת ישראל,נמל תעופה בן גוריון,
37306,נתב''ג,נהריה,מודיעין מרכז-מודיעין מכבים רעות --> נהריה-נהריה,נהריה,רכבת ישראל,נמל תעופה בן גוריון,
37292,תל אביב ההגנה,השלום,מודיעין מרכז-מודיעין מכבים רעות --> נהריה-נהריה,נהריה,רכבת ישראל,תל אביב יפו,
37292,תל אביב ההגנה,תל אביב מרכז,מודיעין מרכז-מודיעין מכבים רעות --> נהריה-נהריה,נהריה,רכבת ישראל,תל אביב יפו,
37292,תל אביב ההגנה,תל אביב האוניברסיטה - אקספו,מודיעין מרכז-מודיעין מכבים רעות --> נהריה-נהריה,נהריה,רכבת ישראל,תל אביב יפו,
37292,תל אביב ההגנה,הרצליה,מודיעין מרכז-מודיעין מכבים רעות --> נהריה-נהריה,נהריה,רכבת ישראל,תל אביב יפו,
37292,תל אביב ההגנה,בנימינה,מודיעין מרכז-מודיעין מכבים רעות --> נהריה-נהריה,נהריה,רכבת ישראל,תל אביב יפו,
37292,תל אביב ההגנה,עתלית,מודיעין מרכז-מודיעין מכבים רעות --> נהריה-נהריה,נהריה,רכבת ישראל,תל אביב יפו,
37292,תל אביב ההגנה,חוף הכרמל,מודיעין מרכז-מודיעין מכבים רעות --> נהריה-נהריה,נהריה,רכבת ישראל,תל אביב יפו,
37292,תל אביב ההגנה,בת גלים,מודיעין מרכז-מודיעין מכבים רעות --> נהריה-נהריה,נהריה,רכבת ישראל,תל אביב יפו,
37292,תל אביב ההגנה,חיפה מרכז,מודיעין מרכז-מודיעין מכבים רעות --> נהריה-נהריה,נהריה,רכבת ישראל,תל אביב יפו,
37292,תל אביב ההגנה,מרכזית המפרץ/קו החוף,מודיעין מרכז-מודיעין מכבים רעות --> נהריה-נהריה,נהריה,רכבת ישראל,תל אביב יפו,
37292,תל אביב ההגנה,חוצות מפרץ,מודיעין מרכז-מודיעין מכבים רעות --> נהריה-נהריה,נהריה,רכבת ישראל,תל אביב יפו,
37292,תל אביב ההגנה,קרית חיים,מודיעין מרכז-מודיעין מכבים רעות --> נהריה-נהריה,נהריה,רכבת ישראל,תל אביב יפו,
37292,תל אביב ההגנה,קרית מוצקין,מודיעין מרכז-מודיעין מכבים רעות --> נהריה-נהריה,נהריה,רכבת ישראל,תל אביב יפו,
37292,תל אביב ההגנה,עכו,מודיעין מרכז-מודיעין מכבים רעות --> נהריה-נהריה,נהריה,רכבת ישראל,תל אביב יפו,
37292,תל אביב ההגנה,נהריה,מודיעין מרכז-מודיעין מכבים רעות --> נהריה-נהריה,נהריה,רכבת ישראל,תל אביב יפו,
37350,השלום,תל אביב מרכז,מודיעין מרכז-מודיעין מכבים רעות --> נהריה-נהריה,נהריה,רכבת ישראל,תל אביב יפו,
37350,השלום,תל אביב האוניברסיטה - אקספו,מודיעין מרכז-מודיעין מכבים רעות --> נהריה-נהריה,נהריה,רכבת ישראל,תל אביב יפו,
37350,השלום,הרצליה,מודיעין מרכז-מודיעין מכבים רעות --> נהריה-נהריה,נהריה,רכבת ישראל,תל אביב יפו,
37350,השלום,בנימינה,מודיעין מרכז-מודיעין מכבים רעות --> נהריה-נהריה,נהריה,רכבת ישראל,תל אביב יפו,
37350,השלום,עתלית,מודיעין מרכז-מודיעין מכבים רעות --> נהריה-נהריה,נהריה,רכבת ישראל,תל אביב יפו,
37350,השלום,חוף הכרמל,מודיעין מרכז-מודיעין מכבים רעות --> נהריה-נהריה,נהריה,רכבת ישראל,תל אביב יפו,
37350,השלום,בת גלים,מודיעין מרכז-מודיעין מכבים רעות --> נהריה-נהריה,נהריה,רכבת ישראל,תל אביב יפו,
37350,השלום,חיפה מרכז,מודיעין מרכז-מודיעין מכבים רעות --> נהריה-נהריה,נהריה,רכבת ישראל,תל אביב יפו,
37350,השלום,מרכזית המפרץ/קו החוף,מודיעין מרכז-מודיעין מכבים רעות --> נהריה-נהריה,נהריה,רכבת ישראל,תל אביב יפו,
37350,השלום,חוצות מפרץ,מודיעין מרכז-מודיעין מכבים רעות --> נהריה-נהריה,נהריה,רכבת ישראל,תל אביב יפו,
37350,השלום,קרית חיים,מודיעין מרכז-מודיעין מכבים רעות --> נהריה-נהריה,נהריה,רכבת ישראל,תל אביב יפו,
37350,השלום,קרית מוצקין,מודיעין מרכז-מודיעין מכבים רעות --> נהריה-נהריה,נהריה,רכבת ישראל,תל אביב יפו,
37350,השלום,עכו,מודיעין מרכז-מודיעין מכבים רעות --> נהריה-נהריה,נהריה,רכבת ישראל,תל אביב יפו,
37350,השלום,נהריה,מודיעין מרכז-מודיעין מכבים רעות --> נהריה-נהריה,נהריה,רכבת ישראל,תל אביב יפו,
37358,תל אביב מרכז,תל אביב האוניברסיטה - אקספו,מודיעין מרכז-מודיעין מכבים רעות --> נהריה-נהריה,נהריה,רכבת ישראל,תל אביב יפו,
37358,תל אביב מרכז,הרצליה,מודיעין מרכז-מודיעין מכבים רעות --> נהריה-נהריה,נהריה,רכבת ישראל,תל אביב יפו,
37358,תל אביב מרכז,בנימינה,מודיעין מרכז-מודיעין מכבים רעות --> נהריה-נהריה,נהריה,רכבת ישראל,תל אביב יפו,
37358,תל אביב מרכז,עתלית,מודיעין מרכז-מודיעין מכבים רעות --> נהריה-נהריה,נהריה,רכבת ישראל,תל אביב יפו,
37358,תל אביב מרכז,חוף הכרמל,מודיעין מרכז-מודיעין מכבים רעות --> נהריה-נהריה,נהריה,רכבת ישראל,תל אביב יפו,
37358,תל אביב מרכז,בת גלים,מודיעין מרכז-מודיעין מכבים רעות --> נהריה-נהריה,נהריה,רכבת ישראל,תל אביב יפו,
37358,תל אביב מרכז,חיפה מרכז,מודיעין מרכז-מודיעין מכבים רעות --> נהריה-נהריה,נהריה,רכבת ישראל,תל אביב יפו,
37358,תל אביב מרכז,מרכזית המפרץ/קו החוף,מודיעין מרכז-מודיעין מכבים רעות --> נהריה-נהריה,נהריה,רכבת ישראל,תל אביב יפו,
37358,תל אביב מרכז,חוצות מפרץ,מודיעין מרכז-מודיעין מכבים רעות --> נהריה-נהריה,נהריה,רכבת ישראל,תל אביב יפו,
37358,תל אביב מרכז,קרית חיים,מודיעין מרכז-מודיעין מכבים רעות --> נהריה-נהריה,נהריה,רכבת ישראל,תל אביב יפו,
37358,תל אביב מרכז,קרית מוצקין,מודיעין מרכז-מודיעין מכבים רעות --> נהריה-נהריה,נהריה,רכבת ישראל,תל אביב יפו,
37358,תל אביב מרכז,עכו,מודיעין מרכז-מודיעין מכבים רעות --> נהריה-נהריה,נהריה,רכבת ישראל,תל אביב יפו,
37358,תל אביב מרכז,נהריה,מודיעין מרכז-מודיעין מכבים רעות --> נהריה-נהריה,נהריה,רכבת ישראל,תל אביב יפו,
37360,תל אביב האוניברסיטה - אקספו,הרצליה,מודיעין מרכז-מודיעין מכבים רעות --> נהריה-נהריה,נהריה,רכבת ישראל,תל אביב יפו,
37360,תל אביב האוניברסיטה - אקספו,בנימינה,מודיעין מרכז-מודיעין מכבים רעות --> נהריה-נהריה,נהריה,רכבת ישראל,תל אביב יפו,
37360,תל אביב האוניברסיטה - אקספו,עתלית,מודיעין מרכז-מודיעין מכבים רעות --> נהריה-נהריה,נהריה,רכבת ישראל,תל אביב יפו,
37360,תל אביב האוניברסיטה - אקספו,חוף הכרמל,מודיעין מרכז-מודיעין מכבים רעות --> נהריה-נהריה,נהריה,רכבת ישראל,תל אביב יפו,
37360,תל אביב האוניברסיטה - אקספו,בת גלים,מודיעין מרכז-מודיעין מכבים רעות --> נהריה-נהריה,נהריה,רכבת ישראל,תל אביב יפו,
37360,תל אביב האוניברסיטה - אקספו,חיפה מרכז,מודיעין מרכז-מודיעין מכבים רעות --> נהריה-נהריה,נהריה,רכבת ישראל,תל אביב יפו,
37360,תל אביב האוניברסיטה - אקספו,מרכזית המפרץ/קו החוף,מודיעין מרכז-מודיעין מכבים רעות --> נהריה-נהריה,נהריה,רכבת ישראל,תל אביב יפו,
37360,תל אביב האוניברסיטה - אקספו,חוצות מפרץ,מודיעין מרכז-מודיעין מכבים רעות --> נהריה-נהריה,נהריה,רכבת ישראל,תל אביב יפו,
37360,תל אביב האוניברסיטה - אקספו,קרית חיים,מודיעין מרכז-מודיעין מכבים רעות --> נהריה-נהריה,נהריה,רכבת ישראל,תל אביב יפו,
37360,תל אביב האוניברסיטה - אקספו,קרית מוצקין,מודיעין מרכז-מודיעין מכבים רעות --> נהריה-נהריה,נהריה,רכבת ישראל,תל אביב יפו,
37360,תל אביב האוניברסיטה - אקספו,עכו,מודיעין מרכז-מודיעין מכבים רעות --> נהריה-נהריה,נהריה,רכבת ישראל,תל אביב יפו,
37360,תל אביב האוניברסיטה - אקספו,נהריה,מודיעין מרכז-מודיעין מכבים רעות --> נהריה-נהריה,נהריה,רכבת ישראל,תל אביב יפו,
37362,הרצליה,בנימינה,מודיעין מרכז-מודיעין מכבים רעות --> נהריה-נהריה,נהריה,רכבת ישראל,הרצליה,
37362,הרצליה,עתלית,מודיעין מרכז-מודיעין מכבים רעות --> נהריה-נהריה,נהריה,רכבת ישראל,הרצליה,
37362,הרצליה,חוף הכרמל,מודיעין מרכז-מודיעין מכבים רעות --> נהריה-נהריה,נהריה,רכבת ישראל,הרצליה,
37362,הרצליה,בת גלים,מודיעין מרכז-מודיעין מכבים רעות --> נהריה-נהריה,נהריה,רכבת ישראל,הרצליה,
37362,הרצליה,חיפה מרכז,מודיעין מרכז-מודיעין מכבים רעות --> נהריה-נהריה,נהריה,רכבת ישראל,הרצליה,
37362,הרצליה,מרכזית המפרץ/קו החוף,מודיעין מרכז-מודיעין מכבים רעות --> נהריה-נהריה,נהריה,רכבת ישראל,הרצליה,
37362,הרצליה,חוצות מפרץ,מודיעין מרכז-מודיעין מכבים רעות --> נהריה-נהריה,נהריה,רכבת ישראל,הרצליה,
37362,הרצליה,קרית חיים,מודיעין מרכז-מודיעין מכבים רעות --> נהריה-נהריה,נהריה,רכבת ישראל,הרצליה,
37362,הרצליה,קרית מוצקין,מודיעין מרכז-מודיעין מכבים רעות --> נהריה-נהריה,נהריה,רכבת ישראל,הרצליה,
37362,הרצליה,עכו,מודיעין מרכז-מודיעין מכבים רעות --> נהריה-נהריה,נהריה,רכבת ישראל,הרצליה,
37362,הרצליה,נהריה,מודיעין מרכז-מודיעין מכבים רעות --> נהריה-נהריה,נהריה,רכבת ישראל,הרצליה,
37382,נהריה,חוצות מפרץ,נהריה-נהריה --> מודיעין מרכז-מודיעין מכבים רעות,מודיעין מרכז,רכבת ישראל,נהריה,
37382,נהריה,מרכזית המפרץ/קו החוף,נהריה-נהריה --> מודיעין מרכז-מודיעין מכבים רעות,מודיעין מרכז,רכבת ישראל,נהריה,
37382,נהריה,חיפה מרכז,נהריה-נהריה --> מודיעין מרכז-מודיעין מכבים רעות,מודיעין מרכז,רכבת ישראל,נהריה,
37382,נהריה,בת גלים,נהריה-נהריה --> מודיעין מרכז-מודיעין מכבים רעות,מודיעין מרכז,רכבת ישראל,נהריה,
37382,נהריה,חוף הכרמל,נהריה-נהריה --> מודיעין מרכז-מודיעין מכבים רעות,מודיעין מרכז,רכבת ישראל,נהריה,
37382,נהריה,עתלית,נהריה-נהריה --> מודיעין מרכז-מודיעין מכבים רעות,מודיעין מרכז,רכבת ישראל,נהריה,
37382,נהריה,קיסריה פרדס חנה,נהריה-נהריה --> מודיעין מרכז-מודיעין מכבים רעות,מודיעין מרכז,רכבת ישראל,נהריה,
37382,נהריה,בית יהושע,נהריה-נהריה --> מודיעין מרכז-מודיעין מכבים רעות,מודיעין מרכז,רכבת ישראל,נהריה,
37382,נהריה,הרצליה,נהריה-נהריה --> מודיעין מרכז-מודיעין מכבים רעות,מודיעין מרכז,רכבת ישראל,נהריה,
37382,נהריה,תל אביב האוניברסיטה - אקספו,נהריה-נהריה --> מודיעין מרכז-מודיעין מכבים רעות,מודיעין מרכז,רכבת ישראל,נהריה,
37382,נהריה,תל אביב מרכז,נהריה-נהריה --> מודיעין מרכז-מודיעין מכבים רעות,מודיעין מרכז,רכבת ישראל,נהריה,
37382,נהריה,השלום,נהריה-נהריה --> מודיעין מרכז-מודיעין מכבים רעות,מודיעין מרכז,רכבת ישראל,נהריה,
37382,נהריה,תל אביב ההגנה,נהריה-נהריה --> מודיעין מרכז-מודיעין מכבים רעות,מודיעין מרכז,רכבת ישראל,נהריה,
37382,נהריה,נתב''ג,נהריה-נהריה --> מודיעין מרכז-מודיעין מכבים רעות,מודיעין מרכז,רכבת ישראל,נהריה,
37382,נהריה,פאתי מודיעין,נהריה-נהריה --> מודיעין מרכז-מודיעין מכבים רעות,מודיעין מרכז,רכבת ישראל,נהריה,
37382,נהריה,מודיעין מרכז,נהריה-נהריה --> מודיעין מרכז-מודיעין מכבים רעות,מודיעין מרכז,רכבת ישראל,נהריה,
37384,עכו,חוצות מפרץ,נהריה-נהריה --> מודיעין מרכז-מודיעין מכבים רעות,מודיעין מרכז,רכבת ישראל,עכו,
37384,עכו,מרכזית המפרץ/קו החוף,נהריה-נהריה --> מודיעין מרכז-מודיעין מכבים רעות,מודיעין מרכז,רכבת ישראל,עכו,
37384,עכו,חיפה מרכז,נהריה-נהריה --> מודיעין מרכז-מודיעין מכבים רעות,מודיעין מרכז,רכבת ישראל,עכו,
37384,עכו,בת גלים,נהריה-נהריה --> מודיעין מרכז-מודיעין מכבים רעות,מודיעין מרכז,רכבת ישראל,עכו,
37384,עכו,חוף הכרמל,נהריה-נהריה --> מודיעין מרכז-מודיעין מכבים רעות,מודיעין מרכז,רכבת ישראל,עכו,
37384,עכו,עתלית,נהריה-נהריה --> מודיעין מרכז-מודיעין מכבים רעות,מודיעין מרכז,רכבת ישראל,עכו,
37384,עכו,קיסריה פרדס חנה,נהריה-נהריה --> מודיעין מרכז-מודיעין מכבים רעות,מודיעין מרכז,רכבת ישראל,עכו,
37384,עכו,בית יהושע,נהריה-נהריה --> מודיעין מרכז-מודיעין מכבים רעות,מודיעין מרכז,רכבת ישראל,עכו,
37384,עכו,הרצליה,נהריה-נהריה --> מודיעין מרכז-מודיעין מכבים רעות,מודיעין מרכז,רכבת ישראל,עכו,
37384,עכו,תל אביב האוניברסיטה - אקספו,נהריה-נהריה --> מודיעין מרכז-מודיעין מכבים רעות,מודיעין מרכז,רכבת ישראל,עכו,
37384,עכו,תל אביב מרכז,נהריה-נהריה --> מודיעין מרכז-מודיעין מכבים רעות,מודיעין מרכז,רכבת ישראל,עכו,
37384,עכו,השלום,נהריה-נהריה --> מודיעין מרכז-מודיעין מכבים רעות,מודיעין מרכז,רכבת ישראל,עכו,
37384,עכו,תל אביב ההגנה,נהריה-נהריה --> מודיעין מרכז-מודיעין מכבים רעות,מודיעין מרכז,רכבת ישראל,עכו,
37384,עכו,נתב''ג,נהריה-נהריה --> מודיעין מרכז-מודיעין מכבים רעות,מודיעין מרכז,רכבת ישראל,עכו,
37384,עכו,פאתי מודיעין,נהריה-נהריה --> מודיעין מרכז-מודיעין מכבים רעות,מודיעין מרכז,רכבת ישראל,עכו,
37384,עכו,מודיעין מרכז,נהריה-נהריה --> מודיעין מרכז-מודיעין מכבים רעות,מודיעין מרכז,רכבת ישראל,עכו,
41293,קרית מוצקין,חוצות מפרץ,נהריה-נהריה --> מודיעין מרכז-מודיעין מכבים רעות,מודיעין מרכז,רכבת ישראל,קרית מוצקין,
41293,קרית מוצקין,מרכזית המפרץ/קו החוף,נהריה-נהריה --> מודיעין מרכז-מודיעין מכבים רעות,מודיעין מרכז,רכבת ישראל,קרית מוצקין,
41293,קרית מוצקין,חיפה מרכז,נהריה-נהריה --> מודיעין מרכז-מודיעין מכבים רעות,מודיעין מרכז,רכבת ישראל,קרית מוצקין,
41293,קרית מוצקין,בת גלים,נהריה-נהריה --> מודיעין מרכז-מודיעין מכבים רעות,מודיעין מרכז,רכבת ישראל,קרית מוצקין,
41293,קרית מוצקין,חוף הכרמל,נהריה-נהריה --> מודיעין מרכז-מודיעין מכבים רעות,מודיעין מרכז,רכבת ישראל,קרית מוצקין,
41293,קרית מוצקין,עתלית,נהריה-נהריה --> מודיעין מרכז-מודיעין מכבים רעות,מודיעין מרכז,רכבת ישראל,קרית מוצקין,
41293,קרית מוצקין,קיסריה פרדס חנה,נהריה-נהריה --> מודיעין מרכז-מודיעין מכבים רעות,מודיעין מרכז,רכבת ישראל,קרית מוצקין,
41293,קרית מוצקין,בית יהושע,נהריה-נהריה --> מודיעין מרכז-מודיעין מכבים רעות,מודיעין מרכז,רכבת ישראל,קרית מוצקין,
41293,קרית מוצקין,הרצליה,נהריה-נהריה --> מודיעין מרכז-מודיעין מכבים רעות,מודיעין מרכז,רכבת ישראל,קרית מוצקין,
41293,קרית מוצקין,תל אביב האוניברסיטה - אקספו,נהריה-נהריה --> מודיעין מרכז-מודיעין מכבים רעות,מודיעין מרכז,רכבת ישראל,קרית מוצקין,
41293,קרית מוצקין,תל אביב מרכז,נהריה-נהריה --> מודיעין מרכז-מודיעין מכבים רעות,מודיעין מרכז,רכבת ישראל,קרית מוצקין,
41293,קרית מוצקין,השלום,נהריה-נהריה --> מודיעין מרכז-מודיעין מכבים רעות,מודיעין מרכז,רכבת ישראל,קרית מוצקין,
41293,קרית מוצקין,תל אביב ההגנה,נהריה-נהריה --> מודיעין מרכז-מודיעין מכבים רעות,מודיעין מרכז,רכבת ישראל,קרית מוצקין,
41293,קרית מוצקין,נתב''ג,נהריה-נהריה --> מודיעין מרכז-מודיעין מכבים רעות,מודיעין מרכז,רכבת ישראל,קרית מוצקין,
41293,קרית מוצקין,פאתי מודיעין,נהריה-נהריה --> מודיעין מרכז-מודיעין מכבים רעות,מודיעין מרכז,רכבת ישראל,קרית מוצקין,
41293,קרית מוצקין,מודיעין מרכז,נהריה-נהריה --> מודיעין מרכז-מודיעין מכבים רעות,מודיעין מרכז,רכבת ישראל,קרית מוצקין,
37386,חוצות מפרץ,מרכזית המפרץ/קו החוף,נהריה-נהריה --> מודיעין מרכז-מודיעין מכבים רעות,מודיעין מרכז,רכבת ישראל,חיפה,
37386,חוצות מפרץ,חיפה מרכז,נהריה-נהריה --> מודיעין מרכז-מודיעין מכבים רעות,מודיעין מרכז,רכבת ישראל,חיפה,
37386,חוצות מפרץ,בת גלים,נהריה-נהריה --> מודיעין מרכז-מודיעין מכבים רעות,מודיעין מרכז,רכבת ישראל,חיפה,
37386,חוצות מפרץ,חוף הכרמל,נהריה-נהריה --> מודיעין מרכז-מודיעין מכבים רעות,מודיעין מרכז,רכבת ישראל,חיפה,
37386,חוצות מפרץ,עתלית,נהריה-נהריה --> מודיעין מרכז-מודיעין מכבים רעות,מודיעין מרכז,רכבת ישראל,חיפה,
37386,חוצות מפרץ,בנימינה,נהריה-נהריה --> מודיעין מרכז-מודיעין מכבים רעות,מודיעין מרכז,רכבת ישראל,חיפה,
37386,חוצות מפרץ,קיסריה פרדס חנה,נהריה-נהריה --> מודיעין מרכז-מודיעין מכבים רעות,מודיעין מרכז,רכבת ישראל,חיפה,
37386,חוצות מפרץ,חדרה מערב,נהריה-נהריה --> מודיעין מרכז-מודיעין מכבים רעות,מודיעין מרכז,רכבת ישראל,חיפה,
37386,חוצות מפרץ,נתניה,נהריה-נהריה --> מודיעין מרכז-מודיעין מכבים רעות,מודיעין מרכז,רכבת ישראל,חיפה,
37386,חוצות מפרץ,בית יהושע,נהריה-נהריה --> מודיעין מרכז-מודיעין מכבים רעות,מודיעין מרכז,רכבת ישראל,חיפה,
37386,חוצות מפרץ,הרצליה,נהריה-נהריה --> מודיעין מרכז-מודיעין מכבים רעות,מודיעין מרכז,רכבת ישראל,חיפה,
37386,חוצות מפרץ,תל אביב האוניברסיטה - אקספו,נהריה-נהריה --> מודיעין מרכז-מודיעין מכבים רעות,מודיעין מרכז,רכבת ישראל,חיפה,
37386,חוצות מפרץ,תל אביב מרכז,נהריה-נהריה --> מודיעין מרכז-מודיעין מכבים רעות,מודיעין מרכז,רכבת ישראל,חיפה,
37386,חוצות מפרץ,השלום,נהריה-נהריה --> מודיעין מרכז-מודיעין מכבים רעות,מודיעין מרכז,רכבת ישראל,חיפה,
37386,חוצות מפרץ,תל אביב ההגנה,נהריה-נהריה --> מודיעין מרכז-מודיעין מכבים רעות,מודיעין מרכז,רכבת ישראל,חיפה,
37386,חוצות מפרץ,נתב''ג,נהריה-נהריה --> מודיעין מרכז-מודיעין מכבים רעות,מודיעין מרכז,רכבת ישראל,חיפה,
37386,חוצות מפרץ,פאתי מודיעין,נהריה-נהריה --> מודיעין מרכז-מודיעין מכבים רעות,מודיעין מרכז,רכבת ישראל,חיפה,
37386,חוצות מפרץ,מודיעין מרכז,נהריה-נהריה --> מודיעין מרכז-מודיעין מכבים רעות,מודיעין מרכז,רכבת ישראל,חיפה,
37388,מרכזית המפרץ/קו החוף,חיפה מרכז,נהריה-נהריה --> מודיעין מרכז-מודיעין מכבים רעות,מודיעין מרכז,רכבת ישראל,חיפה,
37388,מרכזית המפרץ/קו החוף,בת גלים,נהריה-נהריה --> מודיעין מרכז-מודיעין מכבים רעות,מודיעין מרכז,רכבת ישראל,חיפה,
37388,מרכזית המפרץ/קו החוף,חוף הכרמל,נהריה-נהריה --> מודיעין מרכז-מודיעין מכבים רעות,מודיעין מרכז,רכבת ישראל,חיפה,
37388,מרכזית המפרץ/קו החוף,עתלית,נהריה-נהריה --> מודיעין מרכז-מודיעין מכבים רעות,מודיעין מרכז,רכבת ישראל,חיפה,
37388,מרכזית המפרץ/קו החוף,בנימינה,נהריה-נהריה --> מודיעין מרכז-מודיעין מכבים רעות,מודיעין מרכז,רכבת ישראל,חיפה,
37388,מרכזית המפרץ/קו החוף,קיסריה פרדס חנה,נהריה-נהריה --> מודיעין מרכז-מודיעין מכבים רעות,מודיעין מרכז,רכבת ישראל,חיפה,
37388,מרכזית המפרץ/קו החוף,חדרה מערב,נהריה-נהריה --> מודיעין מרכז-מודיעין מכבים רעות,מודיעין מרכז,רכבת ישראל,חיפה,
37388,מרכזית המפרץ/קו החוף,נתניה,נהריה-נהריה --> מודיעין מרכז-מודיעין מכבים רעות,מודיעין מרכז,רכבת ישראל,חיפה,
37388,מרכזית המפרץ/קו החוף,בית יהושע,נהריה-נהריה --> מודיעין מרכז-מודיעין מכבים רעות,מודיעין מרכז,רכבת ישראל,חיפה,
37388,מרכזית המפרץ/קו החוף,הרצליה,נהריה-נהריה --> מודיעין מרכז-מודיעין מכבים רעות,מודיעין מרכז,רכבת ישראל,חיפה,
37388,מרכזית המפרץ/קו החוף,תל אביב האוניברסיטה - אקספו,נהריה-נהריה --> מודיעין מרכז-מודיעין מכבים רעות,מודיעין מרכז,רכבת ישראל,חיפה,
37388,מרכזית המפרץ/קו החוף,תל אביב מרכז,נהריה-נהריה --> מודיעין מרכז-מודיעין מכבים רעות,מודיעין מרכז,רכבת ישראל,חיפה,
37388,מרכזית המפרץ/קו החוף,השלום,נהריה-נהריה --> מודיעין מרכז-מודיעין מכבים רעות,מודיעין מרכז,רכבת ישראל,חיפה,
37388,מרכזית המפרץ/קו החוף,תל אביב ההגנה,נהריה-נהריה --> מודיעין מרכז-מודיעין מכבים רעות,מודיעין מרכז,רכבת ישראל,חיפה,
37388,מרכזית המפרץ/קו החוף,נתב''ג,נהריה-נהריה --> מודיעין מרכז-מודיעין מכבים רעות,מודיעין מרכז,רכבת ישראל,חיפה,
37388,מרכזית המפרץ/קו החוף,פאתי מודיעין,נהריה-נהריה --> מודיעין מרכז-מודיעין מכבים רעות,מודיעין מרכז,רכבת ישראל,חיפה,
37388,מרכזית המפרץ/קו החוף,מודיעין מרכז,נהריה-נהריה --> מודיעין מרכז-מודיעין מכבים רעות,מודיעין מרכז,רכבת ישראל,חיפה,
37380,חיפה מרכז,בת גלים,נהריה-נהריה --> מודיעין מרכז-מודיעין מכבים רעות,מודיעין מרכז,רכבת ישראל,חיפה,
37380,חיפה מרכז,חוף הכרמל,נהריה-נהריה --> מודיעין מרכז-מודיעין מכבים רעות,מודיעין מרכז,רכבת ישראל,חיפה,
37380,חיפה מרכז,עתלית,נהריה-נהריה --> מודיעין מרכז-מודיעין מכבים רעות,מודיעין מרכז,רכבת ישראל,חיפה,
37380,חיפה מרכז,בנימינה,נהריה-נהריה --> מודיעין מרכז-מודיעין מכבים רעות,מודיעין מרכז,רכבת ישראל,חיפה,
37380,חיפה מרכז,קיסריה פרדס חנה,נהריה-נהריה --> מודיעין מרכז-מודיעין מכבים רעות,מודיעין מרכז,רכבת ישראל,חיפה,
37380,חיפה מרכז,חדרה מערב,נהריה-נהריה --> מודיעין מרכז-מודיעין מכבים רעות,מודיעין מרכז,רכבת ישראל,חיפה,
37380,חיפה מרכז,נתניה,נהריה-נהריה --> מודיעין מרכז-מודיעין מכבים רעות,מודיעין מרכז,רכבת ישראל,חיפה,
37380,חיפה מרכז,בית יהושע,נהריה-נהריה --> מודיעין מרכז-מודיעין מכבים רעות,מודיעין מרכז,רכבת ישראל,חיפה,
37380,חיפה מרכז,הרצליה,נהריה-נהריה --> מודיעין מרכז-מודיעין מכבים רעות,מודיעין מרכז,רכבת ישראל,חיפה,
37380,חיפה מרכז,תל אביב האוניברסיטה - אקספו,נהריה-נהריה --> מודיעין מרכז-מודיעין מכבים רעות,מודיעין מרכז,רכבת ישראל,חיפה,
37380,חיפה מרכז,תל אביב מרכז,נהריה-נהריה --> מודיעין מרכז-מודיעין מכבים רעות,מודיעין מרכז,רכבת ישראל,חיפה,
37380,חיפה מרכז,השלום,נהריה-נהריה --> מודיעין מרכז-מודיעין מכבים רעות,מודיעין מרכז,רכבת ישראל,חיפה,
37380,חיפה מרכז,תל אביב ההגנה,נהריה-נהריה --> מודיעין מרכז-מודיעין מכבים רעות,מודיעין מרכז,רכבת ישראל,חיפה,
37380,חיפה מרכז,נתב''ג,נהריה-נהריה --> מודיעין מרכז-מודיעין מכבים רעות,מודיעין מרכז,רכבת ישראל,חיפה,
37380,חיפה מרכז,פאתי מודיעין,נהריה-נהריה --> מודיעין מרכז-מודיעין מכבים רעות,מודיעין מרכז,רכבת ישראל,חיפה,
37380,חיפה מרכז,מודיעין מרכז,נהריה-נהריה --> מודיעין מרכז-מודיעין מכבים רעות,מודיעין מרכז,רכבת ישראל,חיפה,
37378,בת גלים,חוף הכרמל,נהריה-נהריה --> מודיעין מרכז-מודיעין מכבים רעות,מודיעין מרכז,רכבת ישראל,חיפה,
37378,בת גלים,עתלית,נהריה-נהריה --> מודיעין מרכז-מודיעין מכבים רעות,מודיעין מרכז,רכבת ישראל,חיפה,
37378,בת גלים,בנימינה,נהריה-נהריה --> מודיעין מרכז-מודיעין מכבים רעות,מודיעין מרכז,רכבת ישראל,חיפה,
37378,בת גלים,קיסריה פרדס חנה,נהריה-נהריה --> מודיעין מרכז-מודיעין מכבים רעות,מודיעין מרכז,רכבת ישראל,חיפה,
37378,בת גלים,חדרה מערב,נהריה-נהריה --> מודיעין מרכז-מודיעין מכבים רעות,מודיעין מרכז,רכבת ישראל,חיפה,
37378,בת גלים,נתניה,נהריה-נהריה --> מודיעין מרכז-מודיעין מכבים רעות,מודיעין מרכז,רכבת ישראל,חיפה,
37378,בת גלים,בית יהושע,נהריה-נהריה --> מודיעין מרכז-מודיעין מכבים רעות,מודיעין מרכז,רכבת ישראל,חיפה,
37378,בת גלים,הרצליה,נהריה-נהריה --> מודיעין מרכז-מודיעין מכבים רעות,מודיעין מרכז,רכבת ישראל,חיפה,
37378,בת גלים,תל אביב האוניברסיטה - אקספו,נהריה-נהריה --> מודיעין מרכז-מודיעין מכבים רעות,מודיעין מרכז,רכבת ישראל,חיפה,
37378,בת גלים,תל אביב מרכז,נהריה-נהריה --> מודיעין מרכז-מודיעין מכבים רעות,מודיעין מרכז,רכבת ישראל,חיפה,
37378,בת גלים,השלום,נהריה-נהריה --> מודיעין מרכז-מודיעין מכבים רעות,מודיעין מרכז,רכבת ישראל,חיפה,
37378,בת גלים,תל אביב ההגנה,נהריה-נהריה --> מודיעין מרכז-מודיעין מכבים רעות,מודיעין מרכז,רכבת ישראל,חיפה,
37378,בת גלים,נתב''ג,נהריה-נהריה --> מודיעין מרכז-מודיעין מכבים רעות,מודיעין מרכז,רכבת ישראל,חיפה,
37378,בת גלים,פאתי מודיעין,נהריה-נהריה --> מודיעין מרכז-מודיעין מכבים רעות,מודיעין מרכז,רכבת ישראל,חיפה,
37378,בת גלים,מודיעין מרכז,נהריה-נהריה --> מודיעין מרכז-מודיעין מכבים רעות,מודיעין מרכז,רכבת ישראל,חיפה,
37376,חוף הכרמל,עתלית,נהריה-נהריה --> מודיעין מרכז-מודיעין מכבים רעות,מודיעין מרכז,רכבת ישראל,חוף הכרמל,
37376,חוף הכרמל,בנימינה,נהריה-נהריה --> מודיעין מרכז-מודיעין מכבים רעות,מודיעין מרכז,רכבת ישראל,חוף הכרמל,
37376,חוף הכרמל,קיסריה פרדס חנה,נהריה-נהריה --> מודיעין מרכז-מודיעין מכבים רעות,מודיעין מרכז,רכבת ישראל,חוף הכרמל,
37376,חוף הכרמל,חדרה מערב,נהריה-נהריה --> מודיעין מרכז-מודיעין מכבים רעות,מודיעין מרכז,רכבת ישראל,חוף הכרמל,
37376,חוף הכרמל,נתניה,נהריה-נהריה --> מודיעין מרכז-מודיעין מכבים רעות,מודיעין מרכז,רכבת ישראל,חוף הכרמל,
37376,חוף הכרמל,בית יהושע,נהריה-נהריה --> מודיעין מרכז-מודיעין מכבים רעות,מודיעין מרכז,רכבת ישראל,חוף הכרמל,
37376,חוף הכרמל,הרצליה,נהריה-נהריה --> מודיעין מרכז-מודיעין מכבים רעות,מודיעין מרכז,רכבת ישראל,חוף הכרמל,
37376,חוף הכרמל,תל אביב האוניברסיטה - אקספו,נהריה-נהריה --> מודיעין מרכז-מודיעין מכבים רעות,מודיעין מרכז,רכבת ישראל,חוף הכרמל,
37376,חוף הכרמל,תל אביב מרכז,נהריה-נהריה --> מודיעין מרכז-מודיעין מכבים רעות,מודיעין מרכז,רכבת ישראל,חוף הכרמל,
37376,חוף הכרמל,השלום,נהריה-נהריה --> מודיעין מרכז-מודיעין מכבים רעות,מודיעין מרכז,רכבת ישראל,חוף הכרמל,
37376,חוף הכרמל,תל אביב ההגנה,נהריה-נהריה --> מודיעין מרכז-מודיעין מכבים רעות,מודיעין מרכז,רכבת ישראל,חוף הכרמל,
37376,חוף הכרמל,נתב''ג,נהריה-נהריה --> מודיעין מרכז-מודיעין מכבים רעות,מודיעין מרכז,רכבת ישראל,חוף הכרמל,
37376,חוף הכרמל,פאתי מודיעין,נהריה-נהריה --> מודיעין מרכז-מודיעין מכבים רעות,מודיעין מרכז,רכבת ישראל,חוף הכרמל,
37376,חוף הכרמל,מודיעין מרכז,נהריה-נהריה --> מודיעין מרכז-מודיעין מכבים רעות,מודיעין מרכז,רכבת ישראל,חוף הכרמל,
37374,עתלית,בנימינה,נהריה-נהריה --> מודיעין מרכז-מודיעין מכבים רעות,מודיעין מרכז,רכבת ישראל,עתלית,
37374,עתלית,קיסריה פרדס חנה,נהריה-נהריה --> מודיעין מרכז-מודיעין מכבים רעות,מודיעין מרכז,רכבת ישראל,עתלית,
37374,עתלית,חדרה מערב,נהריה-נהריה --> מודיעין מרכז-מודיעין מכבים רעות,מודיעין מרכז,רכבת ישראל,עתלית,
37374,עתלית,נתניה,נהריה-נהריה --> מודיעין מרכז-מודיעין מכבים רעות,מודיעין מרכז,רכבת ישראל,עתלית,
37374,עתלית,בית יהושע,נהריה-נהריה --> מודיעין מרכז-מודיעין מכבים רעות,מודיעין מרכז,רכבת ישראל,עתלית,
37374,עתלית,הרצליה,נהריה-נהריה --> מודיעין מרכז-מודיעין מכבים רעות,מודיעין מרכז,רכבת ישראל,עתלית,
37374,עתלית,תל אביב האוניברסיטה - אקספו,נהריה-נהריה --> מודיעין מרכז-מודיעין מכבים רעות,מודיעין מרכז,רכבת ישראל,עתלית,
37374,עתלית,תל אביב מרכז,נהריה-נהריה --> מודיעין מרכז-מודיעין מכבים רעות,מודיעין מרכז,רכבת ישראל,עתלית,
37374,עתלית,השלום,נהריה-נהריה --> מודיעין מרכז-מודיעין מכבים רעות,מודיעין מרכז,רכבת ישראל,עתלית,
37374,עתלית,תל אביב ההגנה,נהריה-נהריה --> מודיעין מרכז-מודיעין מכבים רעות,מודיעין מרכז,רכבת ישראל,עתלית,
37374,עתלית,נתב''ג,נהריה-נהריה --> מודיעין מרכז-מודיעין מכבים רעות,מודיעין מרכז,רכבת ישראל,עתלית,
37374,עתלית,פאתי מודיעין,נהריה-נהריה --> מודיעין מרכז-מודיעין מכבים רעות,מודיעין מרכז,רכבת ישראל,עתלית,
37374,עתלית,מודיעין מרכז,נהריה-נהריה --> מודיעין מרכז-מודיעין מכבים רעות,מודיעין מרכז,רכבת ישראל,עתלית,
37372,בנימינה,קיסריה פרדס חנה,נהריה-נהריה --> מודיעין מרכז-מודיעין מכבים רעות,מודיעין מרכז,רכבת ישראל,בנימינה גבעת עדה,
37372,בנימינה,חדרה מערב,נהריה-נהריה --> מודיעין מרכז-מודיעין מכבים רעות,מודיעין מרכז,רכבת ישראל,בנימינה גבעת עדה,
37372,בנימינה,נתניה,נהריה-נהריה --> מודיעין מרכז-מודיעין מכבים רעות,מודיעין מרכז,רכבת ישראל,בנימינה גבעת עדה,
37372,בנימינה,בית יהושע,נהריה-נהריה --> מודיעין מרכז-מודיעין מכבים רעות,מודיעין מרכז,רכבת ישראל,בנימינה גבעת עדה,
37372,בנימינה,הרצליה,נהריה-נהריה --> מודיעין מרכז-מודיעין מכבים רעות,מודיעין מרכז,רכבת ישראל,בנימינה גבעת עדה,
37372,בנימינה,תל אביב האוניברסיטה - אקספו,נהריה-נהריה --> מודיעין מרכז-מודיעין מכבים רעות,מודיעין מרכז,רכבת ישראל,בנימינה גבעת עדה,
37372,בנימינה,תל אביב מרכז,נהריה-נהריה --> מודיעין מרכז-מודיעין מכבים רעות,מודיעין מרכז,רכבת ישראל,בנימינה גבעת עדה,
37372,בנימינה,השלום,נהריה-נהריה --> מודיעין מרכז-מודיעין מכבים רעות,מודיעין מרכז,רכבת ישראל,בנימינה גבעת עדה,
37372,בנימינה,תל אביב ההגנה,נהריה-נהריה --> מודיעין מרכז-מודיעין מכבים רעות,מודיעין מרכז,רכבת ישראל,בנימינה גבעת עדה,
37372,בנימינה,נתב''ג,נהריה-נהריה --> מודיעין מרכז-מודיעין מכבים רעות,מודיעין מרכז,רכבת ישראל,בנימינה גבעת עדה,
37372,בנימינה,פאתי מודיעין,נהריה-נהריה --> מודיעין מרכז-מודיעין מכבים רעות,מודיעין מרכז,רכבת ישראל,בנימינה גבעת עדה,
37372,בנימינה,מודיעין מרכז,נהריה-נהריה --> מודיעין מרכז-מודיעין מכבים רעות,מודיעין מרכז,רכבת ישראל,בנימינה גבעת עדה,
37370,קיסריה פרדס חנה,חדרה מערב,נהריה-נהריה --> מודיעין מרכז-מודיעין מכבים רעות,מודיעין מרכז,רכבת ישראל,פרדס חנה כרכור,
37370,קיסריה פרדס חנה,נתניה,נהריה-נהריה --> מודיעין מרכז-מודיעין מכבים רעות,מודיעין מרכז,רכבת ישראל,פרדס חנה כרכור,
37370,קיסריה פרדס חנה,בית יהושע,נהריה-נהריה --> מודיעין מרכז-מודיעין מכבים רעות,מודיעין מרכז,רכבת ישראל,פרדס חנה כרכור,
37370,קיסריה פרדס חנה,הרצליה,נהריה-נהריה --> מודיעין מרכז-מודיעין מכבים רעות,מודיעין מרכז,רכבת ישראל,פרדס חנה כרכור,
37370,קיסריה פרדס חנה,תל אביב האוניברסיטה - אקספו,נהריה-נהריה --> מודיעין מרכז-מודיעין מכבים רעות,מודיעין מרכז,רכבת ישראל,פרדס חנה כרכור,
37370,קיסריה פרדס חנה,תל אביב מרכז,נהריה-נהריה --> מודיעין מרכז-מודיעין מכבים רעות,מודיעין מרכז,רכבת ישראל,פרדס חנה כרכור,
37370,קיסריה פרדס חנה,השלום,נהריה-נהריה --> מודיעין מרכז-מודיעין מכבים רעות,מודיעין מרכז,רכבת ישראל,פרדס חנה כרכור,
37370,קיסריה פרדס חנה,תל אביב ההגנה,נהריה-נהריה --> מודיעין מרכז-מודיעין מכבים רעות,מודיעין מרכז,רכבת ישראל,פרדס חנה כרכור,
37370,קיסריה פרדס חנה,נתב''ג,נהריה-נהריה --> מודיעין מרכז-מודיעין מכבים רעות,מודיעין מרכז,רכבת ישראל,פרדס חנה כרכור,
37370,קיסריה פרדס חנה,פאתי מודיעין,נהריה-נהריה --> מודיעין מרכז-מודיעין מכבים רעות,מודיעין מרכז,רכבת ישראל,פרדס חנה כרכור,
37370,קיסריה פרדס חנה,מודיעין מרכז,נהריה-נהריה --> מודיעין מרכז-מודיעין מכבים רעות,מודיעין מרכז,רכבת ישראל,פרדס חנה כרכור,
37368,חדרה מערב,בית יהושע,נהריה-נהריה --> מודיעין מרכז-מודיעין מכבים רעות,מודיעין מרכז,רכבת ישראל,חדרה,
37368,חדרה מערב,הרצליה,נהריה-נהריה --> מודיעין מרכז-מודיעין מכבים רעות,מודיעין מרכז,רכבת ישראל,חדרה,
37368,חדרה מערב,תל אביב האוניברסיטה - אקספו,נהריה-נהריה --> מודיעין מרכז-מודיעין מכבים רעות,מודיעין מרכז,רכבת ישראל,חדרה,
37368,חדרה מערב,תל אביב מרכז,נהריה-נהריה --> מודיעין מרכז-מודיעין מכבים רעות,מודיעין מרכז,רכבת ישראל,חדרה,
37368,חדרה מערב,השלום,נהריה-נהריה --> מודיעין מרכז-מודיעין מכבים רעות,מודיעין מרכז,רכבת ישראל,חדרה,
37368,חדרה מערב,תל אביב ההגנה,נהריה-נהריה --> מודיעין מרכז-מודיעין מכבים רעות,מודיעין מרכז,רכבת ישראל,חדרה,
37368,חדרה מערב,נתב''ג,נהריה-נהריה --> מודיעין מרכז-מודיעין מכבים רעות,מודיעין מרכז,רכבת ישראל,חדרה,
37368,חדרה מערב,פאתי מודיעין,נהריה-נהריה --> מודיעין מרכז-מודיעין מכבים רעות,מודיעין מרכז,רכבת ישראל,חדרה,
37368,חדרה מערב,מודיעין מרכז,נהריה-נהריה --> מודיעין מרכז-מודיעין מכבים רעות,מודיעין מרכז,רכבת ישראל,חדרה,
37366,נתניה,בית יהושע,נהריה-נהריה --> מודיעין מרכז-מודיעין מכבים רעות,מודיעין מרכז,רכבת ישראל,נתניה,
37366,נתניה,הרצליה,נהריה-נהריה --> מודיעין מרכז-מודיעין מכבים רעות,מודיעין מרכז,רכבת ישראל,נתניה,
37366,נתניה,תל אביב האוניברסיטה - אקספו,נהריה-נהריה --> מודיעין מרכז-מודיעין מכבים רעות,מודיעין מרכז,רכבת ישראל,נתניה,
37366,נתניה,תל אביב מרכז,נהריה-נהריה --> מודיעין מרכז-מודיעין מכבים רעות,מודיעין מרכז,רכבת ישראל,נתניה,
37366,נתניה,השלום,נהריה-נהריה --> מודיעין מרכז-מודיעין מכבים רעות,מודיעין מרכז,רכבת ישראל,נתניה,
37366,נתניה,תל אביב ההגנה,נהריה-נהריה --> מודיעין מרכז-מודיעין מכבים רעות,מודיעין מרכז,רכבת ישראל,נתניה,
37366,נתניה,נתב''ג,נהריה-נהריה --> מודיעין מרכז-מודיעין מכבים רעות,מודיעין מרכז,רכבת ישראל,נתניה,
37366,נתניה,פאתי מודיעין,נהריה-נהריה --> מודיעין מרכז-מודיעין מכבים רעות,מודיעין מרכז,רכבת ישראל,נתניה,
37366,נתניה,מודיעין מרכז,נהריה-נהריה --> מודיעין מרכז-מודיעין מכבים רעות,מודיעין מרכז,רכבת ישראל,נתניה,
37364,בית יהושע,הרצליה,נהריה-נהריה --> מודיעין מרכז-מודיעין מכבים רעות,מודיעין מרכז,רכבת ישראל,בית יהושע,
37364,בית יהושע,תל אביב האוניברסיטה - אקספו,נהריה-נהריה --> מודיעין מרכז-מודיעין מכבים רעות,מודיעין מרכז,רכבת ישראל,בית יהושע,
37364,בית יהושע,תל אביב מרכז,נהריה-נהריה --> מודיעין מרכז-מודיעין מכבים רעות,מודיעין מרכז,רכבת ישראל,בית יהושע,
37364,בית יהושע,השלום,נהריה-נהריה --> מודיעין מרכז-מודיעין מכבים רעות,מודיעין מרכז,רכבת ישראל,בית יהושע,
37364,בית יהושע,תל אביב ההגנה,נהריה-נהריה --> מודיעין מרכז-מודיעין מכבים רעות,מודיעין מרכז,רכבת ישראל,בית יהושע,
37364,בית יהושע,נתב''ג,נהריה-נהריה --> מודיעין מרכז-מודיעין מכבים רעות,מודיעין מרכז,רכבת ישראל,בית יהושע,
37364,בית יהושע,פאתי מודיעין,נהריה-נהריה --> מודיעין מרכז-מודיעין מכבים רעות,מודיעין מרכז,רכבת ישראל,בית יהושע,
37364,בית יהושע,מודיעין מרכז,נהריה-נהריה --> מודיעין מרכז-מודיעין מכבים רעות,מודיעין מרכז,רכבת ישראל,בית יהושע,
37362,הרצליה,תל אביב האוניברסיטה - אקספו,נהריה-נהריה --> מודיעין מרכז-מודיעין מכבים רעות,מודיעין מרכז,רכבת ישראל,הרצליה,
37362,הרצליה,תל אביב מרכז,נהריה-נהריה --> מודיעין מרכז-מודיעין מכבים רעות,מודיעין מרכז,רכבת ישראל,הרצליה,
37362,הרצליה,השלום,נהריה-נהריה --> מודיעין מרכז-מודיעין מכבים רעות,מודיעין מרכז,רכבת ישראל,הרצליה,
37362,הרצליה,תל אביב ההגנה,נהריה-נהריה --> מודיעין מרכז-מודיעין מכבים רעות,מודיעין מרכז,רכבת ישראל,הרצליה,
37362,הרצליה,נתב''ג,נהריה-נהריה --> מודיעין מרכז-מודיעין מכבים רעות,מודיעין מרכז,רכבת ישראל,הרצליה,
37362,הרצליה,פאתי מודיעין,נהריה-נהריה --> מודיעין מרכז-מודיעין מכבים רעות,מודיעין מרכז,רכבת ישראל,הרצליה,
37362,הרצליה,מודיעין מרכז,נהריה-נהריה --> מודיעין מרכז-מודיעין מכבים רעות,מודיעין מרכז,רכבת ישראל,הרצליה,
37360,תל אביב האוניברסיטה - אקספו,תל אביב מרכז,נהריה-נהריה --> מודיעין מרכז-מודיעין מכבים רעות,מודיעין מרכז,רכבת ישראל,תל אביב יפו,
37360,תל אביב האוניברסיטה - אקספו,השלום,נהריה-נהריה --> מודיעין מרכז-מודיעין מכבים רעות,מודיעין מרכז,רכבת ישראל,תל אביב יפו,
37360,תל אביב האוניברסיטה - אקספו,תל אביב ההגנה,נהריה-נהריה --> מודיעין מרכז-מודיעין מכבים רעות,מודיעין מרכז,רכבת ישראל,תל אביב יפו,
37360,תל אביב האוניברסיטה - אקספו,נתב''ג,נהריה-נהריה --> מודיעין מרכז-מודיעין מכבים רעות,מודיעין מרכז,רכבת ישראל,תל אביב יפו,
37360,תל אביב האוניברסיטה - אקספו,פאתי מודיעין,נהריה-נהריה --> מודיעין מרכז-מודיעין מכבים רעות,מודיעין מרכז,רכבת ישראל,תל אביב יפו,
37360,תל אביב האוניברסיטה - אקספו,מודיעין מרכז,נהריה-נהריה --> מודיעין מרכז-מודיעין מכבים רעות,מודיעין מרכז,רכבת ישראל,תל אביב יפו,
37358,תל אביב מרכז,השלום,נהריה-נהריה --> מודיעין מרכז-מודיעין מכבים רעות,מודיעין מרכז,רכבת ישראל,תל אביב יפו,
37358,תל אביב מרכז,תל אביב ההגנה,נהריה-נהריה --> מודיעין מרכז-מודיעין מכבים רעות,מודיעין מרכז,רכבת ישראל,תל אביב יפו,
37358,תל אביב מרכז,נתב''ג,נהריה-נהריה --> מודיעין מרכז-מודיעין מכבים רעות,מודיעין מרכז,רכבת ישראל,תל אביב יפו,
37358,תל אביב מרכז,פאתי מודיעין,נהריה-נהריה --> מודיעין מרכז-מודיעין מכבים רעות,מודיעין מרכז,רכבת ישראל,תל אביב יפו,
37358,תל אביב מרכז,מודיעין מרכז,נהריה-נהריה --> מודיעין מרכז-מודיעין מכבים רעות,מודיעין מרכז,רכבת ישראל,תל אביב יפו,
37350,השלום,תל אביב ההגנה,נהריה-נהריה --> מודיעין מרכז-מודיעין מכבים רעות,מודיעין מרכז,רכבת ישראל,תל אביב יפו,
37350,השלום,נתב''ג,נהריה-נהריה --> מודיעין מרכז-מודיעין מכבים רעות,מודיעין מרכז,רכבת ישראל,תל אביב יפו,
37350,השלום,פאתי מודיעין,נהריה-נהריה --> מודיעין מרכז-מודיעין מכבים רעות,מודיעין מרכז,רכבת ישראל,תל אביב יפו,
37350,השלום,מודיעין מרכז,נהריה-נהריה --> מודיעין מרכז-מודיעין מכבים רעות,מודיעין מרכז,רכבת ישראל,תל אביב יפו,
37292,תל אביב ההגנה,נתב''ג,נהריה-נהריה --> מודיעין מרכז-מודיעין מכבים רעות,מודיעין מרכז,רכבת ישראל,תל אביב יפו,
37292,תל אביב ההגנה,פאתי מודיעין,נהריה-נהריה --> מודיעין מרכז-מודיעין מכבים רעות,מודיעין מרכז,רכבת ישראל,תל אביב יפו,
37292,תל אביב ההגנה,מודיעין מרכז,נהריה-נהריה --> מודיעין מרכז-מודיעין מכבים רעות,מודיעין מרכז,רכבת ישראל,תל אביב יפו,
37306,נתב''ג,פאתי מודיעין,נהריה-נהריה --> מודיעין מרכז-מודיעין מכבים רעות,מודיעין מרכז,רכבת ישראל,נמל תעופה בן גוריון,
37306,נתב''ג,מודיעין מרכז,נהריה-נהריה --> מודיעין מרכז-מודיעין מכבים רעות,מודיעין מרכז,רכבת ישראל,נמל תעופה בן גוריון,
37396,פאתי מודיעין,מודיעין מרכז,נהריה-נהריה --> מודיעין מרכז-מודיעין מכבים רעות,מודיעין מרכז,רכבת ישראל,מודיעין מכבים רעות,
37374,עתלית,קרית מוצקין,מודיעין מרכז-מודיעין מכבים רעות --> נהריה-נהריה,נהריה,רכבת ישראל,עתלית,
37374,עתלית,עכו,מודיעין מרכז-מודיעין מכבים רעות --> נהריה-נהריה,נהריה,רכבת ישראל,עתלית,
37374,עתלית,נהריה,מודיעין מרכז-מודיעין מכבים רעות --> נהריה-נהריה,נהריה,רכבת ישראל,עתלית,
37376,חוף הכרמל,קרית מוצקין,מודיעין מרכז-מודיעין מכבים רעות --> נהריה-נהריה,נהריה,רכבת ישראל,חוף הכרמל,
37376,חוף הכרמל,עכו,מודיעין מרכז-מודיעין מכבים רעות --> נהריה-נהריה,נהריה,רכבת ישראל,חוף הכרמל,
37376,חוף הכרמל,נהריה,מודיעין מרכז-מודיעין מכבים רעות --> נהריה-נהריה,נהריה,רכבת ישראל,חוף הכרמל,
37378,בת גלים,קרית מוצקין,מודיעין מרכז-מודיעין מכבים רעות --> נהריה-נהריה,נהריה,רכבת ישראל,חיפה,
37378,בת גלים,עכו,מודיעין מרכז-מודיעין מכבים רעות --> נהריה-נהריה,נהריה,רכבת ישראל,חיפה,
37378,בת גלים,נהריה,מודיעין מרכז-מודיעין מכבים רעות --> נהריה-נהריה,נהריה,רכבת ישראל,חיפה,
37380,חיפה מרכז,קרית מוצקין,מודיעין מרכז-מודיעין מכבים רעות --> נהריה-נהריה,נהריה,רכבת ישראל,חיפה,
37380,חיפה מרכז,עכו,מודיעין מרכז-מודיעין מכבים רעות --> נהריה-נהריה,נהריה,רכבת ישראל,חיפה,
37380,חיפה מרכז,נהריה,מודיעין מרכז-מודיעין מכבים רעות --> נהריה-נהריה,נהריה,רכבת ישראל,חיפה,
37388,מרכזית המפרץ/קו החוף,קרית מוצקין,מודיעין מרכז-מודיעין מכבים רעות --> נהריה-נהריה,נהריה,רכבת ישראל,חיפה,
37388,מרכזית המפרץ/קו החוף,עכו,מודיעין מרכז-מודיעין מכבים רעות --> נהריה-נהריה,נהריה,רכבת ישראל,חיפה,
37388,מרכזית המפרץ/קו החוף,נהריה,מודיעין מרכז-מודיעין מכבים רעות --> נהריה-נהריה,נהריה,רכבת ישראל,חיפה,
37386,חוצות מפרץ,קרית מוצקין,מודיעין מרכז-מודיעין מכבים רעות --> נהריה-נהריה,נהריה,רכבת ישראל,חיפה,
37386,חוצות מפרץ,עכו,מודיעין מרכז-מודיעין מכבים רעות --> נהריה-נהריה,נהריה,רכבת ישראל,חיפה,
37386,חוצות מפרץ,נהריה,מודיעין מרכז-מודיעין מכבים רעות --> נהריה-נהריה,נהריה,רכבת ישראל,חיפה,
37386,חוצות מפרץ,תל אביב האוניברסיטה - אקספו,נהריה-נהריה --> מודיעין מרכז-מודיעין מכבים רעות,מודיעין מרכז,רכבת ישראל,חיפה,
37386,חוצות מפרץ,תל אביב מרכז,נהריה-נהריה --> מודיעין מרכז-מודיעין מכבים רעות,מודיעין מרכז,רכבת ישראל,חיפה,
37386,חוצות מפרץ,השלום,נהריה-נהריה --> מודיעין מרכז-מודיעין מכבים רעות,מודיעין מרכז,רכבת ישראל,חיפה,
37386,חוצות מפרץ,תל אביב ההגנה,נהריה-נהריה --> מודיעין מרכז-מודיעין מכבים רעות,מודיעין מרכז,רכבת ישראל,חיפה,
37386,חוצות מפרץ,נתב''ג,נהריה-נהריה --> מודיעין מרכז-מודיעין מכבים רעות,מודיעין מרכז,רכבת ישראל,חיפה,
37386,חוצות מפרץ,פאתי מודיעין,נהריה-נהריה --> מודיעין מרכז-מודיעין מכבים רעות,מודיעין מרכז,רכבת ישראל,חיפה,
37386,חוצות מפרץ,מודיעין מרכז,נהריה-נהריה --> מודיעין מרכז-מודיעין מכבים רעות,מודיעין מרכז,רכבת ישראל,חיפה,
37388,מרכזית המפרץ/קו החוף,תל אביב האוניברסיטה - אקספו,נהריה-נהריה --> מודיעין מרכז-מודיעין מכבים רעות,מודיעין מרכז,רכבת ישראל,חיפה,
37388,מרכזית המפרץ/קו החוף,תל אביב מרכז,נהריה-נהריה --> מודיעין מרכז-מודיעין מכבים רעות,מודיעין מרכז,רכבת ישראל,חיפה,
37388,מרכזית המפרץ/קו החוף,השלום,נהריה-נהריה --> מודיעין מרכז-מודיעין מכבים רעות,מודיעין מרכז,רכבת ישראל,חיפה,
37388,מרכזית המפרץ/קו החוף,תל אביב ההגנה,נהריה-נהריה --> מודיעין מרכז-מודיעין מכבים רעות,מודיעין מרכז,רכבת ישראל,חיפה,
37388,מרכזית המפרץ/קו החוף,נתב''ג,נהריה-נהריה --> מודיעין מרכז-מודיעין מכבים רעות,מודיעין מרכז,רכבת ישראל,חיפה,
37388,מרכזית המפרץ/קו החוף,פאתי מודיעין,נהריה-נהריה --> מודיעין מרכז-מודיעין מכבים רעות,מודיעין מרכז,רכבת ישראל,חיפה,
37388,מרכזית המפרץ/קו החוף,מודיעין מרכז,נהריה-נהריה --> מודיעין מרכז-מודיעין מכבים רעות,מודיעין מרכז,רכבת ישראל,חיפה,
37380,חיפה מרכז,תל אביב האוניברסיטה - אקספו,נהריה-נהריה --> מודיעין מרכז-מודיעין מכבים רעות,מודיעין מרכז,רכבת ישראל,חיפה,
37380,חיפה מרכז,תל אביב מרכז,נהריה-נהריה --> מודיעין מרכז-מודיעין מכבים רעות,מודיעין מרכז,רכבת ישראל,חיפה,
37380,חיפה מרכז,השלום,נהריה-נהריה --> מודיעין מרכז-מודיעין מכבים רעות,מודיעין מרכז,רכבת ישראל,חיפה,
37380,חיפה מרכז,תל אביב ההגנה,נהריה-נהריה --> מודיעין מרכז-מודיעין מכבים רעות,מודיעין מרכז,רכבת ישראל,חיפה,
37380,חיפה מרכז,נתב''ג,נהריה-נהריה --> מודיעין מרכז-מודיעין מכבים רעות,מודיעין מרכז,רכבת ישראל,חיפה,
37380,חיפה מרכז,פאתי מודיעין,נהריה-נהריה --> מודיעין מרכז-מודיעין מכבים רעות,מודיעין מרכז,רכבת ישראל,חיפה,
37380,חיפה מרכז,מודיעין מרכז,נהריה-נהריה --> מודיעין מרכז-מודיעין מכבים רעות,מודיעין מרכז,רכבת ישראל,חיפה,
37378,בת גלים,תל אביב האוניברסיטה - אקספו,נהריה-נהריה --> מודיעין מרכז-מודיעין מכבים רעות,מודיעין מרכז,רכבת ישראל,חיפה,
37378,בת גלים,תל אביב מרכז,נהריה-נהריה --> מודיעין מרכז-מודיעין מכבים רעות,מודיעין מרכז,רכבת ישראל,חיפה,
37378,בת גלים,השלום,נהריה-נהריה --> מודיעין מרכז-מודיעין מכבים רעות,מודיעין מרכז,רכבת ישראל,חיפה,
37378,בת גלים,תל אביב ההגנה,נהריה-נהריה --> מודיעין מרכז-מודיעין מכבים רעות,מודיעין מרכז,רכבת ישראל,חיפה,
37378,בת גלים,נתב''ג,נהריה-נהריה --> מודיעין מרכז-מודיעין מכבים רעות,מודיעין מרכז,רכבת ישראל,חיפה,
37378,בת גלים,פאתי מודיעין,נהריה-נהריה --> מודיעין מרכז-מודיעין מכבים רעות,מודיעין מרכז,רכבת ישראל,חיפה,
37378,בת גלים,מודיעין מרכז,נהריה-נהריה --> מודיעין מרכז-מודיעין מכבים רעות,מודיעין מרכז,רכבת ישראל,חיפה,
37376,חוף הכרמל,תל אביב האוניברסיטה - אקספו,נהריה-נהריה --> מודיעין מרכז-מודיעין מכבים רעות,מודיעין מרכז,רכבת ישראל,חוף הכרמל,
37376,חוף הכרמל,תל אביב מרכז,נהריה-נהריה --> מודיעין מרכז-מודיעין מכבים רעות,מודיעין מרכז,רכבת ישראל,חוף הכרמל,
37376,חוף הכרמל,השלום,נהריה-נהריה --> מודיעין מרכז-מודיעין מכבים רעות,מודיעין מרכז,רכבת ישראל,חוף הכרמל,
37376,חוף הכרמל,תל אביב ההגנה,נהריה-נהריה --> מודיעין מרכז-מודיעין מכבים רעות,מודיעין מרכז,רכבת ישראל,חוף הכרמל,
37376,חוף הכרמל,נתב''ג,נהריה-נהריה --> מודיעין מרכז-מודיעין מכבים רעות,מודיעין מרכז,רכבת ישראל,חוף הכרמל,
37376,חוף הכרמל,פאתי מודיעין,נהריה-נהריה --> מודיעין מרכז-מודיעין מכבים רעות,מודיעין מרכז,רכבת ישראל,חוף הכרמל,
37376,חוף הכרמל,מודיעין מרכז,נהריה-נהריה --> מודיעין מרכז-מודיעין מכבים רעות,מודיעין מרכז,רכבת ישראל,חוף הכרמל,
37374,עתלית,תל אביב האוניברסיטה - אקספו,נהריה-נהריה --> מודיעין מרכז-מודיעין מכבים רעות,מודיעין מרכז,רכבת ישראל,עתלית,
37374,עתלית,תל אביב מרכז,נהריה-נהריה --> מודיעין מרכז-מודיעין מכבים רעות,מודיעין מרכז,רכבת ישראל,עתלית,
37374,עתלית,השלום,נהריה-נהריה --> מודיעין מרכז-מודיעין מכבים רעות,מודיעין מרכז,רכבת ישראל,עתלית,
37374,עתלית,תל אביב ההגנה,נהריה-נהריה --> מודיעין מרכז-מודיעין מכבים רעות,מודיעין מרכז,רכבת ישראל,עתלית,
37374,עתלית,נתב''ג,נהריה-נהריה --> מודיעין מרכז-מודיעין מכבים רעות,מודיעין מרכז,רכבת ישראל,עתלית,
37374,עתלית,פאתי מודיעין,נהריה-נהריה --> מודיעין מרכז-מודיעין מכבים רעות,מודיעין מרכז,רכבת ישראל,עתלית,
37374,עתלית,מודיעין מרכז,נהריה-נהריה --> מודיעין מרכז-מודיעין מכבים רעות,מודיעין מרכז,רכבת ישראל,עתלית,
37380,חיפה מרכז,בת גלים,חיפה מרכז-חיפה --> מודיעין מרכז-מודיעין מכבים רעות,מודיעין מרכז,רכבת ישראל,חיפה,
37380,חיפה מרכז,חוף הכרמל,חיפה מרכז-חיפה --> מודיעין מרכז-מודיעין מכבים רעות,מודיעין מרכז,רכבת ישראל,חיפה,
37380,חיפה מרכז,עתלית,חיפה מרכז-חיפה --> מודיעין מרכז-מודיעין מכבים רעות,מודיעין מרכז,רכבת ישראל,חיפה,
37380,חיפה מרכז,בנימינה,חיפה מרכז-חיפה --> מודיעין מרכז-מודיעין מכבים רעות,מודיעין מרכז,רכבת ישראל,חיפה,
37380,חיפה מרכז,תל אביב האוניברסיטה - אקספו,חיפה מרכז-חיפה --> מודיעין מרכז-מודיעין מכבים רעות,מודיעין מרכז,רכבת ישראל,חיפה,
37380,חיפה מרכז,תל אביב מרכז,חיפה מרכז-חיפה --> מודיעין מרכז-מודיעין מכבים רעות,מודיעין מרכז,רכבת ישראל,חיפה,
37380,חיפה מרכז,השלום,חיפה מרכז-חיפה --> מודיעין מרכז-מודיעין מכבים רעות,מודיעין מרכז,רכבת ישראל,חיפה,
37380,חיפה מרכז,תל אביב ההגנה,חיפה מרכז-חיפה --> מודיעין מרכז-מודיעין מכבים רעות,מודיעין מרכז,רכבת ישראל,חיפה,
37380,חיפה מרכז,נתב''ג,חיפה מרכז-חיפה --> מודיעין מרכז-מודיעין מכבים רעות,מודיעין מרכז,רכבת ישראל,חיפה,
37380,חיפה מרכז,פאתי מודיעין,חיפה מרכז-חיפה --> מודיעין מרכז-מודיעין מכבים רעות,מודיעין מרכז,רכבת ישראל,חיפה,
37380,חיפה מרכז,מודיעין מרכז,חיפה מרכז-חיפה --> מודיעין מרכז-מודיעין מכבים רעות,מודיעין מרכז,רכבת ישראל,חיפה,
37378,בת גלים,חוף הכרמל,חיפה מרכז-חיפה --> מודיעין מרכז-מודיעין מכבים רעות,מודיעין מרכז,רכבת ישראל,חיפה,
37378,בת גלים,עתלית,חיפה מרכז-חיפה --> מודיעין מרכז-מודיעין מכבים רעות,מודיעין מרכז,רכבת ישראל,חיפה,
37378,בת גלים,בנימינה,חיפה מרכז-חיפה --> מודיעין מרכז-מודיעין מכבים רעות,מודיעין מרכז,רכבת ישראל,חיפה,
37378,בת גלים,תל אביב האוניברסיטה - אקספו,חיפה מרכז-חיפה --> מודיעין מרכז-מודיעין מכבים רעות,מודיעין מרכז,רכבת ישראל,חיפה,
37378,בת גלים,תל אביב מרכז,חיפה מרכז-חיפה --> מודיעין מרכז-מודיעין מכבים רעות,מודיעין מרכז,רכבת ישראל,חיפה,
37378,בת גלים,השלום,חיפה מרכז-חיפה --> מודיעין מרכז-מודיעין מכבים רעות,מודיעין מרכז,רכבת ישראל,חיפה,
37378,בת גלים,תל אביב ההגנה,חיפה מרכז-חיפה --> מודיעין מרכז-מודיעין מכבים רעות,מודיעין מרכז,רכבת ישראל,חיפה,
37378,בת גלים,נתב''ג,חיפה מרכז-חיפה --> מודיעין מרכז-מודיעין מכבים רעות,מודיעין מרכז,רכבת ישראל,חיפה,
37378,בת גלים,פאתי מודיעין,חיפה מרכז-חיפה --> מודיעין מרכז-מודיעין מכבים רעות,מודיעין מרכז,רכבת ישראל,חיפה,
37378,בת גלים,מודיעין מרכז,חיפה מרכז-חיפה --> מודיעין מרכז-מודיעין מכבים רעות,מודיעין מרכז,רכבת ישראל,חיפה,
37376,חוף הכרמל,עתלית,חיפה מרכז-חיפה --> מודיעין מרכז-מודיעין מכבים רעות,מודיעין מרכז,רכבת ישראל,חוף הכרמל,
37376,חוף הכרמל,בנימינה,חיפה מרכז-חיפה --> מודיעין מרכז-מודיעין מכבים רעות,מודיעין מרכז,רכבת ישראל,חוף הכרמל,
37376,חוף הכרמל,תל אביב האוניברסיטה - אקספו,חיפה מרכז-חיפה --> מודיעין מרכז-מודיעין מכבים רעות,מודיעין מרכז,רכבת ישראל,חוף הכרמל,
37376,חוף הכרמל,תל אביב מרכז,חיפה מרכז-חיפה --> מודיעין מרכז-מודיעין מכבים רעות,מודיעין מרכז,רכבת ישראל,חוף הכרמל,
37376,חוף הכרמל,השלום,חיפה מרכז-חיפה --> מודיעין מרכז-מודיעין מכבים רעות,מודיעין מרכז,רכבת ישראל,חוף הכרמל,
37376,חוף הכרמל,תל אביב ההגנה,חיפה מרכז-חיפה --> מודיעין מרכז-מודיעין מכבים רעות,מודיעין מרכז,רכבת ישראל,חוף הכרמל,
37376,חוף הכרמל,נתב''ג,חיפה מרכז-חיפה --> מודיעין מרכז-מודיעין מכבים רעות,מודיעין מרכז,רכבת ישראל,חוף הכרמל,
37376,חוף הכרמל,פאתי מודיעין,חיפה מרכז-חיפה --> מודיעין מרכז-מודיעין מכבים רעות,מודיעין מרכז,רכבת ישראל,חוף הכרמל,
37376,חוף הכרמל,מודיעין מרכז,חיפה מרכז-חיפה --> מודיעין מרכז-מודיעין מכבים רעות,מודיעין מרכז,רכבת ישראל,חוף הכרמל,
37374,עתלית,בנימינה,חיפה מרכז-חיפה --> מודיעין מרכז-מודיעין מכבים רעות,מודיעין מרכז,רכבת ישראל,עתלית,
37374,עתלית,תל אביב האוניברסיטה - אקספו,חיפה מרכז-חיפה --> מודיעין מרכז-מודיעין מכבים רעות,מודיעין מרכז,רכבת ישראל,עתלית,
37374,עתלית,תל אביב מרכז,חיפה מרכז-חיפה --> מודיעין מרכז-מודיעין מכבים רעות,מודיעין מרכז,רכבת ישראל,עתלית,
37374,עתלית,השלום,חיפה מרכז-חיפה --> מודיעין מרכז-מודיעין מכבים רעות,מודיעין מרכז,רכבת ישראל,עתלית,
37374,עתלית,תל אביב ההגנה,חיפה מרכז-חיפה --> מודיעין מרכז-מודיעין מכבים רעות,מודיעין מרכז,רכבת ישראל,עתלית,
37374,עתלית,נתב''ג,חיפה מרכז-חיפה --> מודיעין מרכז-מודיעין מכבים רעות,מודיעין מרכז,רכבת ישראל,עתלית,
37374,עתלית,פאתי מודיעין,חיפה מרכז-חיפה --> מודיעין מרכז-מודיעין מכבים רעות,מודיעין מרכז,רכבת ישראל,עתלית,
37374,עתלית,מודיעין מרכז,חיפה מרכז-חיפה --> מודיעין מרכז-מודיעין מכבים רעות,מודיעין מרכז,רכבת ישראל,עתלית,
37372,בנימינה,תל אביב האוניברסיטה - אקספו,חיפה מרכז-חיפה --> מודיעין מרכז-מודיעין מכבים רעות,מודיעין מרכז,רכבת ישראל,בנימינה גבעת עדה,
37372,בנימינה,תל אביב מרכז,חיפה מרכז-חיפה --> מודיעין מרכז-מודיעין מכבים רעות,מודיעין מרכז,רכבת ישראל,בנימינה גבעת עדה,
37372,בנימינה,השלום,חיפה מרכז-חיפה --> מודיעין מרכז-מודיעין מכבים רעות,מודיעין מרכז,רכבת ישראל,בנימינה גבעת עדה,
37372,בנימינה,תל אביב ההגנה,חיפה מרכז-חיפה --> מודיעין מרכז-מודיעין מכבים רעות,מודיעין מרכז,רכבת ישראל,בנימינה גבעת עדה,
37372,בנימינה,נתב''ג,חיפה מרכז-חיפה --> מודיעין מרכז-מודיעין מכבים רעות,מודיעין מרכז,רכבת ישראל,בנימינה גבעת עדה,
37372,בנימינה,פאתי מודיעין,חיפה מרכז-חיפה --> מודיעין מרכז-מודיעין מכבים רעות,מודיעין מרכז,רכבת ישראל,בנימינה גבעת עדה,
37372,בנימינה,מודיעין מרכז,חיפה מרכז-חיפה --> מודיעין מרכז-מודיעין מכבים רעות,מודיעין מרכז,רכבת ישראל,בנימינה גבעת עדה,
37360,תל אביב האוניברסיטה - אקספו,תל אביב מרכז,חיפה מרכז-חיפה --> מודיעין מרכז-מודיעין מכבים רעות,מודיעין מרכז,רכבת ישראל,תל אביב יפו,
37360,תל אביב האוניברסיטה - אקספו,השלום,חיפה מרכז-חיפה --> מודיעין מרכז-מודיעין מכבים רעות,מודיעין מרכז,רכבת ישראל,תל אביב יפו,
37360,תל אביב האוניברסיטה - אקספו,תל אביב ההגנה,חיפה מרכז-חיפה --> מודיעין מרכז-מודיעין מכבים רעות,מודיעין מרכז,רכבת ישראל,תל אביב יפו,
37360,תל אביב האוניברסיטה - אקספו,נתב''ג,חיפה מרכז-חיפה --> מודיעין מרכז-מודיעין מכבים רעות,מודיעין מרכז,רכבת ישראל,תל אביב יפו,
37360,תל אביב האוניברסיטה - אקספו,פאתי מודיעין,חיפה מרכז-חיפה --> מודיעין מרכז-מודיעין מכבים רעות,מודיעין מרכז,רכבת ישראל,תל אביב יפו,
37360,תל אביב האוניברסיטה - אקספו,מודיעין מרכז,חיפה מרכז-חיפה --> מודיעין מרכז-מודיעין מכבים רעות,מודיעין מרכז,רכבת ישראל,תל אביב יפו,
37358,תל אביב מרכז,השלום,חיפה מרכז-חיפה --> מודיעין מרכז-מודיעין מכבים רעות,מודיעין מרכז,רכבת ישראל,תל אביב יפו,
37358,תל אביב מרכז,תל אביב ההגנה,חיפה מרכז-חיפה --> מודיעין מרכז-מודיעין מכבים רעות,מודיעין מרכז,רכבת ישראל,תל אביב יפו,
37358,תל אביב מרכז,נתב''ג,חיפה מרכז-חיפה --> מודיעין מרכז-מודיעין מכבים רעות,מודיעין מרכז,רכבת ישראל,תל אביב יפו,
37358,תל אביב מרכז,פאתי מודיעין,חיפה מרכז-חיפה --> מודיעין מרכז-מודיעין מכבים רעות,מודיעין מרכז,רכבת ישראל,תל אביב יפו,
37358,תל אביב מרכז,מודיעין מרכז,חיפה מרכז-חיפה --> מודיעין מרכז-מודיעין מכבים רעות,מודיעין מרכז,רכבת ישראל,תל אביב יפו,
37350,השלום,תל אביב ההגנה,חיפה מרכז-חיפה --> מודיעין מרכז-מודיעין מכבים רעות,מודיעין מרכז,רכבת ישראל,תל אביב יפו,
37350,השלום,נתב''ג,חיפה מרכז-חיפה --> מודיעין מרכז-מודיעין מכבים רעות,מודיעין מרכז,רכבת ישראל,תל אביב יפו,
37350,השלום,פאתי מודיעין,חיפה מרכז-חיפה --> מודיעין מרכז-מודיעין מכבים רעות,מודיעין מרכז,רכבת ישראל,תל אביב יפו,
37350,השלום,מודיעין מרכז,חיפה מרכז-חיפה --> מודיעין מרכז-מודיעין מכבים רעות,מודיעין מרכז,רכבת ישראל,תל אביב יפו,
37292,תל אביב ההגנה,נתב''ג,חיפה מרכז-חיפה --> מודיעין מרכז-מודיעין מכבים רעות,מודיעין מרכז,רכבת ישראל,תל אביב יפו,
37292,תל אביב ההגנה,פאתי מודיעין,חיפה מרכז-חיפה --> מודיעין מרכז-מודיעין מכבים רעות,מודיעין מרכז,רכבת ישראל,תל אביב יפו,
37292,תל אביב ההגנה,מודיעין מרכז,חיפה מרכז-חיפה --> מודיעין מרכז-מודיעין מכבים רעות,מודיעין מרכז,רכבת ישראל,תל אביב יפו,
37306,נתב''ג,פאתי מודיעין,חיפה מרכז-חיפה --> מודיעין מרכז-מודיעין מכבים רעות,מודיעין מרכז,רכבת ישראל,נמל תעופה בן גוריון,
37306,נתב''ג,מודיעין מרכז,חיפה מרכז-חיפה --> מודיעין מרכז-מודיעין מכבים רעות,מודיעין מרכז,רכבת ישראל,נמל תעופה בן גוריון,
37396,פאתי מודיעין,מודיעין מרכז,חיפה מרכז-חיפה --> מודיעין מרכז-מודיעין מכבים רעות,מודיעין מרכז,רכבת ישראל,מודיעין מכבים רעות,
37382,נהריה,חיפה מרכז,נהריה-נהריה --> נתב''ג-נמל תעופה בן גוריון,נתב''ג,רכבת ישראל,נהריה,
37382,נהריה,חוף הכרמל,נהריה-נהריה --> נתב''ג-נמל תעופה בן גוריון,נתב''ג,רכבת ישראל,נהריה,
37382,נהריה,בנימינה,נהריה-נהריה --> נתב''ג-נמל תעופה בן גוריון,נתב''ג,רכבת ישראל,נהריה,
37382,נהריה,חדרה מערב,נהריה-נהריה --> נתב''ג-נמל תעופה בן גוריון,נתב''ג,רכבת ישראל,נהריה,
37382,נהריה,נתניה,נהריה-נהריה --> נתב''ג-נמל תעופה בן גוריון,נתב''ג,רכבת ישראל,נהריה,
37382,נהריה,הרצליה,נהריה-נהריה --> נתב''ג-נמל תעופה בן גוריון,נתב''ג,רכבת ישראל,נהריה,
37382,נהריה,תל אביב מרכז,נהריה-נהריה --> נתב''ג-נמל תעופה בן גוריון,נתב''ג,רכבת ישראל,נהריה,
37382,נהריה,נתב''ג,נהריה-נהריה --> נתב''ג-נמל תעופה בן גוריון,נתב''ג,רכבת ישראל,נהריה,
37384,עכו,חיפה מרכז,נהריה-נהריה --> נתב''ג-נמל תעופה בן גוריון,נתב''ג,רכבת ישראל,עכו,
37384,עכו,חוף הכרמל,נהריה-נהריה --> נתב''ג-נמל תעופה בן גוריון,נתב''ג,רכבת ישראל,עכו,
37384,עכו,בנימינה,נהריה-נהריה --> נתב''ג-נמל תעופה בן גוריון,נתב''ג,רכבת ישראל,עכו,
37384,עכו,חדרה מערב,נהריה-נהריה --> נתב''ג-נמל תעופה בן גוריון,נתב''ג,רכבת ישראל,עכו,
37384,עכו,נתניה,נהריה-נהריה --> נתב''ג-נמל תעופה בן גוריון,נתב''ג,רכבת ישראל,עכו,
37384,עכו,הרצליה,נהריה-נהריה --> נתב''ג-נמל תעופה בן גוריון,נתב''ג,רכבת ישראל,עכו,
37384,עכו,תל אביב מרכז,נהריה-נהריה --> נתב''ג-נמל תעופה בן גוריון,נתב''ג,רכבת ישראל,עכו,
37384,עכו,נתב''ג,נהריה-נהריה --> נתב''ג-נמל תעופה בן גוריון,נתב''ג,רכבת ישראל,עכו,
41293,קרית מוצקין,חיפה מרכז,נהריה-נהריה --> נתב''ג-נמל תעופה בן גוריון,נתב''ג,רכבת ישראל,קרית מוצקין,
41293,קרית מוצקין,חוף הכרמל,נהריה-נהריה --> נתב''ג-נמל תעופה בן גוריון,נתב''ג,רכבת ישראל,קרית מוצקין,
41293,קרית מוצקין,בנימינה,נהריה-נהריה --> נתב''ג-נמל תעופה בן גוריון,נתב''ג,רכבת ישראל,קרית מוצקין,
41293,קרית מוצקין,חדרה מערב,נהריה-נהריה --> נתב''ג-נמל תעופה בן גוריון,נתב''ג,רכבת ישראל,קרית מוצקין,
41293,קרית מוצקין,נתניה,נהריה-נהריה --> נתב''ג-נמל תעופה בן גוריון,נתב''ג,רכבת ישראל,קרית מוצקין,
41293,קרית מוצקין,הרצליה,נהריה-נהריה --> נתב''ג-נמל תעופה בן גוריון,נתב''ג,רכבת ישראל,קרית מוצקין,
41293,קרית מוצקין,תל אביב מרכז,נהריה-נהריה --> נתב''ג-נמל תעופה בן גוריון,נתב''ג,רכבת ישראל,קרית מוצקין,
41293,קרית מוצקין,נתב''ג,נהריה-נהריה --> נתב''ג-נמל תעופה בן גוריון,נתב''ג,רכבת ישראל,קרית מוצקין,
37380,חיפה מרכז,חוף הכרמל,נהריה-נהריה --> נתב''ג-נמל תעופה בן גוריון,נתב''ג,רכבת ישראל,חיפה,
37380,חיפה מרכז,בנימינה,נהריה-נהריה --> נתב''ג-נמל תעופה בן גוריון,נתב''ג,רכבת ישראל,חיפה,
37380,חיפה מרכז,חדרה מערב,נהריה-נהריה --> נתב''ג-נמל תעופה בן גוריון,נתב''ג,רכבת ישראל,חיפה,
37380,חיפה מרכז,נתניה,נהריה-נהריה --> נתב''ג-נמל תעופה בן גוריון,נתב''ג,רכבת ישראל,חיפה,
37380,חיפה מרכז,הרצליה,נהריה-נהריה --> נתב''ג-נמל תעופה בן גוריון,נתב''ג,רכבת ישראל,חיפה,
37380,חיפה מרכז,תל אביב מרכז,נהריה-נהריה --> נתב''ג-נמל תעופה בן גוריון,נתב''ג,רכבת ישראל,חיפה,
37380,חיפה מרכז,נתב''ג,נהריה-נהריה --> נתב''ג-נמל תעופה בן גוריון,נתב''ג,רכבת ישראל,חיפה,
37376,חוף הכרמל,בנימינה,נהריה-נהריה --> נתב''ג-נמל תעופה בן גוריון,נתב''ג,רכבת ישראל,חוף הכרמל,
37376,חוף הכרמל,חדרה מערב,נהריה-נהריה --> נתב''ג-נמל תעופה בן גוריון,נתב''ג,רכבת ישראל,חוף הכרמל,
37376,חוף הכרמל,נתניה,נהריה-נהריה --> נתב''ג-נמל תעופה בן גוריון,נתב''ג,רכבת ישראל,חוף הכרמל,
37376,חוף הכרמל,הרצליה,נהריה-נהריה --> נתב''ג-נמל תעופה בן גוריון,נתב''ג,רכבת ישראל,חוף הכרמל,
37376,חוף הכרמל,תל אביב מרכז,נהריה-נהריה --> נתב''ג-נמל תעופה בן גוריון,נתב''ג,רכבת ישראל,חוף הכרמל,
37376,חוף הכרמל,נתב''ג,נהריה-נהריה --> נתב''ג-נמל תעופה בן גוריון,נתב''ג,רכבת ישראל,חוף הכרמל,
37372,בנימינה,חדרה מערב,נהריה-נהריה --> נתב''ג-נמל תעופה בן גוריון,נתב''ג,רכבת ישראל,בנימינה גבעת עדה,
37372,בנימינה,נתניה,נהריה-נהריה --> נתב''ג-נמל תעופה בן גוריון,נתב''ג,רכבת ישראל,בנימינה גבעת עדה,
37372,בנימינה,הרצליה,נהריה-נהריה --> נתב''ג-נמל תעופה בן גוריון,נתב''ג,רכבת ישראל,בנימינה גבעת עדה,
37372,בנימינה,תל אביב מרכז,נהריה-נהריה --> נתב''ג-נמל תעופה בן גוריון,נתב''ג,רכבת ישראל,בנימינה גבעת עדה,
37372,בנימינה,נתב''ג,נהריה-נהריה --> נתב''ג-נמל תעופה בן גוריון,נתב''ג,רכבת ישראל,בנימינה גבעת עדה,
37368,חדרה מערב,נתניה,נהריה-נהריה --> נתב''ג-נמל תעופה בן גוריון,נתב''ג,רכבת ישראל,חדרה,
37368,חדרה מערב,הרצליה,נהריה-נהריה --> נתב''ג-נמל תעופה בן גוריון,נתב''ג,רכבת ישראל,חדרה,
37368,חדרה מערב,תל אביב מרכז,נהריה-נהריה --> נתב''ג-נמל תעופה בן גוריון,נתב''ג,רכבת ישראל,חדרה,
37368,חדרה מערב,נתב''ג,נהריה-נהריה --> נתב''ג-נמל תעופה בן גוריון,נתב''ג,רכבת ישראל,חדרה,
37366,נתניה,הרצליה,נהריה-נהריה --> נתב''ג-נמל תעופה בן גוריון,נתב''ג,רכבת ישראל,נתניה,
37366,נתניה,תל אביב מרכז,נהריה-נהריה --> נתב''ג-נמל תעופה בן גוריון,נתב''ג,רכבת ישראל,נתניה,
37366,נתניה,נתב''ג,נהריה-נהריה --> נתב''ג-נמל תעופה בן גוריון,נתב''ג,רכבת ישראל,נתניה,
37362,הרצליה,תל אביב מרכז,נהריה-נהריה --> נתב''ג-נמל תעופה בן גוריון,נתב''ג,רכבת ישראל,הרצליה,
37362,הרצליה,נתב''ג,נהריה-נהריה --> נתב''ג-נמל תעופה בן גוריון,נתב''ג,רכבת ישראל,הרצליה,
37358,תל אביב מרכז,נתב''ג,נהריה-נהריה --> נתב''ג-נמל תעופה בן גוריון,נתב''ג,רכבת ישראל,תל אביב יפו,
37306,נתב''ג,תל אביב מרכז,נתב''ג-נמל תעופה בן גוריון --> נהריה-נהריה,נהריה,רכבת ישראל,נמל תעופה בן גוריון,
37306,נתב''ג,הרצליה,נתב''ג-נמל תעופה בן גוריון --> נהריה-נהריה,נהריה,רכבת ישראל,נמל תעופה בן גוריון,
37306,נתב''ג,נתניה,נתב''ג-נמל תעופה בן גוריון --> נהריה-נהריה,נהריה,רכבת ישראל,נמל תעופה בן גוריון,
37306,נתב''ג,חדרה מערב,נתב''ג-נמל תעופה בן גוריון --> נהריה-נהריה,נהריה,רכבת ישראל,נמל תעופה בן גוריון,
37306,נתב''ג,חיפה מרכז,נתב''ג-נמל תעופה בן גוריון --> נהריה-נהריה,נהריה,רכבת ישראל,נמל תעופה בן גוריון,
37306,נתב''ג,קרית מוצקין,נתב''ג-נמל תעופה בן גוריון --> נהריה-נהריה,נהריה,רכבת ישראל,נמל תעופה בן גוריון,
37306,נתב''ג,עכו,נתב''ג-נמל תעופה בן גוריון --> נהריה-נהריה,נהריה,רכבת ישראל,נמל תעופה בן גוריון,
37306,נתב''ג,נהריה,נתב''ג-נמל תעופה בן גוריון --> נהריה-נהריה,נהריה,רכבת ישראל,נמל תעופה בן גוריון,
37358,תל אביב מרכז,הרצליה,נתב''ג-נמל תעופה בן גוריון --> נהריה-נהריה,נהריה,רכבת ישראל,תל אביב יפו,
37358,תל אביב מרכז,נתניה,נתב''ג-נמל תעופה בן גוריון --> נהריה-נהריה,נהריה,רכבת ישראל,תל אביב יפו,
37358,תל אביב מרכז,חדרה מערב,נתב''ג-נמל תעופה בן גוריון --> נהריה-נהריה,נהריה,רכבת ישראל,תל אביב יפו,
37358,תל אביב מרכז,בנימינה,נתב''ג-נמל תעופה בן גוריון --> נהריה-נהריה,נהריה,רכבת ישראל,תל אביב יפו,
37358,תל אביב מרכז,חוף הכרמל,נתב''ג-נמל תעופה בן גוריון --> נהריה-נהריה,נהריה,רכבת ישראל,תל אביב יפו,
37358,תל אביב מרכז,חיפה מרכז,נתב''ג-נמל תעופה בן גוריון --> נהריה-נהריה,נהריה,רכבת ישראל,תל אביב יפו,
37358,תל אביב מרכז,קרית מוצקין,נתב''ג-נמל תעופה בן גוריון --> נהריה-נהריה,נהריה,רכבת ישראל,תל אביב יפו,
37358,תל אביב מרכז,עכו,נתב''ג-נמל תעופה בן גוריון --> נהריה-נהריה,נהריה,רכבת ישראל,תל אביב יפו,
37358,תל אביב מרכז,נהריה,נתב''ג-נמל תעופה בן גוריון --> נהריה-נהריה,נהריה,רכבת ישראל,תל אביב יפו,
37362,הרצליה,נתניה,נתב''ג-נמל תעופה בן גוריון --> נהריה-נהריה,נהריה,רכבת ישראל,הרצליה,
37362,הרצליה,חדרה מערב,נתב''ג-נמל תעופה בן גוריון --> נהריה-נהריה,נהריה,רכבת ישראל,הרצליה,
37362,הרצליה,בנימינה,נתב''ג-נמל תעופה בן גוריון --> נהריה-נהריה,נהריה,רכבת ישראל,הרצליה,
37362,הרצליה,חוף הכרמל,נתב''ג-נמל תעופה בן גוריון --> נהריה-נהריה,נהריה,רכבת ישראל,הרצליה,
37362,הרצליה,חיפה מרכז,נתב''ג-נמל תעופה בן גוריון --> נהריה-נהריה,נהריה,רכבת ישראל,הרצליה,
37362,הרצליה,קרית מוצקין,נתב''ג-נמל תעופה בן גוריון --> נהריה-נהריה,נהריה,רכבת ישראל,הרצליה,
37362,הרצליה,עכו,נתב''ג-נמל תעופה בן גוריון --> נהריה-נהריה,נהריה,רכבת ישראל,הרצליה,
37362,הרצליה,נהריה,נתב''ג-נמל תעופה בן גוריון --> נהריה-נהריה,נהריה,רכבת ישראל,הרצליה,
37366,נתניה,חדרה מערב,נתב''ג-נמל תעופה בן גוריון --> נהריה-נהריה,נהריה,רכבת ישראל,נתניה,
37366,נתניה,בנימינה,נתב''ג-נמל תעופה בן גוריון --> נהריה-נהריה,נהריה,רכבת ישראל,נתניה,
37366,נתניה,חוף הכרמל,נתב''ג-נמל תעופה בן גוריון --> נהריה-נהריה,נהריה,רכבת ישראל,נתניה,
37366,נתניה,חיפה מרכז,נתב''ג-נמל תעופה בן גוריון --> נהריה-נהריה,נהריה,רכבת ישראל,נתניה,
37366,נתניה,קרית מוצקין,נתב''ג-נמל תעופה בן גוריון --> נהריה-נהריה,נהריה,רכבת ישראל,נתניה,
37366,נתניה,עכו,נתב''ג-נמל תעופה בן גוריון --> נהריה-נהריה,נהריה,רכבת ישראל,נתניה,
37366,נתניה,נהריה,נתב''ג-נמל תעופה בן גוריון --> נהריה-נהריה,נהריה,רכבת ישראל,נתניה,
37368,חדרה מערב,בנימינה,נתב''ג-נמל תעופה בן גוריון --> נהריה-נהריה,נהריה,רכבת ישראל,חדרה,
37368,חדרה מערב,חוף הכרמל,נתב''ג-נמל תעופה בן גוריון --> נהריה-נהריה,נהריה,רכבת ישראל,חדרה,
37368,חדרה מערב,חיפה מרכז,נתב''ג-נמל תעופה בן גוריון --> נהריה-נהריה,נהריה,רכבת ישראל,חדרה,
37368,חדרה מערב,קרית מוצקין,נתב''ג-נמל תעופה בן גוריון --> נהריה-נהריה,נהריה,רכבת ישראל,חדרה,
37368,חדרה מערב,עכו,נתב''ג-נמל תעופה בן גוריון --> נהריה-נהריה,נהריה,רכבת ישראל,חדרה,
37368,חדרה מערב,נהריה,נתב''ג-נמל תעופה בן גוריון --> נהריה-נהריה,נהריה,רכבת ישראל,חדרה,
37372,בנימינה,חיפה מרכז,נתב''ג-נמל תעופה בן גוריון --> נהריה-נהריה,נהריה,רכבת ישראל,בנימינה גבעת עדה,
37372,בנימינה,קרית מוצקין,נתב''ג-נמל תעופה בן גוריון --> נהריה-נהריה,נהריה,רכבת ישראל,בנימינה גבעת עדה,
37372,בנימינה,עכו,נתב''ג-נמל תעופה בן גוריון --> נהריה-נהריה,נהריה,רכבת ישראל,בנימינה גבעת עדה,
37372,בנימינה,נהריה,נתב''ג-נמל תעופה בן גוריון --> נהריה-נהריה,נהריה,רכבת ישראל,בנימינה גבעת עדה,
37376,חוף הכרמל,חיפה מרכז,נתב''ג-נמל תעופה בן גוריון --> נהריה-נהריה,נהריה,רכבת ישראל,חוף הכרמל,
37376,חוף הכרמל,קרית מוצקין,נתב''ג-נמל תעופה בן גוריון --> נהריה-נהריה,נהריה,רכבת ישראל,חוף הכרמל,
37376,חוף הכרמל,עכו,נתב''ג-נמל תעופה בן גוריון --> נהריה-נהריה,נהריה,רכבת ישראל,חוף הכרמל,
37376,חוף הכרמל,נהריה,נתב''ג-נמל תעופה בן גוריון --> נהריה-נהריה,נהריה,רכבת ישראל,חוף הכרמל,
37380,חיפה מרכז,קרית מוצקין,נתב''ג-נמל תעופה בן גוריון --> נהריה-נהריה,נהריה,רכבת ישראל,חיפה,
37380,חיפה מרכז,עכו,נתב''ג-נמל תעופה בן גוריון --> נהריה-נהריה,נהריה,רכבת ישראל,חיפה,
37380,חיפה מרכז,נהריה,נתב''ג-נמל תעופה בן גוריון --> נהריה-נהריה,נהריה,רכבת ישראל,חיפה,
41293,קרית מוצקין,עכו,נתב''ג-נמל תעופה בן גוריון --> נהריה-נהריה,נהריה,רכבת ישראל,קרית מוצקין,
41293,קרית מוצקין,נהריה,נתב''ג-נמל תעופה בן גוריון --> נהריה-נהריה,נהריה,רכבת ישראל,קרית מוצקין,
37384,עכו,נהריה,נתב''ג-נמל תעופה בן גוריון --> נהריה-נהריה,נהריה,רכבת ישראל,עכו,
